Date,GLD,IWM,QQQ,SPY,TLT,GLD_vol,IWM_vol,QQQ_vol,SPY_vol,TLT_vol,avg_corr
2012-01-19,-0.0023515152751236723,0.006176314025822416,0.006219538579577355,0.005276564191680988,-0.013753443276832589,0.006740177678894665,0.00711942715916986,0.005335453359297943,0.004804000494564089,0.008806671783861261,0.22025833722262295
2012-01-20,0.005272336540625755,0.000639350586498999,-0.001503453255428444,0.0037272831869152867,-0.01132521876664827,0.006655898543142164,0.007228834102741809,0.005500350999678945,0.0048095420021324765,0.009543323158205013,0.2392542591379955
2012-01-23,0.006725466086455523,-0.0012780018042378716,0.00033470777829491816,-0.0025768970755037923,-0.006325924785312131,0.0063535855329607885,0.007106677475763259,0.0056033787943371325,0.004809487516984123,0.009180020252747511,0.25668336911006473
2012-01-24,-0.007048352105060052,0.0057578372329303296,-0.001839593095825709,-0.001139481387224972,0.0018071129978132205,0.006765405216916659,0.007116816566855094,0.0054278341121557026,0.004987538119084954,0.00926273316295459,0.251429759325979
2012-01-25,0.02722056546902296,0.008524474806992366,0.01256689737848582,0.008367384027298641,-0.002404601203124246,0.009735940997930863,0.006373125360723291,0.006054192565810694,0.004947682548252191,0.009265214147583887,0.25077501871763075
2012-01-26,0.005107595919167762,-0.0011356686834396168,-0.0034750149628589577,-0.0051297845784363805,0.013256188475015973,0.00971967783350856,0.006567356357926703,0.0064945451448209495,0.005507768954591401,0.009308155408989075,0.20360166855291478
2012-01-27,0.010163190678665446,0.006820015377269284,0.002988787224517342,-0.0004551400174050979,0.0031431591849699902,0.009869878811563189,0.006653590576757018,0.006494306038022945,0.005562432651420586,0.009438132134847302,0.20153038879093338
2012-01-30,-0.0055631321217690655,-0.007777089786141889,0.0008277922171002761,-0.0034135159746503385,0.011772181182696517,0.00968231446478291,0.0070565085897130436,0.006102921119408787,0.0053413688634175996,0.009694788068383758,0.1844247417757948
2012-01-31,0.0076176801082890044,-0.00101148479240587,0.001323485967503757,-0.0003806198513640613,0.011551149024908947,0.009677881790775887,0.007097156022454426,0.005848935822712381,0.005341040878961437,0.010374756967072017,0.18644554419886852
2012-02-01,0.001476581439991298,0.02151328086445492,0.008095068355369106,0.008757515728611276,-0.011455183904234723,0.0097373209471326,0.00797211982045227,0.005012446617227752,0.004918365535130494,0.010295245265263575,0.15637558770599586
2012-02-02,0.00878748239335847,0.0056987166254764965,0.003113987733609047,0.0015848285821438157,-0.0004191175167868044,0.00945342223232599,0.007957872224342926,0.004853789475453358,0.004721612745361891,0.009171976237665113,0.17449652011678216
2012-02-03,-0.019935712372232683,0.021803512666560776,0.013723352329140459,0.01401898418024139,-0.021489563733774086,0.012524105191363662,0.00966290912234396,0.005836688085798553,0.006266860585003329,0.01105466585633383,0.009646939446186331
2012-02-06,-0.0027440152442257393,-0.0032546376033277813,-0.0008059184554216614,-0.0006691758105250578,0.009951010063654397,0.012607080099050693,0.009844377507684306,0.005921718958720459,0.006141067309420931,0.01122596268197616,-0.005350390309959508
2012-02-07,0.015073599610379684,-0.0006047075441246719,0.002096550571517808,0.002528547391320801,-0.012401255987040338,0.012684506010505869,0.010043383852933921,0.005640273967183836,0.006031044335717074,0.012060897287526602,-0.008828622994730372
2012-02-08,-0.0070712844420862675,0.0021783089361693264,0.00531134197926475,0.002968062099746538,0.0007743712714405326,0.010345489558254168,0.010000390379992119,0.004830896295384931,0.005681009283539178,0.012027920918996312,-0.10350128560408485
2012-02-09,-0.002848639332576064,-0.004950906704618285,0.007205106220562474,0.0012571369537965893,-0.007476866936625304,0.010325295741920945,0.010304185680181023,0.004314762327855492,0.0051245229915686304,0.011346302898576828,-0.09693400242405457
2012-02-10,-0.005237500657275795,-0.013714101341032903,-0.006994529060169619,-0.007387289157003596,0.012988113631115406,0.009861219362585378,0.011647424379763328,0.0056292015054188365,0.00598354987921272,0.012199130994820347,-0.05101988051597224
2012-02-13,0.0022136838491002564,0.012919749411958614,0.009284660853320581,0.0074422673378118365,0.0012820175372629805,0.00977151513653099,0.011557917027015936,0.005833121944976597,0.00589114287832249,0.011442637148609462,-0.02409289664710833
2012-02-14,-0.0023282156434702994,-0.0044945863333307745,0.002537271983531042,-0.0012555585447522333,0.005292840728088777,0.009378075189101526,0.011778045915828077,0.005778168580556323,0.005953297494031889,0.010791854340724842,-0.02653048940693058
2012-02-15,0.0059239200699465755,-0.008297666790235803,-0.006960451648167387,-0.004659979754691901,-0.001782790052423766,0.00962455809357356,0.010471268943095635,0.006598993364783159,0.006004386887218208,0.010302006180704669,-0.028161366401830333
2012-02-16,-0.0006543371004235077,0.018826160068463604,0.013700864269217128,0.011072908396552616,-0.007997028678028317,0.009021954174468425,0.011890332166150864,0.007441323891901274,0.006712625581524352,0.010504430301748847,-0.018386221162032833
2012-02-17,-0.0038690112885975125,-0.00012052167205367503,-0.003143559065035495,0.0026457781980402384,-0.00025746541239823895,0.006505260705271445,0.00965213772494133,0.006858533583790356,0.005381572666412546,0.007992002645931789,0.07471833582290446
2012-02-21,0.021930074903464325,-0.006764260216304607,0.0028379418002124623,0.00043995411682673513,-0.011064996477569866,0.009433932537292767,0.009839504960889409,0.0067760231379203634,0.005345629712289884,0.007857486289517912,0.06005674701028656
2012-02-22,0.01122674611729324,-0.007904332101066225,-0.0045588946408938735,-0.0032239122454140734,0.012576621572895741,0.008920236974591142,0.010114865539315057,0.007146336275349621,0.005529615194122499,0.008170241444883129,0.039594674627575856
2012-02-23,0.00046259876214471696,0.014954219347884656,0.006632890017072679,0.004410684217377003,0.0,0.008377296025544913,0.011327651300283624,0.0072277348656119905,0.005606973137850235,0.008170321243754724,0.04486548874072468
2012-02-24,-0.004565995407547319,-0.001932126952904123,0.003451522697044407,0.0021956577556787593,0.006510484744260303,0.008519664178553757,0.011219415381851202,0.00702513403220623,0.005618218888617155,0.007872211131744404,0.03809156826376584
2012-02-27,-0.003077273369589517,-0.0016942459246584995,0.001407077828883052,0.001679730287210024,0.008851309328317791,0.008326586936835488,0.010137257271526328,0.006341762328137165,0.0047484071840918655,0.007304541965937789,0.0277333201443331
2012-02-28,0.010425210114951122,-0.0026663628534311368,0.010148114038228906,0.0029164207439655865,-0.0032906062001889502,0.008668315895838155,0.009363439323491117,0.006449085384313934,0.004381478727374141,0.007450319282168466,0.002458861336781093
2012-02-29,-0.053029061708074865,-0.014948838919320973,-0.004481958898305938,-0.003925350790790927,-0.006093231600138305,0.019959876467039128,0.010441409765501676,0.006828157866481942,0.0046494573141277785,0.007570712748690133,0.26508296691213895
2012-03-01,0.014121415904973178,0.005181538416804354,0.00791782363471083,0.005181308848058341,-0.009414648938642967,0.020461716412045437,0.010271163390575221,0.006281225344773763,0.0042600067792191035,0.00810750838116937,0.25793430004754353
2012-03-02,-0.001620576624883352,-0.014975093677671025,-0.0007696939439165718,-0.0030489607213924907,0.009391622992596105,0.0204637425559174,0.008974430796958123,0.005219278004351102,0.0032684373793169766,0.008306627834315825,0.2669156753690146
2012-03-05,-0.004148145103987089,0.0011214565168886637,-0.010328689323660045,-0.004078612196555587,-0.007938468881524163,0.020468584380168006,0.009028476805613382,0.006366078663320628,0.003554748323863492,0.008750418537224528,0.2822164503550738
2012-03-06,-0.0178086148924681,-0.01991495140776145,-0.009812992653761565,-0.014625465095915002,0.012132190116925123,0.019388430595567434,0.010484118617204665,0.0072110195180862206,0.005891747414824233,0.008578155574232417,0.2669686992543779
2012-03-07,0.005716090670033314,0.009397988802570367,0.007707950789010987,0.00697586206447931,-0.006120615184509792,0.018955740593823097,0.011220970815235171,0.007397741779455509,0.0063754465070927566,0.008107435501842897,0.2765688150912521
2012-03-08,0.010083687876597303,0.012958910748197994,0.010771384270997997,0.00994941100328095,-0.010008188739896062,0.01951945938617847,0.010887972862621925,0.007838845927365765,0.007030523252363746,0.008754584329745026,0.25637273761081747
2012-03-09,0.006655409678363311,0.013538768264010237,0.00416946456360523,0.003867114756290979,0.0019873459446642094,0.019828344139930964,0.012053419458283667,0.007860933672655765,0.007099547580132769,0.008458343435672812,0.26097780324938186
2012-03-12,-0.007873527588344698,-0.001960766395668001,0.0004617547049410309,7.29197861113473e-05,-0.00017248227444233155,0.019881150767290936,0.012054928105460258,0.007870163442574107,0.007087780968733883,0.0077350389842012245,0.2424644432262169
2012-03-13,-0.016780784815864758,0.01989193241486098,0.018600714665095275,0.018025801811393682,-0.0175933881050353,0.019585449974481143,0.013747442361773006,0.009229368766433009,0.00904186947267657,0.00919457201231215,0.17008275395558337
2012-03-14,-0.01682067576220847,-0.008186778018226759,0.003471444474325791,-0.0010709436730634847,-0.02519606340647751,0.011834408879749906,0.013021328430651439,0.008905161970664351,0.008883327703833916,0.011512478587216515,0.2054255489657252
2012-03-15,0.00946289676961598,0.008375714217068397,0.0028576761433261044,0.00578940722323007,0.0015316370502409526,0.011164975055652991,0.013154571911883208,0.008750920210155099,0.008908620470241085,0.011597154514359555,0.22626168563428548
2012-03-16,0.001365788541111801,-0.0008424611968600448,-0.0007063976745279588,0.0013849841309236943,0.0019776247408709313,0.011254863007684107,0.011816367391190083,0.008748143777169468,0.008727641700552397,0.010844354295886005,0.25265434581159973
2012-03-19,0.0017978504689784014,0.008434155479189798,0.00706593497076935,0.003919880856080082,-0.01193538238391556,0.011345037925987235,0.011883166227327702,0.00750672654844495,0.008405167208471129,0.01103905632753516,0.24250472748513788
2012-03-20,-0.009035159899535072,-0.008961063686640625,0.0017907542316948355,-0.0029109275581646887,0.003995923552050806,0.010315284172175926,0.009725363988839726,0.005745826244420667,0.006113117601423297,0.009843290983880038,0.2332961991032536
2012-03-21,0.0004996054993768873,-0.00024127334616497187,0.00014927749245563504,-0.001637852970226783,0.01130835405102193,0.010035515268084763,0.009747839165824326,0.0059345738168771695,0.006343714205208916,0.011286899220074186,0.19640134511310642
2012-03-22,-0.0039947529044891406,-0.00964660243664961,-0.0020856047764228336,-0.007202717925338331,0.0032202795260343198,0.009084366998958072,0.010130513044869154,0.005905003032857946,0.006781642876370814,0.011333045482707766,0.16319748270716242
2012-03-23,0.012282956477502438,0.009782935582354213,-0.0005973065470454841,0.003232227000850907,0.009452448891039245,0.009917563449276058,0.009718068073709977,0.006042699380792337,0.006765420713271939,0.011934387657186088,0.1565076864073319
2012-03-26,0.0177675672560913,0.020803484974742936,0.017478305256474203,0.014034840912939828,-0.0051240255914393185,0.011654182215092585,0.011310276008500644,0.007449227382572352,0.007707699504643123,0.01193713358839123,0.26291070324782706
2012-03-27,-0.007055890793102537,-0.006991082349297684,0.0014681451852223137,-0.0031069651128075026,0.007192151119149726,0.010476600922214398,0.010242123576931944,0.0056842170028289915,0.0059311325314767,0.01107459699643931,0.4321712105865526
2012-03-28,-0.010597959618425579,-0.005846239531013042,-0.003957998173066857,-0.004958419844889539,-0.0014107289101348286,0.00946066934564123,0.010026926136801222,0.0060990935189019595,0.006220026138152714,0.006923477744280015,0.35549596838215797
2012-03-29,-0.0014240340248994343,-0.0028804425769728415,-0.003826904753428839,-0.0017082605019259622,0.0075038439401931,0.009026929975755887,0.009796812512481538,0.006395908231983376,0.006007316295916924,0.007131061357335694,0.3489288919068752
2012-03-30,0.0052083106662228484,-0.0032497760794033548,-0.0019211522114672697,0.0041357869104061695,-0.01691052223945899,0.009164664092113679,0.009859053180219285,0.006457461872169843,0.00613409959374352,0.009445440184454682,0.36537315593097885
2012-04-02,0.005058027072021742,0.012317328645408576,0.01036234205299924,0.007314712945481361,0.005540301382302992,0.009271554452747329,0.010289946154392849,0.006842617242253466,0.006438195349393133,0.008400799992112164,0.42261366301036746
2012-04-03,-0.01871856515317416,-0.006680398456936243,-0.00029256105606989546,-0.004089459192983647,-0.01732963635461815,0.010800695176339267,0.010079866472368942,0.006877464596689445,0.006522267989846923,0.010433228478914081,0.5081242900678544
2012-04-04,-0.01676147780356274,-0.015971974923005172,-0.013630358793132125,-0.009910249799142568,0.01374642446488461,0.01200663326500658,0.011391586570552382,0.008424218813926385,0.00731434596431167,0.01074183208623505,0.4544187807355359
2012-04-05,0.006996951833534437,-0.004393318491061282,0.006240844909674026,-0.0005005832279936229,0.007225536091704621,0.012285670313052797,0.011056346638942532,0.008572448550629757,0.0068993063217776636,0.01092401005646396,0.4572030993504729
2012-04-09,0.006695708261895694,-0.016426143274084426,-0.007531186092188502,-0.011231235722417576,0.023382502722693932,0.011743480828409661,0.011495441819843058,0.008997770988159095,0.007717455641456131,0.012842862435482646,0.3601828554865516
2012-04-10,0.010855311785985977,-0.02355416740202787,-0.016069021054832322,-0.01678484713850037,0.01133618576986195,0.010650084856489026,0.009743714836571868,0.008153185856385326,0.0071805252658042615,0.012828825527484428,0.19932959370512476
2012-04-11,-0.00018621215493686005,0.014167023351932428,0.00483870318129509,0.008094374552035877,-0.011980428763480488,0.010506479802318775,0.011894407698353109,0.008419864959553595,0.00815713472687365,0.013706012148985777,0.1764988842142175
2012-04-12,0.010119758799926215,0.014347044039990875,0.011437406098157021,0.013065466913208423,-0.004156686798441167,0.010509197951031444,0.013400983831270693,0.009480359533340973,0.009541273588236606,0.013811495350280461,0.20919262404535527
2012-04-13,-0.011370564716820963,-0.013151074640951332,-0.015176414844760289,-0.011888356375134301,0.016176451551740856,0.011190081790170314,0.013759777364656696,0.010478038486084768,0.010130962537983344,0.014463838506333891,0.20724373333101376
2012-04-16,-0.0024246153239028123,0.0016343198868484787,-0.011180081412228704,-0.0006563116220188459,-0.0014550273470956832,0.011038706891944094,0.013885707423572362,0.01085548412146572,0.009909978334208938,0.012873465079827845,0.20030615479268726
2012-04-17,-0.0013087791666472892,0.014434670857387477,0.020321027883628995,0.014812086838331018,-0.0006003440346533662,0.010833877202622794,0.014171490281901906,0.012551966743410463,0.01097475200413589,0.012951222500346408,0.16869376799111918
2012-04-18,-0.005865849868369688,-0.00754831610468687,-0.002545432322725527,-0.0033792020838424586,0.0029161395639671905,0.009221065670841315,0.01419536591129877,0.012536046210069715,0.010961362210469592,0.010695998496598292,0.0988994231383715
2012-04-19,0.0007532177454423472,-0.005734588051465539,-0.011259853016320487,-0.006420895424655515,0.0009402705025436386,0.007192433929022318,0.013562742343150195,0.012319143755642385,0.010728914777048354,0.010382151347334386,0.07964776709670243
2012-04-20,0.0006899618353195525,0.00576766322407507,-0.0027331003361111827,0.00167005973461265,0.00017147767190550667,0.006921099809279056,0.013793981738502503,0.011966462722247783,0.010773000286763564,0.010406827258866222,0.07044409215510095
2012-04-23,-0.0029458817957397354,-0.013838277934719923,-0.009134909713101713,-0.008408918611815364,0.007260469749569509,0.0066750757074809704,0.013506333940804815,0.012044579596794572,0.010517022482170126,0.007980070127493659,0.06885492811755516
2012-04-24,0.0014458773932806146,0.00758563572194193,-0.00537810930298388,0.0038016307002308736,-0.007038294088876129,0.005509993940176396,0.011212542522617889,0.01121647829568216,0.008984912329248118,0.007718190062460758,0.1824927812633263
2012-04-25,0.0020087386020055664,0.015557742966519239,0.02657165055703503,0.013691538103329792,-0.005124529228799801,0.005593931532983304,0.011390650316430656,0.01436874609754234,0.009622875961060151,0.006758539099740282,0.17205623802264763
2012-04-26,0.008833502726736775,0.009883956939112037,0.005868849025230993,0.0069686105296464795,0.006008676913901834,0.005320770415455329,0.010926999757794728,0.013982938309761168,0.008990091068796885,0.006675934092968997,0.2107062274910579
2012-04-27,0.0021735459614287134,0.007829731466731271,0.005984487110115344,0.001641401763332384,0.0008535623246181956,0.003936627928325559,0.009762167097177045,0.01308128224257368,0.007766574265477585,0.004418321620974574,0.25565998704790893
2012-04-30,0.003098277264045768,-0.011046182716168196,-0.007138177738121199,-0.003704145247141244,0.0002565034686285994,0.003893479033345104,0.010807314030497991,0.012697572566933461,0.007956108925779835,0.004371673513056199,0.21804840659220162
2012-05-01,-0.003459337420944286,0.0009819879505110762,0.001647700458532464,0.006220238396484445,-0.0051865899038923136,0.004083091796982997,0.0099290891385473,0.010968277319957401,0.006807927652983133,0.004733070335815998,0.2425027275028689
2012-05-02,-0.004525235266453653,0.002697733233336441,0.0028413113357195208,-0.002984512531686856,0.00704234002756654,0.003860477299642271,0.009473592652510934,0.010951363839453264,0.006779462824091415,0.005165407132696945,0.22031660120319155
2012-05-03,-0.010087771057537998,-0.01406396418955369,-0.010587702462736104,-0.0076252481667843375,-0.00025550644795291344,0.005175538485707631,0.010533047372180717,0.010871389657811622,0.00693963153459975,0.005168395613043789,0.300713156234193
2012-05-04,0.0031452475068289854,-0.018978117146833395,-0.02486817257335594,-0.016157984227175737,0.007847934064724393,0.0052836107548063895,0.012112326859623589,0.013584318529689126,0.008819930445240766,0.0056760292643268685,0.21630174824624754
2012-05-07,-0.0024455972073937904,0.0026556222487881254,0.0009275665474219874,0.0007296027614487333,0.0001689312198571713,0.005255239740594131,0.011318105106541996,0.013319389972955115,0.008390316353783924,0.00525763829403261,0.22704006211447408
2012-05-08,-0.019361338921316418,-0.0006306383775569468,-0.0037060318341420873,-0.004011587048850296,0.005332353919503374,0.008019517752961926,0.011025735308962555,0.013260499851854537,0.008387463287271489,0.004726564414679514,0.1963320899316059
2012-05-09,-0.00980768448267233,-0.005678516345450801,-0.003099670444455249,-0.005931688120560552,0.0006735896871019609,0.008221083943578459,0.009530613650931639,0.00933032580552677,0.006846178098475365,0.00411294049135784,0.25648780033087326
2012-05-10,0.0019421444253708842,0.0038073750100162673,-0.002021377646508671,0.0020627509189152793,-0.0029442938176902356,0.007337588955758054,0.008810238725381793,0.008795260609727688,0.006242602018461009,0.004183525097871855,0.0983955379551046
2012-05-11,-0.007818095757993637,-0.0025282358343955424,-0.00015580038196527646,-0.0030145064165464364,0.008268311921857618,0.007089798445951273,0.007928639627359667,0.00821585468473504,0.006029952684253458,0.004704694655251087,0.07554241598892619
2012-05-14,-0.014521983348483536,-0.013307869796302607,-0.009348609415517628,-0.011060868779275812,0.013974821895526013,0.007061825336552665,0.0081716810275243,0.008320322292754303,0.00649626871019904,0.0059389721965360555,0.08534794676039824
2012-05-15,-0.010506815031071648,-0.0017984165446305322,-0.0033029954591160537,-0.005741926256753183,0.004044058550593865,0.007054806929527295,0.008009964763176537,0.008033955575646158,0.005373200526255141,0.005097988510426559,0.10215914940405599
2012-05-16,-0.0018698996195085638,-0.007206508592502825,-0.006785495830643473,-0.003824507537385169,0.0028764145048538747,0.007222945915092357,0.007583229247850259,0.007505103567354016,0.005338153549079211,0.005029207304141073,0.061112342716260606
2012-05-17,0.022347090779173184,-0.022683230496391427,-0.021131206666583857,-0.014831072695682623,0.01770328506081187,0.011665205707025091,0.008989723668152854,0.008803484213470264,0.006095844708722273,0.006369225279514263,-0.06406484596544305
2012-05-18,0.011452879352412237,-0.009416215685249418,-0.012984791680495822,-0.00855869945115395,0.00024144305926809828,0.012488642325481907,0.007983128101299015,0.006734946488226318,0.005106959878464487,0.00654843386295357,-0.08800533195956607
2012-05-21,0.000646980541909592,0.023564079278710626,0.02795583113470257,0.01718825780346278,-0.002092382332392284,0.012543687550160061,0.012090098496180394,0.012688072440606109,0.008698012099568471,0.006770380436373245,0.03311246919060308
2012-05-22,-0.016618119410660492,-0.006017106411918216,-0.0011197758084304787,0.0017425312531411663,-0.011134821587838517,0.012164295237770894,0.012063671196912401,0.012708796680288782,0.008869077513681546,0.008428235556295481,0.07415946520345176
2012-05-23,-0.0030247679400885463,0.0064483476675238904,0.0019218659065431964,0.0005299552336361923,0.006935618066208127,0.011896164865530757,0.012492225004678063,0.01281196205397211,0.008883072956468592,0.008455472180559174,0.07381612880607988
2012-05-24,-0.001384985238363945,0.002092236865213648,-0.006553630913685549,0.001965477390338588,-0.003808229498398652,0.011826288196572655,0.012401134745509945,0.012865449916837527,0.008877511086691154,0.00853592453237127,0.07284230749406043
2012-05-25,0.00838774838488221,-0.0006523466546771717,-0.0012871761807017323,-0.003244687926521106,0.0037410869781631106,0.012068085036263087,0.012424663206157635,0.012841140704110732,0.008879117224893866,0.008385492898930562,0.07776966374446434
2012-05-29,-0.010872337457110914,0.014492567800263867,0.01272750653241883,0.012112237937898174,-0.0030789830234355664,0.011644991882437616,0.012936227411850946,0.013556493497976493,0.009427799649270787,0.007664750603339621,0.049032591641366766
2012-05-30,0.005893254962718419,-0.0191765599270598,-0.008431583118299835,-0.014510310474676436,0.025361562881363486,0.011168527736158528,0.01428414264179973,0.013746622917218846,0.010355742065289417,0.010772245012106418,-0.0002498347244498489
2012-05-31,-0.0019090812845146132,-0.0013120552770875538,-0.0043319333505453805,-0.0022006419998803484,0.011574270819899812,0.011169846482745847,0.014159872289440826,0.013664820982543322,0.010321699038216973,0.011048255476961198,-0.008751190117242147
2012-06-01,0.038781196888100666,-0.030088252910240643,-0.026586881011586794,-0.025176960736913667,0.02373981129854097,0.015097590088497698,0.015531539579486928,0.014619100315674939,0.01221001322512864,0.011973306067257399,-0.050434008293004706
2012-06-04,-0.0011428106398809756,-0.002302708832995437,0.007614407583288907,-0.0004682746391035941,-0.007900516460043083,0.014849951064720797,0.015315868984783043,0.014327156351650239,0.011994402690066767,0.012604231383399262,-0.055043673609738754
2012-06-05,-0.0011442151423203262,0.012898775506999804,0.004106958921588966,0.0075721321072905745,-0.013377156680259294,0.014877196366756797,0.013675985923563883,0.010723661102515176,0.010667950506169135,0.013700957295690432,-0.12657889121114518
2012-06-06,0.0004455092560180507,0.024665177720130327,0.022905968824727285,0.022468595152153048,-0.01998378871260298,0.013453618609117597,0.016007789121849636,0.013358743137808252,0.013220157425652088,0.014958125890609807,-0.1475260629971357
2012-06-07,-0.01723813115026185,-0.006541315711968587,-0.003998569686618714,0.0006060467120350133,0.0015188780254602463,0.014883008284579674,0.01601711989760277,0.013405485679293842,0.013220579149352209,0.014870244384456813,-0.1201896978072394
2012-06-08,0.0014886454856897213,0.013563546853694541,0.00963521802056544,0.007951454571089478,-0.0002390607938210776,0.014838458543893455,0.016629821719415506,0.013554251117091642,0.01345726552805386,0.014763698871475528,-0.11448175800371312
2012-06-11,0.004071640277957922,-0.022086782247393688,-0.016859873428810013,-0.012696814762537811,0.004552203766090335,0.014702856972464033,0.018117499989043353,0.014720672878902526,0.014068436280932304,0.014775722643219115,-0.09242541107320028
2012-06-12,0.007080368815616023,0.012621406160904458,0.01213384622644842,0.011490312257503854,-0.00914292812254025,0.01406053791636905,0.0179417695273737,0.014663284746675331,0.014008054176570368,0.015137216220731551,-0.07548858263655348
2012-06-13,0.004218256263578635,-0.01154547272758577,-0.006873556378399814,-0.006394830617273306,0.009868869656438406,0.014040578237797112,0.017269117352117586,0.014576261873117174,0.013324358152202176,0.013090699919570377,-0.07602448179530566
2012-06-14,0.004009705335992431,0.011415008222404488,0.0037020137845926726,0.010600873535709487,-0.0012711339875985939,0.01391303007927313,0.01770801439790976,0.01454614836237536,0.013666369650152624,0.012449980143817114,-0.07469196687648576
2012-06-15,0.0005704997647584253,0.013385318160559878,0.012424110701071411,0.010226963377392817,0.005569112660378961,0.0066877418105366175,0.014470013907060108,0.011326131855638149,0.010073828141264991,0.009339128819342497,0.11398075726355987
2012-06-18,0.0005701744803514597,0.0011658210136118452,0.0093668852189297,0.0019385875653517015,0.005380099639200608,0.006670418268495816,0.014326836668675434,0.01139339333345113,0.00995309041579919,0.009513876349483141,0.10841835182065837
2012-06-19,-0.004875508449193711,0.017332924008223616,0.010380456757354661,0.009672389135026105,-0.013063154397659482,0.00686827264290564,0.014664678121650296,0.011531783679780307,0.010026462433127119,0.00947152377033614,0.09149689036304787
2012-06-20,-0.0075719166052243825,-0.0015260872467276476,0.0007783452164529248,-0.001620993724176567,0.004943400986213042,0.0072710468285083615,0.013096109630101266,0.009761251519227373,0.008257486057373576,0.007103571059080601,0.13426981351582942
2012-06-21,-0.025325363321968553,-0.024321660014842483,-0.02488707571810267,-0.022439030017207484,0.00531568112966907,0.009434438560350878,0.015490198254754608,0.013104249721707317,0.011595768872795259,0.007245620984767523,0.2641058856592222
2012-06-22,0.004078378501268132,0.011354515852391778,0.010527826378445182,0.007701722524277033,-0.013337938700804908,0.009562593574661127,0.015305784171590267,0.013172617623087626,0.011579087197640428,0.008591896914220755,0.25313170043652067
2012-06-25,0.00733749424571517,-0.015615167791768858,-0.019258002252553807,-0.016034789014868767,0.01455800189441403,0.009819410869430261,0.0143377255371137,0.013551668778130013,0.01205141368296141,0.009706586787007273,0.22131511405071094
2012-06-26,-0.007414148220444616,0.003913424594837567,0.006276872660590627,0.005025840304851759,-0.003941559404832873,0.009562044530307071,0.01383799975214648,0.01312878337269287,0.011560608577724714,0.009237739923863486,0.21783818531449733
2012-06-27,0.001376010487393442,0.01627299362355794,0.006078192614168421,0.009016403987292199,0.001582707482749246,0.009382694493717206,0.013930826444669303,0.01298671753513085,0.011659801497473525,0.008752799941086882,0.25385551391238426
2012-06-28,-0.011646919832302038,-0.0016789515002717526,-0.011128635328768288,-0.002853579194718625,0.0024494793274327797,0.009440237097711052,0.013700731009345945,0.013546987859895363,0.011250333735019427,0.008744749072848904,0.2533388725258856
2012-06-29,0.027408138404537707,0.029103321024492423,0.03151138917514151,0.024926869008456753,-0.013006888232801272,0.01378884934314406,0.015877164599306326,0.016504984953057293,0.01346772626381559,0.00958600470291406,0.23187963924690558
2012-07-02,-0.0006444107348563266,0.011563812116233141,0.0029612120501183448,0.0030120898247076866,0.010317615438020233,0.013772887228743114,0.016039680303867297,0.016308917892027527,0.01347559146003977,0.010061474281286743,0.2524802411289321
2012-07-03,0.015281516744723334,0.013046924423338213,0.008391505083897632,0.00659334136123868,-0.007685694625121475,0.014704538281037523,0.01571683607916226,0.016197949399892535,0.013305790768739747,0.009434746568751418,0.2518922587518707
2012-07-05,-0.011304546946454441,-0.0011043340884488995,0.0006162539251510779,-0.004512234676641413,0.00511073549576313,0.014971178630420743,0.01570028655886164,0.01619841611379955,0.013408124175574132,0.009444396356398887,0.24914629773556524
2012-07-06,-0.012654072807009586,-0.01117362977173586,-0.012474987941601956,-0.009503466512756131,0.009292950577441506,0.013004635733823218,0.013427421344432118,0.014355881838072671,0.011358170450497255,0.009765054933916599,0.19216127670245556
2012-07-09,0.002146812555150701,-0.0038494905336213803,-0.0018711639484667586,-0.001254475642139985,0.008815759683850732,0.012971133447629235,0.013559575628348643,0.01410434924208865,0.011240667048506172,0.008725998975866865,0.17594855074348828
2012-07-10,-0.012269536951600046,-0.01109435736480835,-0.009843751234746567,-0.008720428096853805,0.0020283000184306843,0.013380244150693365,0.01288999120737323,0.012852390105221803,0.010163474999274776,0.007678706853698619,0.2605060122905147
2012-07-11,0.005520944005105832,-0.003403498079985079,-0.005523013684269218,0.00014915531275194738,0.001245208790221053,0.013313346614995314,0.013132376930905153,0.012962576852087326,0.010128317902931816,0.0074421092070411496,0.2514307508084466
2012-07-12,-0.00261460971900751,-0.0034146593900071798,-0.009362490704635906,-0.0048450989904899044,0.007076376509727034,0.0133380082458935,0.012510441248468947,0.013191096382338275,0.009960668111461625,0.007607579037668545,0.25042790201586546
2012-07-13,0.010157959820154439,0.012437518291746441,0.015217043858039903,0.016777866395869978,-0.002625057932848507,0.013014937614520786,0.012865717634056625,0.013498047715702472,0.01113553156996586,0.007783310806582876,0.24077461755784063
2012-07-16,0.00045418012518472217,-0.004011526268971499,-0.00283975294359029,-0.0023573284047271326,0.004644637742832636,0.009511423931438986,0.009200508073772932,0.00863892791953855,0.007811810700344396,0.005713913802568079,0.2746766083987492
2012-07-17,-0.0047986866023365105,0.0035246827796993063,0.005221503610476352,0.006867164956274374,-0.007859899608022913,0.009604209391635993,0.008382985287902562,0.008795974738586263,0.008092602682085153,0.0062811346757899915,0.2287592015895538
2012-07-18,-0.002736679257213992,0.006145270337602149,0.013537004922565599,0.007406741347918633,0.0005437153839535913,0.007712485090841737,0.007323989097948458,0.0095413705601005,0.008170845924539727,0.005338938167863494,0.2416450357254584
2012-07-19,0.0021561700390366756,-0.0033655107720137467,0.01102640661035914,0.002620895208363727,-0.0025616438541139486,0.0072243685906668645,0.007342060811499234,0.010246690318696624,0.008043450887580544,0.005522459447278315,0.2438979260366967
2012-07-20,0.0018906850756352789,-0.012757834733101991,-0.013210471358614195,-0.009148628938401515,0.012218624433407488,0.006097335305379062,0.007579548015152143,0.010350754969789482,0.007993998328695748,0.0060046643117352885,0.20189588322969082
2012-07-23,-0.0041647647379081665,-0.015963941536434767,-0.012142078626077302,-0.010112044707042633,0.005613016105291191,0.006175518397385611,0.008784147561878595,0.01106773507603712,0.008700250281630887,0.005699279471673105,0.19951896291032784
2012-07-24,0.003202022460124132,-0.013132461966831044,-0.007878918454541362,-0.008586886399247762,0.007875406600502233,0.004700174498573708,0.009008686924838048,0.010905436136965943,0.008685700458376628,0.005991278541481297,0.1287647191149483
2012-07-25,0.014004649795792412,0.0022181080397449815,-0.006670926834242752,0.0002241558142215272,0.002578891064471067,0.0061634415191469585,0.009181778979537652,0.010968923472104994,0.008685993774618865,0.005972161668097208,0.10589764797242074
2012-07-26,0.007066269136341896,0.008591615165637334,0.013271704141500917,0.01649718082094087,-0.00915578556804697,0.006161118735051486,0.009857263924241117,0.011314982439584245,0.009927925369465695,0.0068125335804677355,0.10592158329624471
2012-07-27,0.004911583802304831,0.02374754495981124,0.023670387160154904,0.018433204535444503,-0.018862015842658675,0.005660733922240409,0.012054762849224217,0.012682374936083552,0.010211113611661698,0.009290500786059,0.04791003865374074
2012-07-30,-0.0006982392728160924,-0.0034033526708086015,-0.0007707200639675005,0.0,0.007471638439649597,0.005711692835833744,0.012036601180227653,0.012604057270259879,0.010121429210089435,0.009504860824180674,0.05021561940714545
2012-07-31,-0.00597082656640302,-0.008855252077953346,-0.00030832744626052566,-0.006994217767355426,0.0020091459353368535,0.005878215355103572,0.012218836056200335,0.012597831043456813,0.010390333820871253,0.009127615980044017,0.0706271672314988
2012-08-01,-0.008626788012826792,-0.016464665938250245,-0.002932296059976469,-0.0008720113837835664,-0.004998836963195696,0.006646673310430474,0.012693128164639194,0.011991550626689527,0.010153265849906298,0.009309559027453436,0.12275060190706881
2012-08-02,-0.006510213425354183,-0.00363376244328395,-0.003559844230031306,-0.0069040732068743615,0.005668330112560405,0.007084381291598394,0.012692065918618151,0.011430073885796843,0.010346504103383279,0.00939978452488555,0.12125074900403929
2012-08-03,0.009212989839486152,0.023834886880928163,0.018950030401029272,0.019832922965590916,-0.01613780095603612,0.007602366875169437,0.014949705212949837,0.012132217094195987,0.011701687616251077,0.009916397700816535,0.14044476796018443
2012-08-06,0.004821600676860438,0.007759461345238083,0.0076217604904478264,0.001937481520474682,0.00039216764749738786,0.007421116923050531,0.014043779973253616,0.011109665440541955,0.01089082090008193,0.009615995254216548,0.13389504039283837
2012-08-07,-0.0001279863856068486,0.009088481943733129,0.008320746478414742,0.0050136018530468895,-0.012865137426579354,0.007442912007767377,0.01309785965410467,0.010315180238293226,0.010050353778532129,0.00940811427941141,0.15742905168348947
2012-08-08,0.0012797347696722472,-0.001501009031301348,-0.0004502106620636326,0.0012115699672545777,-0.0053247756182025485,0.006091055735600471,0.013215448103964663,0.009648286245557008,0.010006063375002695,0.009084027738303187,0.2284889636181418
2012-08-09,0.003259264951112506,0.004761046123556767,0.003002477499111089,0.0008542757700515935,-0.0007196187736766557,0.005746783068442751,0.013120048449572713,0.00937608299389731,0.009164262617023067,0.009065517442766657,0.22736357070264396
2012-08-10,0.0012101864830207365,-0.0034913781372840624,0.0005988390373778962,0.001635809960911505,0.005037922993743615,0.005521158945843461,0.011134319405285335,0.006872721831630518,0.0074517477035679885,0.007884091192064879,0.2639931427007525
2012-08-13,-0.0075708565852385945,-0.001626966088761228,0.002392448169178829,-0.0004974828927325481,-0.0016710049272248284,0.005995370466900634,0.011073644864621717,0.006749157011257744,0.00746505383892993,0.007168156636377441,0.24759656395427024
2012-08-14,-0.00551317764002035,-0.0023809033285948633,0.0004477891704728343,0.00014254157382609378,-0.013546806972892012,0.00595398541074792,0.010613987270237315,0.006707556854121434,0.006878548757105234,0.007664585426760422,0.3059454170983125
2012-08-15,0.003223103102315328,0.008793607502703527,0.002535377377335779,0.0011359903589849285,-0.014056495737259644,0.0053879892723723765,0.008652453346981363,0.006343444057259607,0.006806688952922431,0.008253605912614662,0.28767949567204065
2012-08-16,0.0059756643744985904,0.010460754259277172,0.011901051602806634,0.007378741326762084,-0.008520716412890206,0.005064116571436995,0.008385609396511081,0.0061820502006660035,0.006089749497554515,0.0073212057662655605,0.31782279933129826
2012-08-17,0.001021995813774046,0.007024883382884095,0.004410610670178228,0.00133829726708945,0.004875770286086656,0.004295977421897998,0.005508702099415986,0.004000487524506745,0.002379382836947334,0.007340167081108795,0.348485409534028
2012-08-20,0.003445592661605268,-0.0022026855148951086,0.001463852094100826,7.00211644397708e-05,0.002055311495184009,0.004171592190936084,0.005630392575744942,0.003866088276919734,0.0024581308542337087,0.00748427923455051,0.2896614664475602
2012-08-21,0.009983513792826137,-0.0006136060590854475,-0.003946385337673108,-0.003023996920370031,0.004431798725679892,0.005093614459693728,0.005268386153959702,0.004092751933343244,0.002610248874623542,0.00732649828485582,0.20597454699253456
2012-08-22,0.010766174119276384,-0.004786331070556038,0.004108809103831046,0.00042354942996736256,0.01650523036595053,0.0058482990166646796,0.005597726466086568,0.004013485184266338,0.0026158653218534937,0.009424021892411052,0.18627670626031012
2012-08-23,0.008409157592958794,-0.0070287644281069594,-0.008183803846258164,-0.008179804415796577,0.004179276904694662,0.006134487622979346,0.0060775458606315514,0.0052771469081656225,0.003897165981312123,0.009541450402639307,0.13896067332756573
2012-08-24,0.000494174015419846,0.002731554042612716,0.006188198375486564,0.006042864629201894,-0.0009603611145364566,0.0061630452956549404,0.005950396312786642,0.0054555075788403126,0.0043232681206883975,0.009371622377349884,0.13662549145711092
2012-08-27,-0.003766133270076133,0.002972839290567908,0.0016110453606330566,0.0002120807204717412,0.005848979012466726,0.005520255858731078,0.0058991380234315076,0.005456955267799626,0.004311192478732841,0.009581798964430246,0.10900223900463894
2012-08-28,0.0017352428001844444,0.004569359466427558,0.0,-0.0009890912342607194,0.002389711442321696,0.004622092632825895,0.005800069291261152,0.005473409347311583,0.0043379624386368915,0.008303327810251193,0.006405046986193069
2012-08-29,-0.006495935756759552,0.0030724606313268232,0.0,0.0007778248221972373,-0.004370592368895365,0.005724153085402026,0.005340515106334884,0.0055049417380639365,0.004333061243249671,0.006668314189936685,0.05081194577118281
2012-08-30,-0.0004358432469381279,-0.009926568062787133,-0.010087599307266326,-0.007207744961583162,0.005187620679721228,0.005732418119183768,0.005480184641694229,0.0053924744457295405,0.004176979999999293,0.00540822748434489,0.15580730646978957
2012-08-31,0.02305006759133854,0.004085449674713804,0.006645792051255706,0.004768727889923774,0.014133711881674893,0.008606502246219548,0.005102377444945546,0.005655923302462223,0.0045218727810897,0.00629223692410423,0.36002911940712756
2012-09-04,0.001583208530649749,0.012203778170478019,-0.0010270515170122119,-0.0009207484544335731,-0.001003429225536645,0.008657111505586563,0.006482172066940337,0.005628308254211862,0.0045137163425736804,0.006518332809825678,0.30978600933249756
2012-09-05,-0.0010335492057460538,0.00024346403611330558,-0.0010281703829522204,-0.000850731244443903,-0.004713023314028564,0.008587050807558944,0.006468113019457974,0.005502223085174452,0.004447080113303243,0.007159800631617678,0.3293525697194303
2012-09-06,0.0035299241657396063,0.01838545575848549,0.022199428889654316,0.020296710746968927,-0.016651478503017403,0.008196209662494456,0.008166600924173492,0.008957241307944666,0.007984801876652037,0.00818497215333325,0.176691907883736
2012-09-07,0.021529523105697113,0.007412381484277919,-0.0014380075606353904,0.0038948629893404974,-0.00465471668197881,0.010050750272222258,0.007412436143472311,0.008370695084984687,0.007255695168757248,0.008208928816093091,0.17142504923703772
2012-09-10,-0.006827411176709486,-0.004509302678962546,-0.012819092990124514,-0.005681537912633816,0.002418805021987991,0.010588352612430548,0.007946916945744712,0.009476285657932359,0.007578100413690139,0.00825634246487119,0.21203366443282706
2012-09-11,0.003646366398665668,0.0021460276495808284,-0.0016044188585657704,0.002787528023671104,-0.006272830011017305,0.010295134683628112,0.007961355903523953,0.009485388100124946,0.0075758720289363195,0.008168501065888846,0.22183079673528133
2012-09-12,0.00011914397372314589,0.005115166480020639,0.0029223710201109476,0.00333529274659794,-0.012464504045014202,0.01034767789655275,0.007969325266513417,0.009527434311111714,0.0075293860686132495,0.008742578227333347,0.2280664838436624
2012-09-13,0.02018818143529133,0.013137626705489236,0.013551008804955078,0.01523669372398273,-0.003934494826941859,0.010808845663881819,0.008483074043442246,0.01039238891486827,0.008560663838665281,0.008735174235057153,0.27395240544270577
2012-09-14,0.002860343822002953,0.009346098500237376,0.008913304865735938,0.004433998105102033,-0.026577740744610723,0.010621281126277539,0.006775637064264027,0.009705681695345096,0.007678930147918134,0.010993404891036524,0.28940884454130744
2012-09-17,-0.008149063622843289,-0.004630043128401429,0.00042762645210991934,-0.0033960085482999114,0.012003537460883562,0.00989615758093951,0.0076602015417531815,0.009690286142419947,0.008097044987355079,0.010573137976002069,0.21557588669640024
2012-09-18,0.007746522133214695,-0.003255702576665742,0.0008543379183310051,-0.0008173644417870385,0.005011763501622468,0.009938419924210662,0.007801966557013272,0.009621221165564986,0.00809024973688277,0.011060548772125553,0.21752436578332576
2012-09-19,0.00011649354949172519,-0.0017497738206392333,0.0018498208702708574,0.0005452457231076568,0.0065653812786985455,0.0098755148035393,0.007942425174057686,0.009523309332126167,0.0080103576648109,0.011714844718117805,0.20442847329305236
2012-09-20,-0.0015721687657199723,-0.0044404804645327145,-0.0009940075233346723,6.845559122714562e-05,0.002477211628494125,0.010059900091676212,0.006551665840981671,0.00693067648035938,0.00566685481179955,0.011044722665190946,0.2578604418927456
2012-09-21,0.0028576747517099488,0.003638809754162642,0.00028520756346073206,-0.0004180699869410498,0.0011528425428768418,0.007949100791957393,0.006299991480273685,0.006879966625392729,0.005674179575386839,0.011073980599474807,0.29749460938346395
2012-09-24,-0.005291949445103139,-0.0032644864188371425,-0.005844600592355809,-0.0015081285404938694,0.007816657503413094,0.007770346671605453,0.00617965185708859,0.00550049484501112,0.0052130829453817355,0.011436852986345463,0.27812835021847393
2012-09-25,-0.0016369410950092256,-0.014371541495199258,-0.014052647867212942,-0.0106417573683536,0.009877000571159256,0.007844279512844339,0.007967606004312592,0.007471402602295725,0.006552897677459655,0.011809961157543684,0.26058307114600143
2012-09-26,-0.005621635473730624,-0.0063343732791018015,-0.00814405731383594,-0.005621366159052066,0.010750878703670974,0.008177744921166708,0.007965960259254588,0.007926383470392527,0.006759087577205051,0.011316892614115066,0.2589306961952695
2012-09-27,0.014898997795603108,0.010824968208843266,0.013783161099958141,0.009421371855728333,-0.0071174531278638264,0.00687719225533245,0.007525079563246855,0.007971719019052146,0.005394722499041523,0.01156056102610366,0.21509167140294938
2012-09-28,-0.0026110999060248163,-0.007139326022943426,-0.008244433922259709,-0.004632254433261984,0.0005637430304923363,0.006896844770762378,0.0066595450951106834,0.007608424722021299,0.005176006382834211,0.005810802228091209,0.19905188594323525
2012-10-01,0.0023270341375569714,0.0033564056695847277,-0.0014581073674124756,0.0026393640892121706,0.003710589852800039,0.006276830208431667,0.006925536850375694,0.00756459443449337,0.005306498037379677,0.005250760879524741,0.20406268805665678
2012-10-02,-0.0011027174532514117,0.0019104436353931664,0.0029209724523759917,0.0010392061164588018,-0.0013659768101732528,0.005848162393146361,0.007035938055141175,0.007684484731557974,0.005349649490330813,0.0055062421228265785,0.2063010102827639
2012-10-03,0.0018012640766977839,-0.0028615026223662854,0.006407348802750068,0.004083247542125967,0.0003224852562331293,0.005868557577233362,0.0070445900610786715,0.008063323653829023,0.00556913513845088,0.0054666705884334815,0.18187374374839588
2012-10-04,0.006960135274945767,0.006815095665301252,0.0034730042562853836,0.007168094677261205,-0.012471349438201274,0.006162096717082369,0.007474017032250456,0.008218805103462302,0.006086256865679971,0.007305145545742221,0.19871234677571437
2012-10-05,-0.005702468116373205,-0.0011876475579712942,-0.00533488288795958,6.842334746459677e-05,-0.012954772716730734,0.006500476749637583,0.007313767065852707,0.008306203583942896,0.006083128734919581,0.008590927357144807,0.26787999298123255
2012-10-08,-0.0033020048751752906,-0.006300913447504275,-0.009133749495276677,-0.003421589910597378,0.008420022184094433,0.00633515885071681,0.0074692176368922406,0.008552263709632411,0.006172325096075668,0.008654486940086286,0.26813726076420374
2012-10-09,-0.006160985410008202,-0.011725346367857159,-0.0159473011663136,-0.009887234204605577,-0.0018013459647144847,0.006665650074665847,0.006995525791390942,0.008864754984724237,0.006030628673040315,0.007926986718075048,0.35774468069206045
2012-10-10,-0.0008772977978495078,-0.0015739031851853547,-0.005054845496189286,-0.006379999663285951,0.007052641230219203,0.006371669061585568,0.006770521627998822,0.008685364534285272,0.006114586341360792,0.0073748143689520386,0.3651452614896759
2012-10-11,0.0028097108207538746,0.0036373431543987866,-0.0031381997036407094,0.000557873106437734,0.0069209134968941655,0.0041062023375249305,0.005697110601537581,0.006726810897827972,0.00516786168144224,0.007534662873279999,0.392211175528255
2012-10-12,-0.007354714637855864,-0.008094380511939225,-0.00044935948015245586,-0.0032781703878858037,0.0025066645932860787,0.004609336528358858,0.005808930093485157,0.006572380765527352,0.005075431987839728,0.007580320194937581,0.3491082904523225
2012-10-15,-0.010055224506803517,0.00657738883391823,0.007348157624694984,0.008328014148081486,-0.002258574837360472,0.005220885599962037,0.00619116753653413,0.007315837855618158,0.005767967719386663,0.0074931570920937236,0.22376881196036963
2012-10-16,0.006355758993983995,0.00738135859929101,0.01414321177436606,0.010132947694311056,-0.013824582120030127,0.005899352068983169,0.006723308172698118,0.008838286566517403,0.006632280160010016,0.008596068186701594,0.21416809122496475
2012-10-17,0.000708270089035512,0.009009197036614847,-0.0005868698873572331,0.00453517370514378,-0.009263782621048544,0.005840137909620877,0.007326666186884154,0.008476659448316281,0.0066590993973416725,0.008862382581841985,0.1992752965409248
2012-10-18,-0.004423734987025862,-0.00547646691696968,-0.011604046670056212,-0.002599433670663509,-0.006123231440681054,0.005025427529324158,0.0071702668581561995,0.008833493425933594,0.006326406486354924,0.008299543133301472,0.22994628665013464
2012-10-19,-0.010782582723043554,-0.020229647194517364,-0.023926303099406132,-0.016664203364927244,0.01357015002321904,0.005577814311663252,0.009456067717513436,0.01106079210852767,0.008188053983357474,0.008686143403388866,0.19942185486749495
2012-10-22,0.003653354530106512,-0.00024484500133314935,0.005176508650798883,0.00013959554766485027,-0.006407072600267294,0.005996616944106567,0.009392081247015476,0.01136437328097083,0.008190402519267902,0.008450037198438502,0.1897380067482984
2012-10-23,-0.012829747772893363,-0.005010046328504436,-0.00954255265225512,-0.013876309646352003,0.014302629905529773,0.00675758532899774,0.008849746569932723,0.01074236134097959,0.008723456335702763,0.009712679308953719,0.14751820465099028
2012-10-24,-0.0034455182897020764,-0.0027021564403890697,-0.003517313134855704,-0.0028284953776566146,-0.009861938496393607,0.006704736516767159,0.008859362823512096,0.010716893717262897,0.008592586195365714,0.00994339520070594,0.16687322477131245
2012-10-25,0.007036295388904268,0.004064384857217274,0.0,0.0029075573014356593,-0.005103827568316732,0.0072595083363042445,0.008887942133190213,0.010745606566996906,0.008688385188998749,0.00959412849464535,0.13856194059175753
2012-10-26,-0.0005421731981886113,-0.004783565208824059,0.002915739879324919,-0.0005653740455114908,0.014727684517955808,0.00713590899179501,0.008672930306142404,0.010861917888263174,0.008662776312027269,0.010949465946936578,0.1868591964309269
2012-10-31,0.005424029379860196,0.006038804275719567,-0.006120856705428834,0.0,0.005870897339632863,0.006975752492847683,0.008621188775058696,0.010405011797656192,0.008038993764001356,0.0111476354318992,0.2430370702230332
2012-11-01,-0.0045555025984209685,0.010535537253447469,0.014164894067135725,0.010470258405268718,-0.008187204459687791,0.006558261660865448,0.009018392549208172,0.010409053464775104,0.008095517484189236,0.010506842548541753,0.20877570364338577
2012-11-02,-0.020894809825163896,-0.01575946668037076,-0.010627326422724903,-0.008891679204612202,-0.0007353365131398393,0.008763279059656138,0.009394101011252678,0.010600320633621253,0.008032391343322755,0.00997208273534392,0.26074770898577293
2012-11-05,0.0038744747870573804,0.006651108831864816,0.006598266287727972,0.002048674716305099,0.00564296556917987,0.00911869308777606,0.009861250509011476,0.010769750219869987,0.008203087253385376,0.009701796264314227,0.28255542834783465
2012-11-06,0.018807862553296584,0.007463431644776586,0.001829480626470481,0.007825167373157527,-0.009434001223622479,0.011024881751165193,0.007914257184415137,0.007721441961802598,0.007170125810040454,0.00947888238801277,0.27308851665588646
2012-11-07,0.0011425281895340866,-0.024289962881956395,-0.023585172533495236,-0.02266403210446466,0.018145501616033233,0.010951999920536023,0.011184893105635774,0.010479453796352867,0.010064782878110242,0.010711196588903472,0.1896562625608343
2012-11-08,0.009009549825869767,-0.014064825650354051,-0.015739577241334457,-0.01202400405419879,0.01483887919995519,0.010405777114575071,0.011823779976371697,0.01108875119464543,0.009848037304459746,0.010777782196797689,0.15980186517020795
2012-11-09,-0.0010119540650425085,0.0021463547743330036,0.0042752023108558745,0.0008689922421882823,0.0011122480261589462,0.010302989481439475,0.011921985547519866,0.011350936589286731,0.009898285345166425,0.009891225393464641,0.12888158257259694
2012-11-12,-0.0022048049089982147,-0.002897658838346473,-0.00015793628483729005,0.0007964923222667508,0.0016671187264485354,0.01019793415284484,0.011717050100694402,0.01134698145922352,0.00980399435296211,0.009444182137553233,0.12760864248217066
2012-11-13,-0.0020901215354142133,-0.005685388286608251,-0.006937692380473037,-0.003471713784104158,0.0033281744745556896,0.01023402456723136,0.011736646217602306,0.011237771673505443,0.009792778268766325,0.008714134345723296,0.11059191130481691
2012-11-14,0.00023933743071213875,-0.01855117486959701,-0.01174975663564426,-0.013498522100797938,0.000947716138069099,0.010101401168933195,0.012202415473998317,0.011513974264655686,0.010325104615194043,0.00868706553630842,0.12317178117283074
2012-11-15,-0.006282176951012075,-0.0051788018679584935,-0.0033740326247585495,-0.001692110803396818,-0.0019726599778140397,0.010206532450490137,0.010852973527535167,0.0095803201499847,0.00909313685423034,0.008015410004709591,0.1680396684765572
2012-11-16,-0.0012643233169258306,0.008328957906519552,0.004352944734937081,0.004937642525486119,-0.0008691700860629092,0.007162507551735354,0.011358346751825434,0.009931884691603401,0.00949032530416696,0.00802310479822403,0.08822923465565903
2012-11-19,0.011996564840836887,0.021166592385150507,0.023755934936270595,0.02023868395921191,-0.005618871790522895,0.007825715954488015,0.013652816553270193,0.013046126632539035,0.01209711459250703,0.008443419428296886,0.13027150387896852
2012-11-20,-0.0028593300857844284,0.001769603815013232,0.0003136030972192838,0.0004314025168250524,-0.01002706627863903,0.005592555964148313,0.013274198265224454,0.01299593256906783,0.011656755700786713,0.008535905658278619,0.16313270163101196
2012-11-21,0.0010155813941403746,0.005298744906642172,0.002037580112864479,0.0018680532695414254,-0.0005630826220406338,0.00559150192580852,0.01133743783405713,0.010801812871541428,0.00931256021808421,0.0064330128127638225,0.22983905979600056
2012-11-23,0.012234441881278757,0.009914847439514984,0.015172793327957956,0.013625255047764462,-0.0009648352985133224,0.006188071900011725,0.010732055641185081,0.010311616853183596,0.009211843247841037,0.0039044506246964745,0.37411252886447405
2012-11-26,-0.0010613049579774048,0.0032309012530085113,0.004314215383480757,-0.002122523061206971,0.004750210391807119,0.006189854078020996,0.010743314113847924,0.010312257446180745,0.009315453983371344,0.004302924697429895,0.3776766688438622
2012-11-27,-0.004249459912872733,-0.0012382796420584707,-0.003375081052630846,-0.0051043871701240695,0.0039260013580082465,0.0063384515667122675,0.010676335305492553,0.010462928653671945,0.009590818115308273,0.004508905592249822,0.3666729326554864
2012-11-28,-0.012803055990465051,0.008433652021454519,0.008620328933603982,0.008052359482873861,-0.0014364220906352143,0.0076456961361037815,0.010492933291399087,0.010060716634340137,0.009616542835115146,0.0042811922857269626,0.31627052336204026
2012-11-29,0.003782585484718659,0.011437686748217324,0.005952860856476283,0.004665363591007887,0.00015965934274397853,0.00775496316368419,0.007368701767843109,0.00840066204251755,0.007758425607123704,0.004244714789488834,0.3745687286672834
2012-11-30,-0.00675911995172096,-0.0019457097211263985,-0.0016691411013983748,0.00021119692073812146,-0.00271731529180097,0.007799579001981497,0.006861789981222166,0.008209429991869133,0.007611876787875629,0.004265057600987348,0.37824084691627263
2012-12-03,0.000481793613877457,-0.001096553813095813,-0.001975387963714881,-0.0049244124625774655,0.0009237069963317079,0.007787584386510326,0.007240852113316697,0.008581496568246609,0.008191624248273311,0.004324139885643444,0.3597073334742297
2012-12-04,-0.010293184034235181,0.0012196936419821558,-0.0006094802984598635,-0.0014140831693915112,0.005775408858296638,0.007196421588585223,0.004862846519521068,0.005758391108396117,0.0058633549427597135,0.004514743482619846,0.33491943014957837
2012-12-05,-0.0018246141290523266,-0.0012182078016718112,-0.011122879803805441,0.0017700221227290314,-0.0004781262815783949,0.007190946161433331,0.005081664373356072,0.007263348202359735,0.005850783775281872,0.0028741432698928555,0.23537833251357787
2012-12-06,0.00231540881134662,0.0015855018779153962,0.00647109259037304,0.0033923292832531704,0.0021539740416705033,0.00726185844589741,0.0050634362508009045,0.007417570549390991,0.005876527604752121,0.002844800430875114,0.24004336324838943
2012-12-07,0.004012180316774305,0.0007307906574445244,-0.005970434018165549,0.0030285409111534545,-0.009235759369921714,0.005815461713290882,0.00447510711583329,0.006218333297201527,0.0042369549771968515,0.004350815595624634,0.11350688368620705
2012-12-10,0.0038750264922358113,0.004380545696907712,0.0029264640021231525,0.00042106199394997823,0.004420125325989677,0.006163437859141465,0.004521516052261209,0.006127757616694259,0.004119711947922195,0.004315099509065071,0.14895744028259555
2012-12-11,-0.0009047596653337653,0.010540284936846556,0.013052955281588341,0.00680831133269133,-0.007601430479947879,0.006127268377464546,0.005024175016228197,0.0072450351190361155,0.003870062724294997,0.004769228683275175,0.11466216627678197
2012-12-12,0.0007244816202742754,-0.0056348473636481655,-0.0021222173835245828,0.00048801278051624486,-0.011610445184565665,0.004775116551882184,0.0054146919601638435,0.006869814446990566,0.0032959823457644434,0.005875995238894648,0.2298965177193287
2012-12-13,-0.008445491459192933,-0.006390015343275768,-0.007899638148036736,-0.006131519047553491,0.0007345672280290039,0.005121366592120649,0.004869483487466255,0.007041124385211417,0.0038461991653741473,0.0059002896743967055,0.22880546510319485
2012-12-14,-0.0014600610908572786,-0.0006067939060980798,-0.009492709589088766,-0.0037161665996029436,0.007498651821113755,0.004801826559229866,0.004821577443095148,0.007553118665950424,0.0040583063729348915,0.006563895011839529,0.19775810455347592
2012-12-17,0.001888731794135401,0.01408490685244046,0.013294050142555136,0.011752589822656034,-0.014966981674397473,0.004875066334533187,0.006435184377383597,0.008907483477038335,0.005112260445616108,0.007902803465152127,0.17475339705040263
2012-12-18,-0.014351742734815875,0.013649328496300628,0.015255126547297548,0.011128778062971856,-0.010184768799451738,0.005812475858968121,0.0074207271151258344,0.010143094375167886,0.005775390984855421,0.007692592150939282,0.05927809591656373
2012-12-19,-0.002406215358110364,0.002227600345438674,-0.0043576567924794585,-0.007429279758556007,0.0033189434315008537,0.005819911745542747,0.007275894693671427,0.009411354870928543,0.006641987150710174,0.00797043917166373,0.05299523226217445
2012-12-20,-0.012122003118760882,0.004993053618261856,0.0,0.005752157333323904,0.0001654160588406839,0.006523316262357237,0.0072582936891057845,0.009300428214365717,0.006739177504837699,0.00783606586859018,0.02771961525991311
2012-12-21,0.003756377133691924,-0.004140508009139121,-0.010516856518430262,-0.009076691567049933,0.010915208467330961,0.006493550294162269,0.0076403869385456335,0.009802077870948023,0.00760716309862366,0.008799302733254166,0.0008870982795216031
2012-12-24,0.0018087275171267958,-0.004869566596039321,-0.0019934111828411316,-0.0030817036830772526,-0.0017991913693142791,0.006281858877866741,0.008045626654913297,0.00981887404071156,0.007716624544254822,0.008531959438342483,-0.03510926561461951
2012-12-26,0.0009961627877814738,-0.007161557291812448,-0.008760050158204247,-0.004215526524483759,0.003597181734943833,0.006385300088494466,0.007999261951557713,0.009124094602457087,0.00752403960504971,0.008501416899246973,-0.06342295861194108
2012-12-27,0.002363508432004169,-0.0007214624675252468,-0.0015503587873411107,-0.0013399181610735944,0.0033550376186091135,0.006510229795861568,0.007718689854283089,0.00912266308472185,0.007520843417199703,0.007756239078588227,-0.0757333237254744
2012-12-28,-0.0038471727592938043,-0.007098309415329074,-0.009627308409791424,-0.010808170157636465,0.005709209624519929,0.006223009511858964,0.00779796656382106,0.009270341959053593,0.008028805950322078,0.007946999956800028,-0.10190313122942891
2012-12-31,0.009218955078005298,0.021689329930665524,0.021166448693554107,0.016996409216987196,-0.01727363906697621,0.007225782843385334,0.010118403734163919,0.011285175764068154,0.009764053715955526,0.009350415813139805,-0.00456233395658886
2013-01-02,0.007097851290946089,0.029411610558397916,0.03178215501611814,0.02563008219289542,-0.013368517036731475,0.00765384248990865,0.012756324320559391,0.014520686808166384,0.01215952716398426,0.009109279503860724,0.05882285201168096
2013-01-03,-0.012073305404241008,-0.002304268127577669,-0.005207859312534979,-0.0022592565556635025,-0.013549295914056514,0.007225847678336925,0.01252179091392473,0.014058142637971982,0.011818495744592632,0.00951641158153703,0.19105820465515638
2013-01-04,-0.004714606211065564,0.007390750621450115,-0.003290977591941302,0.004391573420049033,0.003900201472858189,0.0073289125578606855,0.012583417123053177,0.014016169634133572,0.011465750488628572,0.009553485729670757,0.19095574665502646
2013-01-07,-0.006295249004336423,-0.0037828601863476585,0.00030012123494560505,-0.002732862584701401,0.0004222425029467569,0.006510392784047368,0.012789026886747094,0.014013635298377491,0.011487519416639521,0.0095598036174031,0.22220381934980452
2013-01-08,0.007087781062064646,-0.0006904988028864079,-0.0019508085314458024,-0.0028770362688294027,0.006585183826845142,0.006811824329461405,0.01262524134872889,0.013466937684200809,0.011020039358988699,0.009001167725601743,0.23371203490348574
2013-01-09,-0.0004359246792099425,0.004836104540689945,0.0037585191236584325,0.0025420506713338398,-0.0009230623473123201,0.006788558035757155,0.01230616380639002,0.013395952137455154,0.010876132068618797,0.00901021777191535,0.23961866363176582
2013-01-10,0.00928400637657445,0.002291754530519441,0.005990730961602964,0.007949427373250995,-0.002770481135828673,0.007409379462655549,0.01168764824789436,0.012797234158233847,0.010716628630601176,0.00878065115823487,0.24204271092366264
2013-01-11,-0.0056797023904903154,-0.0014862962250756784,0.0013399097066890686,-6.789134094531413e-05,0.008923298431618987,0.00764967270409162,0.011732409329757873,0.012686671636631097,0.010656893148339472,0.009370476357229682,0.24595436660683562
2013-01-14,0.002980229323326755,0.0005722729521002723,-0.0044600310921310005,-0.0006798665118967762,-0.0027531579496347103,0.007576022821502753,0.011084533749254041,0.012144316314542204,0.009527669612572006,0.00894587427550714,0.24972625935431134
2013-01-15,0.006314252289550515,0.004348417479451472,-0.0049285147332739365,0.0006803290448313959,0.004601594634995321,0.007259941242048509,0.009574952863071485,0.011022715038472767,0.0085732081461404,0.007673797695251463,0.2630922706389781
2013-01-16,0.0005536192128581252,-0.0029622270834568365,0.004052625381466557,-0.00013643976310795392,0.0020822079235005564,0.006869186417463328,0.0037540234115096055,0.004114093872716071,0.003433529019631809,0.006318680826913671,0.26867333951311123
2013-01-17,0.00430379485582244,0.00925606915524102,0.004783002555631688,0.006460649931961937,-0.009973454907140411,0.005581374290484651,0.004407643545609836,0.004039939950360082,0.00370071485036419,0.005469890068117257,0.01068852313562223
2013-01-18,-0.0015917340429129068,0.0028306363489039033,-0.0022315633627043585,0.002229899647112177,0.007723678013302315,0.00528444624993625,0.00400263260368092,0.003940413740311753,0.003577568941929445,0.005817022312551384,0.049017046000543595
2013-01-22,0.003556329904214506,0.0072258527533684,0.0016402497154086593,0.005393308920700335,0.0019155822768757158,0.004498006722846791,0.0038941183570080033,0.00394938891626529,0.0034717945673487516,0.00580852842709366,0.003076706737533674
2013-01-23,-0.00281048121356553,-0.0023540334951114295,0.0061025250012527454,0.001609293985835647,-0.0014960634076844892,0.004498911844665901,0.004082341922821713,0.004142633786265074,0.0030091299468576384,0.005586716139062787,0.02754179555810262
2013-01-24,-0.01096751713306432,0.003258430473170204,-0.013759154245583494,0.00026784850860872567,-0.0034980157873415463,0.006017263491785836,0.004009977479060431,0.006282042419314643,0.0030984474607138215,0.0057290542309152955,0.1310802812799711
2013-01-25,-0.004770191309598659,0.007279905676566889,0.00510021099770297,0.00562216459682241,-0.01370414723981972,0.00536843958414686,0.004308255377899517,0.006191020852247227,0.0026938488125438816,0.007256954286135978,0.08590071950525288
2013-01-28,-0.0022409002429438774,0.0006670358828604339,0.002238955232884754,-0.0011980367720937357,-0.003643289915129966,0.005126619755371174,0.004120092162875176,0.006222895623995582,0.0028175382437866194,0.006466137296909317,0.10722594905843888
2013-01-29,0.004367160997889918,0.0005557599265426649,0.0001489935278324861,0.00393149564705042,-0.005527685678652361,0.005247583109213421,0.004121181904800457,0.0060357571346017925,0.0027006055899460495,0.006566770493749542,0.09669020658490328
2013-01-30,0.0074538599123976645,-0.01199388062205331,-0.002084649383882642,-0.003916099518838756,-0.0017094523432780173,0.005417496404309931,0.006231589554192926,0.005824563976718291,0.0033541619643802155,0.006134643531649981,0.062768247382138
2013-01-31,-0.006103985931695921,0.006856619212320059,-0.0022379696763670243,-0.0024651687847295767,0.004882166206696459,0.0057135867528939075,0.006245562018688486,0.005749348984417009,0.0035933221775527346,0.006437784026386866,0.04758644057938365
2013-02-01,0.0015508685157126223,0.008818874489557649,0.011813797937860748,0.010286916905564158,-0.012984987251873692,0.005498314661776774,0.006193222469305782,0.006746699827969471,0.004283031328389657,0.006881235231587623,0.03483220960152918
2013-02-04,0.0034066464054138823,-0.012061391471628102,-0.017439982903812767,-0.011240572455110232,0.012808810195986897,0.005678509840532022,0.0076697620432954645,0.008858015399649304,0.006027342684495021,0.007863465581671662,-0.023663830218598202
2013-02-05,-0.00024687213662233365,0.008960333243865692,0.014741166980123621,0.010097158814938556,-0.008886384011150161,0.005489260781697782,0.007848128130165215,0.010142536776453704,0.006581218117420331,0.007961997300689045,-0.05084293325458726
2013-02-06,0.0026549312049666263,0.004218563119456009,-0.003261345579586794,0.0007286910231472099,0.00819055130892865,0.005564535672339136,0.0078112737012588146,0.009995145125572808,0.0065825036756677,0.008764870946160118,-0.01783111504807531
2013-02-07,-0.003386926866340456,-0.003316506371351169,0.0008928279086690694,-0.0013225642239759194,-0.002223626179631788,0.004365747173600889,0.007937109443901939,0.00883824457659242,0.006626898573682952,0.00875650988599913,-0.05208834534609783
2013-02-08,-0.0016682465384403322,0.007098523257484279,0.010252394070393578,0.005563804915204473,0.00385728097205984,0.004068010165744531,0.00792135162981116,0.009245193013758958,0.006622451270185919,0.007933025365866996,-0.03407972891008539
2013-02-11,-0.011573994499016527,-0.001101031592604218,0.0002946179986655917,-0.0001972155697361755,-0.000768051970905681,0.005577381566198467,0.007948807278914678,0.009248520311847287,0.006592254217473094,0.007859155807117237,0.0010151169905711743
2013-02-12,0.0011897460553353945,0.0044100745907273975,-0.004117187806119804,0.0016467797705306264,-0.0024784587528915436,0.00536495513356306,0.008028502004974881,0.009405196496592164,0.0065242546490030485,0.007688336883318949,-0.0033910036260772604
2013-02-13,-0.005253588974277079,0.004171131115759064,0.0035430878755697837,0.0008557248954459418,-0.008137416474863879,0.004688615351013247,0.006575079459044531,0.009376061901533032,0.00630211398256926,0.008110640858666189,0.05357867959893731
2013-02-14,-0.004401112447727451,0.0025140906792018303,-0.00029445459274446417,0.0009196829241884252,0.009067916389090325,0.004549567071188946,0.006419352605049313,0.009311082612000986,0.006161048433358684,0.008521132585379237,0.07015296983281341
2013-02-15,-0.016356245638453393,0.0003271794681165563,-0.0029431614685658802,-0.0011817383879719756,-0.0029095139240301604,0.0062879842924958886,0.006020968348604827,0.008667066070301314,0.005414170128263342,0.0073509134737372896,0.123273242982384
2013-02-19,-0.0027606104965699485,0.00882967832074888,0.007232764610631159,0.007494200357108349,-0.004978638560312554,0.005812879232277301,0.004103040352895632,0.006281516962926236,0.0038949946413268295,0.0061978401508975345,0.28750136665820625
2013-02-20,-0.025043451643549264,-0.018584812091826497,-0.01538670425223021,-0.01246308051145284,0.0030190016903519634,0.008579165240509057,0.007743749320129793,0.007012011942232078,0.005270831280523852,0.00561501563846282,0.44464391063272724
2013-02-21,0.0077918162754770925,-0.009688557195850045,-0.010716271050665305,-0.006078686921527354,0.005848016384749188,0.009320625060412145,0.00830160696201152,0.007713715787224585,0.005623399629234775,0.005286854076828993,0.31357390618137937
2013-02-22,0.002293317486000923,0.012006917473197154,0.010079828749948838,0.009772421295576539,0.0006848171512505719,0.009673862331297132,0.00910617827644163,0.008488780966851421,0.006468849039110847,0.005228803930492164,0.3551345021307893
2013-02-25,0.008955972453781325,-0.022081202884754902,-0.012362414497187557,-0.01902717195101644,0.019652845169018773,0.010681865882869302,0.011336316104462653,0.008405119454590998,0.008681789944252907,0.008043937875689102,0.14955359887412345
2013-02-26,0.012180931238955583,0.003932034393928641,0.003770292812850018,0.006845851415960391,-0.005782522393083744,0.011544378732582367,0.011487420639499143,0.008601572725388043,0.009104013697133064,0.008378100455412136,0.15641862557060843
2013-02-27,-0.01056198875682579,0.010518429503513671,0.010216066136718549,0.012598671844439746,-0.002950240311536456,0.011763781044262447,0.011983358801428855,0.009389784410930021,0.01008042748759616,0.00840364788034367,0.13227355526961632
2013-02-28,-0.010157257228600503,0.0018820584682444075,-0.002081979869432815,-0.001975430647958243,0.0018606655182398235,0.011954207979340886,0.01189930002822842,0.009276079224294334,0.01009264928415982,0.007715904915980093,0.12840043601937148
2013-03-01,-0.003660114762050637,0.004531640144133764,0.004172710447073014,0.003298230804386071,0.005444911091874394,0.011952404725143653,0.011982960637918297,0.009433365718399422,0.010152686242934708,0.0074458124107233785,0.126412339527665
2013-03-04,-0.0009183901036885489,0.002640156152927231,0.004452656603540772,0.0053250540501348365,-0.005298040688880401,0.011107777948336494,0.012030065877202144,0.0095361933718911,0.010281331128414626,0.007655758943510074,0.11035156204103184
2013-03-05,0.0005252910666555533,0.011631840323343745,0.014775326900253516,0.008958926451628324,-0.002875147624602392,0.011137518084567564,0.012303675569108628,0.010433381852362367,0.010400537056390923,0.007477153412464966,0.11604445258092522
2013-03-06,0.0055780996028989005,0.002603318563487722,-0.002475350153750222,0.0013611318520601046,-0.009073029110315933,0.007749166403855789,0.010501435614717785,0.008910277724768451,0.009314836545922111,0.008227091749476362,-0.047867088633109525
2013-03-07,-0.0035240703595200706,0.00476056938318381,0.0026276526381678877,0.0018119438930750409,-0.00770109154251164,0.007502360577297554,0.009709612473138951,0.007716311674177894,0.008867774372374505,0.0084081439099438,-0.011942451235509266
2013-03-08,0.00013101232655099437,0.009260146758103716,0.0011645443427128477,0.004264257524194459,-0.010435010083259866,0.007462252062343719,0.009470023886373441,0.007354746888581296,0.008558948407044312,0.008937447148585138,-0.04357628990960878
2013-03-11,0.0018335326238412275,-0.00032003208403430516,0.002908005293035698,0.0037954903795147654,0.0009588443685069059,0.006808329020589494,0.003987902515896994,0.0052180113339384306,0.004116293423239492,0.00510440793644567,0.1331153874998587
2013-03-12,0.00784362968269714,-0.0020278395769834923,-0.0036246361128845495,-0.0022428281618561696,0.007226222698366813,0.005972247121247085,0.0045891769224595804,0.00574424697309328,0.004552549369102865,0.006051879683088167,0.04500787751704056
2013-03-13,-0.0034373096238732304,0.003742942198702748,-0.0013096876250290324,0.0014129974095762332,-0.0010378999201530181,0.005105436023879313,0.004081893079206472,0.005324016285814208,0.0033416676531426584,0.006058704909780897,0.10325392386315708
2013-03-14,0.0001300859898183404,0.010015064683588815,0.0033517127814626235,0.005323884838338788,-0.003028051671976506,0.0038406747186909692,0.004436517417825761,0.005127879393317577,0.0030118912225087996,0.005899382801347624,0.0449192275064152
2013-03-15,0.0020822965868685372,-0.00052752500868114,-0.002780512918191813,-0.001319940845834533,0.004686720694631941,0.003578156445007516,0.004734263124234469,0.0053578374652450385,0.0033522792118075503,0.005788592512174254,0.02332514894639757
2013-03-18,0.008961070667613535,-0.005488108717037865,-0.0021895025437841387,-0.005519156585508056,0.007602069326260619,0.0042776475101811,0.00563894042839502,0.005418826484123031,0.004132678064671274,0.006525327400061733,-0.029937599906951235
2013-03-19,0.00450506452725441,-0.004244771417862725,-0.0019014018938838806,-0.002323031302741252,0.006772674869546913,0.004308940646625799,0.00527616580104744,0.0026517024256865205,0.0034381239134795723,0.006975378331377115,-0.12229603247543261
2013-03-20,-0.004548992218975756,0.009271710196603111,0.007034599682672171,0.006985321027630498,-0.01115560786843428,0.00465766459093297,0.005788661742271543,0.003426074887284225,0.003983031591052721,0.007287120962936167,-0.14942071475985194
2013-03-21,0.005663930684613572,-0.008764545712634297,-0.011351842694192538,-0.008543116429145958,0.009646062890584783,0.004481824636299946,0.006696229498766281,0.004975758540652385,0.005022209276322208,0.007474167877570234,-0.1359494767103923
2013-03-22,-0.004479980468749978,0.0030894785270385583,0.009715941302351094,0.008033661637127043,0.000766443007347295,0.004944916667366522,0.006119325838474318,0.0059947339372112855,0.005482859504572266,0.006295919766862249,-0.1435889517076725
2013-03-25,-0.0019929125844543316,0.0005751703600969105,-0.0036450791709390362,-0.0041770970132885,-0.0009370301839843886,0.005092632553973389,0.0061129535247842265,0.005997909305218501,0.005539519066766223,0.006367053995808013,-0.11151192171396987
2013-03-26,-0.003349679554628948,0.0031931605080797176,0.005414063622196874,0.008002392447017836,0.0011944998908941518,0.00475571560180233,0.006089892631691224,0.006181433943003156,0.006051104646213558,0.006102868258719286,-0.11949310213090306
2013-03-27,0.004136500676053423,0.0006366565910418398,0.0013100012768609837,0.0,0.008520736975569987,0.004687551294819378,0.006018124450681301,0.006164238767498269,0.006051375588866851,0.006410538549394999,-0.10542169454962558
2013-03-28,-0.0058573870914927495,0.0012723123117623913,0.002470750743850836,0.003073221715012231,-0.005069447549041484,0.005182945805078732,0.0050902559181504065,0.006125059054926079,0.005897983481067315,0.00663153398464237,-0.08825434710229547
2013-04-01,0.001424417125607702,-0.013449068031167521,-0.006814584046003769,-0.00395717888874092,0.007531718711413227,0.005164943006962069,0.0066210904229951255,0.006480881816921774,0.0060416990288788925,0.006808604015023619,-0.07740586382513634
2013-04-02,-0.014482482185829704,-0.006225678905414256,0.007883299752956985,0.004933953578394323,-0.004054634283037872,0.006105483760916814,0.006675687721876382,0.006872944567433865,0.005851708556454854,0.006833413912398988,-0.05501534610700096
2013-04-03,-0.011152640752650878,-0.015662430566753982,-0.00912494913744788,-0.010139022998549074,0.008989832661880248,0.006285966653258531,0.008040846928025487,0.007558527376505702,0.006817291131722391,0.007062075285942622,0.024524317052213862
2013-04-04,-0.0029191431956356872,0.008559405417834842,0.00029244304364905993,0.004058541753084732,0.011935976828614248,0.006275828044092719,0.007926271744285148,0.007181273660006202,0.006562224986070894,0.006166950214774162,0.09966509986389256
2013-04-05,0.016767611850665,-0.0019585968516651064,-0.008329587463549837,-0.004490931500224504,0.020184344062751602,0.008592779927179647,0.007632280789729685,0.006717039890566071,0.006074217628425852,0.007918624106944943,0.1181658993687967
2013-04-08,-0.004253608447543744,0.008285075461699432,0.005305263215777289,0.006767489492799372,-0.007653259690778569,0.008586374248592286,0.008174583607118969,0.006120442745288145,0.005911529251301846,0.008805651665438523,0.08816557978239391
2013-04-09,0.007754946420753139,-0.002918986480908492,0.006742309840315208,0.003456732816669472,-0.0024618448252895497,0.009143687692615124,0.00815174536214547,0.006406622820792867,0.0057443005795093155,0.008914408984608935,0.07977708242957494
2013-04-10,-0.016890546496319603,0.018108880118353543,0.019510917236550407,0.012248300205446538,-0.013735362408840879,0.010413055081841902,0.010263432879627743,0.008732939250629741,0.006422295051475601,0.010524830427286051,-0.0018922430510688204
2013-04-11,0.001990069995076782,0.001384520023958391,-0.0004284570580048719,0.0032775959481778916,0.001917831321048391,0.01028126424612161,0.010274020940019191,0.008763782330713543,0.006415475898520978,0.010304292945911073,-0.0067066730993559755
2013-04-12,-0.04700434266845255,-0.004041735295560955,-0.0007144213819921807,-0.002449570419429059,0.014899686293363246,0.017415976063812132,0.010323244175302558,0.008792541053427229,0.006541914298851701,0.010758969067197012,0.012895276228924158
2013-04-15,-0.0878082643808128,-0.03769736993753314,-0.019731266270814674,-0.023173946469095208,0.008693348663038059,0.030577099811502795,0.015283026145660926,0.010847316092098972,0.010123079001057406,0.010810419289887229,0.2600749939826598
2013-04-16,0.011347235708379255,0.017311883784068005,0.013273399244502881,0.014762181868348767,-0.008211980613691217,0.031768506680674526,0.016529786969328605,0.011394904222156704,0.011140724382603875,0.011221238776101126,0.2577494628591194
2013-04-17,0.0005270486733528479,-0.017344864396917292,-0.01957713825726337,-0.014611428845192509,0.006640646289528984,0.03206613799280213,0.01670479167139366,0.012788342288469983,0.011688538017311807,0.011116613826164287,0.2425076132435003
2013-04-18,0.010762459449999096,-0.0055501758722150685,-0.013801194784932802,-0.006253148774046702,0.0024427288753741117,0.03278282386844315,0.016397779602742656,0.013466389824637737,0.01174390889978985,0.01068671797589757,0.2029192227565911
2013-04-19,0.008711825334020373,0.011498031020166888,0.013696680926625016,0.00869339228460353,-0.0021121103007143427,0.03212578037904097,0.016983557314844227,0.014063302567923618,0.012050347485005278,0.00866981618108902,0.17447069822543587
2013-04-22,0.01793749652236576,0.0028692764099385037,0.010280496637415704,0.0044376004195083585,0.0007326759553503148,0.03342121104317645,0.016735695676435118,0.014340311862183928,0.011932750247163665,0.008237580308712864,0.18280532210330153
2013-04-23,-0.007396584908027859,0.015846717739903315,0.00959428996583167,0.010309201954644687,-0.003497835753799361,0.032903199361046374,0.017605595321455562,0.01449636834977565,0.012340621329389387,0.008290630050519629,0.17932703882834802
2013-04-24,0.010885375374223738,0.005199708964387817,-0.00043185150609204026,0.0006334367297349264,0.0025301228683718424,0.033497289110086974,0.016593880199922327,0.01299280205573474,0.01166346159867588,0.006537246317966807,0.19383553520256158
2013-04-25,0.023560091643163306,0.006574229995407688,0.005329956028992777,0.004054649201705729,-0.004315925352864958,0.034878411657515006,0.016758895964617694,0.01313711300815513,0.011693512278358614,0.006877089801202938,0.1927385882717796
2013-04-26,-0.005083677157950217,-0.005353080599524218,-0.003152352887565657,-0.001767388777778378,0.00916027504864192,0.03176216862260054,0.016794490529841503,0.013170132591660161,0.011681950194007492,0.005818543555898083,0.18269265995950854
2013-04-29,0.009864447899536888,0.007211866587438331,0.009199337072353098,0.0066993138950621756,-0.0036469273324911677,0.009637724858599523,0.010684462894299357,0.01154135488909311,0.008590940241336031,0.005343387570723475,0.059527237734299784
2013-04-30,0.003302889744367654,0.005664380845390449,0.007263998707054853,0.002385115886000877,0.0005691850169500245,0.009673298971356315,0.009634268972158003,0.011061127919762478,0.007478989790878873,0.004504706039253032,0.05686668671345811
2013-05-01,-0.011627117828906464,-0.02422931087823066,-0.0046660172213144335,-0.008767288875286328,0.010272780559282602,0.011254226144653769,0.011321048647870043,0.008579890101623255,0.006203326321187832,0.0051269147960636766,0.05014953269004656
2013-05-02,0.005740185352492544,0.01590010067037184,0.012643251488764884,0.009287126736920115,-0.0012895638472142368,0.011134051409090809,0.01176077638275611,0.0065471622584093335,0.005829508168805551,0.005163209588888711,0.0744214762352007
2013-05-03,0.0011978450615743874,0.01586673057015342,0.011784736119472505,0.010141117247286058,-0.02357711415922903,0.011153452541943547,0.012140384079874595,0.0063206373219523064,0.005986025916322589,0.0093175220875647,0.1315789840441543
2013-05-06,0.0004222504056590193,0.006436982291678772,0.003882648027572877,0.002540629497684188,-0.002481300069295478,0.010202518844753459,0.012137761227978515,0.006136095341445593,0.005991562939295512,0.009294781279484217,0.12745593658518653
2013-05-07,-0.012451558843968757,0.008178771556622166,-0.0005525355018994871,0.005068499383632297,-0.003895837387537071,0.010882218715982191,0.011600520420270231,0.006157478289566666,0.005547558528561568,0.009304526292329246,0.14678257183724047
2013-05-08,0.014816938016144476,0.0029119787724491975,0.004836918947091595,0.0045516082485268505,0.0015810990275881842,0.011279348841699479,0.011599968388194788,0.005945519954520668,0.005497824272366886,0.009261697174525185,0.16469126438549125
2013-05-09,-0.011582262231585427,-0.0034225431033196863,-0.0013757410718836516,-0.002817085611457104,-0.0025760307025142204,0.009484657877200927,0.011774894093930408,0.0062324174550617015,0.00582906447736291,0.009224664144185555,0.22469129875899804
2013-05-10,-0.008593079156717032,0.007596687344946895,0.0060604319249089045,0.0032543798723243533,-0.010745663311612197,0.00973312822362562,0.011472573328370995,0.005719742343162638,0.005610573793663114,0.008784765404949192,0.23702070698790373
2013-05-13,-0.00838118464598625,-0.0007228823230612802,0.0012316491932460316,0.0007956306606544672,-0.0076632719350078204,0.009187787339289679,0.011516318746488886,0.005609376212219524,0.0055152593919616565,0.008879520720219435,0.24545831011563446
2013-05-14,-0.004478762912597967,0.012814859746006046,0.005195922248660612,0.01033346766980503,-0.010861917254654685,0.008947820643486103,0.011887299046392763,0.0055175840334391185,0.006023163272517033,0.008964117450328832,0.21665122764112144
2013-05-15,-0.02307519579215711,0.0020407992833801902,0.0020398949184192716,0.005386933528620519,0.006691199050132601,0.010670565283125256,0.006689198937519219,0.004708440098512984,0.004233184243487689,0.008329707197116194,0.22331523561456806
2013-05-16,-0.004011056416375558,-0.0025455746702360837,-0.0010864812856533623,-0.00469590588910318,0.010397470961596378,0.010043886571445868,0.0064268698558375605,0.004049993851338621,0.0048680438880354185,0.009691776917093537,0.0906101053686156
2013-05-17,-0.02252210527369891,0.01123030672415437,0.009648255452144205,0.009677200970278799,-0.012652254128906137,0.011010877268321836,0.005671961705104734,0.0035754619667719236,0.00479897699086594,0.007687505381440218,0.034460213360822334
2013-05-20,0.030899424480465454,0.0016151138628941464,-0.0014798469725230134,-6.000438441122746e-05,-0.001195748078730574,0.016464177386482887,0.00568939052106216,0.0038201514419513786,0.004920230379340435,0.007711953041755469,-0.009839355062062748
2013-05-21,-0.01657778504530205,0.00020179031339417897,0.0010779513118084338,0.0014380322654299338,0.007868874351968591,0.01672307668146682,0.00559206722560971,0.0037109064552212287,0.004896782808001555,0.008438825546170555,0.007806909925133654
2013-05-22,-0.007074069889109635,-0.01461252611257069,-0.008751692548083945,-0.007418048405478217,-0.0148508049910695,0.015148431732419775,0.007936930221151677,0.005052329924414824,0.005797456261236272,0.00924370699522161,0.1516862433210488
2013-05-23,0.02023645687084974,0.0012270686882533965,-0.002308871825301262,-0.002892483270863666,0.004737881331920768,0.017381978130850205,0.0077558762856303936,0.0051145715557721115,0.0058038693481678085,0.009612116424661237,0.12766279020555021
2013-05-24,-0.006314583609401292,-0.00020430673827320778,-0.0005449830385575449,-0.000846250696608819,0.0013719596107673038,0.017335161568250632,0.007505790609511343,0.004830402710164465,0.005817420877282639,0.009260355496572644,0.1470334226149791
2013-05-28,-0.002018458618119001,0.01297502639118453,0.006538625940088583,0.005988564791861828,-0.025343191139297616,0.01727845993451962,0.008338930097985173,0.0051970640199591476,0.006008733825143917,0.011864755396941552,0.09223193428149239
2013-05-29,0.010038177262336356,-0.009278719980378436,-0.004736764118673187,-0.0064936642823137936,0.011244328087266942,0.017788795754460865,0.008220783401190382,0.005261783234292546,0.0056659828502361054,0.012365438272523213,0.06749673748262316
2013-05-30,0.013869280514663629,0.0067189225113750695,0.005303393477591678,0.0036913661051591884,-0.0024321671617409946,0.016740667179474988,0.008462621362918933,0.005495639763006466,0.005510379130919317,0.01205336443235022,0.1086083658744987
2013-05-31,-0.020336494816085793,-0.011021972006624803,-0.00919779333717774,-0.014351812816309484,-0.003396451552805546,0.018095543900512535,0.009218243458758532,0.006276897140879614,0.0070298280609488685,0.011227064860976327,0.21230638731298573
2013-06-03,0.01933987733947884,0.00950905326131024,0.0017742944617931133,0.005506070524874174,0.005299397260774441,0.017116945134968153,0.008996261566652944,0.005285659404032786,0.0064143571224384,0.011028231445618795,0.37082826897057564
2013-06-04,-0.009376593881796569,-0.010635381951987988,-0.005178235669185072,-0.004806277666311809,-0.00923513887562788,0.014706971793337083,0.009526901441000674,0.005432240091149829,0.006467740265232675,0.01128000584477197,0.41682094125606983
2013-06-05,0.002144557820634496,-0.012796733599843346,-0.013013612374700223,-0.014001181505917781,0.013805654970526104,0.013477107495662027,0.010134462185331218,0.006401016823009254,0.007335504368751607,0.012016973187789947,0.3738927485975535
2013-06-06,0.007452733729297778,0.010577362139512436,0.0048577298405387825,0.00905335619318115,-0.0006074398927982116,0.013163528066225316,0.010005183658524782,0.006491123997059554,0.008174800373363808,0.011119327032987542,0.3206902675840114
2013-06-07,-0.023804292309807185,0.007696236353722963,0.013673643037467098,0.01272009449892586,-0.01787893277513153,0.014264449747168092,0.01031861943647934,0.008083370679983765,0.009370810059180263,0.012193836867403525,0.19552534003731026
2013-06-10,0.0049520083144831695,0.006110569799345988,0.00040872501369348946,0.0,-0.00477140309865709,0.014234225097403817,0.010472739401977495,0.008082538925849621,0.009369691545015142,0.01211945806553141,0.19557424503434365
2013-06-11,-0.005151578533889478,-0.01083029073329167,-0.009942502706104972,-0.010315132875415078,0.01189840052150748,0.014323322425950616,0.010145038509725366,0.008288554946147659,0.009575984595586099,0.010168992334561054,0.2159619256779206
2013-06-12,0.007504690431519689,-0.009925191585442916,-0.011556138800602245,-0.008277465684070728,-0.01430334561675628,0.014145629884537894,0.010202752728240092,0.008837210387569952,0.009687038628188458,0.010347406343565835,0.26171548433644953
2013-06-13,-0.0037988417641410255,0.01767272636691808,0.012665613175967483,0.015208906056139782,0.01566733535762399,0.013248533450566185,0.011662035712163326,0.009794633783366664,0.011039509270549917,0.011778877210127511,0.3245159398599689
2013-06-14,0.005159168194085684,-0.0077185300250909306,-0.00659703755144414,-0.0062728020757297775,-0.0023663484987666017,0.011715197353891628,0.0113697237201552,0.009601651571368773,0.010212471946191917,0.01175377355334772,0.2529958876362078
2013-06-17,-0.004909532390677707,0.006550344950225773,0.009684192790728074,0.007721393187529957,-0.005270589062317144,0.00970639406796846,0.011129758848059727,0.010189993309117148,0.010370837124651915,0.011674359698393848,0.17497567848969392
2013-06-18,-0.012259844040283574,0.011794471503796089,0.008221354162127437,0.007906012069572865,0.0005294568396820853,0.009989133482712229,0.01108217227247917,0.010385559054800217,0.010480732904825985,0.0113410881494748,0.11544319185366078
2013-06-19,-0.011655252312203657,-0.012259987065068367,-0.011143891934469075,-0.013817023990205235,-0.010328525346003037,0.010260853797923155,0.011004035961439158,0.010121919565142747,0.010450833858350227,0.010538310460388313,0.27774229207225815
2013-06-20,-0.053526288841325154,-0.02645219673235144,-0.023776796130570932,-0.024777839682429192,-0.016412820521824356,0.018073813062797667,0.01368769075469812,0.012651961491381246,0.01288728119904329,0.011337361332321326,0.5498069725074192
2013-06-21,0.011731428766484253,0.0029258829881770865,-0.005310630514246073,0.0032097390968193196,-0.016958700093836043,0.018491864925771498,0.013402589238559222,0.011431545793169129,0.012001557916074927,0.011218219431181852,0.6133387475752423
2013-06-24,-0.008956439178321896,-0.013129139960318614,-0.009938799561060363,-0.012635816999543303,0.004151915750856716,0.018078703347753987,0.013455770226191476,0.01148301970650601,0.012318457204256476,0.011521315389536236,0.5885067209856405
2013-06-25,-0.003711765378358045,0.009608300149227533,0.0073140930624018274,0.009613943877426534,-0.00891140963844117,0.018105960741617574,0.013871982617986165,0.011908030325887265,0.012821909592131368,0.010275221138887488,0.6166791597082381
2013-06-26,-0.04203452166594779,0.004706041029228558,0.008969233246763464,0.009901573383420681,0.006488972849044039,0.020216141674280805,0.013724970213684497,0.012045906690139612,0.01315090533171785,0.010381136112772422,0.5690468217861848
2013-06-27,-0.019783533666219544,0.015509476869466132,0.004233192393924057,0.005869709374671128,0.010222641973135937,0.020092394654020025,0.013418053012291204,0.011252697656512253,0.012218267474047025,0.009366620457234093,0.49991052700934835
2013-06-28,0.02734171211137726,-0.005739972056976073,0.0014049972192269333,-0.004097871372741757,0.00683789302801463,0.023395058403475326,0.013319689918747159,0.01116053715996801,0.012139573082841446,0.009965576788634347,0.500481982050302
2013-07-01,0.016959085154188536,0.01628896589335227,0.006173883646586331,0.005860174132367391,0.002014391400227966,0.0250703666868697,0.014229472653434992,0.010836450142617696,0.012002611840802873,0.01004427800954012,0.540387940313371
2013-07-02,-0.00891599295095069,-0.000713333850916209,0.00041792427094322626,-0.0009296810710899273,-0.0006338023361653899,0.025053087175073294,0.013647101761940806,0.01033726676902758,0.011567201515439067,0.010015378267468383,0.5453518935746223
2013-07-03,0.005747561803178369,0.002038912526425518,0.004042332125021364,0.00043442657974224197,-0.002990246318906875,0.025468826055889973,0.013064219683149707,0.00998109727802881,0.01082853580648054,0.009627399807048851,0.5276097808632956
2013-07-05,-0.021948000437012505,0.014143581091392576,0.0076356950257070455,0.010788314447708114,-0.0340887225628449,0.020627640589548312,0.009606945351874658,0.006069462873747368,0.007340772925182631,0.013492217242866285,0.0783215735821222
2013-07-08,0.01202477637713506,0.004013132024497157,0.0009645552446366779,0.005704311417548347,0.00969401634381084,0.020653255018534593,0.009592489467015668,0.005467399885047039,0.00739834916913873,0.013141236669656935,0.09563834104372645
2013-07-09,0.009287930637690511,0.009293527781483846,0.006056610832382514,0.007197831177241598,0.0010246548419097223,0.02100181839740597,0.007320566731050098,0.003008941299819966,0.00499339997207909,0.013049266549388832,-0.01334121817407607
2013-07-10,0.0027358165656277134,0.0027722002984531535,0.005746369294185927,0.0003635424832133527,-0.007821551749530031,0.021059486860807705,0.007360178906574651,0.0028976199755247184,0.004906817691864194,0.0129805369921354,-0.012120393330437152
2013-07-11,0.027201331116488037,0.011749699865358343,0.019860812386993665,0.0136205200618289,0.011730474927281742,0.017456361202032127,0.0075330071525114735,0.005560566637901004,0.005499717733721679,0.01341184228144885,0.2271761087494303
2013-07-12,-0.0008853880573321815,0.0020494326331927937,0.004402115017912767,0.00041781193008039175,-0.0008337113605998425,0.01536504627810091,0.0070155562968665635,0.005556026786150993,0.005615772569894812,0.012884091146607417,0.2818407183570645
2013-07-15,0.0004028281065351358,0.008764895211591295,0.0022573135341810158,0.0038207009368957934,0.0052910490901740825,0.013660560065073109,0.005808480643648119,0.005489459962367639,0.004865215790018248,0.012781654613441329,0.3683548518419812
2013-07-16,0.0057174994582687155,-0.0050203084196432934,-0.0013250583556640994,-0.00374656300375098,0.003416522432667435,0.01294321226921335,0.005945581904772517,0.005921217041360833,0.005521035001733609,0.012834040472787182,0.34293498375340625
2013-07-17,-0.01257106015291043,0.0038812140499409065,0.0025215008987333754,0.002566959093018406,0.0018405864553938667,0.013366093340708868,0.005632076965732458,0.005775692882894242,0.0052966890455715425,0.012876830567293832,0.31401938448889277
2013-07-18,0.0055952192921973065,0.006669687786637901,-0.00251515892324794,0.005477762244959994,-0.012492700913570576,0.013362410522546412,0.005517084127937354,0.006274497352678506,0.005145042927196102,0.013359161700473935,0.29861729660314384
2013-07-19,0.008870239941716207,0.001535428998896693,-0.010348809493764932,0.0017764494390259955,0.015813601387790754,0.010214913715004673,0.004800672868888019,0.007708648942821318,0.004716162235137754,0.008609871436136436,0.43109430472004434
2013-07-22,0.029813729592696125,0.0021094268278780692,0.0029495429137866847,0.0019513431492483857,0.0014648960112424447,0.012666744525538691,0.0048625946604067515,0.007682734353959531,0.004689957926364945,0.008260329798526436,0.3760538451386186
2013-07-23,0.006752642042110235,-0.0006697100296058078,-0.007351606708308589,-0.0021243492510333306,-0.004205864486285238,0.012654946984846586,0.004763798888332409,0.008232698461426392,0.0047648449354373915,0.008487446783417875,0.40453661101783284
2013-07-24,-0.017192222970528803,-0.008328725169813422,0.0032316598154082943,-0.003665497572439058,-0.012672445171691193,0.014844288133882194,0.006043720006368186,0.008130413168129926,0.005114832173027391,0.009184356234146946,0.46906395220098496
2013-07-25,0.009334756673011979,0.009171188987139312,0.006308370755903736,0.002432908284565105,-0.00037221781989360547,0.012868497530748898,0.005635768280707489,0.0053644417182969525,0.0031322888684427977,0.008364584381183792,0.19012569807532248
2013-07-26,0.0008549048878288001,-0.004017875038501595,0.0053354698517480426,0.001065423862075976,0.006141411683181275,0.012812989667943711,0.005949652988446586,0.0054566206317313935,0.0031281162088829953,0.00860032163413615,0.1739562399244235
2013-07-29,-0.002407187152758228,-0.0070112281474244975,-0.0018570270853838222,-0.0030752477651808663,-0.007305960367876785,0.012925067166868578,0.005873710330286506,0.005431467748985291,0.0031858773191632862,0.008729561832732463,0.20407612914477452
2013-07-30,-0.0027244189319679535,0.0008708346519268328,0.005316465681938665,0.0,-0.0003724117457833964,0.013037658769299859,0.005623058101845233,0.005692670074676038,0.0028658013698604767,0.008605769318492894,0.22185203924989366
2013-07-31,-0.0012487983048118378,0.001739461663353481,0.0018515374165597454,0.0007123869698557606,0.00363488983792859,0.012022747694432808,0.005516396724130402,0.0056682827160124336,0.0027861884654119813,0.008694827616941575,0.2500577912650964
2013-08-01,-0.010550160079556559,0.013602237834049236,0.010162515677574202,0.011558091754867661,-0.019268260492570022,0.012808075891054923,0.0067225807415816265,0.006347688375246495,0.004271581109236422,0.009871167525065727,0.13676302500870346
2013-08-02,-0.001974567560183438,0.0008564841131144529,0.005617908030351337,0.0016990973275903265,0.011009194412517909,0.012633809491168945,0.006718878831296067,0.004851089268220073,0.004270215727976843,0.009001925096480014,0.20450959561508258
2013-08-05,-0.005223200846164788,0.0034232601514228023,0.0006494527100564529,-0.00146250961262262,-0.007698198031173886,0.007651234170824563,0.006759352682191802,0.004916084054700936,0.004326719361834098,0.009054231314490818,0.1978142770013335
2013-08-06,-0.013762893950199584,-0.01004559382587178,-0.005972887114233716,-0.005682490314703359,0.002932862435067296,0.0076635952572120785,0.007608061750383183,0.004605317441398032,0.004714959000061052,0.009237875827159507,0.30778726216385294
2013-08-07,0.0014519666322767577,-0.007083899549550021,-0.0018283836968863154,-0.0032403595606061986,0.007452254360133637,0.006392295590136806,0.007465012472861735,0.004856049496047762,0.004676405861346108,0.008937886913994447,0.20226418322727432
2013-08-08,0.02182842570410881,0.0041461589669429255,0.004972494139074524,0.0036647431032150735,0.002715364160405409,0.009469700544939924,0.006941060912184823,0.00475882699382845,0.004751505457839696,0.008991532928783361,0.21129941579915074
2013-08-09,0.0,-0.0010566337642892165,-0.004036225750805422,-0.0028857016948662384,0.0015869159575281344,0.009451167504617174,0.006829559994854016,0.005036610902573073,0.00486440975790485,0.008753823051270006,0.20100725920917556
2013-08-12,0.017893774724416334,0.005286347252131396,0.002353166125283357,-0.0011811847315181812,-0.006805749929709393,0.011236960948291795,0.0065389923246198635,0.004900082453319364,0.00476157918722761,0.008712140155812658,0.14026363001582084
2013-08-13,-0.010764399957271187,-0.00133856614096306,0.005608604425069164,0.0029567329367661266,-0.014455831843504185,0.011773600619188997,0.006587514508218579,0.004923472347999522,0.004830919647296009,0.009767027835526349,0.14414246227260602
2013-08-14,0.009863802703161229,-0.00392523678555623,-0.003761527181131985,-0.005129626491491068,0.0015236501117599222,0.012184542837755719,0.006753822586642222,0.005243934735515203,0.0051597299674442055,0.009656533847921697,0.11788732474325028
2013-08-15,0.020852732103924465,-0.018550240223179526,-0.016924250200398228,-0.013985890413885094,-0.01350397523170177,0.012935949177256417,0.007386853595589922,0.006926955377647012,0.005141203023463948,0.00863600723625863,0.2807446306761808
2013-08-16,0.006758291238125214,-0.0042114440434353195,-0.00039789997484296347,-0.0033057157554038374,-0.003470185892899158,0.01278039366210617,0.007278984450261107,0.006504654234879725,0.004923325812089058,0.00743084297491779,0.2625370909536732
2013-08-19,-0.004299346178506691,-0.01012969393401053,-0.0017221568311865942,-0.006391982975955335,-0.008707006734157474,0.012702267242833886,0.00714113443485177,0.006442947421693492,0.004995725801621545,0.0075085717453297375,0.3120080674355573
2013-08-20,0.0033330994600069275,0.014406159923134432,0.0043793517374637325,0.004915739828064147,0.007709290820267611,0.01092520438278546,0.009038174389730388,0.006594088994153523,0.005576033196699896,0.008064431221253896,0.3334817436824348
2013-08-21,-0.002868928899801504,-0.006072091750362274,-0.003435323250814637,-0.006160007467642781,-0.010943300954466273,0.01123647723652534,0.008983491649255222,0.0066323146070102245,0.005696663341347208,0.007602654631178523,0.39678151234389714
2013-08-22,0.0056030150173187465,0.014091031620223848,0.009812085602869391,0.009115340410096318,0.010183813996041291,0.009820878379505493,0.010222299294524964,0.007285033377265061,0.006572141426142167,0.00867441126256376,0.3788519710256301
2013-08-23,0.01573673952496346,0.0025265405528160922,0.0066959129533537,0.0033719766026576448,0.010855232940937487,0.010246833654488021,0.010288522239083013,0.007543279634907974,0.006794309054559382,0.009731414331249712,0.4343901405334341
2013-08-26,0.004077116950649051,9.712001403938686e-05,0.0005216614083358717,-0.003721162660023092,0.004986141090491447,0.009392380220717665,0.010076581996605964,0.007508988740676977,0.006825172597679223,0.009899869410480898,0.42397663619232445
2013-08-27,0.009597660251366102,-0.023454158337633424,-0.020466656204346734,-0.016084047181326944,0.012594555651455952,0.007688861085726198,0.012271295020998892,0.009608729425802822,0.007910084983856074,0.009684726323172535,0.33707866731827746
2013-08-28,-0.0002924554744629937,0.001984859613505474,0.0038598709446011625,0.003551278333100427,-0.00810303204695595,0.007916208066729883,0.01239145983573972,0.00980052450398513,0.0082109555244199,0.010109586903770743,0.30674183829435925
2013-08-29,-0.0061444777662679195,0.010003884693774445,0.00702600233927364,0.0015862315515813297,0.007979013934983792,0.006748551567653397,0.011660770933290387,0.008529043104176756,0.007293884641972699,0.009117187762580286,0.3546990415473114
2013-08-30,-0.009199970890717113,-0.015592369176384513,-0.0064510011388833055,-0.0031677836733783327,-0.0011308504320572954,0.007629796967666308,0.01262480144943628,0.008819727332477793,0.007289825263459349,0.008981443272119275,0.4030406091931004
2013-09-03,0.013370993292570743,0.006773889362512886,0.005697896552473436,0.004521895362843198,-0.014104578225865638,0.008151830944190745,0.012428505907592435,0.008967575455785989,0.007259437218851179,0.009852558103414904,0.31134862656627205
2013-09-04,-0.012901294021836374,0.008806605029085146,0.01067184078449368,0.008272951372876758,-0.0022067706727808556,0.009631472236578875,0.011843560862272564,0.00945687248919866,0.007592651750584491,0.009712399481277207,0.23496765453370377
2013-09-05,-0.01826828046165707,0.0015696168689152135,0.0016947635794888338,0.001267582397125544,-0.013943244135041444,0.011493785258124218,0.011659325890502715,0.00930373976585441,0.007265351823820311,0.010158743408477331,0.2169816817761999
2013-09-06,0.014750355470928067,0.0027418890350043856,0.0011712789120286171,0.0004813512495005501,0.004973119816190863,0.012310279834770402,0.01072375437088395,0.00887948660739603,0.006665028924554293,0.009744042223513574,0.1546452633025633
2013-09-09,-0.0017889694021170355,0.015138107023005887,0.011698866443600853,0.00957647489658986,0.0004851661524971629,0.01118692096772269,0.011800755823381099,0.009361297909716276,0.007273948562703729,0.009006802835631038,0.10773527179858707
2013-09-10,-0.016204899631104497,0.00981312682425517,0.004882844534739972,0.007396918181548973,-0.006983660267300018,0.012035059358605814,0.012131171667098432,0.009409919711899847,0.007384098562792505,0.008940586478965786,0.0929551980457595
2013-09-11,-0.00030369320824075174,0.00047689214422996784,-0.001918331834980025,0.003138624968233694,0.008888554204439014,0.01129468395073955,0.008381350954382702,0.005516771466122513,0.003916086754091919,0.0083217690212527,0.24267826763057374
2013-09-12,-0.030599839579955712,-0.007332793397433202,-0.000640167563399463,-0.0026564483180153697,-0.0013551861791050168,0.014017331090092911,0.00913547235873042,0.005695027129642215,0.004398047813438253,0.008079313041678119,0.310669647111969
2013-09-13,0.0011749160180953844,0.005468192449587406,0.0006405776404265762,0.0022491110230902223,0.0038779754420825707,0.014240564592393189,0.008871102319880817,0.00559838423577864,0.004378624635558903,0.007622332251146758,0.2996099689470227
2013-09-16,-0.010718218978665095,0.002194450379714441,-0.002690090019840774,0.0057874223424059235,-0.006663553914459275,0.014286525471259092,0.006139175316370945,0.005007078910993893,0.0038344091508923247,0.007740029748350469,0.2831360754303764
2013-09-17,0.00039543735045155515,0.0099009715304339,0.006679566813097226,0.0044627457576822405,0.00826387985493704,0.012831857416108105,0.006340529358739549,0.005072412197845732,0.0038335663019877977,0.007298584058128952,0.36337938872880704
2013-09-18,0.04355726882874267,0.009521295686974796,0.011994143378491362,0.011574158088854647,0.01234157425387572,0.020370937928551942,0.006393541989730171,0.005300392467030762,0.004349985917316864,0.008295065655734218,0.5456238222235376
2013-09-19,-0.0019695062317609535,-0.001027374724374308,0.0023959164212425943,-0.0016758491026949152,-0.005905138156231615,0.019542133356536852,0.006595618989796473,0.005280644559904448,0.004668021877317331,0.006971192946928455,0.5291875644260058
2013-09-20,-0.028766610364533873,-0.003645503151250118,-0.0034316773885095797,-0.006991677037916477,0.005269836920308135,0.02066335738776127,0.00709552761646379,0.005683800797287964,0.005768354986921093,0.006986849871213557,0.5422905208326749
2013-09-23,-0.0032040953082860257,9.358381312529751e-05,-0.002025804599755543,-0.004627675472857917,0.007338934796026875,0.02064739703933273,0.005992718851600013,0.004949030196268277,0.00579607028070724,0.007174781658942395,0.5351002943401413
2013-09-24,0.000862411663815621,0.003320234505474362,0.0,-0.0023533853316478615,0.010786456539358502,0.020289712774208754,0.00544457267800491,0.004827288625476164,0.005578231353048156,0.006751008621724193,0.6071493766757036
2013-09-25,0.0088515556290778,-0.0018748520751424858,-0.003424823043859493,-0.0028903456627865642,0.002059038286367665,0.02062650836155662,0.005562247872993017,0.004953813675882842,0.005633809729994098,0.006576675255345156,0.6062610248911636
2013-09-26,-0.007764519160924133,0.005541512907004442,0.007764332842769672,0.0038451894080753224,-0.007005760524376403,0.018239494098442412,0.004666923448750829,0.005351109231779937,0.005631434861600243,0.007257371116214045,0.5232249241040099
2013-09-27,0.009233901688096902,-0.004483286357507943,-0.001262970250944906,-0.004596995373897128,0.0024457493121361473,0.018461984172617192,0.005110076379275545,0.005429827618766226,0.005865599835134084,0.007253046829599961,0.4995829237159583
2013-09-30,-0.006125521729428818,0.0002813730300013084,-0.0024027099668971763,-0.005328037317609002,-0.0015021058322559622,0.01819191559115298,0.005135824055649956,0.005405304889123287,0.005752469334148308,0.006656528312025742,0.5607903352835868
2013-10-01,-0.028007462498232272,0.011630974259431826,0.010142079945427263,0.007916377478185632,-0.003034042077171839,0.020460556688843893,0.005459364538721756,0.0058568486186601695,0.006194137295676544,0.006699656062613204,0.3963013275854501
2013-10-02,0.019825036466045276,-0.0040794797185286225,-0.00037647635270465774,-0.0009453432142623175,0.0015128266192172557,0.01543409491482849,0.005037499071698208,0.004697083290120047,0.0045181630521676725,0.005691941729214635,0.012434231038911147
2013-10-03,0.0009444573342345386,-0.01024147283914878,-0.011676220569763252,-0.00922037847955226,-0.0016050807476101214,0.015497908820033667,0.006094982705493303,0.0060563924262673164,0.005094771960925349,0.005240331437585486,0.08047609035281958
2013-10-04,-0.005110878473967517,0.006679045038023412,0.008638102623991228,0.007576372956401123,-0.00075553901804426,0.012762284254863282,0.006343306760145463,0.006621103659593538,0.005718448080116189,0.005119899965510346,0.039038478114999026
2013-10-07,0.008772628001741278,-0.011680374978981667,-0.00831232623162903,-0.008645072962263023,0.004067530573490963,0.013095254000486974,0.007460037992114104,0.007167431149078068,0.006123519777821874,0.0047636955956230275,0.02940165635329971
2013-10-08,-0.0018802715834939088,-0.016167168990053105,-0.0193039484483013,-0.011645940090120988,0.000282640821968716,0.013107348443774983,0.008782082113873897,0.009393908101212732,0.006925959079693847,0.003189823405494269,0.0462776951534402
2013-10-09,-0.010125595761985129,-0.004035906150914204,-0.0031079768166802912,0.0007249782353317968,-0.00800586075876153,0.013036706103852854,0.008793229182905067,0.00938918206892828,0.00699118952664292,0.0038612511402531463,0.06571156958252773
2013-10-10,-0.014590468308459559,0.024121924732060318,0.021173831967260304,0.021557807620070868,0.0016137343142224037,0.013539682352707926,0.012070180869849949,0.011627745719671562,0.010167762162987466,0.0033947940580218187,0.1637110138812886
2013-10-11,-0.013438466355977674,0.014509302220896636,0.007887742620594107,0.006443099113133011,-0.0002838831743351422,0.013212405818358957,0.012892040359082388,0.011930181887378469,0.010243685780565554,0.0032379118233232668,0.16048852070515368
2013-10-14,0.0018760469803933422,0.005014800320696455,0.007067826474743022,0.003993904574492113,-0.008060556301339172,0.013376173287313291,0.01294535555596083,0.01206985642900548,0.010041842020997217,0.00398132772904586,0.12883101318906082
2013-10-15,0.007327212508852821,-0.009795200930848624,-0.0038851744451671166,-0.007254101643118238,-0.0006692082348258577,0.010799447609533762,0.012868988871940773,0.011727114016194229,0.010156326707337486,0.00394532518467959,0.13321525779275709
2013-10-16,-0.0015356214034694116,0.012411747807805407,0.011323559978451136,0.013965920303638857,0.012531421000548937,0.008069200631821526,0.013414035514082188,0.01227713521645569,0.011018002097874405,0.005858791885939163,0.17860329671233566
2013-10-17,0.031406809330291274,0.008756270162951552,0.005722645776258695,0.0066833351669557395,0.00906998315530494,0.013531202551567936,0.012970143720918823,0.011491902011021021,0.010388422833373863,0.006490254704180515,0.3213444402602227
2013-10-18,-0.004473392740662718,0.011421850210802775,0.01620517497939744,0.006754756854990829,0.0021531549691695684,0.013504509894058356,0.013204967236598343,0.012154869947298667,0.01035438830089224,0.006469024198319781,0.32025455365464617
2013-10-21,0.0010248709844409287,-0.001987566795475959,0.0021908384109696755,5.664607018429635e-05,-0.0031769846337822427,0.013185043880305669,0.012294864773884032,0.011456678181812466,0.009579584937471377,0.006526307017205033,0.3634848562556413
2013-10-22,0.01858554826403047,0.0026251590855459472,0.001457741468183782,0.005791571068376911,0.011153009417098625,0.014463198116430856,0.010024192651199727,0.00802552851282626,0.007813508350697712,0.0073330987406088595,0.32661020163898835
2013-10-23,-0.00502546710134677,-0.003340404551058329,-0.006064348831829269,-0.0047887395723099635,0.003893570024900095,0.014088627805848387,0.00994659138326885,0.008465421728645898,0.008390307535622046,0.006515147148207031,0.2656163427829577
2013-10-24,0.009402373394382657,0.005344810973839431,0.0043928852763828186,0.003322751293152182,-0.0038784689345141565,0.012922153497506354,0.007754687227469723,0.006662368866101968,0.006152339562912287,0.006851187144216575,0.34411219885514155
2013-10-25,0.004311107341768539,0.0009009394683909822,0.007168210301635947,0.004567135900546804,0.0037076784168907917,0.011299206689360807,0.006955079221218802,0.00662706674311369,0.006080707053972977,0.006801753494279243,0.399752069359511
2013-10-28,0.0007664482567892872,-0.0004502250482062431,0.000241269388099985,0.001591454349116006,-0.00341685582730189,0.011352689618799131,0.007005508241004504,0.0066910885512195244,0.006098088995112121,0.006111022082759894,0.4551354380655554
2013-10-29,-0.006050806532669206,0.0028817729869414777,0.0016879700975376277,0.005334037249063561,0.0012972680263498848,0.01197360241581137,0.0055009864746590744,0.006185912928587143,0.004914787316704333,0.006005673890716457,0.45371629525100293
2013-10-30,-0.0013099958645943488,-0.013650371353236102,-0.0009627114956499705,-0.004967058705804384,-0.0060150109156471565,0.011960456456578405,0.006973913122047121,0.005877625637981947,0.0044102754339068375,0.005705790628478257,0.5020386541614892
2013-10-31,-0.014351914754235806,-0.005827169110929842,-0.002290001666840902,-0.0028357622872912103,0.002142108600581283,0.009084751054391415,0.006751133716082807,0.0060400336082494085,0.004418624736675653,0.00506642414909676,0.430209978541637
2013-11-01,-0.0061844444084760974,-0.00430430760369882,0.00024148820260894155,0.0023888187045786324,-0.01082494479540419,0.009199775365613335,0.005446625733131477,0.0036058091154105216,0.004039229102362684,0.006210370574093922,0.46685325363885755
2013-11-04,-0.0011027915952256384,0.011497407335426146,0.0014489865338707109,0.003518734342751184,0.0009417119014518693,0.009201043404678465,0.00687243649881165,0.003581710484551695,0.004093012239172727,0.006150266164754245,0.440045370370858
2013-11-05,-0.001971453393369016,-0.0034558420052864802,0.0010853707792859435,-0.003166961388751721,-0.011948953646211846,0.0064480064114570326,0.006840809635157529,0.00357525857813485,0.004002532358167905,0.005781480793180443,0.3729834155381757
2013-11-06,0.005056885287565871,-0.004288598116462206,-0.00024081919950358355,0.0051056747132991465,0.00047695214773502137,0.006730781282602197,0.006882676054430379,0.002725168759297249,0.003766878254639227,0.005459553858078033,0.41982895464114034
2013-11-07,-0.008176048043114226,-0.016861791661323067,-0.018795327591478728,-0.01264332579444527,0.008470563345104098,0.0059167688238105755,0.008044078183522693,0.006718725546057958,0.005758792521267499,0.006478031450947954,0.28721507905748156
2013-11-08,-0.014901750382376844,0.01817640119609898,0.013507299588491506,0.013491362586287803,-0.024066513210943552,0.006413110934194974,0.010530574974421288,0.007792603283982404,0.007099635740575171,0.009319809285171359,0.052230235816745074
2013-11-11,-0.0032989703632274603,0.0013733061882499342,-0.0015751419823282209,0.0001692770967558488,-0.003771198515170604,0.006142594956755002,0.010568959978491728,0.007796965282536118,0.007095855928884609,0.009316775367457475,0.04602998588668097
2013-11-12,-0.01146367778198043,0.0008229190004069853,0.0015776269687992617,-0.0020303458864207036,0.00465918647483754,0.006453662028491847,0.010495083792604876,0.00779346169614598,0.006934825366246148,0.009598775815508345,0.03005947740963343
2013-11-13,0.003266651987325009,0.009591331922492952,0.01211536921940759,0.008024561449311518,0.0036718989399544544,0.0069484327797966735,0.01010910421654009,0.008762903439453108,0.007135118318701125,0.009857421429299533,0.1538052898218087
2013-11-14,0.01155879679757943,-0.0009948678491146223,0.003111565043564468,0.004989164769724885,0.006161019200572326,0.007960545955032055,0.009876720631014774,0.008723998010132279,0.007071870589424461,0.01016850768180077,0.17395224450498287
2013-11-15,0.000402374290726204,0.0038040310110625253,0.0019096279102186475,0.004351127868621019,0.0020090015087612656,0.007914564558960438,0.00971010722865984,0.008718568200578107,0.007111444620955678,0.009822311178712921,0.16428891988030273
2013-11-18,-0.011422121721614165,-0.00703806399735829,-0.009766357330921904,-0.003498970752901953,0.0060151211595624865,0.008431326018658892,0.009454338474504505,0.009407750219148161,0.00730829431800721,0.010080862506874325,0.17173450121205383
2013-11-19,0.00040679757316963716,-0.006179152661222931,-0.0028865712241908925,-0.0021740586755094604,-0.00759264844815255,0.008499801440675199,0.009606553978474918,0.00945430790816405,0.007244626182499144,0.009631191318119682,0.16303025306456265
2013-11-20,-0.02301744019441898,-0.00036540330481360517,-0.00241279555372953,-0.003127730706330434,-0.01702396667867978,0.010084149549080374,0.009498691776121896,0.009482699605061809,0.007267043944151588,0.010954017366478701,0.2350052208723322
2013-11-21,-0.001498504004828649,0.018019048269409588,0.010157517294573815,0.008068737218474897,0.0016543012291911907,0.01012038567960466,0.008909917203330996,0.007408654043185241,0.005834396214610963,0.01041894067796676,0.30304639251164234
2013-11-22,-0.00016678565994454608,0.00494124102001936,0.005386821311314849,0.005002061139805614,0.009324910824455968,0.009576060859855134,0.0073748208813698155,0.00646160522498359,0.0045964403804944045,0.00790312433464869,0.5569484734761543
2013-11-25,0.004503009704574623,0.0012517921954693367,0.0023804788093129137,-0.000995266821769869,0.002886923002108688,0.009908428062498602,0.007376795670663186,0.006354825240313337,0.004661630136738866,0.007781832529800706,0.5363567753527216
2013-11-26,-0.005312961933526483,0.007411092763778049,0.00522669868207748,0.0002767730919162048,0.0037422468743790738,0.00948897008083878,0.007514662322336899,0.0064222498946936,0.004502004670571111,0.007741534938562303,0.5402459988187324
2013-11-27,-0.0030045118616964794,0.00558439655579801,0.006971505059891081,0.0024349708631923317,-0.0017206277780550394,0.009298136028295751,0.007228129430482049,0.005738074529312611,0.004002865359332964,0.00772911199090221,0.5066414158752097
2013-11-29,0.010380025726374864,0.0005289049840577764,0.005984336045402827,-0.0006623756036737705,0.00028703082457526286,0.009101909792206906,0.007158635567520264,0.005869871023841789,0.0038569328643691847,0.007473928245583298,0.49030887803526085
2013-12-02,-0.02584917312405066,-0.010043489056612565,-0.0029158700983705765,-0.002596473614467909,-0.007777681223090416,0.011517447235204401,0.008204806774044195,0.006098959856262073,0.003805110681449789,0.00780880670153643,0.5608882859070022
2013-12-03,0.0032318187404347665,-0.004805260696698066,-0.0008191033800758474,-0.004320758982188422,0.003678173689350306,0.011611823086449457,0.007976536407699021,0.0047096178253313165,0.0039032286739614824,0.007607225227196156,0.5858318119677053
2013-12-04,0.016954900097682968,-0.002682754355163519,0.0009367163807931789,-0.00011127213936834579,-0.009546323650902466,0.013362046448172233,0.0076665979297571765,0.004346215542244035,0.003817951812861054,0.0078104690493514504,0.5296125563129668
2013-12-05,-0.013837913015870562,0.0007173736134467035,-0.0012868289722266502,-0.004395686382034691,-0.002823293805384597,0.012036124410296018,0.0076373207471137705,0.004199950144133674,0.0039661877969775034,0.005658702870866095,0.47144457021263514
2013-12-06,0.0021132712895250982,0.007795115370428096,0.007262300697650881,0.011177480429517272,0.00478367719070194,0.012088915856713543,0.005709296389158813,0.0037420454746480945,0.0046994298563594284,0.005845606510270916,0.5016034351577574
2013-12-09,0.009869237780065765,-0.00026669334394069377,0.004069183668969023,0.0025421153322395806,0.0023318561077980693,0.012581444216080435,0.005552285992984793,0.003667707650692313,0.004502549371201555,0.005001093893167581,0.48808805082902423
2013-12-10,0.01754091590969642,-0.009070866196762006,-0.0006946943003441897,-0.003583501708460557,0.007173222109757127,0.013733680305213066,0.006314393485307273,0.003830328108191398,0.004659177940990827,0.005476683085730125,0.383887247554512
2013-12-11,-0.007880471900160724,-0.016422874162867362,-0.01286356270079625,-0.01123075524384698,-0.007698868104084378,0.01389223131936225,0.007407134565710668,0.006027341576634486,0.005868318528011273,0.005796726085912045,0.5135252809607448
2013-12-12,-0.02126427007980758,0.0021897740631309226,-0.0025831230288906326,-0.0033011828354044814,-0.0037837019608321087,0.015568867340480522,0.007045770299080849,0.00566271749150563,0.005766612752878425,0.005856436814779836,0.509610968529162
2013-12-13,0.009214610951512325,0.003277402839965804,-0.0012946583981812143,-0.00011217864744816897,0.004868434980694447,0.01547936778254213,0.007258067604886361,0.00521669857489985,0.0057796740503961675,0.006168532189952287,0.5109939068239224
2013-12-16,0.002596793391862917,0.011887501486059326,0.005538983526987451,0.006232307342399546,-0.0036817395501375083,0.012782396669325064,0.008131075673140234,0.005549629261417551,0.006263468479693551,0.0057835654816556755,0.43864286323867463
2013-12-17,-0.008689121015236556,-0.0014350847015518475,-0.001991881721168376,-0.0031808945549435252,0.0044732424906699375,0.013189021016653446,0.008012753008660941,0.005577112773396271,0.006200519060182561,0.005851984720741944,0.4381716350386521
2013-12-18,-0.00876528362539053,0.013740679275983991,0.011626316292739913,0.017072379479841304,-0.005034476331613247,0.012123458658261739,0.00910219326703981,0.00674142139071402,0.008356229062087635,0.00520589303439077,0.3794388581289886
2013-12-19,-0.023722480240186083,-0.007441428753054757,-0.0027861383891004676,-0.0011554569734655296,-0.0009726087766552816,0.013525854081897389,0.009510852739107364,0.006808787152906775,0.008179452996591719,0.005124225719049744,0.38966921261997733
2013-12-20,0.00975442213515798,0.016868941509051716,0.010183285799819863,0.005816356972493386,0.015389075915816175,0.01404627737686433,0.010655992886037226,0.0071776735297697175,0.007627840391583252,0.006942590205218956,0.4635388504703237
2013-12-23,-0.0031913294703355133,0.011339735706908494,0.010520837501947433,0.005342495757968413,-0.005659666474430947,0.013398378053757608,0.011085839954119464,0.007758597574050173,0.007744926659284074,0.007263950606070581,0.4244412521715092
2013-12-24,0.004585954665539571,0.0038335866399803464,0.00045686539013489735,0.002191790802992921,-0.008006887932366369,0.011657456954263935,0.010314361884158667,0.007729815480962181,0.0075626080426583996,0.007302190310391214,0.48694512350692537
2013-12-26,0.005512484048749489,8.678546186002833e-05,0.0033167903745632277,0.005084069412098158,-0.003853633827067937,0.012019782150327294,0.007714165376048082,0.005799535450969467,0.006056818531837841,0.007006109222910111,0.39800941436483817
2013-12-27,0.0032551386822530226,-0.0006075227201453037,-0.00250766630370447,-5.465743301469317e-05,-0.00284089805222143,0.01035567049261932,0.007893542023343865,0.005791075288520032,0.005736307047192534,0.006965121612027117,0.3403759965535639
2013-12-30,-0.014771203179331227,-0.0006075830223767342,-0.001485610934096493,-0.0001629652688907024,0.006876321477181202,0.010517599959768186,0.008089397692296852,0.005808221306919099,0.005740101652613633,0.007164195710750046,0.3561715316972882
2013-12-31,0.006326400561529777,0.0023459310244180465,0.006522762223088563,0.004732860047328646,-0.0063416291472959685,0.010813611764469998,0.007709969709458997,0.005858711533830481,0.005686474158397368,0.007349401573579775,0.3456664716912677
2014-01-02,0.0161901240867246,-0.01083563265733889,-0.007844332946570942,-0.00958396206950951,0.0030436645327396317,0.012133228418464906,0.008901838181793735,0.006689037122009596,0.006785263052376434,0.007253089070407566,0.2401366729486229
2014-01-03,0.010932211148536819,0.00508244164578775,-0.0072194258945239564,-0.00016369172528629683,0.0,0.012237611083542894,0.008113445014511923,0.006580016151532294,0.00464465113996254,0.007094888074617253,0.2727454698771214
2014-01-06,0.0017604081051298959,-0.008108657374010009,-0.003692935797165342,-0.002897909805697929,0.004208921073380223,0.00848163011661608,0.008202035490001225,0.006642650640740477,0.004773915863825155,0.007223213554342809,0.18526729863039326
2014-01-07,-0.0056903791228098966,0.008351134760846701,0.00926767966069697,0.006141462595698588,0.002533898086053199,0.008727184275307706,0.00680221503391782,0.006504194077396035,0.004811091771207796,0.00505396326074035,-0.06342909218731649
2014-01-08,-0.005891238428211154,0.0013075694076221112,0.002180831041964204,0.0002181663661577904,-0.0027221661053171697,0.008961136507434995,0.005786164478088784,0.005578610192335392,0.004571563077247769,0.004833871494761331,-0.03917447408256893
2014-01-09,0.0028783976463331307,0.0002610949272532359,-0.003321337742537289,0.0006537456480570913,0.005848786459247135,0.008927269456774918,0.005637362870669986,0.00566395670655839,0.00453594308108429,0.004483037608964291,-0.03515141202434208
2014-01-10,0.015195028411862932,0.005483575523230533,0.0032174120085175506,0.0027229234657109025,0.011920859617269741,0.00982450751328886,0.005926484064491751,0.005656640482762055,0.004321206813372749,0.005394912279415243,0.1321954657905273
2014-01-13,0.0063195949886565295,-0.013677185281922077,-0.014776421130841433,-0.013305180554294638,0.004981046226688823,0.009880343789669677,0.007399016242740099,0.007249517114741797,0.0060715973928902505,0.005135122757308111,0.13412474166855373
2014-01-14,-0.009337277183627424,0.012286767231955986,0.019067250230343724,0.01089796792437836,-0.00457459490986023,0.008872550629810688,0.00852115896750467,0.009790088248623562,0.007180554743379814,0.005450407986905715,0.04803253628367816
2014-01-15,-0.0019183895963796882,0.0074563261417464055,0.008214292458604389,0.005390241285554653,-0.0010534997982957206,0.009000899333574014,0.008809218487757908,0.00992249831641312,0.007232116269365239,0.004778096443271556,0.05052658971633088
2014-01-16,0.0010863885127820883,0.0012051324355641935,0.00011380757848189482,-0.0013000258852026159,0.0067091859605084014,0.007726868629478469,0.00781483286273181,0.00948767485518117,0.006442779940632773,0.004968187654665556,0.08121573605044505
2014-01-17,0.009516648976840125,-0.003524560278759248,-0.0056579791709248095,-0.004229672428278652,0.0041884411904233865,0.0075464114482854255,0.007906749549564196,0.009343547018894926,0.006638199915472278,0.004883112329957987,0.08091160194834
2014-01-21,-0.0101712011397469,0.005952061209010484,0.007624121917113369,0.002940594598195956,0.0007585563753673696,0.008378998525415649,0.007314423265182778,0.009335264045332907,0.006569459993350975,0.00492593484067956,0.0729790927413103
2014-01-22,-0.00426060584660215,0.00505925502067428,0.002597546032527376,0.0006515044489214805,-0.002463241759078638,0.008278943258426048,0.007093068208255026,0.009038949909678639,0.0063178413393294485,0.00520797939836992,0.08150170938986315
2014-01-23,0.021813897314074238,-0.006740255608125856,-0.0033789634728597084,-0.008192928948028033,0.014150380323135758,0.010340397991432819,0.007638744659997684,0.00919123722873938,0.006888346442972643,0.0060447054911686275,0.027361209133832963
2014-01-24,0.00410542734412811,-0.025511058686736865,-0.019665364144394792,-0.021336028110815586,0.006461311562562688,0.010344594047742697,0.011452392759386606,0.011323887555495848,0.009527175202012536,0.006068055036279742,0.09397909484593317
2014-01-27,-0.010875801955168796,-0.014631778181515065,-0.009684265137197667,-0.004919259592540581,-0.00697864734979925,0.01028049242803692,0.01190543964638634,0.011614352295518873,0.009359930329241387,0.006302905736108446,0.11307775126852841
2014-01-28,-8.268961893331817e-05,0.010555291393192334,-0.0005818787749617416,0.005954602647509022,0.0024364358078201587,0.01008412908196106,0.01200452702725548,0.010645915602118404,0.009058306736081214,0.006229899512577658,0.1282348293682519
2014-01-29,0.012567212160504493,-0.014428484107098072,-0.010716365412225537,-0.00960519620648892,0.008224891437756288,0.010211746166811957,0.011740964995079291,0.008657326005981014,0.008245787725733091,0.006049629977860907,0.15894326113102358
2014-01-30,-0.02204625255756343,0.014909222209766426,0.018485344565255746,0.010600547426727891,-0.0028731185143482385,0.012771680141602546,0.012707705201005292,0.010552437814480077,0.00899779442827153,0.006218248124791338,0.07837897473918531
2014-01-31,0.002671785119756409,-0.0074336705391737645,-0.0026587178398296274,-0.005858105654755086,0.006693914696241476,0.0127942045507093,0.01270519808093665,0.010524592582589403,0.009020706212440941,0.006217254534782839,0.06722592720433598
2014-02-03,0.010242346527122859,-0.03129451462790478,-0.022951034572493367,-0.022505509463109585,0.012183937569552938,0.0128540585853721,0.01543375155679883,0.012382721785970144,0.010869487989467514,0.006859462787265909,0.023884062609146616
2014-02-04,-0.002720094229185621,0.007547306072308135,0.007355345942982039,0.007004340565535783,-0.010610238757520096,0.012380664437313576,0.015582634590129226,0.012354723194718434,0.011277097883289436,0.008234758899515708,0.00949355824427085
2014-02-05,0.0024795690309509233,-0.007490770931371626,-0.0025908502012033097,-0.0012537179147471544,-0.009246059364832693,0.012236521157275871,0.015072381119185688,0.012148503817685168,0.011190135293477031,0.00895703304847402,0.02016595834315822
2014-02-06,-0.0004122602966475375,0.007915439385040468,0.012752379370711608,0.013187174100811383,-0.004292383926537635,0.010017876450164005,0.0158421342370477,0.013346306933212676,0.01248250111418222,0.008039058029289324,-0.032076707163463516
2014-02-07,0.007670738383060538,0.011323159949951478,0.01783821744389158,0.012395533032021566,0.0008437125264031398,0.010256910356466675,0.0150609293024865,0.013420034729444783,0.011454189684320264,0.007743762622026931,0.04414773423243719
2014-02-10,0.0061389867499452855,0.002618358293527079,0.005727303218690638,0.0018368194508044944,0.0028087690855196357,0.009655232855760946,0.014468142997139844,0.012969195152651082,0.011297196558147201,0.007426546632614925,-0.03284501671492075
2014-02-11,0.011714956580352931,0.008915751147006823,0.01139004588937298,0.010943534999534155,-0.005789477266738174,0.010129014126413732,0.014336655502166201,0.013227101478104696,0.011636743086760873,0.007654687483953137,-0.013223913148849109
2014-02-12,0.0005628794988796759,0.0039275302807511014,0.0019140048021850653,0.0004945354246153055,-0.005165736659320741,0.009541169593919515,0.013542693650042108,0.012292699118437445,0.010968052445043931,0.0071720669681921406,0.016759154116195597
2014-02-13,0.008518826295861315,0.012714398261084225,0.007418052107587725,0.005162765669860292,0.005664762911498755,0.004862071050920226,0.013309693905512029,0.011380673981202898,0.01066252410200705,0.0074971733472232694,0.12947901050621857
2014-02-14,0.01322817507664209,0.0014052065515381962,0.002008489349972553,0.005519096580413718,0.0005623175852800255,0.005482388396750701,0.012986225615612457,0.01118867956222695,0.010315535953776172,0.007064340324257587,0.14077663106521682
2014-02-18,0.0019661816515914587,0.010432965494122204,0.004899269305449705,0.0011956321817612192,0.002252891518554234,0.005350703621160912,0.0060224670639498195,0.005951323836926185,0.0051751902558173635,0.00547730469657538,0.3760721578126242
2014-02-19,-0.00886973994723983,-0.010238788506515717,-0.006870074367542611,-0.006622212403726846,-0.004212751044194718,0.006545654452033969,0.007843211878034724,0.007356909044462988,0.006422262308626842,0.004719663649174519,0.552267295589807
2014-02-20,0.010532999654813135,0.010782929714695744,0.004686381409184204,0.005901010118947836,-0.002444812084868797,0.006787763404679762,0.006901321740012594,0.0068131261038046394,0.006128358930439893,0.003928295266723931,0.478251070313056
2014-02-21,-0.0001567135055292601,0.003121877042749688,-0.0013329337455606494,-0.001140526779093931,0.005277771180713708,0.006765126562350285,0.006918384281027986,0.006758331178535198,0.005658806280400261,0.0041880825677478965,0.5053158987493389
2014-02-24,0.011051917556613278,0.007349318698896434,0.0053375433249129856,0.005546926574225397,-0.0025314597153687224,0.006987035815165715,0.006655913901812344,0.004999326193038213,0.004824794098052937,0.004246316695432864,0.502529093206204
2014-02-25,0.001705567961347132,0.0010301240462990968,-0.0011057978788456824,-0.0003789141881088698,0.008928740954548209,0.0070798280473498825,0.0067402043344914515,0.005129068557078454,0.004927989735832264,0.005107160437796714,0.4605776914602613
2014-02-26,-0.008513319761305871,0.006173773673963545,-0.0008859711496980172,5.4266608512820724e-05,0.00530993144107228,0.007808459707602793,0.00661529878556764,0.004247097445759871,0.004012876572482355,0.004847243645338208,0.49260994645475964
2014-02-27,0.0007024926817724708,0.0054532249859942095,0.006488232663825588,0.005247508494486519,0.005466956979447657,0.007803736098031148,0.006613867675835158,0.004521323592974246,0.004150046916430747,0.0044013860773105574,0.47597053418662805
2014-02-28,-0.004524135846074251,-0.0039834596549170875,-0.0011059494789992241,0.00252964021610258,0.0005531567940397775,0.00787162274526589,0.006507007608439012,0.004191308318227537,0.0040117301075894875,0.004278753315462539,0.42682459875286083
2014-03-03,0.02092141108046075,-0.005360782818424559,-0.007416509506747215,-0.0070322323181479796,0.006674975417122475,0.009357809149846099,0.007038926370877378,0.004978127509697945,0.004629595882311007,0.004494999043706346,0.2638913686806791
2014-03-04,-0.012357054979777349,0.02515199751582964,0.01271333011035125,0.014055719600940542,-0.015041233193232695,0.010474963476890132,0.009860907393550594,0.006239170492143762,0.006314528544085342,0.007153265279133343,0.06962332200677046
2014-03-05,0.0016320075055982208,-0.0005839785853731794,0.0027531484528420247,0.0009060690494520074,0.002141775869892726,0.009879531988225266,0.008724737266666185,0.005590088945972092,0.005605698436145196,0.006937669486315668,-0.08578645790674683
2014-03-06,0.009930939447266862,-0.0001671395353639582,-0.000878533487691624,0.002290332272782525,-0.009849974285277452,0.009824106808419924,0.00859238492647955,0.005571361897600922,0.00548215260647134,0.007745782766064367,-0.08261552629680653
2014-03-07,-0.008296856773808758,-0.00033411206134881244,-0.004946130667389692,0.00042483915420876706,-0.006287130353741288,0.010349478366406243,0.00869243729401513,0.005880939144611863,0.005397616220067724,0.00784788179349492,-0.016027320314719505
2014-03-10,0.0003099275393667611,-0.0033417913663552623,0.0008836767682107727,-0.0005310218668493905,0.0014166184650135083,0.009756716856834498,0.008819231107254723,0.005689500984155322,0.005341341730932132,0.007831576465997931,-0.045965377961236745
2014-03-11,0.005653184387327759,-0.010394109810556884,-0.004304039992878428,-0.004942358181689532,0.002641234170816409,0.0099053292363942,0.009711719182513527,0.005885672635418501,0.005725214116242963,0.007260546838579543,-0.04965947943774312
2014-03-12,0.014631094159512248,0.003049422604323615,0.0037683216695467703,0.0002668717039473467,0.006959078092162896,0.010251279818114923,0.009585559869430722,0.005962347973511105,0.005720465743523031,0.007428933063401431,-0.0028480930000775563
2014-03-13,0.003415393334794903,-0.011568849246013313,-0.014134146331322595,-0.011213500444534508,0.013450433746141632,0.01022369062185908,0.010189196605082173,0.007210389704554384,0.0067423287994957054,0.008497424766102785,-0.04399087102081388
2014-03-14,0.006731709737936908,0.004186306763864778,-0.00683250274714331,-0.0028074029011511126,0.00018507291662284153,0.009901716714876628,0.010228872537021453,0.007420546905281816,0.00670240903849958,0.00849683936055905,-0.04984144429805559
2014-03-17,-0.010969246032428437,0.004423693686970376,0.00879669869724009,0.009043636341934391,-0.00746530046288385,0.009035987998650925,0.01011972499058742,0.007826694268347912,0.006979232000017876,0.008481521343152144,-0.059543034068367764
2014-03-18,-0.007748437231769989,0.01456915376563539,0.012073812879706658,0.007137485336371707,0.0036214569176442613,0.008368022653398388,0.007543759771086697,0.007711050750155433,0.005747939555005894,0.007021403168937796,0.037005903593480695
2014-03-19,-0.019369153834579822,-0.006511932663361697,-0.005412508652148484,-0.005328490017628917,-0.007770207806475193,0.010660573160420132,0.0078211509282311,0.007785923400923775,0.005979140283312715,0.007477163009456155,0.1647188593167655
2014-03-20,-0.0017955791561766743,0.0013444599153358272,0.0027763203551787186,0.005839271139838731,-0.0017714960846653138,0.010001581705407069,0.007845208687325477,0.007882580921844,0.00626595879470807,0.006731091294345661,0.17649703018002047
2014-03-21,0.0047708478604697735,-0.004615450429542811,-0.012033307379322622,-0.003878671386416621,0.0108337343599616,0.009903457467448189,0.007953780886816694,0.008590296214426177,0.0063644418606766525,0.006986066635114014,0.12675799361966475
2014-03-24,-0.01782518014920287,-0.011381928932060803,-0.008763879519356088,-0.004135274740486694,0.007114623140166865,0.011311783350400359,0.008609002766269783,0.008838280382812282,0.006458851508859192,0.007144730614331335,0.14880504069245898
2014-03-25,0.001822819435546963,-0.00023959113825366973,0.003287028275104964,0.004745667180490631,-0.0037618656688395147,0.011076823836632105,0.00804890286534186,0.008982021093490933,0.006528325472384214,0.007439381739073708,0.1589574054452681
2014-03-26,-0.007910766324103369,-0.019156859010307614,-0.012879520135939848,-0.0071925311946356985,0.007827942349486694,0.009328753150923167,0.00978367631141044,0.009399794337512288,0.006905516213850475,0.0075066937895625005,0.11402496268569232
2014-03-27,-0.006538611755630641,-0.002528087018927705,-0.005608467135234885,-0.0021078291601700494,0.005025334073847532,0.00886381826335676,0.009298805950675016,0.00866727440076008,0.005904524680352162,0.00651418619218107,0.1722216463373711
2014-03-28,-0.00024077999982852205,-0.0009617210362108386,0.0019566476149039946,0.004930235266748406,-0.00563630605811527,0.007992673198035129,0.00905820661832503,0.00862007624305739,0.005983059222734955,0.006882903127087392,0.19647853346896424
2014-03-31,-0.0076268221488628996,0.01793695443510468,0.007122547422672598,0.008194123631309225,-0.0024691578477256115,0.007857489930099106,0.011005494482378782,0.008409830260274214,0.005859420980454694,0.006379022524920774,0.217994324574933
2014-04-01,-0.0017798011456744423,0.01315095106505959,0.01756569567325128,0.0066306011236529905,-0.008546421780392666,0.007956761418539623,0.01078733666624928,0.00951892216951701,0.005800598660788405,0.007016003115927796,0.1711076843349632
2014-04-02,0.007537080069503599,0.0044966084787316785,0.0025781876027084483,0.003346561782177515,-0.005746248295203538,0.007326074473459637,0.01075761388688653,0.009461127442737317,0.0054237028095217256,0.006789778020688002,0.06331473692024848
2014-04-03,-0.003217515499202128,-0.01013512551394713,-0.007938404329393856,-0.0013230930643063354,0.004380886145643137,0.007314781902755391,0.011179264891809428,0.009665960165809624,0.0052781012647213485,0.006860894961271176,0.06267907581782
2014-04-04,0.0133150544727203,-0.023123150088181,-0.02659735113170103,-0.01182265796160653,0.006683558288887559,0.008703592149853457,0.013141031816671651,0.01219939437161485,0.006530085269651421,0.0062956217747081955,-0.04059568142962945
2014-04-07,-0.00525600091039935,-0.014586460920818611,-0.009494205245604737,-0.011051019100985049,0.005993092939608591,0.006930887723136203,0.013399412462235827,0.012240332213079953,0.007346735408388452,0.00617324060041435,-0.06841734458926284
2014-04-08,0.009446742784294582,0.0070023499254312505,0.009234498673271974,0.004122117166186712,0.0023824620857768597,0.007655999593847379,0.0137862047269483,0.012715082532636196,0.00729914529021701,0.006019598226037157,-0.0038029362204417883
2014-04-09,0.0018241205774742753,0.01443568805567419,0.017141570898285607,0.010751170322192527,-0.004937581066548957,0.007174195750730443,0.01344358500533165,0.013488054200802626,0.007700426722940335,0.005756065061307323,-0.017420399108187157
2014-04-10,0.0054623372630875355,-0.028546837216006038,-0.030972502411193648,-0.021005738326011936,0.009280743784806589,0.006814929957393594,0.016319728768436906,0.016769991755313168,0.010428926976506029,0.0063219271521043,-0.043873000722974696
2014-04-11,-0.0006298860696725139,-0.01384407359000328,-0.011633271580504534,-0.009008493107067084,0.008103026102633804,0.006829900100597287,0.016729077579123387,0.01696857114863037,0.010520512172073768,0.0064196673068531015,-0.042808406637672956
2014-04-14,0.0072480750550174555,0.002807475553633143,0.007846533648653065,0.007878114023026628,-0.0026191608223696816,0.006103906621682832,0.015207879669197502,0.01701944634102798,0.010486519709912052,0.006430171136757994,0.0025628850543431224
2014-04-15,-0.01845913678934663,0.0038836222842133505,0.003303417368723194,0.006887500132152891,0.006247420519636782,0.00917923064892468,0.014241807782466455,0.015623788940343811,0.010510702540728839,0.005496679929231487,-0.01942027426810535
2014-04-16,0.0003984624480757315,0.01088634477233108,0.013286281332214767,0.01047769632833373,0.0012602995479442658,0.008951956438520548,0.014882108421297613,0.016515950910511952,0.011145719563742993,0.004641201512968748,-0.03388683260273355
2014-04-17,-0.006292822285853816,0.004983886415815819,0.00023190402699313495,0.0013967947058484143,-0.010964037231538715,0.00916376396061187,0.015082859750976495,0.01647856362085065,0.011181191060472185,0.006533666501747914,0.027689752118827526
2014-04-21,-0.004088193476797342,0.004693487997572188,0.007424438024604685,0.0034872157539020954,-0.00081809583932968,0.0080929958318184,0.01357386664025132,0.014391371889620842,0.010587970065887681,0.006383336425574666,0.07813647752945813
2014-04-22,-0.003702503963152415,0.010312976982811417,0.007945652746529364,0.004544641046138498,0.003364863993872813,0.008017518860347975,0.01304308719975916,0.014080597926521967,0.009836877145071483,0.006225025900846024,0.07338727399723738
2014-04-23,-0.0001615498728680942,-0.006281652800379844,-0.008796898791552987,-0.0023418165290676196,0.005709791252368479,0.007173887298426954,0.013114967825359161,0.014258820514312228,0.009890741010751197,0.006386246342372221,0.0328869758390037
2014-04-24,0.006464087011591069,-0.0025460887481995043,0.009566705892880778,0.002027360587832483,0.0018932986379549543,0.007576000861551608,0.012149942003640094,0.013459933967669428,0.009334236939791156,0.005977853921993188,0.03996282903759748
2014-04-25,0.0069846079289843654,-0.017604046150901054,-0.015983593042178112,-0.008198776975503974,0.001439449989178998,0.007742147443619465,0.009669376474184295,0.010053358940395338,0.00652008911473922,0.005426844708942573,0.0918922444331383
2014-04-28,-0.004384940209038013,-0.0058238599774019795,0.0032488954356035826,0.0031667421199561563,-0.004851672598050194,0.007800975779238925,0.008702758292281843,0.008965625840041317,0.005321801068061086,0.005179377035970331,0.14609456151793204
2014-04-29,-0.00016012686984467894,0.0025233447777102125,0.00797935889978496,0.00465570705497087,-0.0013533895482712444,0.0071956984209420915,0.008694961265965565,0.008974015356894587,0.00508118924148217,0.005121602749519677,0.12977332321689633
2014-04-30,-0.005125735916385876,0.006652635508561655,0.002638730918886667,0.00298254452223512,0.004158104623531278,0.00466862007531277,0.008857168648284813,0.008972503485013286,0.004861248860014195,0.004884283067605657,0.1443276877396346
2014-05-01,-0.003381083278200081,-0.0003574545842104371,0.0029750171352695975,0.00010646016686188808,0.01072769363260373,0.004695122078471675,0.008114127203624238,0.008185645249897466,0.003918658913648484,0.005958592988297339,0.07371805145501693
2014-05-02,0.01017766135521958,0.0008040253426124799,-0.0018249756793726757,-0.0014336031320841824,0.006159336842672447,0.005586417538349459,0.007914335426174928,0.00825284374641343,0.004002790794152696,0.004423168171504607,0.07798946840625998
2014-05-05,0.009275577200982044,-0.001249701296994754,0.005257841080052561,0.00191398432797385,-0.006032857858576213,0.006012283366008482,0.00767872832262371,0.008107698443695768,0.003919847944538843,0.005127822316003956,0.08516242245292585
2014-05-06,-0.001901424983746236,-0.01626573131871578,-0.012962186030529899,-0.00870420641293801,0.004016945036581232,0.005860906707918681,0.007789636298265067,0.008864239049646346,0.004660865509150664,0.0051494912578302415,0.1500006725607031
2014-05-07,-0.014367400696601584,0.0006360577511417276,-0.002880263879138756,0.005889733131984043,-0.0035565568537695436,0.0077881935641174495,0.007872688510465383,0.008458605282514312,0.0050280630967919696,0.005277216149125385,0.1382008397314433
2014-05-08,0.0,-0.010078289301106658,-0.0009233515055673269,-0.0010644644374943057,-0.004282418860682036,0.0074875499143502505,0.008145678636619963,0.00773229286507193,0.005000971842983589,0.005549223351196481,0.1295528391584903
2014-05-09,-0.0005637408058022375,0.00917164415241456,0.003699908535187424,0.0014916796794761655,-0.003226252823075426,0.007039994930622688,0.007586414585463756,0.005837367203566423,0.004110034348269179,0.0056696052959760036,0.1346064637046879
2014-05-12,0.006768766942896631,0.022721328823341658,0.016474628571879313,0.009736190630821095,-0.004045288272901182,0.007329325315840938,0.010534050732817355,0.007680935782720857,0.0049514286047006115,0.00559540235451823,0.19349248913847017
2014-05-13,-0.002721337927335199,-0.009775372014375283,0.0006801151843378594,0.0008956990278810029,0.00866484524509703,0.007382902447523133,0.011098395321164778,0.007395697290183041,0.004831314541385529,0.006144990165056538,0.18687513176813628
2014-05-14,0.009711068212604923,-0.016243451579373125,-0.005209821571246387,-0.004737836452959665,0.010827804134603936,0.007760584016555668,0.011954002561731271,0.007651472510801198,0.005119757363659376,0.006819624101016638,0.14053288709596204
2014-05-15,-0.008266440948327514,-0.006750707089153041,-0.007856181707873056,-0.008780384929132246,0.007967659754675616,0.008227701773147576,0.012023371042638837,0.008024236759612502,0.005891324752631499,0.006470718602356463,0.13340051787701054
2014-05-16,-0.0021639548796237307,0.006337680372799026,0.006540666413558771,0.003468520143059539,-0.002810344376805607,0.007565615823680924,0.012326240391118843,0.008308115633748314,0.006005932980589548,0.006397348918921273,0.11610370298647452
2014-05-19,0.0006425849883910928,0.01076927412658013,0.006955119047188374,0.003669449138596681,-0.007398752724199653,0.006788626284616702,0.012991745393267723,0.008437390701018697,0.006092766155415579,0.006570553260716732,0.11799386301957211
2014-05-20,0.0008829716546379096,-0.015259550649390441,-0.0036231116925246054,-0.00630526603814352,0.002218717016406746,0.006817628067013518,0.012863189922159197,0.007216131059920243,0.005740880369974199,0.006491255613759928,0.10552348701110548
2014-05-21,-0.0024059912253092675,0.005134528436518293,0.009545168698699813,0.008424603507094952,-0.006108440490406708,0.005027565267887039,0.012998768059138195,0.007465405499725959,0.006056221825943145,0.006712056110724028,0.1083990782355635
2014-05-22,0.0022509750033825604,0.010399862649738134,0.004389831220405149,0.0024322643962648716,-0.0014261656134703093,0.005068418318401138,0.012916970262814033,0.0073730450327335224,0.006045257406153614,0.006560079115468754,0.08656411387091405
2014-05-23,-0.0012833563412588678,0.010924353253948915,0.00728468871879473,0.004008952509852337,0.005352370623380898,0.005088901881164122,0.013041653566212789,0.007488474587726763,0.006118606737194438,0.00658440803323798,0.1015697912315151
2014-05-27,-0.02136377492949504,0.014378948122525825,0.01246130803052381,0.006146126154590759,0.005856748894906394,0.008053564536212855,0.011760391771285976,0.00679210334388781,0.005655165358409363,0.006429935379372744,-0.02783112604169651
2014-05-28,-0.005334440164288967,-0.005194647322649626,-0.0030769837651287713,-0.0007309829370637511,0.012350226885097682,0.008104793598564744,0.011377391788502375,0.007041210376857748,0.005679356386123169,0.006921205397502287,-0.022690083099761827
2014-05-29,-0.0021451692523306587,0.0033632261463700797,0.006393536288395785,0.005172999846272397,-0.005315583497336185,0.006852590245906804,0.009528786598904389,0.006522336600138636,0.00547449361236471,0.006689176968375199,0.023839381463116472
2014-05-30,-0.004216984669547674,-0.0044983603796145966,0.00010908378036655897,0.001611245910618786,-0.0004382694730642456,0.006684708282173781,0.009285433743145628,0.0052984714365502715,0.004055850561371869,0.006238894096367728,0.008988491787370417
2014-06-02,-0.006061640414213421,-0.005405237535144436,-0.000985395430372682,0.0011420893063069926,-0.0074339177616279395,0.0067108436924485345,0.00964144872545845,0.0055367916501125195,0.004079247408636387,0.006647057570560165,0.06683008157476052
2014-06-03,0.002589851260583753,-0.0024051772733276744,-0.00043845668737052534,-0.0005186707490617559,-0.012304621151177919,0.006883444525659262,0.009273137803407208,0.00558367395882081,0.004166423307901727,0.007375686932791299,0.09228058739374778
2014-06-04,-0.002083159699607484,0.003929385484776393,0.003728379300380835,0.0020231904406253776,-0.0002692733261021596,0.006725697686600793,0.007270855205805292,0.005042363775267412,0.0029441895666444356,0.007307002403071015,0.12216663679982358
2014-06-05,0.007515042667209704,0.020992199061468986,0.008413745494574743,0.006521878920289215,0.00044829354520148357,0.00765531238616127,0.00923649937378328,0.004913698404725511,0.002593150713900716,0.007085884938182694,0.2577474716132594
2014-06-06,-0.00041441281485321557,0.009583597049043435,0.00574285266400687,0.004782701631548925,0.0,0.007496411339406197,0.009183479095245202,0.004949387156200587,0.0026636032195260155,0.00707544769526234,0.26695075926408074
2014-06-09,0.0003316550478809077,0.00880231081333771,-0.0007541402841233502,0.001024079235311115,-0.0014339889283231377,0.007561317163001453,0.009043705474189657,0.005002531061497199,0.0027068556140590187,0.006806695534864953,0.22199556987935978
2014-06-10,0.006133426062251646,-0.0019673226179858228,0.0017251658740642384,0.00010193232112265527,-0.003679266345075538,0.004614582079966744,0.008490892965552846,0.003789352938862527,0.0025248912229550095,0.006419013627481466,0.35848219906876333
2014-06-11,0.00016479341429698202,-0.004885942946983746,-0.00021546528596372294,-0.003476754858928399,0.00180166593504838,0.0042720006782807326,0.008459423199700304,0.0034489215695143625,0.00297730545681627,0.004375287980649055,0.4301529148713226
2014-06-12,0.010130925709896266,-0.006115289638025989,-0.009042774762840544,-0.007079665605918994,0.008901099838261262,0.005193599308228223,0.008902597038649748,0.004682707613850721,0.0038467935099831033,0.005621797333620641,0.2129410490687756
2014-06-13,0.0026092604078342685,0.001733456361416419,0.002932783234688152,0.0030487892763793045,-0.0005349239065689515,0.004806143182826681,0.008626316608398328,0.004719510429402835,0.003914498996363738,0.005619964924825806,0.21878898098903155
2014-06-16,-0.00439167956691644,0.004844465014291144,0.0008666460976871626,0.0008239444128264051,0.002496881541030227,0.004511342553337146,0.008190312971742908,0.004664131001740907,0.0039123133300211005,0.005314282353434775,0.14382293705350171
2014-06-17,-0.001143599017664032,0.007060040828967606,0.0005412751434095142,0.0027798271954815323,-0.007916090867325698,0.004633705599113163,0.007982614334098621,0.004633843999689435,0.003934779525726319,0.004314368623690776,0.08247353876857687
2014-06-18,0.0031893964143092646,0.006753835113266993,0.005624735254122992,0.007339410835002003,0.0077106489774654285,0.004427362483451197,0.008014109390465516,0.004776602123842495,0.004410501332468064,0.004953493625156654,0.15749045489871744
2014-06-19,0.034808872064872265,0.0008492845770191604,-0.0006452604114239868,0.0011205925704125264,-0.012811514421277703,0.011182369865740444,0.0056376888552140255,0.004156007584608866,0.00405538939605081,0.006564685086054023,0.057250372216945566
2014-06-20,-0.0034662236721584305,0.0033086538837250323,0.0011759840127991694,0.0020304451295676262,0.0075697673878403204,0.011390562210858468,0.005106338326540571,0.0037706085254101203,0.003862454940065159,0.007052986347945673,0.05728302432263156
2014-06-23,0.0027667863566884776,-0.0019445629228265204,0.00021593017216714472,-0.0003064244377078973,-0.003130296698087953,0.011309290073295482,0.004633634299505862,0.00375518345847205,0.003875671781073602,0.007117038522840826,0.08919560635820814
2014-06-24,0.0010248709844409287,-0.01067608567935252,-0.0009703992778039572,-0.006023974006789334,0.01013952262125839,0.011371636302224822,0.005892970361259115,0.0037396575351447804,0.004416281883557973,0.00763704150883814,0.05758362021910114
2014-06-25,7.870929730446896e-05,0.008478792796461132,0.006364691763541819,0.004520123103247453,0.0025758071387413928,0.011375373020495915,0.00614834813839632,0.004234279877320612,0.004435599032967877,0.00764522927203827,0.058515624172725
2014-06-26,-0.002047362085279003,-0.0016984870812419839,0.000536102491158541,-0.0007159907922410502,0.0047843354255932,0.011364666392048419,0.005687524652909127,0.0025203611570732455,0.003541942691143528,0.007305723200884852,0.12806563871188495
2014-06-27,-0.0005523529785370629,0.006720510260572743,0.0043925789009571226,0.0019442007748582402,-0.001499337875012885,0.011431127038515421,0.005889197233437535,0.00264136934830705,0.003503967728546372,0.007335837051600197,0.1187767607705256
2014-06-30,0.010895228044559557,0.003971346082670912,0.001706364159283602,-0.0005106738200698624,0.0024728470270845015,0.011350707930580508,0.005854801206576666,0.002621310441149732,0.0035513785271017234,0.007335293129018033,0.11828691030400444
2014-07-01,-0.0026553917191390886,0.010184398222487845,0.010968123961770049,0.00669321673846035,-0.008372009553843096,0.011444725174188737,0.006210638342783731,0.0038220876207076013,0.003937282839788112,0.007397945034812226,0.05548369151241426
2014-07-02,0.0,-0.0038557241149252963,0.0016851518009051158,0.0010153571715412202,-0.010688202615079412,0.01152649100288652,0.00632633827159689,0.0037158138044906673,0.003383561154480999,0.0078048011983140935,0.053031118603235915
2014-07-03,-0.0042286084497846765,0.006045104719471617,0.006309651181023002,0.004917549428864909,-0.003601101391384698,0.004327325610511847,0.006475479618377307,0.0037036325411963556,0.0036071591262726876,0.006708928732712154,0.03579874317835953
2014-07-07,-0.001101030316222662,-0.017108832782669836,-0.003030689515794327,-0.0034812727974109503,0.007318541152834257,0.004167479844764109,0.008827447306194858,0.004173068550911347,0.003901780537799521,0.006677936355514684,0.03759319144821345
2014-07-08,0.0003936628332492642,-0.012142308531500112,-0.012053236166288173,-0.00643005583029177,0.011211653663343535,0.004085639087111422,0.009631008302633004,0.006289798114456441,0.004526201382215039,0.007428821278565058,0.019538005441199612
2014-07-09,0.0060596257567928635,0.0012892173019527498,0.0074263435974162295,0.0044843692188187845,0.000798292573316095,0.004491294764295017,0.00902033779330881,0.00646784157136218,0.004124509956167665,0.006770708584257222,0.06919986948771457
2014-07-10,0.005475570778272321,-0.010644353862163669,-0.003158993926630327,-0.003956667820929516,0.0002655814707617221,0.00472843693912304,0.009094241031117065,0.006525092136096907,0.004245614997258207,0.0067313123744485275,0.03746010145123707
2014-07-11,0.0018671659071103353,-0.001301640123311798,0.006443906944016975,0.001374969410559812,0.006379643309629701,0.004587459449346007,0.009095230120634549,0.0066955428121540745,0.004236243789236208,0.006867735451379039,0.0557444570592034
2014-07-14,-0.02376143490914273,0.0051261040173347094,0.00598290762616438,0.00503519686200149,-0.004313503512241912,0.009278534979637215,0.008944245086179551,0.006775278883566526,0.004452078157311812,0.007011662575102909,0.01816563308386395
2014-07-15,-0.009465498169358044,-0.009854031301939514,-0.003443334658127184,-0.001871995099430368,-0.002034473662459013,0.00866361996630678,0.009013773915751212,0.007010937044631898,0.004520770513498276,0.006990389816132047,0.04674753410175288
2014-07-16,0.0035333047917720517,-0.002706695761562572,0.003978960890157479,0.003700900986118638,0.005316414982508011,0.008888580212396824,0.0077103150249842566,0.00629789494731572,0.00417126225794167,0.0065619850767192145,0.09466411224497803
2014-07-17,0.016964032139549223,-0.01540572356730141,-0.013244240174701716,-0.01136562313185352,0.012603443739484854,0.010760432632087608,0.008431859461706718,0.007728242681222466,0.0055903620264236694,0.006039420585529276,-0.012254511238150745
2014-07-18,-0.007553695114762116,0.01555828478507637,0.01585277776017935,0.010219309303646451,-0.003220325815092684,0.010940844198060908,0.010242713587898805,0.009123006527453414,0.0063836711109477974,0.005991423782514692,-0.008861408984109743
2014-07-21,0.0016649416399394656,-0.004026922397145083,-0.001248521203119135,-0.0018719823213423359,0.004977778911188668,0.010966165903819335,0.009274073533262468,0.009064121687617598,0.006312463177561922,0.005867170529298432,-0.0047441478349268705
2014-07-22,-0.004749077817894021,0.008438136351674785,0.006354048465089468,0.004357893287559422,0.0020851635214236275,0.011040859218448629,0.009403774804703577,0.008003965901285244,0.006019439991391002,0.005147943625186696,0.014774062299311741
2014-07-23,-0.0009543114301425737,0.001220170088798156,0.006417689378456437,0.0022200584625977626,-0.0013004596859726991,0.010762065048895672,0.009401644497315476,0.00794101585804693,0.005915949205612467,0.005256953307689147,-0.0006895334647181617
2014-07-24,-0.010109888908559905,-0.002002435519336987,-0.001131426494783705,5.0407635648008764e-05,-0.007466689522421799,0.010736286391207274,0.008833382027047556,0.007808267194239305,0.005690567294132998,0.006060119085521202,0.04421447361879145
2014-07-25,0.011580236904513708,-0.009071679546073685,-0.003913085037117514,-0.004681338245019484,0.011808890273748984,0.011651666541344247,0.009244348230989156,0.007927183441285316,0.00598286356266767,0.006767425300769673,0.005838642152777495
2014-07-28,-0.0016694417914320248,-0.005017779635234865,0.00031068946467516234,0.0004045756930510791,-0.0013832278006118415,0.008895655516801852,0.00901799027143972,0.007777102774140453,0.00577526329028335,0.006530393793879719,0.02139309859432803
2014-07-29,-0.003025998385664419,0.0027428606285360146,-0.001756786090666096,-0.004297135645256689,0.003636325112712724,0.008357209175912143,0.008718341897781852,0.007687974458671135,0.005917202566708671,0.006372045238976919,-0.04569462643401222
2014-07-30,-0.0029552326374293614,0.00397025819819663,0.003933717790374658,0.0001521445664702803,-0.013887914391257805,0.0083532871986189,0.008830381848741815,0.007686145606952206,0.005766669745437112,0.00814506959842831,-0.046897324445578294
2014-07-31,-0.011535707925047989,-0.02284915048906644,-0.02021007454316137,-0.019748160589859065,-0.002974260792973138,0.006561328422120676,0.010411724798753026,0.00928560508353602,0.00778181104789929,0.007049654586878353,0.31941112843719477
2014-08-01,0.008023323354133804,-0.0045868233825360205,-0.003683690009262497,-0.0030556988558406717,0.007741080079245899,0.007163310310128433,0.008625278907838822,0.007587289365205492,0.006643785574817575,0.007466607197318839,0.36603312935792326
2014-08-04,-0.003135547501692204,0.008854610207472025,0.006865716270766153,0.007221011466566951,-0.002618582183990137,0.007097644642571495,0.0094014860778864,0.008036878641994715,0.007346702478656767,0.007325584038921895,0.34671620299985617
2014-08-05,-0.0009677806214606344,-0.002507593592827595,-0.007658291267671813,-0.009696480375888883,0.0032382642989530197,0.0070265908118170226,0.008682876250763728,0.007894230767179265,0.007395207543022596,0.007378561642704177,0.3308909212289438
2014-08-06,0.014531326248904408,0.0031422130566955975,-0.0007398937954016249,0.0003126962786057508,0.0006103817507487896,0.008668645624174095,0.008805234159170127,0.007343140511324933,0.00726496351709065,0.00737511007339154,0.3437536924913792
2014-08-07,0.0040582648496965135,-0.004833089503216259,-0.0031739630910188055,-0.0054148733686866235,0.009328977128134408,0.007947125389432682,0.008824632600899926,0.00731999409900384,0.007187244515343567,0.007430804486572813,0.3599281999946312
2014-08-08,7.92687922512858e-05,0.009713123401186241,0.007216976117757845,0.0115689491717883,-0.00215950652405561,0.007113127074498032,0.009374464942217822,0.007982362454675339,0.008670125265727045,0.0065485834778879785,0.3630437101178493
2014-08-11,-0.0018226749543046594,0.009530717095720842,0.00590130670976774,0.0028979741095029876,-8.683000177212019e-05,0.007118100756660204,0.009823459380709467,0.008341289525529514,0.008790141110966963,0.0065275873501282455,0.35700252967941426
2014-08-12,0.00023816115842256735,-0.006882186427046855,-0.00041942899047131554,-0.0013929902963413232,-0.006492660096728886,0.007021550935391307,0.010028826435530653,0.00834441577644318,0.008753932774691421,0.0067320587200070834,0.36502666426043184
2014-08-13,0.0016667917138923904,0.007818377545696364,0.010584795326739949,0.006768477870948697,0.00653509021620402,0.006908988205572536,0.010295856698188992,0.009035258498250251,0.009151774661417558,0.005226330094570347,0.4334517664241645
2014-08-14,0.0008716371870964856,0.0014981997758660714,0.005185161329704924,0.004722059178771998,0.008051473885251959,0.005315259192273705,0.006562377810601594,0.005922396699938848,0.006479046893939245,0.00538225708419298,0.12221775043061076
2014-08-15,-0.006571088731714414,-0.0019364131649641791,0.004849020936349868,-0.00020431323099767695,0.010906899435034756,0.005582633823427104,0.00630752212092228,0.005618131670384484,0.0063223522720801326,0.005806726666292903,0.14101708098368482
2014-08-18,-0.004144120645117932,0.01455158784387689,0.00770058153127251,0.008379310840478604,-0.009939952509890326,0.00567193455342848,0.007152028651730523,0.005689996040748619,0.006444610907452929,0.006912489255378055,0.10012946027157414
2014-08-19,-0.002240707277115117,0.0034771470535917004,0.005603170430488191,0.005219187787697033,-0.0030887535470898175,0.005729854201572446,0.0068844620630516985,0.004326197316743372,0.005068943866571212,0.007074143991608101,0.059681899480297285
2014-08-20,-0.003689437627099168,-0.004244598135724531,0.0,0.002671144945530779,-0.0016355426268207518,0.003145172609643353,0.007322353336486367,0.004236374570679207,0.00496913442204284,0.0071361972460049225,0.13113545524117448
2014-08-21,-0.010787344663637177,0.0021749085393401035,0.0020267847359245472,0.002916084484106296,0.005603661864328036,0.003838143675113436,0.006821502651178368,0.003458625915683324,0.0038844142536308165,0.006747997525272029,0.25519341460105743
2014-08-22,0.002522828734679683,8.678298912223603e-05,0.001516487742327488,-0.0015538587538774795,0.005573315125804834,0.004099392422393999,0.006531342732054842,0.0034974302381599602,0.003357247661479195,0.006817778025897945,0.19889125564524807
2014-08-25,-0.003652930990489689,0.0046872558001644915,0.003533309607021362,0.0050704208600769185,0.0037508849272751554,0.0041118100221570475,0.006128023213070948,0.0034564974286766604,0.0034166335785190795,0.006823871586623211,0.20452134450007575
2014-08-26,0.004969860037219664,0.009070823982562093,0.001006213934333422,0.0006494531835317119,-0.00322749735753447,0.004701881926041814,0.005574741150427819,0.0032759932468563726,0.0031589339280938718,0.006443797147158622,0.09298723175157554
2014-08-27,-0.00024320048372894476,-0.0024826104129326287,0.00020090661515781427,-0.00039958177415599927,0.00852137532375763,0.004568522698581613,0.005683616589512825,0.002604382699932018,0.0031389389570061293,0.006618698780070942,-0.025880380667483317
2014-08-28,0.0055141121217852085,-0.005149723759127589,-0.0011056428527627116,-0.0005493788432950897,0.005238699177550821,0.005127869904847857,0.0062033179208748545,0.0028128576748813012,0.003212178065491572,0.006410777815488927,-0.09147522440134273
2014-08-29,-0.0011290273358744995,0.005607637710547619,0.0037222746277201235,0.0028480014145217947,0.0006724273575864359,0.0048503294521025815,0.006126481653172485,0.0027311610834593,0.003099267911746216,0.0056305105800337875,-0.08839749543588407
2014-09-02,-0.01784271817844607,0.005490824535228089,0.0029062648238906696,-0.0004981398138845794,-0.017250558816551242,0.007140397287828534,0.004694380463293709,0.0020327991360438794,0.0024366655824285192,0.007420145113005682,0.058563776261988984
2014-09-03,0.004110152024072278,-0.006314086846392786,-0.005895525399389423,-0.0005484852166858234,0.005568262298737858,0.00745703281931766,0.005303882513633997,0.002827789846221627,0.0021617269032766337,0.007470672597531381,0.031557528712495855
2014-09-04,-0.005485044294521457,-0.0038638186468984426,-0.0009049728311472105,-0.0014465063133953793,-0.012182883078914464,0.007522951444389242,0.00526412015798059,0.002870085139062074,0.002212427301883367,0.00858910442891525,0.12314577302947453
2014-09-05,0.004774400606131213,0.0031892368134056603,0.005030738140928026,0.004495380005117733,-0.0018962854444846133,0.007150048391863457,0.005300403498013988,0.003166234960524969,0.0024372044447661346,0.008392628323493091,0.17713092797881777
2014-09-08,-0.010896233231708075,0.00154663539014388,0.001902036454253908,-0.0025856905733835367,0.0004313144932546198,0.007725306206310322,0.0052915668195919795,0.0031755430774443,0.0025666528337617866,0.008131046180400213,0.1816280114899841
2014-09-09,0.0011596072704027627,-0.011839201744954342,-0.008293258001942805,-0.006331046904093585,-0.0007772333726722147,0.007759891134841502,0.00651352087184381,0.004185326305134543,0.0029193976731735965,0.007959024228368037,0.20605185195557993
2014-09-10,-0.0050467493711445766,0.0059037258390977065,0.008261779119149493,0.0037625664566085515,-0.006310093044241349,0.00747212509186815,0.006058965307381502,0.004963302024372658,0.003200525681466389,0.008092364668302827,0.1756884267949332
2014-09-11,-0.006569107778930827,0.006473478300774715,-0.0007990491946899825,0.0011497937281708115,-0.003305307103913413,0.0075266157532362064,0.006431622967312888,0.004981881577976165,0.0032231941045079184,0.007235414074243969,0.16590194857969878
2014-09-12,-0.009123662477173111,-0.0106338512776889,-0.005100551796504815,-0.005841421804118507,-0.010472952939049929,0.007065586094899827,0.0071257701385755365,0.005274933940376135,0.0037243113242815353,0.006952505910834531,0.2854275834845793
2014-09-15,0.002196335041923403,-0.01092137906516677,-0.009650560638745254,-0.0007532314642925142,0.0014996449444384385,0.00732098547631191,0.007474576403878546,0.005907041532721211,0.0035338959338565147,0.007026109480969538,0.18466305194487576
2014-09-16,0.0016015040659451696,0.0028045896270698645,0.008729315253902747,0.007538457574561619,-0.004051431378988002,0.00572430569481089,0.007215364667232001,0.006608158719430928,0.004426373845813122,0.005412910833187495,0.2658000561429736
2014-09-17,-0.010855852020951628,0.002621471314679935,0.001509498960784672,0.0013468528842259797,-0.0025638786729360596,0.0058098480519503705,0.007225317551704352,0.006368326213933093,0.004443489152342579,0.00448978642195075,0.2818089574080195
2014-09-18,0.002041839900460918,0.006101312717181617,0.007535617134034611,0.005329826459338438,0.003190974011365144,0.006053280557840944,0.007539149976773639,0.006771558850272146,0.004685849556617431,0.003963699269487302,0.35274803454739023
2014-09-19,-0.00585840081981337,-0.012648361848413447,-0.000619867320496903,-0.0009008358799547089,0.01272546662259777,0.0054229620601954276,0.008308078947270538,0.0066238797994784444,0.00452229158012981,0.00622977698918491,0.23956744910631297
2014-09-22,-0.002049687174615289,-0.014039009226454513,-0.009301866147070736,-0.0077227083699343835,0.0012216966975882038,0.004893147674579543,0.008990374095797329,0.0072496965667158695,0.005133390718462827,0.006254402547815367,0.2413234053304138
2014-09-23,0.006418485321299405,-0.00934390572946775,-0.002726019448087591,-0.005724694249284457,0.0061879836020442,0.005644661482056597,0.008768727519523126,0.0068083471276717804,0.005056483099180152,0.006643396282868549,0.2118135667971553
2014-09-24,-0.004676831883499655,0.009052637747510195,0.010730984012541578,0.007827716550992792,-0.005543577050172499,0.005628942320406703,0.009185327873378593,0.007184374866012265,0.0055482916077578635,0.006568912752973104,0.20965983011339953
2014-09-25,0.0029047102009922554,-0.01687206651278461,-0.021033775586427828,-0.016135171130057357,0.011845947423559045,0.005699866021611316,0.00945768064545427,0.009812794592901991,0.0075569979882867955,0.00743989740693325,0.12311995162692438
2014-09-26,-0.0028111579586888036,0.008989712698195262,0.01064053359117656,0.00794524360181259,-0.0014640686150585447,0.0051103637590814745,0.01025082710198605,0.010497517277521594,0.007926246979298652,0.006300059047127133,-0.0002473528199292696
2014-09-29,-0.0002562684087009659,-0.0008099652539979019,-0.0013160315531408617,-0.0018190361984573578,0.008017121399817917,0.004991584119425513,0.009922722818035695,0.010002282535373679,0.00794278373287429,0.006540050115714606,0.013472388148756842
2014-09-30,-0.007006747871292629,-0.015131236974772033,0.0014188862584840756,-0.0026322020568758653,-0.005643889740244767,0.005164501766092451,0.010479906944168373,0.00958554617904512,0.007474687235977239,0.006745802825001646,0.06650859928309337
2014-10-01,0.004818841433659182,-0.01417464221386644,-0.015993158773082383,-0.013552274689155541,0.01939109758616575,0.0045981811222896235,0.010608902760278087,0.010743182212677234,0.008335247335188005,0.008218942072344897,0.02532667386368518
2014-10-02,-0.00025690485706331145,0.009554778431831945,0.0,0.00015450532796923433,-0.008711693327674297,0.004505316853263824,0.011087928433827506,0.01024768455220024,0.007929419347355977,0.009299701790955963,-0.030263183774571278
2014-10-03,-0.018245650954213488,0.007534364801863314,0.009875119984920744,0.011009410290246935,0.004265619258578157,0.007025211654275041,0.011480633042754006,0.011007305760850697,0.00912657696436274,0.008767364738186517,-0.0581227537136052
2014-10-06,0.012389827775788786,-0.008572347821109494,-0.0021386518531655296,-0.0011702733690720502,0.0005950161220662498,0.00839146770723254,0.011046244426990716,0.010691275707479962,0.008907837129948836,0.008783368791168493,-0.06880176738551078
2014-10-07,0.0028441078559553468,-0.016465826100642955,-0.014189851983037571,-0.01543663232351733,0.013501026769683788,0.008127865472028213,0.0117118677000566,0.0114762486779829,0.009904263824631979,0.009372770153863478,-0.07618823313242347
2014-10-08,0.009539365800353972,0.019172928022515245,0.019467856959163532,0.017489798038821336,0.00025108157063846726,0.00864581270839138,0.013268995988796802,0.012823595118934984,0.011373178151001313,0.008910662051613496,0.05134735428283098
2014-10-09,0.0014471624004321892,-0.026979727021906097,-0.016150389598578063,-0.019833318172036707,-0.004355120449145322,0.008610961637715233,0.014770442496211626,0.012059996083712853,0.011950492779330253,0.008839521889532674,0.14316998901743333
2014-10-10,-0.0004250514452333043,-0.012166461341332813,-0.024984365102239336,-0.01141420051945985,0.009926401891629633,0.008549668341950832,0.014259059428173218,0.013471483890389787,0.01176583456191552,0.008992403872141558,0.1392961146053164
2014-10-13,0.007908838626913939,-0.004009770633511489,-0.01567133330870729,-0.01642755776716709,0.0060808578858695395,0.008855447886246615,0.014170168883726261,0.013865312979342225,0.012393676241063465,0.008910154193036774,0.11394475688391237
2014-10-14,0.0005906150591197257,0.011694694747814927,0.000107667383019594,0.0015474179097845209,0.006541124537947196,0.008376414230119124,0.014800693044355369,0.013795097639863368,0.01255857168999265,0.00833050499696951,0.10798046981354067
2014-10-15,0.0033729786510761084,0.010043449644518088,-0.0064536297021347,-0.006766044893529388,0.007896358665717251,0.008335904389505138,0.014830606762533557,0.013347362267129521,0.012209373883297254,0.00672364993616412,0.1316493912503519
2014-10-16,0.001932963787401043,0.011257181487216439,-0.006279289028846224,-0.0008576188650458727,-0.006365480072626051,0.008301155349962952,0.01497454666434542,0.013232491876404072,0.01217447269247243,0.006272108644691832,0.13247983995398946
2014-10-17,-0.001929234646691591,-0.002968389109201164,0.013182591208372285,0.011810664232666301,-0.005584883539408003,0.0046510490639860265,0.014686768309387872,0.013696624820738183,0.012287701542848133,0.0069352066261518675,0.18397917063184008
2014-10-20,0.006807338453066025,0.011722891551442682,0.014945928240431616,0.009709576769582284,0.003633776075083528,0.0037485723820607124,0.015059734685090654,0.015127116114417189,0.013035414061820806,0.006891927971621594,0.2580150935905904
2014-10-21,0.0018363404482848456,0.016461611933116238,0.026273666759356606,0.019810732978920775,-0.007982836079179823,0.0037729366409793397,0.014621265220211174,0.017244093878047033,0.014031608874391062,0.006651956465551212,0.2364940133500264
2014-10-22,-0.005665725080780226,-0.014295274517011514,-0.005161106664328674,-0.007110853758092395,0.0010785830347195269,0.0039527173545834595,0.014444864074117495,0.015934149492726753,0.012828218810791669,0.006646692678450373,0.18556203612696037
2014-10-23,-0.006871122171836941,0.01771499000712584,0.015045650378373576,0.011624914313904222,-0.008867469610461143,0.004775248905831485,0.011819216301276476,0.015913874209023033,0.011769868704433433,0.007188295065593225,0.05593623511785871
2014-10-24,-0.0014343416618317617,0.0017131951244100385,0.00817874585770606,0.007695097087943026,0.0010035913874977265,0.004813493198300399,0.010364002283917215,0.013076524940616212,0.011023202142969027,0.006419586426901778,0.05385176888984541
2014-10-27,-0.0024503668717051896,-0.0005400085287061707,0.0007095746678895676,-0.0013745102439746137,0.001837632353993257,0.004147535703499876,0.010047370790627851,0.011167082710868111,0.008878975200585875,0.006085697521349258,0.14222560300614634
2014-10-28,0.00033881853595230105,0.028465979941073583,0.015097795061074892,0.011470362040903126,-0.006252982919826566,0.004141741535985644,0.012217035278398293,0.011285512902366356,0.009051614754431381,0.005733347251593096,0.13146320257737515
2014-10-29,-0.0143098631147065,-0.00236475105642453,-0.0036932713479499446,-0.0015118584745223984,0.00226526917831138,0.005794118993794819,0.012605582770014093,0.010933082917493458,0.008381669405199707,0.004869079697491931,0.18050993658100487
2014-10-30,-0.010480209452138567,0.00851624065985801,0.002103843540149253,0.006410322575845617,0.0008370353806379516,0.006135966106236696,0.012525430955188401,0.010013764862002677,0.008015884165508332,0.004769298927762107,0.18573639181566154
2014-10-31,-0.021963701064975805,0.014712207825734458,0.013797537406807336,0.01143562951724042,-0.002592673699020831,0.008436205233281608,0.012295145445459305,0.010046402144323913,0.007990952646124169,0.004596410279495264,0.1254271036625158
2014-11-03,-0.004526913897145546,-0.0017160024297807608,0.0029584681594629902,0.0005451917658139127,-2.567913391926524e-07,0.007295246146010064,0.012599290902192157,0.009936860323776983,0.008146222680352191,0.0042776773790481155,0.04012080294012767
2014-11-04,0.0006241613363515697,-0.004640564755708065,-0.0033430729711656504,-0.0034694124441055907,0.0031103430955723432,0.007148969838075066,0.012580888593073198,0.0079436828149681,0.0069706226836224365,0.003940677584011852,-0.009986214641674152
2014-11-05,-0.021653896620413504,0.0018131242889773969,9.874466440784602e-05,0.006316599014015711,-0.0014248691288680781,0.008549144235791846,0.01077162350308631,0.007382081104891246,0.005894439745601298,0.003890229118819429,-0.005818984997272569
2014-11-06,0.0008197134269072315,0.0043090699776766606,0.003156485581097268,0.004002997582104539,-0.00646190701584215,0.009022097193075902,0.010009712020107975,0.006507028782486994,0.00540254602437445,0.0033928391429200637,0.012919963073934504
2014-11-07,0.02812162399457141,0.001544875641747101,-0.0008850830426959666,0.0009351179407528498,0.011487569854577329,0.014443579351025497,0.010016042775247246,0.00647700569833109,0.0053324286630080904,0.005160413580912145,0.08076913190503276
2014-11-10,-0.02221830671070646,0.004969255512002002,0.0035434684346076217,0.003147366893287984,-0.009185630604063744,0.015442772076603679,0.009826572213810206,0.006427458981299539,0.005060177583109433,0.005913270416609422,0.12379069952280546
2014-11-11,0.014303837082656479,0.0006822042178362686,0.00313805784515675,0.0009809855698847958,0.0006740363250139492,0.01671172301667689,0.0056864486075254034,0.004921042263766026,0.0043620637459772,0.005603991278364051,0.08776079340441285
2014-11-12,-0.004819715379460576,0.0045158364087452,0.0017600366673629075,-0.001077647653247249,-0.0008424495788824649,0.016398929714241745,0.0054036652694735305,0.004492781571585295,0.004315407981354826,0.00554228677898108,0.0568890405899035
2014-11-13,0.0015246472551149193,-0.00848189662152965,0.0042945547694761554,0.0011274939809180484,0.002360384205554178,0.016325668050788215,0.006247730652041748,0.004517463344205112,0.00416164096003889,0.005601898417206821,0.030320636573974703
2014-11-14,0.025073906131185764,-0.001796298227583537,0.0031097952415435337,0.00024485879974611713,0.004877920957351289,0.017009887056481553,0.004337160926871405,0.0024153317289573595,0.002712673581627427,0.005756337952998549,-0.050449874084486514
2014-11-17,-0.0036690675676288587,-0.008312848351708091,-0.003003189072804724,0.0006366213500141882,-0.002510591678480667,0.01697698582211231,0.005084708562448574,0.0027983710789209904,0.002710092003518522,0.005832845701148525,0.02647474834103239
2014-11-18,0.008768083938990978,0.005790071073259462,0.007482121183211898,0.005773631564766735,0.0027680805397727326,0.017108566912684073,0.005218108947108275,0.0029414068833709607,0.002474551710114156,0.005814902620117013,0.09074521637463455
2014-11-19,-0.011907889702234109,-0.010653769494735732,-0.004532984728064182,-0.0016053398522033469,-0.0063585270749855205,0.015799323276626524,0.006256384712402672,0.0036099121404285905,0.0022732412909883836,0.006164447996168341,0.32131038955219243
2014-11-20,0.010380016731246,0.01120255678732085,0.004456812497037443,0.0017542426513821319,0.005220959633850386,0.015901335702195284,0.007185686947291109,0.0036865559503197385,0.0020930449030250996,0.005975071211173496,0.3831290677485153
2014-11-21,0.0046143024245213216,0.0012022883223818948,0.0019292860575992332,0.005350739538498184,0.006031108126130835,0.0136017326353301,0.007178029686866252,0.0035522090243173877,0.0024655232549016678,0.005077324043725728,0.44014257409192237
2014-11-24,-0.0024265428614084206,0.01192322731002271,0.007798083081195228,0.0028063740924741953,0.0008323307550326398,0.010805589081373981,0.008010954888691838,0.003960018566703376,0.002444524896538628,0.00383278981110328,0.5337909167427102
2014-11-25,0.002345553311048576,0.0007627848281739347,0.0015284578571961305,-0.0007239621609110847,0.008319774131813729,0.010206312323987604,0.00801107931326427,0.003970370716223024,0.0025496298810002887,0.004411736075710325,0.48834943118071744
2014-11-26,-0.0019066874375581744,0.003303578428627496,0.006486052072537163,0.0025594081286424153,0.002722174459616644,0.009998146242134567,0.00795446744835597,0.0041519668938806,0.0024078438638128565,0.004292678151095039,0.4837665790185028
2014-11-28,-0.02648491624493876,-0.014858531603124892,0.004643880721314497,-0.002119025833678845,0.007899694830791226,0.01376009190453299,0.008947556714280552,0.004165936478363542,0.002707656137147244,0.004627555161475448,0.4031777244395722
2014-12-01,0.03987156539441128,-0.015596864626881257,-0.011319807700775675,-0.006950269899539729,-0.0058342542097832295,0.017091383418542574,0.010206494426121832,0.006147495235804134,0.0038031170509505324,0.005326543287312042,0.27980945403518914
2014-12-02,-0.012352053686644049,0.0120135410665696,0.004007353934694979,0.006463780045788514,-0.009711668560200781,0.017621390029069674,0.010715528546784283,0.005968076505578357,0.00420888784935434,0.0063741774749690025,0.17771666691275934
2014-12-03,0.010335265309313835,0.009634253113534053,0.0018056505590997585,0.0038633239619847437,0.003906028349631052,0.017704037148285424,0.010991444081499513,0.005677812620280742,0.004024138736641227,0.006415524366089256,0.1669512284172056
2014-12-04,-0.003868344971663107,-0.004771497971719052,-0.00047439354289013913,-0.0011065341519577165,0.008362102355618406,0.0172161126566944,0.010448825143098497,0.0053179858479990285,0.0039892696349545535,0.006145457379313403,0.05870003993013673
2014-12-05,-0.012512918386347494,0.007533952101687502,9.498680156427852e-05,0.0016373768684965206,-0.005829094742412333,0.017505138713451513,0.010129106209683379,0.00528068588355152,0.003987603228253471,0.006631015570299233,0.039230773731892064
2014-12-08,0.011797592156958414,-0.012490432206240576,-0.00711742201457255,-0.00668263548363246,0.012221813809494275,0.017869982497459788,0.011003692752882118,0.005958890384231241,0.004384433988024183,0.007335034413074793,-0.01425158453088055
2014-12-09,0.020815371286221795,0.016778491419386254,0.0031541942376516197,-0.0006774672070830601,0.005139567190851846,0.0189299705371527,0.011686652614610868,0.0055124069802092125,0.004271392742355936,0.007366396183523731,0.01609701389862094
2014-12-10,-0.00194604748441074,-0.02124059042627391,-0.015720275000947637,-0.016031025084975004,0.007305767905946947,0.01899007173676598,0.013505262347252472,0.007440197401263261,0.0065473042391426435,0.00728729737583426,0.06574702418164322
2014-12-11,-0.0022888830549503414,0.0039772127499762,0.004743141158196407,0.005069353250089836,0.004109524333078207,0.01900002830948623,0.013536130813288598,0.007251820683512033,0.006781362830967969,0.0073026863744252895,0.07170170759506211
2014-12-12,-0.002379121195415723,-0.012142633411368564,-0.010886171871467898,-0.016160771003882246,0.013562151306167225,0.01627013602083106,0.013271954729446983,0.007422648356003347,0.008194946568281687,0.007937682878432457,0.07292104902454322
2014-12-15,-0.025721865073372374,-0.010112484493065899,-0.010324886248270881,-0.006870085083523714,-0.00205862810680546,0.013527152059311218,0.012733069128708497,0.007307058673278245,0.008190752548353414,0.007533192500470646,0.21859787097040345
2014-12-16,0.004895511509587669,-0.0014090372153512387,-0.01604139721739528,-0.008019559188790049,0.012377410005555367,0.01312761373357812,0.011877972782636434,0.007877107909456458,0.007579350903142959,0.006301140454380643,0.24231002728827694
2014-12-17,-0.005915618296901348,0.030867016414384718,0.018203301856344112,0.019605054283487133,-0.009012828652509741,0.012692679675138532,0.015590578231188713,0.01067781449578713,0.010558188487134208,0.00788328675090222,0.13210962712101657
2014-12-18,0.007701101852319869,0.014885790588074155,0.024066916222787782,0.02472852919351909,-0.017793416460816447,0.01299794220042197,0.016191930552284302,0.013798538537122,0.01373508516703607,0.01043043875753053,0.10458697319022199
2014-12-19,-0.003300085781823392,0.0022759944815549105,0.004400082255548554,0.004254876728936319,0.013446264757402071,0.012367446309582468,0.01606503720719891,0.01390266589197424,0.01380173687481261,0.010602038267331722,0.11773923227348196
2014-12-22,-0.019342978620211615,0.006812181722730237,0.0024924730423663277,0.0045998635060078286,0.0013501208829163058,0.013069726883931557,0.015390963643994705,0.01372949359188056,0.013662322892825486,0.010207328556856111,0.12361831961961248
2014-12-23,0.0016880924643276618,0.0012530259737792981,-0.003537964274726857,0.0013499477488008171,-0.01983485716736144,0.01035594845071328,0.014618046250118264,0.013743893095753483,0.013648878199733436,0.012402170467115654,0.1400334034336182
2014-12-24,0.00026608816627016196,0.002889105506223455,0.0008635706131565613,9.61247695980827e-05,0.0054424713589740215,0.010443641574388134,0.012242698591498326,0.012626282753507788,0.01226209848376899,0.01229954737171324,0.15925952987678121
2014-12-26,0.018267316212737805,0.006513019549032162,0.007095083529045976,0.003224720138469861,0.00371156878601564,0.01269451674881531,0.012270025309256388,0.012717097909602225,0.012239111811015028,0.012285980778757857,0.1666784884379528
2014-12-29,-0.010101921480555665,0.004231099396591942,-0.00019049322224640175,0.00134322584626001,0.00747522200876416,0.012926959406708384,0.010860945852854556,0.01197532076183005,0.010351090028846521,0.011681889307590574,0.1946212114020461
2014-12-30,0.013460005313124634,-0.005865439657667948,-0.006665538828583895,-0.0053661349336323605,0.002712403019701881,0.01114222271865833,0.010233594733339726,0.011582466674905012,0.01017812422027812,0.011708089237208527,0.05104569666892291
2014-12-31,-0.014062457987002785,-0.005982806055582324,-0.010257128249997693,-0.009922834557000715,0.001909937458562716,0.011944644939062709,0.010705054316903658,0.010627109109187429,0.010454001486378484,0.010918597473354205,0.1479070855178719
2015-01-02,0.004402183412038685,-0.005768453647969851,-0.0030019916566816907,-0.0005350839661996121,0.011118707921102144,0.01193133865984193,0.006681276206057725,0.00945032060590433,0.009042033004877596,0.011142809233450134,0.18568781459310424
2015-01-05,0.015077149308345472,-0.013368981192935614,-0.014668967492025842,-0.018059811481470733,0.01570758712991349,0.012672336741286361,0.006659253372512058,0.006732615837370195,0.007232957930210709,0.009840061724811895,0.14224140051489914
2015-01-06,0.011398960794795743,-0.017300540294315825,-0.013408372180148675,-0.009418638699631665,0.018017712909934813,0.013013048375900463,0.008349744908091672,0.007095120864982563,0.007232263597849926,0.010402120299103269,0.06141720780540634
2015-01-07,-0.005891414149803653,0.012314831585035657,0.012891256511121885,0.012460535342197598,-0.0019750322106522056,0.011104957292080497,0.009182992493561987,0.008743735686654352,0.008498815713497738,0.010574980489486099,0.07383603977179236
2015-01-08,-0.00420851895976293,0.016962247715070822,0.019139479817426475,0.017745263389726373,-0.013243323824047692,0.011362496789909334,0.010988186551453576,0.011207688040572662,0.010633660433062195,0.008979662115953708,-0.023527452153547946
2015-01-09,0.011385196369055883,-0.009603400127146666,-0.006582983353325744,-0.008013562014968612,0.01095326669289376,0.011621472951539247,0.011262043193149888,0.011330089108541126,0.01086087083538012,0.009170913127182441,-0.03089253247580912
2015-01-12,0.011086435260788896,-0.0033171321291429745,-0.010426566807392845,-0.007833419504236883,0.0057220515601112965,0.010835331374067135,0.010879611127328336,0.011196075591832793,0.010871862636395817,0.009145972488156738,-0.07887332832046733
2015-01-13,-0.003373767752371082,0.0007680743107398857,-0.00029531555697748235,-0.0028127508236553966,0.0,0.010097590228502562,0.010685388542314015,0.01119287166024119,0.010776596545429912,0.009301617993255228,-0.07205831001874162
2015-01-14,-0.0016080097792615655,-0.004007951346494787,-0.005516304824056406,-0.0060373822319710335,0.007585686991814278,0.009630489528411957,0.010648367018264314,0.011160644807641782,0.010793833302093948,0.009290728665565315,-0.0677727450725671
2015-01-15,0.025175902263040006,-0.016866215160472153,-0.012975396303097297,-0.009160426635863472,0.015736186527241403,0.010148161063606003,0.011515854488852076,0.011382185701338044,0.010743984388250458,0.009703552718929132,-0.15209893508120126
2015-01-16,0.013064281211881523,0.016284734632042275,0.011740973293759671,0.013114515657615344,-0.012749739351119893,0.010331977109196483,0.013140564612314092,0.012364081313033862,0.01191831235020427,0.011361475663351833,-0.123437693665851
2015-01-20,0.013712049879254229,-0.004198511657757753,0.007934811639638939,0.002132319381408454,0.013289579738505974,0.010224957051321442,0.012551308491639192,0.011848118601434057,0.010481668046512776,0.01112142585381805,-0.08692016851904345
2015-01-21,0.00024159749942587183,-0.0031838688211885957,0.00511755832110139,0.005048121953559193,-0.011559631111628277,0.010308992682735576,0.011225102666438032,0.010884322825690525,0.00999074628424199,0.011010274189839797,-0.06067219433094119
2015-01-22,0.008049585228834255,0.020372731045590564,0.018503888747872344,0.014870907009219891,-0.0035974470711084283,0.009433972163390055,0.012394543263476923,0.011622161070269563,0.010304312907212928,0.011076890185509026,-0.007880146005916333
2015-01-23,-0.007985306821000182,-0.0006768906126937146,0.00221074794824494,-0.0054827089811105845,0.013917749558305825,0.010006459220228262,0.011109824683297492,0.010087274426921065,0.008852726322296294,0.010450382349885679,0.04105112963506617
2015-01-26,-0.00998152990144674,0.009651072271141814,-0.0011508755821744154,0.002341681110370475,-0.003041594155517413,0.011173255305020915,0.011013888645282173,0.009776760000962273,0.008462501699018618,0.010341820335150194,0.04657176138884774
2015-01-27,0.011464376669647391,-0.004779041499365366,-0.025926681993861833,-0.013190074057282675,0.0015625229902078708,0.011197352137795215,0.011094086052717807,0.012678348890811904,0.009194765273114743,0.010282662032424868,0.04918098073139963
2015-01-28,-0.00787784039319106,-0.01685077157721293,-0.005126148545894438,-0.01282480757456983,0.016348425483814433,0.011647596909189761,0.012503852829268594,0.01278096126954819,0.010050338646282596,0.011170448023512468,0.05247185107219478
2015-01-29,-0.021552390797103027,0.013797439659062771,0.009611587498589591,0.009243636246463849,-0.006580342098030045,0.014219191970608617,0.013186149539867015,0.013016824112587479,0.010343046998344511,0.011522550899807018,0.01164985082663692
2015-01-30,0.022275544587827323,-0.021978041557566108,-0.007753616467411795,-0.012574655098569365,0.01773731010382651,0.013724687272739435,0.014042303626028466,0.012488167584087488,0.010749734471415176,0.011795343907385125,0.009163022817585863
2015-02-02,-0.008343449208254805,0.009161416025236457,0.008704504242284639,0.012383618530206197,-0.0037755572460610454,0.013499306357624913,0.013334849667987625,0.012246508934372421,0.01065474746576966,0.01080308135746448,-0.016001238920679905
2015-02-03,-0.011190942147351168,0.017899923262295614,0.009609786374628282,0.01446102429215812,-0.02116671532451353,0.012975599129231104,0.014331377253274193,0.012359597981891953,0.011577200653667572,0.01264660503137606,-0.06219789275418176
2015-02-04,0.0043783458565487265,-0.0037019463575802547,-0.0008742156612958629,-0.003807491716223521,0.0017095644182036906,0.013137296906199556,0.01435448811620112,0.012303386482236554,0.011608145168124714,0.011979297134724712,-0.0661836525816473
2015-02-05,0.0017272502164005221,0.012921032383129694,0.008651906467415316,0.010095152468315938,-0.010979117482418976,0.01274202414217407,0.013478117011402453,0.011057938733802725,0.011037344437815347,0.012530154961138254,-0.13517230194442176
2015-02-06,-0.025864204796777424,-0.001083715404033292,-0.006072247123821373,-0.0027655760533858986,-0.017702460930755892,0.014672747679217482,0.013486178385991586,0.011166624965141973,0.010918414964837617,0.012775774018027776,-0.047894718635048954
2015-02-09,0.004467285755423989,-0.00792930790837243,-0.003199586473006999,-0.004475751481035628,-0.001603410348895884,0.014783595759305896,0.013451928175706849,0.011187809523039374,0.010991875508805505,0.012778205136102987,-0.0479920341137435
2015-02-10,-0.005873936049321848,0.00639416226883438,0.015564524639745336,0.010653381239183357,-0.007953551008298643,0.013881172466346412,0.013498288329562307,0.0083473325510633,0.010469706852838165,0.012800917864844746,-0.007330100228611791
2015-02-11,-0.011817350480741395,-0.0014213355840934083,0.0036392600966421718,0.0005800789307766063,0.0018499041038917419,0.01403375075335386,0.012052972144977156,0.00785522916728127,0.009127269092977156,0.011012169871347151,0.0017526499391405715
2015-02-12,0.0023062837940568404,0.011385251698615484,0.011643714284202522,0.009616750985221634,-0.003308667812741306,0.01292521958115684,0.011821577522957767,0.008046572599559213,0.00915462707800871,0.011003529197508213,0.0490562621013357
2015-02-13,0.005454295543013465,0.005959749716828,0.008585042934582843,0.004116357698680684,-0.010268609296023912,0.010082023736337558,0.008240976334565813,0.006985595024471971,0.007235509861323975,0.007810002681221088,0.22346278471569017
2015-02-17,-0.01669775525216033,0.003127240246976415,0.0009354967049399754,0.0015732441938913766,-0.015056324079163463,0.010761378979412367,0.008119054252882413,0.007036913519784273,0.006819627851270862,0.008052125006705746,0.2540194845210119
2015-02-18,0.002844532329830063,0.0010662029932351214,0.0014014695672388555,9.556829082479901e-05,0.005940558356231529,0.01082439155963206,0.0066020935488180854,0.006897146978882128,0.005810683328531178,0.007855016785535233,0.33332029514323247
2015-02-19,-0.0034381460295276334,8.189504854483332e-05,0.004945963755185634,-0.0007139036395745757,-0.006614216558674779,0.01043478144972288,0.00629762280072057,0.006679692383592006,0.0055079969542384186,0.0074064366388139,0.38481429595804284
2015-02-20,-0.005692631086866906,0.002704042290651465,0.006686083793742803,0.0060000975469558515,0.0029331448738767474,0.010188735230096956,0.005261881752189602,0.006575624445192177,0.005044487449976537,0.007783177389492376,0.40684899989509227
2015-02-23,0.0013011929863573357,0.0009802254109390063,0.0010143804787061672,-0.0001413713804481187,0.011458317508621363,0.007365930931880185,0.005165848775706486,0.005634596541656812,0.004804528053658947,0.008028364145567693,0.19960864582203802
2015-02-24,-0.0014727381832787545,0.0013063325908007073,0.0007370807271920299,0.0028403183994845094,0.013126044604963027,0.006950192038278568,0.0037888281052547083,0.005100870931743657,0.004089033048798845,0.00939717793417454,0.22604969952637557
2015-02-25,0.0038174111040851777,0.0011413797226635936,-0.002486139052796821,-0.0008495783550063196,0.004318921349548921,0.007223063968520729,0.0036520277697177275,0.004276856124020124,0.0034013862995300515,0.009155870207474678,0.23738029999472018
2015-02-26,0.0031979494930112207,0.003664543016345334,0.005077330228895116,-0.001181694692165114,-0.013668321095069214,0.006564562837252284,0.0033677323113962057,0.004298327726006473,0.003543694986332351,0.01015097174707382,0.21578979104235524
2015-02-27,0.0007754283408443197,-0.005436092352573585,-0.004408849102581214,-0.00340609368170397,0.008407569782340918,0.006500630453484992,0.0029702364657817146,0.004056661162644775,0.002804811707728605,0.010538262359064052,0.09685370405752357
2015-03-02,-0.004132260173905,0.007260418581730876,0.009041029611066786,0.006313564514419001,-0.018626621014531608,0.006141465252390663,0.003208146608679735,0.004137553316736138,0.00315479885605758,0.01171409624188484,0.020668109172684017
2015-03-03,-0.0018153447779967191,-0.005912370867831029,-0.004663172647542235,-0.004103845748982704,-0.003625399140932628,0.0033303772141556986,0.003921081958133363,0.004684497417913486,0.00353827395313092,0.010677874910142706,0.029770473376440044
2015-03-04,-0.0031176981600916642,-0.003095980991930314,-0.003857500364087274,-0.004215607432166757,0.00031697571932443047,0.003204058207652216,0.004093321823468037,0.005009931396737366,0.0038407538639502236,0.01049818026056751,0.062330664039478935
2015-03-05,-0.0009556129768769628,0.0029421623324841217,0.0017517155855455435,0.0010939632800284205,-0.0012655046682005233,0.0030933875933128237,0.004177821268155656,0.004844259036094599,0.003843130086813166,0.010268669149688025,0.06397760538470774
2015-03-06,-0.02730434251868208,-0.012630480458355464,-0.011321414384622086,-0.014064173580942696,-0.0220919159184515,0.008929038369230794,0.005800629843691937,0.0057180970670579175,0.005414982960676472,0.012395011068787508,0.5755007843994944
2015-03-09,0.000983377523255502,0.004374211590943089,0.0028861081669981914,0.004144437153313252,0.009231047987271479,0.008912694798351507,0.006022967838038286,0.00581790706998589,0.005719383506165513,0.012140409023385737,0.5909088743689763
2015-03-10,-0.004912057209624399,-0.011503615252864141,-0.018566785053403145,-0.016222060451133835,0.013157297766935194,0.008913468633200222,0.006866520281889969,0.008052494216328551,0.007164386498459411,0.012144849703068141,0.4517531284624249
2015-03-11,-0.006013266738071565,0.00615095291440948,-0.005770090585631826,-0.0023417458018843984,0.007285631041922036,0.008571132079621506,0.007284659501716591,0.00811159893281698,0.007124284055117152,0.012361105541839775,0.4267133514702725
2015-03-12,-0.0002708693390236494,0.016606407981326843,0.006564492332594929,0.012713991016332749,-0.0007077336352573349,0.008298502383949394,0.00918882419253871,0.00828752302449584,0.00876979093213759,0.011672255883017187,0.46227056333430855
2015-03-13,0.001445050857576513,-0.0035758746193482738,-0.004347604703281549,-0.006132282278722423,-0.003068170407269588,0.008349923379090816,0.009087617427478139,0.008286252805816362,0.008859964867228395,0.011222778010800662,0.4652861498949233
2015-03-16,-0.0006313103946443688,0.005872254451896097,0.012910208760421371,0.013360832832129965,0.00962761129143952,0.008444999636622631,0.008975343286123639,0.008964625912367175,0.009845078249897112,0.010050213783678921,0.5824798928178055
2015-03-17,-0.005414660114975933,0.002675764050805496,0.001593692177374928,-0.0029725773981700288,0.00828511641989138,0.008405879353340077,0.008763343106595132,0.00901055907041001,0.009819278134957801,0.010161308524778168,0.5839969178993137
2015-03-18,0.019598980855210835,0.008005657268637778,0.009824842713701765,0.012021347046676789,0.019301830110986407,0.011394869797331932,0.008919347342379962,0.00968001776205195,0.010623181498612806,0.011483432440231884,0.6449424051241825
2015-03-19,-0.0007119500676271429,0.0019254541758746413,0.0014826640411795822,-0.004561367710412378,-0.005095083653217647,0.011398436745099999,0.008911834836230148,0.00967359779619419,0.010718056280874522,0.011738653796922833,0.6391346350862387
2015-03-20,0.011399045051747603,0.0088077341031787,0.006472764224592087,0.00882688908194229,0.00527486194359561,0.008053702896710795,0.007528631964197597,0.009074678663205367,0.009889173259801591,0.007515964864116185,0.44741540818846526
2015-03-23,0.006339713151693793,-0.0008728116622862547,-0.0019345368845740119,-0.0019485291153749085,-0.0012166592556287492,0.008189017454554389,0.0076759372551582885,0.009109331305381912,0.009922056901382603,0.007788968098762985,0.4401689113251487
2015-03-24,0.002449897428068226,-0.00023853924954397865,-0.0036007312591964657,-0.005619103231251477,0.009668251954523033,0.007812567951389229,0.005854760991340027,0.006394682384909416,0.008274296561477958,0.007468682768241245,0.4780921656263529
2015-03-25,0.001396558108890389,-0.023886693131138115,-0.022885434979469266,-0.014654142633387157,-0.008444956866075048,0.007209938218799264,0.01066406949737945,0.01004757480016658,0.009819306880088644,0.008503603382159362,0.5765447886496504
2015-03-26,0.00653708688272836,-0.0012249627592446632,-0.0034132591877101826,-0.002381007889681541,-0.015589402606529745,0.007128977809210617,0.009262027541179262,0.009884441857741105,0.008958680810425165,0.010388364430438304,0.5998685584764666
2015-03-27,-0.0036370435238182175,0.006376774040226962,0.003995892165979065,0.002289836829799441,0.012436969362201511,0.007520806524018714,0.009398802992102447,0.009865356849179835,0.008754082072161199,0.01072050391207497,0.5574784290787766
2015-03-30,-0.01138534318086215,0.013566165919178808,0.011467299496349614,0.012199456251489993,-0.0049589349396458315,0.008863201262230317,0.010150127670311907,0.009671422536576919,0.008569317371187673,0.010774970065661712,0.4586414876631405
2015-03-31,-0.0007911765968406925,-0.003205884388022273,-0.010587712003713112,-0.008739425730164951,0.0021467452619294836,0.008508854746193985,0.010245257114527258,0.010240797903046526,0.008998803628251674,0.010547436454321933,0.4757048810366076
2015-04-01,0.017068403567705115,0.0004017779890430617,-0.005208054803688356,-0.003536327653219873,0.013135135577853507,0.007985849359415258,0.00993897042286416,0.0095700223605775,0.00792051176584223,0.009510714887332152,0.3114637359387783
2015-04-02,-0.0027681634865752702,0.001848689123184366,0.0006663121070984435,0.0035974693309333006,-0.01059589365744995,0.008113675114367083,0.009937489082301857,0.009536444893098087,0.008025399306483124,0.010030311195985459,0.2971395962805867
2015-04-06,0.012231121417765056,0.004412440586024191,0.008181196638927357,0.006733655403972083,-0.005583810341611373,0.00821685424022415,0.009603974262792525,0.009728474835158077,0.0077637442376806785,0.010005881436980568,0.242799060001113
2015-04-07,-0.004970450072155241,-0.006389677824341522,-0.0016986057628262108,-0.0026469063755163447,0.00838406669984293,0.008442249790564854,0.009798155299010283,0.009729831577367091,0.007774301488574991,0.010424011301078073,0.23266034442637668
2015-04-08,-0.00551200918339656,0.00860126793831184,0.007939690069284966,0.00337725049572013,0.0003056359468460723,0.008725262267265568,0.010246354116713678,0.010230996570410694,0.007736266139194626,0.009870903662937759,0.22825048828573036
2015-04-09,-0.006928232816320268,-0.00358660303695868,0.006282812094748236,0.004423794670959991,-0.012964426039142496,0.009054726527359173,0.006181878608357234,0.006992436182543246,0.0059761076921388805,0.010347876914254255,0.09608887008558836
2015-04-10,0.011336906536289382,0.004799420783469177,0.0041001727947549416,0.0054565153861876325,0.0014678985367104769,0.009554116852547328,0.006117223171436447,0.006774770853509109,0.005919607131463559,0.009061853236698083,0.09950974575121493
2015-04-13,-0.007157039081814864,0.000636573440801147,-0.0025056714944448055,-0.004522564234870741,0.0013887824255895964,0.00978409029569582,0.006000242740494842,0.0069270039130255225,0.006302501747306648,0.008044575388868208,0.10243285509300007
2015-04-14,-0.006079528851422933,-0.00023864154034547447,-0.0028843704592039776,0.0019130264715583323,0.007087764625690829,0.009218836430297505,0.004462157183425679,0.006160534934529271,0.005113899174543062,0.008240127295205879,0.15223307565605157
2015-04-15,0.008650802539753588,0.00700279819302585,0.00625204970238924,0.004486810737175828,-0.0008410275275015922,0.009533774852719803,0.004626912181142586,0.00500850579120576,0.004022262359887726,0.008227021089393539,0.13798979905286166
2015-04-16,-0.0034653168571547877,-0.0005531591858604079,-0.0013913964325311667,-0.00028525677530344407,-0.004976731916980337,0.007900294535848442,0.004667478655567615,0.004509198580751589,0.003645213936069481,0.00695261545665539,0.26735337807955284
2015-04-17,0.004955226470251928,-0.016208331138278465,-0.015600308628251125,-0.011503090556589823,0.011465003909493232,0.00802675732486014,0.007321677833629732,0.007307577768759401,0.0056196032100405465,0.007284654439499394,0.14221421514661672
2015-04-20,-0.007612433088526105,0.00980472182038783,0.014998628119645474,0.009136909800096626,-0.008825134303854565,0.007156828663517447,0.007873030175065559,0.008314354031521077,0.0059461482726732035,0.007651911566287784,0.07182094604649059
2015-04-21,0.005753103431764384,-0.001034524737064113,0.0042751175818469545,-0.0011913764061057819,-0.004528462816927981,0.007407712410640586,0.007535787118001437,0.008269549223469157,0.005864659316330983,0.007202946823971628,0.0689219269114941
2015-04-22,-0.013433831333510171,0.0015137727792249311,0.005459974297733705,0.004913904422870763,-0.015265555859598212,0.008353834620878894,0.007051032712185948,0.008112219970371773,0.005949623518036968,0.008453710773885584,0.08388388179278217
2015-04-23,0.007291591124513719,0.004534175602473045,0.0037735370182621075,0.002516379326842788,0.004306277816144455,0.008516553365839483,0.007032343075245412,0.007999569073647147,0.005867750696206317,0.00784294899874587,0.11202557073617112
2015-04-24,-0.01404151891618688,-0.0033260518890442237,0.013570652125775684,0.0023205493651206055,0.006237047885321756,0.008552017413054412,0.007017270538141728,0.008838738771010388,0.00568968056035613,0.008140411738765056,0.039222533552245566
2015-04-27,0.02016805588455428,-0.011043835504939814,-0.0025330274241260886,-0.004157752610875809,0.0,0.010936579874970287,0.007860418584164553,0.008840496834389864,0.0056529654131271,0.008118411432177137,-0.003375011179801213
2015-04-28,0.008670770693864016,0.005543204262022705,-0.0019953862309364245,0.0031787998548584717,-0.013791242075276489,0.010987337152351766,0.008127081401895797,0.008783594278619994,0.005694303242743056,0.008610354879759932,-0.007493525973555193
2015-04-29,-0.007048909841977813,-0.01086572216921844,-0.006270482947383638,-0.004114868147551021,-0.012255532564282356,0.011004425000784685,0.008287061121471357,0.009104691246523026,0.005748681553636741,0.009091194117601085,0.04694799546334768
2015-04-30,-0.017660816187341055,-0.021163547044347752,-0.015729219471261713,-0.010020484811537389,0.001750014987533799,0.012351933430316646,0.010187165822424148,0.010603686181460232,0.006581646328628469,0.009239104071001017,0.13955925211362302
2015-05-01,-0.0034370263986326366,0.006519712243356679,0.013193508966030887,0.010841661294353155,-0.013461455838691405,0.012163687235003042,0.009742118140744077,0.009775394332741412,0.006368516210912773,0.008177188531981266,0.18271412320706362
2015-05-04,0.009020132884241638,0.0036073265246070463,0.0016504075141503538,0.0028471695838188094,-0.009435699005516218,0.012464935044113615,0.00908617378873153,0.008798401980559766,0.005798232529898141,0.008206310530933498,0.201594909374682
2015-05-05,0.0028045547686559313,-0.012743953869500668,-0.01629585431712588,-0.01145137526465656,-0.0013839549969011378,0.0123355262474816,0.009605734927125504,0.010354853951968428,0.006963414659349919,0.008313372478492993,0.17997129007081253
2015-05-06,-0.0005243625201353241,0.0034750616652459154,-0.006887033396783315,-0.004117226982361166,-0.017120991532106222,0.011510497315423725,0.009744008912130533,0.010298871034060887,0.006793828631987227,0.008576306946943375,0.20893349782770826
2015-05-07,-0.00821967852736405,0.003793200570471056,0.005997759660362201,0.003989499508238792,0.013437588496008956,0.011542305176897666,0.009678329584923555,0.010454315904262936,0.006898902397072305,0.010090658528614255,0.19738577415564246
2015-05-08,0.004849259924502469,0.007475663615924333,0.012482439707419024,0.013166284851712229,0.0027009871574710242,0.010690002151501602,0.010297789194380007,0.010283941790759527,0.008217407180664963,0.009723898440698457,0.2958753561152462
2015-05-11,-0.0038606864674344266,0.0005705808594538286,-0.0038642889551083748,-0.0047726215131778105,-0.024324175239656243,0.008302186863136694,0.009878584588881556,0.010305399650275398,0.00825432624391433,0.011266391247539458,0.36937098335012924
2015-05-12,0.00854400802548061,-0.0017923232566554592,-0.004525851633111033,-0.0029911198261413086,0.002593360995850613,0.008284941908106696,0.009575159232544084,0.01034250005237842,0.008217063275833639,0.011422099919932331,0.37273653116296407
2015-05-13,0.01790395678391099,0.0,0.0020413769309162166,0.00019023118561456442,-0.008011029672453818,0.010021551982704473,0.009074924326366572,0.01029728150656236,0.008128375705588463,0.011230750934866474,0.33223309312443206
2015-05-14,0.005405381698172951,0.010612629963919096,0.014629610277383298,0.010427636532656548,0.002691626207822706,0.007634269440893472,0.00641302224115638,0.010006856192279888,0.007962600224279205,0.011300396762756982,0.3172849470251527
2015-05-15,0.002986844796122101,-0.001130702040349263,0.0,0.0010839251688523621,0.020050623889707575,0.007270820855182148,0.006289186585935583,0.00917950224167733,0.0073038861565017515,0.013368411969971737,0.35080635147334294
2015-05-18,-8.510283616403047e-05,0.01132222731509458,0.0043804291055964395,0.003106503566786767,-0.016777075572888656,0.007125800610851514,0.007022310602702175,0.009257030634683895,0.007312271204459591,0.014015357437042837,0.3118191322765016
2015-05-19,-0.013869956602948319,-0.001359540911104573,-0.0010904249274018563,-0.0003285869818271392,-0.008867514034188062,0.00890127055865166,0.00495708880668104,0.007145662617277942,0.005950017053228032,0.014141588421974058,0.3534651439249541
2015-05-20,0.0016395067944336983,0.001841878870697533,0.0006369007258686388,-0.0007036247462546275,0.0016884933106129374,0.008877913768533221,0.004977420817102245,0.006429109113849731,0.00565209665767089,0.01333626424647831,0.339021652194697
2015-05-21,-0.003359746584222556,-0.0011190520180728303,0.00518097151358754,0.0029123569150761863,0.01398566026487913,0.008405381593685061,0.005144652806369598,0.006392849629607918,0.005626885244043921,0.01340533697650861,0.33746269720872635
2015-05-22,-0.0007779753253159827,-0.004321199140468357,-0.0009946569851992937,-0.002389175359457041,0.0004152860008677095,0.008382912263012188,0.005264298287288706,0.005531193111708497,0.004240590812165034,0.01334649046448114,0.31908316151477534
2015-05-26,-0.014619332476808355,-0.009563363129990177,-0.011496206346074511,-0.010751432176950071,0.017110281403595273,0.009723743058716204,0.006323843503658694,0.006764087535004216,0.005363448177987552,0.011877904050092992,0.2538271369127683
2015-05-27,-0.00017561471177085508,0.012252308244502297,0.016117213292366817,0.009492216783906882,0.00228585862708397,0.009291325582167602,0.007260905952917019,0.007974041351258888,0.005991487194730025,0.011877998935333905,0.28223610271455984
2015-05-28,0.0011414281685366845,-0.0008817525166409101,-0.002252895940062505,-0.0011285063446753174,-0.002443771022088148,0.006774214145130747,0.007291206466608519,0.008141710602626903,0.006033093751604313,0.011455797860899543,0.3546668071715758
2015-05-29,0.0007016473724792416,-0.006017337727417749,-0.005961155504387139,-0.006212852859205253,0.00220516792342651,0.006338975826146057,0.006936980540828561,0.007296191381906202,0.005464705017276031,0.011458351201506295,0.290996294294808
2015-06-01,-0.0008764108278561666,0.0031477346155610597,0.0033613721510485917,0.0020363854120062364,-0.010747775487961797,0.006069832325391847,0.006984258233093464,0.007350282085050135,0.005503386088742716,0.010450573526432715,0.25419224110014876
2015-06-02,0.004035079688356591,0.0019313685705590888,-0.0031695394028928847,-0.0009928896788096164,-0.013952392932892854,0.0064214564265111405,0.0059226043778101145,0.007328017205342789,0.005364368694322996,0.009977633741454472,0.28007105802777216
2015-06-03,-0.007164072177032299,0.009958447403627169,0.0029982463724120834,0.002649733227395812,-0.01607474697694289,0.005381597242308461,0.006745068734525595,0.007372291320143942,0.005475387679354283,0.010918737477631689,0.21520901388827168
2015-06-04,-0.007039801619628361,-0.010019551465078824,-0.007608494465764282,-0.008446151812291025,0.013019497610668562,0.00543875031619361,0.007524348961139815,0.00779693918942084,0.006025760290702861,0.011734630682744484,0.20526075622518936
2015-06-05,-0.005317250031845466,0.007229165960462192,-0.0023734693511527905,-0.001713289083636882,-0.012179962224939,0.005495526674017469,0.007897370776128001,0.007560385887814042,0.005842680705590732,0.011323382817258722,0.17198913452104117
2015-06-08,0.002940144666210953,-0.0046251923352319535,-0.010155508202194685,-0.006149923748736241,-0.001105089761344602,0.005781593803089829,0.007917999918392512,0.008078355571098697,0.006007419900109719,0.011296985069084286,0.1471530036798529
2015-06-09,0.002220840372015198,-0.0030443841039097252,-0.0016636032455831229,-0.00014374372706926763,-0.007917424047698796,0.004116615470973515,0.0072523163295236115,0.007368615574164485,0.005196034366098461,0.00910644579510232,0.11672445341758671
2015-06-10,0.008509121495031247,0.012455780557721674,0.013702039536515276,0.01199334536240837,-0.008752365940649431,0.005098045606145376,0.007287614853958814,0.006756841964220159,0.005787039665725615,0.008831626771561159,0.1456055255857079
2015-06-11,-0.004570193783136389,0.0025398587277856155,0.0014618211761228128,0.0032233837817106092,0.021035645370802936,0.005262678091999348,0.007269047868829236,0.006801350692646505,0.005922538556879431,0.01227236207885648,0.20306294109913062
2015-06-12,-0.0002648664906503839,-0.0030085408705019523,-0.008208162593481783,-0.0076549850268461395,0.0,0.005243813470847394,0.006986747831090968,0.0070192663120960345,0.006095500313306732,0.01217897374478626,0.2077464102223517
2015-06-15,0.004415790737229308,-0.003176006111303531,-0.004965717207081721,-0.0042852377208267844,0.0016107309237112233,0.005491163633393221,0.007121655366769568,0.006915726340388227,0.006128658463280413,0.012006488120092152,0.19668212746260494
2015-06-16,-0.003605061549348698,0.007089841910880024,0.005452559209906838,0.005451822290986508,0.007872355100013495,0.005362812981324898,0.00737692299437264,0.007281283645268367,0.00647624291958299,0.011658154715600378,0.21053156571247192
2015-06-17,0.004677010066397758,-0.0015033421763596122,0.002757329087863969,0.0016173177839025055,-0.007727095787957938,0.005150557685669125,0.006790712762028989,0.007266468070654163,0.006428371423154752,0.010654757591620958,0.2401933641987637
2015-06-18,0.012911736850284239,0.013388486618727269,0.014573750600296309,0.010398888664948869,-0.0049090309012453925,0.005852426564362615,0.006836634300186702,0.008379750739183579,0.0066350965470861395,0.009804543866234193,0.3249662264180882
2015-06-19,-0.0017342780850801987,-0.0004691368655127537,-0.004943727433241785,-0.004439037954996006,0.01284360117571759,0.005436533613906775,0.006706481327691149,0.008534685203966184,0.006824719543111388,0.009885840275626195,0.29883279666863344
2015-06-22,-0.01285617895780966,0.006882716546068979,0.00737087844871831,0.0051228552773796565,-0.02040667911642291,0.007289639562603967,0.006431763144955517,0.007802889310637079,0.006431981482977424,0.012053219815706926,0.2635579275859923
2015-06-23,-0.006599788842205134,0.002097125010618317,0.0008128617286780049,0.0007080121793514582,-0.006000394847710533,0.007646446324990527,0.00608054562818801,0.0076926894205551575,0.006404127871149527,0.011939231940768694,0.2699695824064997
2015-06-24,-0.0026574812063053788,-0.008448926443594407,-0.0051448847363809724,-0.007262926162105443,0.008624158826037176,0.007074003280258314,0.006298582306897921,0.007003131783531591,0.006020315771240176,0.01185979210414659,0.23235311564906777
2015-06-25,-0.0013322133525454083,-0.0005471666330476577,-0.0019957900451292865,-0.003040282405311956,-0.0035059016010283717,0.006967167472279111,0.006319704055201501,0.007058363241953785,0.006006806962186094,0.009655084506348997,0.2176339862154048
2015-06-26,0.001067192410014739,-0.002737536395304274,-0.006636682554337248,-0.00019028358394979072,-0.011240446042776409,0.006989206517510901,0.006300056722272012,0.006855774092760015,0.005432947601925745,0.01014683782856598,0.23258602960711636
2015-06-29,0.0045309359212182265,-0.02525518406256566,-0.023611239369378922,-0.020970560035904695,0.02646816270335095,0.0069984243265902735,0.01049729342333177,0.010264455960781462,0.008646337651653305,0.013647739533295702,0.0943507298195468
2015-06-30,-0.006190828249150737,0.004667157011937428,0.003562118460261887,0.002093119056661319,-0.006932283151935503,0.007169128757267432,0.010317533429990053,0.010146348351605175,0.008418869916473462,0.013525651780712264,0.0693077478711807
2015-07-01,-0.0034706717105629226,0.0029633964889723696,0.007938677335375788,0.008015681474891068,-0.013497891325568001,0.006934329892117151,0.010398952208584576,0.010504003020168663,0.008918552120153281,0.013947867955831656,0.05696658138799038
2015-07-02,-0.0019646473844252554,-0.007385657907294396,0.00027775551561082246,-0.0009155264574549626,0.0032863507027822703,0.0047044852346354304,0.009275969968410227,0.00905027211856783,0.007986943728372428,0.013989234463165289,-0.14048394444734186
2015-07-06,0.002684282539629823,-0.0003233088569510878,-0.002315741617626599,-0.0028461087478662828,0.018534608362519522,0.005044400289755758,0.00928019588504903,0.009000963169705575,0.007950644300838116,0.014713622787759612,-0.09732754939905394
2015-07-07,-0.011600887477117294,0.0011314537447293382,0.002506894782848823,0.006289127593293697,0.009394635097095039,0.004771223306522393,0.008777442251722913,0.008560502852645672,0.008073184101768278,0.013162519814944155,-0.09279836177745834
2015-07-08,0.002979362543296782,-0.015256658745775975,-0.017412526154837238,-0.016777793513221728,0.00863680848882753,0.0048298094833029576,0.009274804807181491,0.009656131260824048,0.009271442248865891,0.012922258117212728,-0.09262636919099697
2015-07-09,0.0024305003273175085,0.0036065806696368163,-0.0005653265014829989,0.001809186471339208,-0.019702061034454377,0.004971425135942248,0.009572633005619597,0.009719111487913963,0.009312673717371461,0.014763758107152698,-0.08682123627848949
2015-07-10,0.0011673603870820948,0.013885664460065339,0.015278742187889716,0.012591383357514419,-0.01585830622156148,0.005020306793338859,0.011102405512509832,0.011459700353875975,0.010479345398240247,0.015684105613166233,-0.05510239291830408
2015-07-13,-0.00448470723455352,0.011278497041390168,0.017556951089896744,0.011037418865601722,-0.0031020483665542553,0.005092823592295529,0.011919576915069586,0.012862926625883796,0.011165486369045815,0.015246326045834691,-0.05979482463328497
2015-07-14,-0.002252455219495131,0.005576320882587638,0.006572735566451771,0.004338076454984963,0.0032840155465616583,0.0046486604070239065,0.008451202960074978,0.009799550716017463,0.008402148037126056,0.012391931347688883,0.017341861602249466
2015-07-15,-0.005237440968471563,-0.005307588069610181,0.0010882654474189124,-0.0003322170690476245,0.010597376884176724,0.0045637638891321145,0.008688620982624478,0.00982451505163745,0.008452089203268981,0.012786711268370207,0.0130374115272338
2015-07-16,-0.0036310957932229604,0.005973220949388125,0.014133340019856666,0.008023950330832141,0.006905446116965974,0.004569883728989434,0.008814758813277139,0.010345505863983293,0.008452708618571248,0.011967277057936997,0.026109670788803357
2015-07-17,-0.010112979124889843,-0.004354278891283481,0.01473971476162883,0.0008478883800304704,0.005164907688062437,0.005241726792563262,0.008529705037018014,0.010812358678425548,0.008395871299469684,0.012000962047743926,0.020968206861125587
2015-07-20,-0.027151445340146352,-0.005407150614030076,0.0034336295841101983,0.0005177672502518771,-0.0042117484157765395,0.008949446380673238,0.008805507955243319,0.010519672088917228,0.008223580846851786,0.010683319615725622,0.12969006720528892
2015-07-21,-0.003121988752958438,-0.004716976200077272,-0.0006142892348340867,-0.0039513005916193,0.005413423005688367,0.008736802610649465,0.008996270801010222,0.010671244672059965,0.008381667193458297,0.010368455850621933,0.12469718278359718
2015-07-22,-0.005409506310776968,0.003694885661088332,-0.011324621455632289,-0.001794473853734213,0.006225987273744682,0.008282694938958461,0.0070974375803991505,0.009310790172368839,0.0055507178362837846,0.01016391370249928,0.17002249418646936
2015-07-23,-0.004484744341763047,-0.011044339662533487,-0.0037294399527911803,-0.005630027477309563,0.01245847829686797,0.007795336442308725,0.008245292224449075,0.009608815134161286,0.00623086711718524,0.00834891605388822,0.12333673503070823
2015-07-24,0.009776637833459612,-0.016104084537888697,-0.009803658855048969,-0.010371852578562435,0.00247722505811665,0.00909914619642695,0.008471552708312213,0.010095872488222291,0.006355304604034281,0.005268443007156677,0.10460414094326961
2015-07-27,-0.00465114258060384,-0.008307574898224201,-0.008280703741931128,-0.005817760212496137,0.005354373937466184,0.009097009175674284,0.007221869068600168,0.009288809254390355,0.005335136023683109,0.00453671176595833,0.1515220790470524
2015-07-28,0.0015258061394580746,0.008542910193721331,0.008622128819814057,0.012283286083173195,-0.0072924412945554185,0.009328286707373382,0.007703791998174436,0.00945580752279849,0.006703542224631922,0.006055036287680639,0.0772227725906466
2015-07-29,0.0014283139466164663,0.002795958819566957,0.0037793684345350798,0.006879259053463871,-0.0037147835044372135,0.009564436941118882,0.007938879699386088,0.009502267051406301,0.007113590402825444,0.006094929344378448,0.06641690396518445
2015-07-30,-0.008557588110186587,0.002870388841341054,0.004751098626944339,0.00023725809900554395,0.007705302818832083,0.009636551766740612,0.007607583304399286,0.008480134134938385,0.006553832239252366,0.006158570250209735,0.0031796575857028996
2015-07-31,0.006329756242044127,0.00547866096347116,-0.0011599627853541294,-0.0015181777527594198,0.007399754076923726,0.010074431046651643,0.008064018510417886,0.006757902227746245,0.006535227159400513,0.006286766061842676,0.04465980242232557
2015-08-03,-0.007910052688847147,-0.004960965826955155,-0.003126331794240267,-0.003372783651976019,0.010526499864229821,0.0060905156204948945,0.008045636279939743,0.006548178875276175,0.006556121136538765,0.006085287069148809,0.0018201628237066614
2015-08-04,0.0020172823011603835,-0.0023703523176014096,-0.0018817999351795622,-0.0019544317772316466,-0.007932132284147131,0.006155622770988954,0.007997338147157019,0.006528707805728259,0.006496727813595959,0.0072521029307722655,0.030024496472837205
2015-08-05,-0.0036429610038530846,0.002294196606891896,0.007720645220068434,0.003295551737691582,-0.007505837393520398,0.0060390559680381034,0.007899337414362644,0.006351647176154954,0.006634721585851454,0.00791101455258187,0.03653952880618342
2015-08-06,0.004426047177157111,-0.013486875159904765,-0.016035537400892363,-0.008187925598498125,0.00887778602152367,0.006094865023267502,0.008237812954845674,0.0080520904528219,0.006894542453235724,0.007450014586576751,0.0027765324472494024
2015-08-07,0.002490680503407061,-0.006711771570906966,-0.0012677693926057554,-0.001919501677048352,0.013118743453042425,0.005171719273466415,0.006922658849902732,0.007513325521889477,0.006066236174334511,0.008302168880113715,0.05839484287723525
2015-08-10,0.010224554985406531,0.011511794820474153,0.011422690552601145,0.012598997579271076,-0.01238593556041645,0.005971867123368681,0.007531082873432289,0.007875724782475193,0.006851121432523398,0.009473707215789396,0.07442125019102591
2015-08-11,0.005107840610028225,-0.008576911572686696,-0.012817250085440213,-0.009023251572067403,0.01587947544848256,0.006123530566837833,0.00746955663853859,0.008545365594540628,0.0065467785975048655,0.010067968769564234,0.047371833631798185
2015-08-12,0.014022189288677822,-0.0019130975492639424,0.0034503892953046122,0.0011982293171701741,-0.005450919143351274,0.007349916196235826,0.007342923975214653,0.008526125699572989,0.006085119113022354,0.010214303166316005,0.054486279536362904
2015-08-13,-0.00825985512434746,-0.003333683566659973,-0.0016291162986906693,-0.0012440589214246511,-0.0032241530850657396,0.007300807319653609,0.007184911789493244,0.008292238900930985,0.006073334512542773,0.010242349705184416,0.09507219665716908
2015-08-14,-9.360037594363657e-05,0.006438946150130853,0.0015409214263701898,0.003642006592791347,0.0023448072839045153,0.007206478376802559,0.0073044675170082516,0.008349505471012215,0.006242479279310822,0.010065637207408568,0.08081965847015872
2015-08-17,0.0026204846354274114,0.01055177318671463,0.008324840284340773,0.005587021676274562,0.0045179340365189,0.00634117083308055,0.008221599279762178,0.008836504131541547,0.006424166440358784,0.009631949872044016,0.1089459963917904
2015-08-18,-0.00018665773900006233,-0.007975207517971983,-0.0051149660566970345,-0.002896591277662619,-0.007870503759899838,0.006412817555464806,0.008543504644562779,0.008966436010334887,0.006469271308183383,0.009625742633018759,0.1355832937241387
2015-08-19,0.013444145581183786,-0.010359560205536522,-0.0065851981277071925,-0.00790565118992781,0.009875618287572108,0.006807839159556901,0.008910805591047464,0.00865550335357711,0.006852323291391876,0.009521991847542904,0.11304412930704193
2015-08-20,0.017411325071518213,-0.02529116000646625,-0.027694631884736087,-0.020881248621137605,0.010099444092937837,0.007958799921334232,0.011066052609734683,0.011189726032886881,0.009157689098384195,0.009619276175538687,0.027164130506602692
2015-08-21,0.006247689213677798,-0.011684761051715342,-0.04370524672969334,-0.030102780932725115,0.003015308195035926,0.007879901736152509,0.011331686837063006,0.01698879081027767,0.012738140066526533,0.008906443221439537,0.04818634340540192
2015-08-24,-0.005399068558895714,-0.039033396246250684,-0.03847659348272159,-0.04210697747393555,-0.0003162428359260172,0.008486585919245705,0.014454979950575531,0.01817182969827219,0.01577238375257039,0.007494343606492842,0.25738910360262685
2015-08-25,-0.01239478089494117,-0.007689385092914391,-0.00375796588122701,-0.011767422805861516,-0.016065410946475622,0.010012935631723995,0.014461392585978056,0.018366331347899067,0.015770156545549398,0.00812289952756173,0.26547289260923773
2015-08-26,-0.013649738394807875,0.025435227278688632,0.05036172887507573,0.038393716408502865,-0.01930325889898643,0.010366386867861947,0.01808786618003194,0.02668020956391873,0.022021878304784016,0.010050048526732894,0.09019647241521891
2015-08-27,0.0005573064828525709,0.017869844079047015,0.025332588411616896,0.02473520925588457,0.0005738979667755384,0.00995505194136168,0.019648896418505087,0.028543844245677637,0.024192372156732072,0.010057503915704327,0.1250604719723879
2015-08-28,0.009003931691107248,0.009869905287564595,-0.00018947875175145956,4.991680835564338e-05,0.0029508820708485928,0.010269390011244658,0.019883354522223375,0.02851190056679452,0.02408728653468199,0.010083786080779707,0.1388975831713028
2015-08-31,0.001103981140304633,-0.003632520800217809,-0.012402681687042394,-0.00807892364330065,-0.0076819393142879555,0.010266557688522701,0.019238835716235646,0.028256479991981585,0.023825715254540823,0.010046045522802464,0.12251840604844397
2015-09-01,0.0034919799162251852,-0.02864593818692507,-0.0312531661633314,-0.02984788868659538,0.007205253918407539,0.010260779897182258,0.020624816774230937,0.029331072070175327,0.024927479628589422,0.010274517984112516,0.10716077777737076
2015-09-02,-0.005311302361437398,0.017962388969059884,0.028203865324054833,0.01898103845975463,-0.008604352238280155,0.009627363322015869,0.022055429909470438,0.03160298471926001,0.02643332519645366,0.009757016706535128,0.06935559557238134
2015-09-03,-0.00718105679403469,-0.0015799574264160343,-0.004908581105791954,0.0007163554007085793,0.004876618583328218,0.007654555838487194,0.02080932048351887,0.030619713040673784,0.025966216531650675,0.009107197078383063,0.10073716273916693
2015-09-04,-0.0032455349221680585,-0.007561942729323201,-0.011896499758953238,-0.015136562384958863,0.009130652340807455,0.007032785516730184,0.02063874946419478,0.027414945981589098,0.024688185498037828,0.009762711104994748,0.13331006216884814
2015-09-08,0.000279084378947525,0.022858375264481312,0.02819099339568143,0.025130988939277232,-0.014754042809907997,0.0070738001682985885,0.01719161772702143,0.024990066441901458,0.02164255826601466,0.01041309004035268,0.078735314104327
2015-09-09,-0.012927822107945297,-0.011520183108569726,-0.011233692325282596,-0.0133718332983509,0.004798909968476872,0.007156210156852619,0.017532432779238598,0.025447567679624042,0.02178055649321538,0.00983860005029978,0.007219431375691488
2015-09-10,0.0023556016816155267,0.004556498518832441,0.010879744630793997,0.0054418559879472195,-0.006751840575298984,0.006180269921367938,0.015874965001753723,0.02035734615246917,0.018228374276362803,0.0080321065281979,0.09013083175020908
2015-09-11,-0.002067997715628156,0.004710373804496015,0.005524274530498197,0.0045442716153183405,0.0063000662212304714,0.006153625353411613,0.014932336587023844,0.018742205570978866,0.016307206654897707,0.008341130992225259,0.06686264797113613
2015-09-14,0.0005651616100608159,-0.00460154150769998,-0.0030311738534414268,-0.003710438716915454,0.0015656281869576016,0.005038301181128438,0.014643535499836548,0.018768463267151283,0.016319632643205007,0.008293376936271494,0.03231342154078938
2015-09-15,-0.0030126124190049675,0.011251743754878474,0.011781667016114161,0.01249951035605057,-0.019164790450624802,0.004896002082888806,0.015067777898901917,0.018577495524647148,0.016695619516012606,0.010028410453385242,0.042440598129855324
2015-09-16,0.013314409937664529,0.008625223740992949,0.0056345035642826335,0.00866664636235992,-0.0037737256037262412,0.006866321081723172,0.011069721219980419,0.014379083262652609,0.012927796548128897,0.009554417412973975,0.12216208029515944
2015-09-17,0.010250732723341871,0.003420407236924383,0.00037321098904841143,-0.0022478330716906303,0.012205732119873414,0.007678254961934984,0.010004229998330054,0.012098018336609862,0.011970614999191028,0.010344091665490213,0.17235080649724974
2015-09-18,0.007379350570420495,-0.013805964105162105,-0.014222937746303677,-0.0163418202155311,0.01538504775774907,0.007580313385702683,0.011292412581999627,0.01310265147205442,0.013349900708397313,0.011433757604946209,0.11899122002216797
2015-09-21,-0.0062265388780913256,-0.001814803817424382,0.0031325454948782916,0.0051676907996183186,-0.016298751882887763,0.007832859994641261,0.010902915684749806,0.012132079257773803,0.01219339343643754,0.012107504263073188,0.14356656789198302
2015-09-22,-0.00681837162160448,-0.01515025714005791,-0.014951023367656191,-0.012979924858387948,0.013904002968081919,0.008216679782112084,0.009501060534042243,0.009926765573182303,0.01014489365507504,0.012157594650382719,0.17416979636985577
2015-09-23,0.003989241131120869,-0.002988648195219046,0.0007687605518089669,-0.0015985463899726993,-8.227115541370456e-05,0.006817276522103392,0.008855750648290809,0.00919860646520035,0.009220722690320964,0.012077687094303948,0.11621434975021623
2015-09-24,0.020975758801157207,-0.0016752621897174746,-0.0036475258323689363,-0.0036158726427852894,0.006816541841640378,0.009095594630320258,0.008671506041702566,0.008514514218474475,0.009064216139578312,0.011955365947947385,0.1015838121628222
2015-09-25,-0.006154405994415857,-0.013161399275902097,-0.008477795847494196,-0.00025901999452748736,-0.008645580242576778,0.009474180376678194,0.00914606773156311,0.008498581936331493,0.00886511050953078,0.012245108548766374,0.1444309523996715
2015-09-28,-0.012658222571280353,-0.02800197035094676,-0.028468608960364183,-0.025097085096864147,0.01711320637253233,0.01075422440933704,0.012115629186662662,0.011885663137533394,0.011623690877915224,0.013374009604202734,0.1973308105045651
2015-09-29,-0.004058244045771819,-0.007110232077756629,-0.005200815924481739,0.0005851068223339251,0.0028311468898876146,0.010814414971738637,0.010622782662051748,0.0103683662597562,0.01033106944391761,0.011181900278412413,0.24994706037875053
2015-09-30,-0.010372316278596583,0.015530606065628616,0.02302239124698735,0.018658331754315194,-0.003468570567434104,0.010653567899752341,0.011909848241270575,0.013588501188275842,0.01210592201518272,0.011158886392674228,0.1530507354770394
2015-10-01,-0.001216519302596475,-0.001739800436856842,0.0045202219307276525,0.0026089670367610562,0.004266457202401375,0.00997925315887479,0.01153946300233392,0.013824047990209407,0.012270215298386039,0.010784454739018897,0.11896264336314832
2015-10-02,0.021174875253005654,0.014861171135986728,0.017511248899789056,0.014938063989688555,0.006057394384304748,0.012078387908867205,0.013112209614934983,0.01490648441046388,0.012556179333481014,0.009985519937410585,0.2693754467499082
2015-10-05,-0.002018545050144094,0.023863264515143534,0.014325267361353866,0.01779444947634823,-0.013567264259708334,0.011914835165820235,0.015844533077471325,0.015667007173848682,0.013731285220728027,0.009444472428578272,0.19149671675751828
2015-10-06,0.010021182319808863,-0.006886136061630244,-0.004738988023585078,-0.0034260655936525497,0.004313381108470793,0.011989211380100166,0.015261573808504824,0.014902697292953708,0.012952825701500513,0.008610415523126932,0.18921866122417305
2015-10-07,-0.0014564323795780432,0.01769037633233128,0.006000168727843702,0.008190350793184642,-0.003322742854692029,0.012010872598902194,0.016288107632411664,0.014986766881483244,0.013015452695292322,0.008739245316203986,0.17540067789610334
2015-10-08,-0.005104809244962594,0.008996985563298088,0.003975994978935304,0.009026641005972058,-0.008374954520430578,0.009948026347726248,0.0164179194174104,0.014890287012676279,0.012910940998822453,0.008979128467313715,0.2054313846339723
2015-10-09,0.015851231139897504,0.0019911280961835143,0.004525965704909707,0.0005964405083798141,0.002624160861958158,0.011094310551802057,0.015494991729750055,0.014409683720860171,0.012880160058592929,0.008507301884484963,0.13634311560042733
2015-10-12,0.00396856499604703,-0.001468651479434313,0.002440727960497213,0.0009438161654551358,0.007605525424553505,0.010010186450537696,0.011057933501697608,0.009125173855354232,0.00794278854695024,0.006859061126377479,0.10239728238079712
2015-10-13,0.00494118285707712,-0.01367158188449391,-0.006461314791763262,-0.006302274026562915,0.0017045882580828398,0.00973803746490186,0.012105125056713621,0.009313641912650553,0.008811176487612765,0.006814612470389333,0.09647020407970494
2015-10-14,0.017432477539802038,-0.009825116690564073,-0.001602328158262889,-0.004793857888742092,0.008750822188116736,0.00927027591030975,0.012516187935602744,0.00755215382398864,0.008261093508774284,0.007248362004867034,0.12710614930407518
2015-10-15,-0.004568989141737645,0.023921230411644512,0.016426077801604544,0.01535440080569428,-0.00490000305246352,0.009628388804212858,0.01390330036611964,0.008512041972966115,0.008981668296100954,0.007368791787780494,0.08337060801704045
2015-10-16,-0.0070615504042084165,-0.0012979430829315186,0.004179380456187598,0.004546710782700858,0.0003230505090234814,0.008795895779503182,0.013689572407908225,0.007339911746260868,0.008309975890556277,0.007069792160062591,-0.06668362745003785
2015-10-19,-0.004178160099818973,0.0019061339384112141,0.00573437786548836,0.0004917893126969997,-0.002743798277363485,0.00896319354113025,0.011845365756243521,0.006431597801648255,0.00683345316545417,0.005498133342546313,-0.026855083370456244
2015-10-20,0.006338214025568112,-0.0013835393029888454,-0.005149960190769964,-0.0012783255843853425,-0.006149076342565785,0.008714135371737082,0.011502552875939638,0.006487950683778012,0.006659335670066969,0.0057041697721342925,0.016640594223158535
2015-10-21,-0.008870752862782494,-0.015240770338606047,-0.006100891138159037,-0.006203596161874936,0.009931953813409944,0.009388477173958687,0.011443405697107771,0.006977665895196203,0.006887077513836623,0.006452863338441273,0.045584246309900614
2015-10-22,-0.0003580140904458906,0.008793592500374814,0.02036845633706208,0.016893933145312845,0.0016932868402566026,0.009112320116780518,0.011424603970228141,0.009137690819141163,0.008199862261352235,0.0055745568038928954,0.07858795891584718
2015-10-23,-0.0017011588974217284,0.0098498193181773,0.027982666372460052,0.010961499448669976,-0.00853074300376111,0.007821686808981002,0.011885734217505516,0.01200834597860829,0.008642392040443354,0.0064563331185885624,0.019614082211363605
2015-10-26,-0.0006277999535804213,-0.006818857553754221,0.0006206302056013246,-0.0024579568936005103,0.006656194923013059,0.007735941926909645,0.012085839153720112,0.012078202129027426,0.008800507940946011,0.00635074941492658,0.010131617401420611
2015-10-27,0.0022435609738429285,-0.010951000632353769,0.0020381879721789176,-0.0019318855503056565,0.0024996328080235664,0.007595463861342407,0.011780065004236999,0.011416064092803128,0.00840210469651226,0.006370037229624552,0.009645021428594325
2015-10-28,-0.008058752895948817,0.029173976458523043,0.008312896747596277,0.011374615361621654,-0.004021399024692562,0.004811997429094228,0.014374307993738537,0.01106417968357316,0.008256231811195329,0.005847283362452233,-0.010792259467074905
2015-10-29,-0.009568492239339532,-0.010672800644435876,-0.001579023533576529,-0.0005744332192647583,-0.015909283541955643,0.0052677004947018855,0.013098694831707617,0.01090342476918033,0.007489340473658613,0.007550950214680243,0.16657494366003722
2015-10-30,-0.0038279088978543374,-0.004573731633193856,-0.004479940960406825,-0.004309730968021008,0.007549773003916238,0.005099819974916525,0.013184772201548001,0.011366398316226763,0.007826139189819456,0.00808504044807543,0.15296395198327034
2015-11-02,-0.00649594413580179,0.020807740171208122,0.011294699924374818,0.011831000446551165,-0.004595518826264522,0.005217646453145672,0.014749133686427865,0.011553029188867851,0.00834017037883127,0.008152822306161817,0.128250268477151
2015-11-03,-0.014826347133739204,0.005181000526916391,0.0034899536926535912,0.0028992843711321825,-0.008200248240274655,0.0052594547043439445,0.014732907084479614,0.010991564450087336,0.008181210087173868,0.008318436233046653,0.191531285417333
2015-11-04,-0.009441036684777915,-0.0005070112560612294,8.695255170021454e-05,-0.0030331372945205937,0.0011578993761804934,0.005306450671340075,0.013435062363066134,0.010379593716214218,0.0078009852616900185,0.007416818362873794,0.2170672455070329
2015-11-05,-0.0031141061362016664,0.0007607556785844682,-0.00269515185582192,-0.0009982412104084792,-0.0026429220409729393,0.005090376996948855,0.013358409147842455,0.009563300911256232,0.0065006844171532265,0.007291553706735437,0.1381434115716535
2015-11-06,-0.014577820185771806,0.007095625260390648,0.0006973680034951801,-0.000523635788710286,-0.014655595157719081,0.005612741199147805,0.013234461516620217,0.004854303511986061,0.005791168229103142,0.008061349680223722,0.19157134996613384
2015-11-09,0.0028818737382825255,-0.011742793081428227,-0.010627969801922266,-0.00933142912262852,-0.0056306871825809734,0.0061295590000335015,0.013720939322722822,0.0062539643586448064,0.006625068582286418,0.00728879168556985,0.16129658855631457
2015-11-10,-0.0021072913552456773,0.002970673426924364,-0.002553596364925581,0.002306906269729181,0.002957835533505593,0.00557059333139911,0.01289048209968555,0.006309349498103881,0.006584803775755814,0.007338568290055911,0.18168595299992102
2015-11-11,-0.0033595553186392957,-0.008716264708121924,-0.001235781638051936,-0.003931753670710414,-0.0021065687052971294,0.005660732575560966,0.009823278451089561,0.005630205278085656,0.0056015814769123495,0.007374410094005787,0.14531646900731235
2015-11-12,0.00019259022164841433,-0.019122483195326057,-0.009722577600827287,-0.013959792938300075,0.004813467852713638,0.005898610593191554,0.011126103097933453,0.00630972880396909,0.007022680930735906,0.006590746942019892,0.04507821954798785
2015-11-13,-0.0027924980239610875,-0.007223669301675395,-0.01963570168918216,-0.01122798554769755,0.005713522074539457,0.0059395355639280875,0.011257161425425351,0.008518650418015932,0.007602710026625932,0.0063105542491374384,0.007562091641085044
2015-11-16,0.001448450457852024,0.008591393592085161,0.014384328305171223,0.01520671015644015,-0.0009186978908932719,0.006292145033698511,0.009072508130055479,0.00913227327891889,0.008352480230048469,0.006270153196950447,0.10085639107201083
2015-11-17,-0.013209938855231806,-0.0038243761245581043,0.0006280581976012556,-0.0007296042546782733,0.0016730429706044436,0.006013993260204596,0.00868945481035723,0.00895707209378842,0.008180514604588341,0.005945770898436627,0.12183576675499257
2015-11-18,0.0008794603332600293,0.016926749390366425,0.01919497597578501,0.015865802442759813,0.0020866503609120457,0.005939380518711225,0.010780729379723342,0.011407669580568665,0.010045494329811371,0.005989687768959005,0.2621323879094394
2015-11-19,0.011031897393842582,-0.004204067338178685,0.0007039237639137053,-0.0008619959531868115,0.006665841772917291,0.007490667157461403,0.010783030532236483,0.011407372838265572,0.010045185953995558,0.0063934525095220305,0.27319992360105483
2015-11-20,-0.004538443721352925,0.006461940544753686,0.0067717468847954265,0.00364413115824358,-0.0030621872134334316,0.006167807932407393,0.010725839842651446,0.011655974524205866,0.010140188911674066,0.00405034253355127,0.25312383994811694
2015-11-23,-0.008051161423458963,0.004965551426506565,-0.0028825745821938753,-0.0011467179555223472,0.003071593006262141,0.006377096048863527,0.010331620583121329,0.011132303604293764,0.009648795381071185,0.003275914240190858,0.19360249903870724
2015-11-24,0.0066497192545516,0.007326023331504228,-0.0008762202799931229,0.0013392583379756573,-8.314820123411781e-05,0.006944469122853802,0.010574579172228784,0.011092654354461596,0.009633685971550772,0.0033270917921181934,0.18378140822074557
2015-11-25,-0.004662942933256753,0.00777996248678825,0.0008769887152908495,-0.00014326924370744454,0.0023183186035660164,0.007002020186725763,0.010327104442740105,0.011071088486427298,0.009517334334750913,0.0030332400262048265,0.13205847230715334
2015-11-27,-0.011809477798990442,0.003776054851428068,0.001401362158283348,0.0011462319146264832,-0.0009916183816994772,0.007709618892739379,0.007265145809621476,0.010419925054836333,0.007991013999895972,0.00303890418192167,0.1822036870450224
2015-11-30,0.006617265866126543,-0.004346986173893397,-0.002536634626920886,-0.004151335153554703,0.0039686873904749564,0.008227541910804574,0.00681162279028745,0.0074421812121292525,0.006897513017811062,0.0028218353158848647,0.1834484602330319
2015-12-01,0.003532188155604299,0.006633075358098317,0.009998296297748288,0.009535688528299557,0.013507613056446655,0.008337973694041503,0.006703271624784178,0.0068528069476257465,0.005952296437329712,0.004594308283510617,0.3276387504066232
2015-12-02,-0.015545525585325515,-0.01075970653460423,-0.006165516789627179,-0.010205011327044877,0.0003252480469995156,0.008730386599552201,0.007876089168102162,0.007460045214684071,0.0071486297056545245,0.004654185837973729,0.4242354949651343
2015-12-03,0.010626672647533919,-0.016863600854633787,-0.016950685852683223,-0.014002681815997287,-0.027183685644721733,0.009542996760885993,0.008663665241717172,0.007307314028458159,0.006706601107404017,0.01057597092143907,0.4221125226505795
2015-12-04,0.022209065049059173,0.010119956909638406,0.023375715075962367,0.01950302289389838,0.008784730834710208,0.011510446822616387,0.009052639635777723,0.010640059894197676,0.00944824821885711,0.010747452714134619,0.565104836250929
2015-12-07,-0.012978259158702654,-0.015027743407051708,-0.004516213292073301,-0.006058658690908603,0.009703333406995807,0.012209350527383034,0.010221512892549486,0.010593879561848221,0.009592522232573479,0.01108741931879799,0.5455678116991117
2015-12-08,0.0016557725915762322,-0.005516880528814827,8.703333125659185e-05,-0.006719258447910881,0.0004928915566977388,0.011910485508426872,0.010119798942206626,0.010540213002486254,0.009799172200377217,0.011072703576095067,0.5534731124753504
2015-12-09,-0.00194473896697811,-0.01118140405929402,-0.015179112843374476,-0.007779837967305525,-0.0010675140203210143,0.011736615466527623,0.009979496581485506,0.011654627858895395,0.009982413714153072,0.011088598885176248,0.5569684459680805
2015-12-10,-0.0008768154562138752,0.0033308296415563987,0.0045177129432165675,0.0025809287227844813,0.001314591155882061,0.011638380851000097,0.009506791519092804,0.011774666134777432,0.01007207195093965,0.011079736153180452,0.5746682107058458
2015-12-11,0.005460726883753653,-0.02227840709579154,-0.023015807511928665,-0.0193809454516366,0.01575877360757061,0.010926337909276315,0.010645885381758716,0.013690158990631878,0.01144495946328133,0.011992963358134039,0.4844434040009974
2015-12-14,-0.012801859053540698,-0.007148576487919445,0.007582001319034637,0.005052559607537699,-0.012928252723684697,0.011689022751644034,0.010617150713307367,0.014099208056445187,0.011767298070417456,0.012926489703170375,0.4402200668568249
2015-12-15,-0.002652561843328849,0.014400014897889113,0.0060915082158290446,0.010497611994626288,-0.005894118482752897,0.011640991161394986,0.01191894496149624,0.013779484791189723,0.011882233803659131,0.01225777999248586,0.3504550476452507
2015-12-16,0.012115872710852793,0.015260439553912875,0.014869437240649708,0.01463214001366886,-0.002140555067904004,0.010985405463822168,0.013519592139847129,0.014717353979677626,0.012695817477837082,0.012251407372607319,0.37306033535109884
2015-12-17,-0.021897810218978075,-0.010661353071858004,-0.014564198704126063,-0.015238369863420309,0.011304814482234526,0.01283358453385749,0.01296897719322379,0.014434230649845009,0.012850508738282586,0.008774221578131597,0.29559435270353596
2015-12-18,0.0153233921943019,-0.01528142697609236,-0.019182038012618086,-0.01781495746328421,0.005549614925091095,0.011561446826156127,0.012624997094335321,0.012949188654034282,0.011842657012403413,0.008575488738088355,0.07717950456882396
2015-12-21,0.010878092908588544,0.0075351170753745755,0.01110812584445453,0.008249276034488995,-0.0002439681978009256,0.01147323696282405,0.012730986283665157,0.013836556565695698,0.012419636824302234,0.00817730818706422,0.1160649752535299
2015-12-22,-0.005235103320787249,0.009170003672738458,0.0065734922139375485,0.009074194665890989,-0.007223783722763222,0.011604032368152955,0.013264130197979812,0.01413413696658625,0.012833773252134665,0.008605853948080007,0.10242288991483135
2015-12-23,-0.0029237213719258692,0.01261582788815474,0.007425422388370073,0.012383274724076632,-0.007522149839138459,0.011624844541135732,0.013503736853596408,0.013611423072472787,0.013230251975638268,0.008966243563337079,0.07492357140289377
2015-12-24,0.007232973422174549,0.0018900248377728968,-0.00017779810864715362,-0.0016503374082200706,0.005729048936748304,0.01185765711673375,0.01348014550533059,0.013524359490457728,0.01324185669979947,0.009155900987858553,0.08052742291028069
2015-12-28,-0.0075692031595538944,-0.00462901887555589,-0.0005328343235238009,-0.002285107154707755,0.002954741883628431,0.011973417828353039,0.01110534909339967,0.010959399568733388,0.011346308465561413,0.00748769946252026,0.1347377365075937
2015-12-29,-0.000684459735229348,0.010792563834881586,0.01572921284192863,0.010671782866277235,-0.016612474771483088,0.011207195069553408,0.010852939114145957,0.011704631365802005,0.011633825696959222,0.00819480929183108,0.09680685542675274
2015-12-30,-0.007632082217105096,-0.01006928612627378,-0.009011612488908582,-0.007087982764640399,-0.00099920489746963,0.011468375385813117,0.011031930720342012,0.012187710933050126,0.011678726787662021,0.008041961925915796,0.1370366756385917
2015-12-31,0.0003944085609299819,-0.012451831359070908,-0.012448063456171998,-0.010003026491915867,0.00449877831953005,0.010658411092408311,0.010712573961485146,0.01184600358346747,0.011088921227142735,0.008202498900154365,0.07392260318929364
2016-01-04,0.014094227459880093,-0.02317504753754407,-0.021097853252162735,-0.013979588233900886,0.007214536630554713,0.00881415543079774,0.012529247878796897,0.012788792786607455,0.010919856841201933,0.007644959076825634,-0.021972838362698633
2016-01-05,0.0028185529910356166,0.002181177820285818,-0.0017352599601819785,0.001691476083901522,-0.004034216077708264,0.00757498983026416,0.011718996783176342,0.011313803132028283,0.009244634452649973,0.007375217310020451,0.02805077679740168
2016-01-06,0.014440762350867997,-0.015238076544091927,-0.009605187039326557,-0.012614102409238437,0.013475650771632486,0.008146257167598472,0.012163723416868553,0.010856237965353774,0.009696402470338861,0.00879907226635461,-0.0602341766442133
2016-01-07,0.014139709399294764,-0.026710978330971025,-0.03131380089504754,-0.023991447413029388,0.0017943012469876507,0.008656163345632618,0.013436096884376327,0.01360550924716203,0.011248898950805525,0.008460761570836514,-0.04292670922903848
2016-01-08,-0.004427708091822691,-0.017223391280926426,-0.008200604165413572,-0.010976835899439208,0.004477879723307154,0.008790862918014728,0.011956040640733568,0.012725837653070128,0.009617466265391226,0.00801201394558112,-0.009319228977361049
2016-01-11,-0.008894799760520211,-0.00433279709263068,0.003076522471019416,0.0009895658789453865,-0.010943101369949026,0.009440608759702204,0.011450729328546707,0.012982554643904227,0.009815504544847038,0.008810022540239213,-0.05729454464028091
2016-01-12,-0.005060137388834152,0.0029980446406603356,0.0115979999706326,0.008068855780859474,0.0144247588433295,0.009198058432606158,0.012090694928958137,0.01421554477553979,0.010833161517404587,0.009891324023359202,0.01589077905388337
2016-01-13,0.004893984653210337,-0.03210910738072026,-0.03448947427740734,-0.024940744725096442,0.009857000100951696,0.009191788849618692,0.011767104903182777,0.014436901673997679,0.010697428628259328,0.007897081069162787,0.07756164960205642
2016-01-14,-0.016233809757639994,0.013847426673176733,0.021295338033061828,0.016416972878157354,-0.009360290269122773,0.010545654318096452,0.014645838301337843,0.017771898364042613,0.013459412403490207,0.008865657075831236,-0.01587934448311732
2016-01-15,0.010289314914859515,-0.016213068644799322,-0.031036783242380572,-0.021466005556431078,0.015587048671585668,0.010877246087474134,0.01472900722037324,0.019171912823531596,0.01421667601955913,0.00970781413601392,-0.037964666928504975
2016-01-19,-0.000960784707550344,-0.013483774011131433,0.002181620251519245,0.0013308358019681332,-0.003101605404666863,0.010126466298472364,0.014191628254213997,0.019108237112624337,0.014334683463851437,0.009903854319924918,-0.03885966913680279
2016-01-20,0.013367949074563512,0.004151270411267394,-0.0030673503861121665,-0.012815130822996457,0.010530214487050493,0.010849051795173696,0.014401335871708817,0.01906567831592788,0.014140795936330545,0.009789143927457795,-0.0023203627459788545
2016-01-21,0.001138797703897687,-0.0023190702353343973,0.0009925017573688688,0.005602158289519599,-0.006788636559957983,0.009953936844247559,0.01450135289918464,0.019257406124869626,0.01464467057990984,0.009861893109544665,-0.021896490690986585
2016-01-22,-0.004644969889963546,0.024456834103779634,0.028953843251989575,0.020515176482612807,-0.003815216886606687,0.00887624700160611,0.016501683386213637,0.02017545583954887,0.015374350932441137,0.010073107189768575,-0.003716036731694061
2016-01-25,0.010285731724330338,-0.022195949739573617,-0.014840305663876285,-0.01511669264756943,0.005425294644659795,0.00945530929372374,0.017010733487047087,0.020549314892732203,0.015703298653347783,0.010102507450725698,-0.027371931419870855
2016-01-26,0.011406476843766722,0.019975936793955595,0.008999609339784165,0.013643291100659649,0.00047566488561656683,0.009412904157854285,0.018694059763602448,0.020781017409293716,0.016474514660146128,0.009044094060328483,-0.011737619379472097
2016-01-27,0.0037282274439893737,-0.013748976297186077,-0.024915377272026973,-0.010883526942625399,-0.0002372489471391681,0.009036738067717397,0.018936257713321594,0.021527387774551807,0.016421201418682817,0.00819282900320118,-0.0139498481983782
2016-01-28,-0.010678814187088714,-0.00020071474241967202,0.01411789696668686,0.0052095245428642745,0.0014275957457270394,0.01002454076025024,0.016106121445530624,0.019410339305405103,0.014561029147233746,0.007696930664723949,-0.023718981194263876
2016-01-29,0.0038482826092700595,0.032801914258322684,0.020882356295556237,0.024377654065484755,0.008476463018393554,0.007776627094801933,0.01886994551411625,0.01936100667410222,0.01571534458583394,0.007066525883883986,0.10378075597628252
2016-02-01,0.01028523735300313,-0.004565048749874623,0.002689051829939837,-0.0003616622787818713,-0.003061510930889244,0.007776247847717429,0.01800701842348414,0.015946246477496383,0.013636817004545495,0.005631436834251203,0.19209287704742387
2016-02-02,0.00037013683482878257,-0.02156277341136048,-0.021645463547216193,-0.01802208078229628,0.018551969622065068,0.007697125148838847,0.018959246589450883,0.017848324858371737,0.01520659728943394,0.007693255736325016,0.1058311059364141
2016-02-03,0.010731831819877025,0.0012962802789819872,-0.004796894469364266,0.005995084538536366,-0.008292835758599515,0.007375673356124747,0.018939372545831498,0.017902747519054032,0.014421405681390888,0.00797060945359705,0.11142095738928474
2016-02-04,0.012082377069329242,0.00388415117180152,-9.839397819177975e-05,0.0015675112210062903,0.004845212150953682,0.00776381405511402,0.018905808641731754,0.017906417590390616,0.014399919833800782,0.0075080274509799925,0.10808528384846827
2016-02-05,0.015827077912906162,-0.027380818047056055,-0.03472682104194247,-0.0190496739376671,0.0011666705036412761,0.007712666347861261,0.0191733143699943,0.018156414497810133,0.014394250818969275,0.007210705140328548,0.1422290470991058
2016-02-08,0.013443751249405,-0.01642198444893861,-0.015287569313048754,-0.013460810217761576,0.021519659630778065,0.007933266398455778,0.01861550636574438,0.01818269394048101,0.014225724703797682,0.009327838231035192,0.13137058693943676
2016-02-09,-0.002196257541759894,-0.006740712075067656,-0.0031049475669149285,5.372984344287346e-05,0.0010645262588020454,0.008272598412059374,0.016850139924640153,0.017501960271925555,0.013278561031000762,0.00930152163644747,0.12155863653122678
2016-02-10,0.007747818623272451,0.0005220143463569027,0.0038416460698142973,-0.0008630194936887214,0.008812597807610345,0.008261407678244825,0.01665485648066286,0.01650872660121065,0.012945971168235702,0.009224353329858015,0.09873796297739948
2016-02-11,0.0401886992042193,-0.010852522436441192,-0.0014484062363060435,-0.013007728346653091,0.007003515094533119,0.01169674051784491,0.016736892056842582,0.015321330176222525,0.013183460616218806,0.009122081236181936,0.13403374669147447
2016-02-12,-0.005879363032051943,0.01898915315171168,0.015225531166049189,0.020616793763640784,-0.016601697386393277,0.012737337173692999,0.013545135234992426,0.014315816071035277,0.012333112779955756,0.01150437802160893,0.0011053265473164764
2016-02-16,-0.030331226332987904,0.023708860820751854,0.02254622534073203,0.016877978843806707,-0.010569723984001245,0.018082667477567847,0.01655921341600561,0.01680564556122736,0.013944035369850701,0.012203983765543304,-0.06394369545469097
2016-02-17,0.00618634429410414,0.01567527841963834,0.02264813331939486,0.01633489051003756,-0.006149602409731725,0.017967543117018866,0.01621843593319469,0.017448218735968343,0.01376986491738411,0.011100141975090379,-0.0572973812985468
2016-02-18,0.02433319602449635,-0.004779429224911258,-0.011414554526103404,-0.0040957513687481795,0.012296337170681904,0.018795651361432793,0.016289281993645228,0.017792684271449734,0.013774120096620423,0.011241948816700513,-0.05888524388699055
2016-02-19,-0.006002190201855551,0.005002268207627614,0.0029603810036302747,-0.00046883346160764283,0.0008401888710212191,0.01923899796448754,0.016325293382060953,0.017820549824306482,0.013771594060831085,0.01121403895142147,-0.06189214908194386
2016-02-22,-0.01777516528948675,0.011149726037395835,0.016235527844488118,0.014479416672252832,-0.0005341004135889227,0.020301408750721985,0.013508587496096956,0.013513110331486161,0.012567841739189662,0.011239908739437931,-0.13727187811848035
2016-02-23,0.014979681261872324,-0.009156271684325534,-0.016460082438033652,-0.012629386935607001,0.00404798019185737,0.020395034939908855,0.012465658749533075,0.013714412190005701,0.012444234911816749,0.008954019408486204,-0.11753410782400327
2016-02-24,0.003327072049028157,0.009638689763672215,0.009549070077806254,0.00457566906664586,-0.001978156600299319,0.02030952072367641,0.011909900334393656,0.013454251773052622,0.012377793604737123,0.008966307757197306,-0.1316794564291606
2016-02-25,0.0026358095143692584,0.009152578846175041,0.009848588457394225,0.012111736780890947,0.0035822371149361043,0.020259960276096684,0.011781670137148063,0.013463000913336862,0.012469883579937497,0.008518109989009134,-0.12322424007237372
2016-02-26,-0.006869043174790868,0.006339057656629565,-0.0012552585905474256,-0.0023015226990211746,-0.00964446208061076,0.015644663734519657,0.010036040973583031,0.013449714979861062,0.011089468708256625,0.008448721720499205,-0.05775140004768622
2016-02-29,0.013064629590324062,-0.004457732824264871,-0.008991353270784042,-0.007842455644713087,0.00437091652232624,0.016197934705330243,0.010070748976934168,0.013971828043325342,0.010724155976600222,0.0070362745870972115,-0.048657463751971
2016-03-01,-0.0073331317520045625,0.021512476113773493,0.032097455264948005,0.0235067146474901,-0.0176090800352261,0.01258717844291099,0.009662810182219159,0.015572286569833848,0.011781648434714083,0.008391296127729028,-0.05040047338274245
2016-03-02,0.007726956678680841,0.010291823276407541,0.00037813343332215865,0.004492592233511061,0.004127177646914504,0.012644504365258701,0.009203394302473893,0.014399133040330187,0.011015280583274095,0.008330209528873986,-0.061129567645553454
2016-03-03,0.017273365743903035,0.010469480616503102,-0.0018895654649669913,0.003919728464044425,0.003644326167344669,0.011449847508602517,0.008557219581836325,0.013611496205345892,0.010714311982743719,0.007289719763226429,-0.02560216372001963
2016-03-04,-0.0015737798071993048,0.0055072641297062574,0.00037855098037020696,0.003253357360927689,-0.0064123141265460815,0.011184097721394596,0.0085456404543665,0.01366300715574656,0.010606529696150504,0.007454571385823518,-0.01848964839031022
2016-03-07,0.004977588099916774,0.010861787875709794,-0.006151121985520369,0.0007983424855229071,-0.00031158895742211534,0.008608567214885909,0.008530744219954424,0.01326161158116065,0.01002196720125948,0.0074585719921769255,-0.007426769686194301
2016-03-08,-0.0046227304062674834,-0.024152853146054865,-0.008284447303989695,-0.010918114987738203,0.011045743933917995,0.00826319356257562,0.012213040043148665,0.012225768702933258,0.009736193751559414,0.008326977730421507,0.03478059083797865
2016-03-09,-0.00829324916913754,0.005081579062059749,0.006433056684758798,0.004939949113973219,-0.006077656477360915,0.008976590487510771,0.012126843013138848,0.01206674578865968,0.009742759914738879,0.008484366618863563,0.03361947448233525
2016-03-10,0.016056181130168712,-0.00814579862657272,-0.0015261399234358652,0.0008024566535658195,-0.004102438465519276,0.010068998698344279,0.012698566489564283,0.01180482533351661,0.009236051247667413,0.008336897402261687,-0.013456563934931753
2016-03-11,-0.01720161594971703,0.021429402604737913,0.01748503130875756,0.01613701983302529,-0.010104428913849328,0.01161098288491183,0.013932468207616951,0.012829123671492528,0.010070281675030832,0.008384299871926517,-0.08288354424586544
2016-03-14,-0.012896749587957723,-0.0025879161882526036,0.0016903765316993447,-0.0012820223391131202,0.0031405054531254972,0.01176533255797417,0.013805797801561579,0.012146973798527895,0.009411823353374059,0.008286544991755136,-0.05467673208358424
2016-03-15,0.000763521980092996,-0.015567063363600253,-0.00037532106193971515,-0.001629826697281067,0.0009393716423071741,0.01152578405855097,0.013865365921675725,0.007119139986624432,0.006779418529863931,0.006311016242501901,-0.035302858911109646
2016-03-16,0.02229567034444102,0.00705919928820542,0.00890944313387454,0.0057871348701290515,0.0029715642981966717,0.013355488745187355,0.013669216066439858,0.007558731164193542,0.006843273144289116,0.006228725336243515,0.022250601156237015
2016-03-17,-0.003814570847019083,0.015328591525912483,-0.0005577245690465693,0.006344245360021317,0.004132262814679155,0.012237451304344638,0.014122272554726076,0.007500612192173655,0.006953784347679479,0.006266824754925709,0.005961808179343109
2016-03-18,-0.002746975852867317,0.009021536893323967,0.0015669803725917308,0.003929431984176279,0.0020967779797174124,0.012255235397200425,0.014276469273670562,0.007484983401879031,0.0069660274300298005,0.005940716635838916,-0.0010233306101529837
2016-03-21,-0.007011719080860512,-0.002372040250765317,0.003912006628745468,0.0014190338930653024,-0.0076712344654945586,0.012241020823682672,0.013956297050597647,0.006935761365647441,0.006952022177972504,0.006467472475583,0.042425756163810946
2016-03-22,0.0029421526295789757,-0.0011890775849969781,0.0030614713066914323,-0.0005373170063885935,-0.00023429365537852576,0.012277270253624975,0.011029887246783804,0.005719650324465634,0.00529444123733371,0.005094529306938954,0.06336862099546357
2016-03-23,-0.02263009809313088,-0.018485891772195062,-0.008231700891070726,-0.006599509292776751,0.011325026918935555,0.01394817020846198,0.012856222282924039,0.006818082134933555,0.006155314974393729,0.006204965321566372,0.08546775856171478
2016-03-24,-0.0024011557999427113,0.002993730325256738,0.00028001146249323483,-0.00044318894261607955,0.00038610573015285254,0.0123619651963008,0.01250660332741145,0.006720044496451713,0.006204477561098284,0.0060146177030694446,0.10315078212312176
2016-03-28,0.0023209545157449885,0.001212998005843291,-0.0013988277231221646,0.0005911805948575211,0.0013118118945669721,0.011611634874782452,0.010393995568335592,0.004368716908799898,0.003860601011682734,0.00466938122281734,0.2553822870981332
2016-03-29,0.01852490300494103,0.027765044055908072,0.01605837902026641,0.009249620515659362,0.010485301650576373,0.012637021201748996,0.013630952382494132,0.006503765918218708,0.004606689622091791,0.005414861226996823,0.5052771028217485
2016-03-30,-0.013977800877817192,9.059861036764261e-05,0.004870038247002384,0.004387837164035346,-0.010528645710654816,0.013476793407614537,0.012132115296116113,0.006473461803179903,0.004499048144559319,0.006829254492749568,0.4940373663537108
2016-03-31,0.004611451089358232,0.002810101784341379,-0.001463237055905231,-0.0024267874477982287,0.007093481359584208,0.011078138500938318,0.012092956614493862,0.006220192980795312,0.004563895721668268,0.0070535169196748815,0.46442266085030903
2016-04-01,-0.006035354370591106,0.004428987204038615,0.01062283602697156,0.00681198685151152,0.00260861553374081,0.011131370876925463,0.011401590127537506,0.006731208354410833,0.00462006921686582,0.007014841580516235,0.46715434410708223
2016-04-04,-0.006670647201412416,-0.008369224479410797,-0.0038054993636407186,-0.003237954205348781,0.0006118410187965218,0.011204458701204985,0.01164173590615101,0.0070583408801659225,0.004778374465104822,0.007020924614274456,0.48342392178024324
2016-04-05,0.013000448699038714,-0.011344130538917252,-0.00964173440965288,-0.009987860546950778,0.010935983263724136,0.012161144358702138,0.012250745221296868,0.007975463563617077,0.00588076358382103,0.006770030912377364,0.3537999746970201
2016-04-06,-0.006119337058417829,0.011290582860099763,0.016440232038261282,0.0109208958130953,-0.007262390122411921,0.01216975182284398,0.01274289692010199,0.009355824027197888,0.006848534941003296,0.007513190017379895,0.28447050558865006
2016-04-07,0.01428081181871077,-0.013524653186351987,-0.01436735120441135,-0.01196542567825476,0.012345199183646738,0.010705898208984231,0.011962268151795226,0.010283744758638072,0.007665252139945865,0.00764906404753088,0.1898539583149248
2016-04-08,-0.0015175811841288134,0.003956473157120666,-0.0007330847983672006,0.002696156293880092,-0.006323019550489084,0.010671390481949023,0.011977385221671211,0.010304907577327804,0.0076915771143968295,0.008161276827675439,0.18803833547790466
2016-04-11,0.013510077429689682,-0.003116051092006078,-0.003669911491692268,-0.002346931388301443,-0.0012880310485311464,0.011295559474151923,0.01208002483519549,0.010404312886778743,0.007752241428048522,0.008231269611656017,0.17638437584995145
2016-04-12,0.0001666606070513943,0.010756704899522074,0.008379361784604855,0.009313260706525384,-0.006901515578426443,0.009889200641037436,0.008671827146955101,0.009443818366912141,0.007760326168697537,0.008042904266670403,-0.0683700899544901
2016-04-13,-0.010662277185778612,0.021557012768414596,0.01278427695266382,0.010100822633946294,0.0035132435478573143,0.009368466529745687,0.011097494755908745,0.010141397030147313,0.008278180979933844,0.007151850919636304,-0.09258321233198608
2016-04-14,-0.01397656040779005,-0.001246255010609043,9.00683746369868e-05,4.7908863946899416e-05,-0.004795501032436977,0.010454052524839674,0.011132360921397463,0.010103565574416242,0.008201395667562329,0.007112938359253897,-0.04355095009851959
2016-04-15,0.006916553277877435,0.0024963895986587215,-0.002524043807432763,-0.00110588622344443,0.008566248410080801,0.01048091394465302,0.011091385441884477,0.009645443808394787,0.007982468572606904,0.007559154145902005,-0.036538835881574305
2016-04-18,-0.0015264612277036127,0.007558626439950311,0.005332390340127224,0.007026512122134454,-0.0043226042214989935,0.010190663959054982,0.010693749910217163,0.009646635284327612,0.00811531669428784,0.007741818431336841,-0.07053829109801901
2016-04-19,0.015627688132066497,0.0007943265523073784,-0.006113638449817382,0.003154599441149042,-0.003122212176911887,0.010550277195129616,0.0095306799038444,0.009262564184915176,0.007047533893282319,0.00685056592606698,-0.03907880123735828
2016-04-20,-0.005101192515562847,0.0014992544828074106,0.0008145113050386232,0.0009528222392232166,-0.011001082435520448,0.010471372833660324,0.009201710793827658,0.007651660530575471,0.006448266848891389,0.007318809530756835,0.016483875791087656
2016-04-21,0.0037824404776409803,-0.005019216873275001,9.014050401900953e-05,-0.005378461317723016,-0.005947350985635591,0.009564935784281036,0.007780373178114074,0.005770019022690118,0.005078189360351751,0.0056057983101476805,0.16033840747898853
2016-04-22,-0.012811914275298819,0.009912249934770134,-0.015092781356047191,0.0,-0.00256477985894088,0.010481652809772054,0.008007788389998967,0.0078015123110431375,0.005134695812387784,0.005495233639741611,0.14971281577031975
2016-04-25,0.0028840781155776707,-0.007098419696872416,0.0,-0.0017225249535804954,-0.004128853550072198,0.009396392805958876,0.008512794331611171,0.00769481023252305,0.0050770499917613555,0.005482584702100576,0.16709000476726082
2016-04-26,0.003975248058563308,0.009797151179964825,-0.004863185708173012,0.0014857116147719562,-0.004537282378578755,0.009546099056724131,0.008434737521670569,0.007293455649426558,0.004426958752947243,0.005348355359690402,0.16688644248407664
2016-04-27,0.002864397439145794,0.0034961136691429306,-0.00802212963881399,0.002058019463140326,0.009980424830677848,0.008980492275415612,0.005779233497184601,0.005743772182258559,0.00325823563248772,0.006473741071368762,0.028644188816556754
2016-04-28,0.018901209532051544,-0.011410225927599993,-0.012084078790763009,-0.009075211499874336,0.004123559512666519,0.009203489964721973,0.007180324062086335,0.0062748739741754714,0.004490398524078964,0.006685416719490537,-0.030222478726337577
2016-04-29,0.01945750344247421,-0.00898650442740312,-0.005268862870306368,-0.005399216068157964,0.002557169647264379,0.01047905462907241,0.007838454548565129,0.006251155955466408,0.004776354558064883,0.005927642700675406,-0.07236431682914762
2016-05-02,-0.0033158403319838436,0.008890139039914757,0.00945873456492774,0.007948520274681625,-0.010067916488863182,0.010613601360473538,0.007989938648106588,0.007057947534701065,0.004947683116426872,0.006444808600679539,-0.09384725614978079
2016-05-03,-0.002271979748055375,-0.016390424245023794,-0.009276500610955751,-0.008703155769846593,0.012595817348908689,0.010046309044983647,0.009542183481269987,0.007226657730588224,0.00535285102127464,0.007997874818799416,-0.09829689224267736
2016-05-04,-0.006099544612754526,-0.008242354064939117,-0.006431665542885323,-0.005578270904071259,0.005485683490596305,0.010138490899040306,0.009694497614489511,0.007002802866211779,0.005380276738924026,0.007357730279765897,-0.08770205091318664
2016-05-05,-0.0011455641166617792,-0.003974478825219507,-0.0002853557748933033,-0.00019486600805962428,0.006684682700831557,0.010201576546296791,0.009669992539213013,0.00697252982375084,0.005314642192274041,0.007161965815732788,-0.08334268793749669
2016-05-06,0.009093148301192455,0.005895102630672389,0.0053322318204487296,0.003658915058280421,-0.004274295118607663,0.00887510325637195,0.009172282264613984,0.006735809073467739,0.005580661187402975,0.007302397211287028,-0.05247450496202742
2016-05-09,-0.020539038586043668,0.0028851838750296732,0.002841321621871895,0.0008265158005495987,0.0031427206107017547,0.011903807615885227,0.009196027223195218,0.006940001638434236,0.005630014517050488,0.00699745761021937,-0.07106804956436957
2016-05-10,0.0027351995597273415,0.010069247559715722,0.013694929333689432,0.012433816678379284,7.689599786320223e-05,0.011888458071970136,0.009234489468204128,0.008622214745559725,0.007103097646557779,0.006618672788598816,-0.01587731734432536
2016-05-11,0.009423039824896007,-0.012372228141791397,-0.009037327825179964,-0.009354702766230294,0.005654343993801492,0.012122028145381459,0.009584481533552179,0.008719455604126796,0.007599078620602504,0.00624475644208288,-0.03133783392098501
2016-05-12,-0.0078611125358784,-0.005317195776763817,-0.0044189908632052965,0.0002905790132767816,-0.00455922283735366,0.0110345414850935,0.009202156048856942,0.007950103000842689,0.00710115784664838,0.006602440282279176,0.03554950366774061
2016-05-13,0.0045394140453900444,-0.006614014573289584,-0.0036835130067665034,-0.00871440576562621,0.00969442113754826,0.008907193556813206,0.009053001223660857,0.00785612709674515,0.007429883126916137,0.007070986098973455,0.05498533695988802
2016-05-16,0.0007394952589121484,0.012677642616690354,0.012511932661465552,0.009865175957651129,-0.008617763572021153,0.008909888882334996,0.009643259475462906,0.00831812006343699,0.007698741042023787,0.006795389423273828,0.06064270403129307
2016-05-17,0.0034482607423813594,-0.015851442762673362,-0.012544352709090933,-0.009333440195336329,0.0016772543017269381,0.009012083148875515,0.009555861055279813,0.008779866936425703,0.007775134160673112,0.00581525365103601,0.07857752564079129
2016-05-18,-0.01734579222228738,0.00521651082899699,0.0036027395223583447,0.0002926580235635967,-0.014235589384101521,0.010377524923896935,0.009539977681905426,0.008559429747065613,0.007577448252362265,0.007431506985730382,0.11208146204094409
2016-05-19,-0.0019150352244893254,-0.00801197939026932,-0.005195632295495467,-0.003464764896680683,0.004324162854280722,0.010375881439768371,0.009774694237014735,0.008767024306621189,0.007655837589027333,0.007213076656986559,0.10408104331146566
2016-05-20,-0.0013348098643798378,0.01679558585187646,0.01101499328471367,0.006317380435474584,0.0007692243880330629,0.0096624937666575,0.011156776037186754,0.009296877215317923,0.007854102087219934,0.0071119124677592105,0.12071121781023524
2016-05-23,-0.002840166573309433,-0.001173536117881735,-0.0013149992926728693,-0.00136261366665269,0.002227981109710342,0.007413710311349254,0.011111776304269285,0.009292287828833295,0.00785640815201171,0.007069793888374536,0.13951026028486896
2016-05-24,-0.017341037506874768,0.02060386649566115,0.020032191191062587,0.01296236216465152,-0.0044462068668911225,0.008855556099150534,0.012618014387609316,0.010440162830726202,0.00795280365109359,0.007186805786705206,0.01822592326959934
2016-05-25,-0.002728045068191687,0.005843551071983866,0.00719148363501243,0.006782829272550472,-0.003773126913884428,0.007714198274233364,0.011828091393947986,0.00993916664764937,0.007525900259627115,0.0068642881426371856,0.057713600795080235
2016-05-26,-0.003419400875365075,-0.0011445078475708081,0.0029293151038918275,0.0002867191681321657,0.005178540197348314,0.007611248281847167,0.011596263670012015,0.009619241486753482,0.00752596150427119,0.007099325166391616,0.03248685472623597
2016-05-27,-0.008234680643287917,0.009958701829766436,0.00520267468995117,0.00429929883134017,-0.0014612614498791254,0.0071077353868583175,0.01127576224611714,0.009291442952009957,0.0066657333988332295,0.006085005938911396,0.07162539959714188
2016-05-31,0.003805525009163979,0.003490393247608692,0.0019066862922545447,-0.0019024779782036427,0.0023881930406821628,0.007445580978348957,0.010902766930465558,0.008850210174617254,0.006280916648412754,0.005705523454417324,0.07309728141584755
2016-06-01,-0.0010339059082515867,0.006782622934899951,9.060769783464373e-05,0.0020493365868536895,0.004056637553295328,0.007017088351571808,0.008508874338464183,0.007060613896196163,0.005003428379446762,0.005864697098650102,0.0960349532511311
2016-06-02,-0.0023288275554194104,0.007687101299545418,0.002084528434842081,0.003043342813929817,0.007207786345438061,0.005602495089031324,0.008524737289461189,0.0070993664892156465,0.004936050186927009,0.0038613657023218763,-0.06944125845030794
2016-06-03,0.027751354156539287,-0.006000035802561032,-0.0047026289812243105,-0.0029869457869677873,0.014235444204840464,0.011463377757907716,0.008171536691701162,0.0070267122443106594,0.0048694432693988845,0.005534396045202396,-0.07972965256477256
2016-06-06,0.0003364814640942626,0.010778960390918746,0.0036343444698940797,0.005088247501163767,-0.007430793162788718,0.011466417494706489,0.007506011403734064,0.006636554973797837,0.004789832139105771,0.006384315572815558,-0.09507528130764004
2016-06-07,-0.0008408886281601191,0.0029003890058219017,-0.0025346290355188206,0.001561679583772957,0.0024196356706047695,0.01144048181759562,0.007196722735388536,0.006749317747357611,0.004590827110248936,0.006385969459084667,-0.115524963321087
2016-06-08,0.014812339174809175,0.007400539286183561,0.0017245647092070104,0.0032595483269630687,0.005356244845895253,0.010641684886553334,0.005161508436105239,0.003485801814692283,0.0030438257200383983,0.006058176637277146,-0.1205754342148551
2016-06-09,0.005556461757929343,-0.006417481106601564,-0.0016313826997059744,-0.0013653932638693078,0.00645326603782026,0.010483775092174722,0.0062248503092374695,0.0030449336132491876,0.0027408308557012283,0.005672872611342349,-0.0911629787324446
2016-06-10,0.004041219495006354,-0.013597244158071842,-0.011343605313993144,-0.009477435829422953,0.0048455838200625045,0.010186804975965165,0.00819934735266741,0.0048075864281069,0.004395109457045272,0.005665117649905554,0.06849621276513566
2016-06-13,0.007392817000752894,-0.010855477441067851,-0.008353358490679197,-0.007711791822256564,0.00445200933348322,0.009184894535083744,0.00866720968744236,0.004913155590513628,0.0048188059366252945,0.005354187681730944,0.1363496231548481
2016-06-14,0.0010599906561068462,-0.0028742995882077294,0.0,-0.001967219687686539,-0.0007382187737471346,0.009296451739515925,0.00863374848704012,0.0047837671838573525,0.004820428970199057,0.00557147907464616,0.15258273296537722
2016-06-15,0.007412264290884263,0.0006986896929701558,-0.002869579852620374,-0.0013935542664229583,0.003843584870550254,0.00899812339411209,0.008276828139981176,0.004724150623466546,0.004712020109429505,0.005572010140665049,0.16425261721543183
2016-06-16,-0.010511020767707824,-8.693622722988348e-05,0.0029708769887832887,0.002983981504523836,0.00486030234401702,0.010185741689009101,0.0077132193587146755,0.004824862599530316,0.004706121209010611,0.005473445419141406,0.12642308072204042
2016-06-17,0.01282889140431287,-0.004277724670577965,-0.01172137273142737,-0.0037238293193900818,-0.006229606564716383,0.0072729924437801045,0.007627903307183586,0.00565124471126447,0.004742820559101686,0.0049514979874948845,0.11147953678944758
2016-06-20,-0.005970132166106756,0.010871004495554892,0.006291613232514592,0.006439655830216884,-0.010692336106588596,0.007893083783639055,0.007644582039347667,0.006047116107676563,0.004958610278477247,0.0056797257492491576,0.07059491241114478
2016-06-21,-0.019235474102691663,-0.001907582868326485,0.003172852539403248,0.0028385614240109547,-0.004621190284790799,0.010686471386479436,0.00747779511668212,0.0063319908033926614,0.0050514655536755835,0.005975827450279147,0.06825564772300904
2016-06-22,0.0004965672774475127,-0.003910500651175153,-0.0024188122804946754,-0.0016312030442077186,0.0016474704863629341,0.009649040122572493,0.0066947347516508856,0.006182190077813838,0.004823594191687344,0.005769932309134862,-0.04872569414108619
2016-06-23,-0.0065343333792947655,0.019105103744030627,0.01426714990557354,0.013022880728730257,-0.011438690074397684,0.009675673223469511,0.009587176783423442,0.00817823869041108,0.006663507000261137,0.006416025065226523,-0.07558397303476662
2016-06-24,0.049038376152841456,-0.03800725592731902,-0.04118770438351649,-0.03590902226288417,0.026847619695459013,0.01858820445754508,0.014884514274905789,0.014984886447335456,0.01302184859561735,0.010961107865760836,-0.1654881338945374
2016-06-27,0.005396827818855421,-0.032835149675118136,-0.01984853582259105,-0.017909995815470592,0.024966818193253193,0.01855361010981935,0.017539108902820646,0.015777200593069685,0.0138316758912253,0.013375801086258986,-0.1620165856638779
2016-06-28,-0.010735716822507735,0.015456799063676696,0.021913452343002904,0.018036077138758433,0.0020831028639991533,0.019086104434246964,0.018740225480243768,0.017942756829103033,0.015464216039062577,0.013321477784085198,-0.1388441445747674
2016-06-29,0.004149350816571085,0.022741735179498068,0.017710171668497976,0.01702749131278991,-0.007672158617224589,0.019015209102025758,0.020501233732538097,0.019095311940799164,0.01656595335639347,0.013743670444516,-0.12287527175268793
2016-06-30,0.00500639622652943,0.018603705954621796,0.011569749028874643,0.013645762266580208,0.0036856392253346026,0.018517195484433254,0.021452527474694356,0.019478015811709697,0.017105255724390693,0.01372127278717596,-0.10198744594057008
2016-07-01,0.015339625386899147,0.0035660020372652035,0.005021341858107764,0.00210058750806863,0.01388435275068245,0.018674931852947205,0.021398343053091632,0.019076370758166043,0.01701852957602578,0.013877399641791771,-0.08893051713779584
2016-07-05,0.008254789567508913,-0.014732534985077317,-0.0061064237443225755,-0.007193192479024835,0.012520929723111918,0.01839660460098208,0.02166509622664732,0.019143888112648246,0.017148093266159608,0.013090178162097885,-0.09610572690084378
2016-07-06,0.005870043250717272,0.007260902246621015,0.008192275572782792,0.005997564352597129,0.0016153712728450564,0.016297166579566008,0.02182485928678658,0.019289645616083716,0.017226866878694607,0.012659322188559682,-0.1301752959369717
2016-07-07,-0.003762499043616141,0.002107477430004945,0.002954939504375975,-0.0006201107386605287,-7.031095327469927e-05,0.016557819766358232,0.02179643067007565,0.01926139866475832,0.017214504967189466,0.01274855867120784,-0.13108239141153874
2016-07-08,0.0060120143847071095,0.02330684697525176,0.015466451231524792,0.014890450914887499,0.007365898640250945,0.015862021410785066,0.022234739919096105,0.019353593711763064,0.01737102271585685,0.01106030488201016,-0.11860539077851384
2016-07-11,-0.009423926954219786,0.011558911977724184,0.0057116551739315735,0.003527072960541444,-0.008774473896562607,0.008134423529838126,0.01769743267882847,0.012202756096172142,0.011565484986118734,0.010206050257784444,0.05504500826871207
2016-07-12,-0.016551874633622066,0.013373924929474201,0.005047956653034147,0.007263459286797946,-0.016439279635909854,0.010037631422984902,0.01144491619625164,0.008151819746379655,0.00832157698295669,0.009566863325819184,0.20557654725269522
2016-07-13,0.00920177573180525,-0.0039255309134663685,-0.0024213915427900856,-0.00013984767843766566,0.011786299809033673,0.009544470628745,0.012101540818138152,0.007380792140770777,0.007719951596124628,0.01018154521532266,0.21091092564133582
2016-07-14,-0.007715129649756625,0.0010060875566806349,0.006833400315964688,0.00558361258560458,-0.01454344013728226,0.010029281461932084,0.01115130292541537,0.00622598583223342,0.0066151172978833024,0.011083046382468433,0.24341177625344307
2016-07-15,-0.003848311365095336,0.002764499276320498,-0.0016073664012626887,-0.001342076422234384,-0.008596604988061918,0.010049013536335914,0.010287128971739485,0.0061280814191017625,0.005981687728228313,0.011439865176591584,0.2278427608196761
2016-07-18,0.001576825791636871,0.0016707481682003422,0.00661877341383077,0.0026874307625215366,-0.0009393254759244574,0.008604771942997141,0.010326266395090735,0.006180883780739551,0.005974684428059028,0.0103293429246484,0.20847530784042503
2016-07-19,0.0013381467862105811,-0.005003955860443332,-0.003643186607666271,-0.0010166607914224857,0.005641605129613314,0.00803379208517426,0.008639962335953193,0.005765429596336812,0.005042935469330099,0.009477825019463315,0.29997235859370647
2016-07-20,-0.014307049036417885,0.006538123971751908,0.011683098672897518,0.004163067944154886,-0.005466546946009565,0.008436524365734364,0.008625788238294903,0.006120967468783202,0.004982389332794843,0.0094175298704179,0.23865573289767186
2016-07-21,0.015232503958900745,-0.004746849241200279,-0.0022919416306034224,-0.0037772123166500693,0.002025544468401863,0.010353490571329673,0.009166552854172602,0.00649711037517326,0.005358288852915342,0.00951290201663154,0.17247198135073236
2016-07-22,-0.007462722347700734,0.007446792389357748,0.004152404793788644,0.0044852722880655005,0.0017318756425437343,0.010090302214042635,0.006590877367697594,0.005151236194119354,0.0035312165789054112,0.008997179604036225,-0.13341608643454536
2016-07-25,-0.006964758718206121,-0.0014950739267434177,8.809350039129527e-05,-0.0027159481357768023,-0.0007202558206778065,0.009950652625325644,0.005987482948343567,0.005130243596589763,0.003800975679631845,0.00881707007134054,-0.10678759656482091
2016-07-26,0.0042241075487405855,0.004824784734551946,0.0011437528467497238,0.0004612711040754558,0.0015858035295504003,0.008909636088542639,0.0045934691249458195,0.005058280984991151,0.003223546006043927,0.007389493315321816,-0.05567833070461241
2016-07-27,0.016111101422991103,0.0028144794026661035,0.006942590540720328,-0.0010608852043193506,0.012453046762551656,0.009981158959454605,0.004289897694655441,0.005003857901453091,0.003267476579352608,0.007517076988818527,0.05089851703916467
2016-07-28,-0.002889909558035031,-0.0025588762965581546,0.003491157533009215,0.001154731758101768,-0.0018486037047645842,0.009688846479506909,0.00448668431788975,0.004827270149578309,0.0028066917856765187,0.005789690457609984,0.10534312296225505
2016-07-29,0.010339903082906332,0.0019861478265106314,0.0021742406470917075,0.0016143336634342198,0.008334888635494142,0.01004598398601865,0.004463711183874699,0.004598736968482411,0.0027695093085601777,0.0052569529809691415,0.09640302869549264
2016-08-01,0.0018607962561190128,0.0008259211927974519,0.005293586635768621,-0.0008288181604541034,-0.010843085135016084,0.010045936238462012,0.004460704130403647,0.004502098104418724,0.0026972445939288806,0.006672988298747821,0.0943496458393084
2016-08-02,0.00812570067976126,-0.013947399439772079,-0.007596456773065974,-0.006407315045991346,-0.010302552401279974,0.010242529172149163,0.006320945993897198,0.005251943418742346,0.0034199281606493116,0.007384442202034079,0.2338083219594028
2016-08-03,-0.004759425467430023,0.008118337252693397,0.00330515427478284,0.002922774978718623,0.0005787021126468783,0.008861187910757127,0.006514653189348559,0.004185704424375801,0.003259151230757891,0.007158946225749793,0.30361399274035256
2016-08-04,0.0016968857004249216,0.0009136175692769921,0.0028613826001833154,0.0010638464859247243,0.0075133512759451015,0.007822775956050182,0.006265996476840902,0.0039545356259269955,0.003057581995755464,0.007507796083826942,0.34292689176496927
2016-08-05,-0.01786395743940894,0.01443267482056343,0.009596203352434829,0.008178684701668715,-0.010398152732439936,0.009692858171386789,0.007370033350512593,0.004580520306651949,0.003786514203617856,0.00828849046190049,0.1952480573160535
2016-08-08,-0.000862411663815732,-0.0004907793074305777,-0.0011133348354517292,-0.0005955696749341266,0.0018848383750915687,0.009321520754720442,0.00733003478644742,0.004672349342088961,0.0036470589427593063,0.008316963550873302,0.16624843665103267
2016-08-09,0.004080325118523742,0.0010634911072173736,0.002314630203186674,0.000595924589548158,0.00983649408284748,0.009317130296577958,0.007247450266927745,0.004646125101399776,0.003646531998164136,0.008892571501603682,0.16523077103315542
2016-08-10,0.004688953410549868,-0.007191314814139371,-0.0025656168189305273,-0.0024747817282742,0.0038676496235616753,0.007936102459465185,0.0076944598891464456,0.004660432575742525,0.003746864227444076,0.008004083592841731,0.0892782404377549
2016-08-11,-0.006922832969429749,0.004774065212540979,0.004287050184374808,0.004640789232121634,-0.008918338846503393,0.008221554758919334,0.007739413143807931,0.004699607531820331,0.0039678861146707324,0.008470624065936381,0.06917316246271453
2016-08-12,-0.002114801025602908,0.0009833378896648703,0.00068324202688963,-0.0008690891416022195,0.00842265677684173,0.007388796697068796,0.007732407231343614,0.004712013400456179,0.003993823611092873,0.00848123103243953,0.00962803857912364
2016-08-15,0.0034536484045673,0.009902252416821078,0.004266043765195349,0.0028839236585671557,-0.009423061554153955,0.0074789010335880165,0.008232950774649448,0.004635686389246188,0.004016408522924489,0.008305120917121711,0.017954038580095137
2016-08-16,0.0049280733796905896,-0.008103682283571056,-0.005522333133839652,-0.005157678814236677,-0.0026671739769502656,0.007101965034207291,0.007118584811847044,0.004204666996319638,0.003772584856368593,0.007648617260138858,-0.04572443657227244
2016-08-17,0.0002335080486637331,-0.002941218751347674,0.001794069271062071,0.0018810267111173395,0.0059978827934583645,0.0070119488319323985,0.0069964697004655475,0.004172039265125208,0.0037313965231461264,0.007877250421813135,-0.04863094783412469
2016-08-18,0.004747086461879935,0.007374702429346902,0.00025600533991698704,0.002243605415406247,0.0015805039611012095,0.007199757822014939,0.0072471522309256785,0.0041700384081861,0.0037517177133985892,0.007514760123170398,-0.04870012075192847
2016-08-19,-0.008829675348611454,0.0,-0.00025593981795701826,-0.001461812423359965,-0.005234833177063969,0.00502644046105196,0.00578044793018564,0.003024950613188043,0.0028765301202105732,0.006869184027975348,0.13435044853040953
2016-08-22,-0.00148474204574367,0.002277682792875879,0.0007674602415370657,-4.5606248495033697e-05,0.008434446438702503,0.005046795758112015,0.005792034182156029,0.0029775072319803398,0.0028655322499952095,0.007310305410786045,0.1333200081175562
2016-08-23,-0.00015649274735829444,0.006979404293117941,0.0017895524126643192,0.0020134329128722595,0.0010727723503594078,0.004866746403657025,0.006113554252694065,0.00294844659578938,0.00292052760735894,0.006654405998065226,0.10426688207905377
2016-08-24,-0.011114635054762179,-0.00813999634342455,-0.0064649457070261596,-0.005114906908645578,-0.0023573889704336937,0.005628641432834267,0.006267209459824309,0.0035935372647186888,0.0033004265459179723,0.0065756581709050035,0.31354590791484716
2016-08-25,-0.0008706109240564919,0.0019499282908448379,-0.0016266138067163594,-0.0006886254232448819,-0.0037934673956140363,0.00532496387357284,0.006156452022071965,0.0033146834290464036,0.0028908441976824416,0.006005094946407152,0.4048505852035705
2016-08-26,-0.0014259708499476664,-0.002027434085073998,0.0014580382786919532,-0.0018834365065472092,-0.005819987701221496,0.0053151240509085535,0.006232047755938491,0.0033524712540181443,0.002925489868460725,0.0055074240469760345,0.4015522448963621
2016-08-29,0.0019833398964483884,0.005200976361810827,0.001369904103922348,0.004924620946208158,0.013370404313363782,0.005195630523092756,0.005609201981883035,0.0030173686916420456,0.0032441445538881173,0.006382858422255501,0.5375101608095477
2016-08-30,-0.010055457179525829,0.0018593693145847467,-0.003249471889414046,-0.0016489546626559104,-0.0038513059553567652,0.005389248745876563,0.004783164208298263,0.0026752366806001536,0.002826754260395207,0.006470040612493659,0.6321724644742928
2016-08-31,-0.001999520134694288,-0.005648302998481958,-0.0010295421497253932,-0.002844126791382573,0.001432071789170264,0.00529983592682142,0.005112223573440112,0.0025626738394448245,0.002875958422473968,0.006230099287658413,0.6348859793521532
2016-09-01,0.0040872106204499214,0.0007302997209954754,0.0025767528632278935,4.617653772576169e-05,0.001102758905194845,0.005196865600141216,0.004594728629593374,0.0027564781375631307,0.002727340788908185,0.006222578097195665,0.6153729812714512
2016-09-02,0.010216288370529014,0.009649625643913806,0.0032546888775346616,0.004508011300225601,-0.008155828280845934,0.006209031740561394,0.005453506992262853,0.0029991455933329266,0.0031547197679286385,0.0065768077409635054,0.5288118307110424
2016-09-06,0.016907695537669243,0.0009639296065984126,0.006232922861815204,0.0030222000350326184,0.007285372485619002,0.008410374646437686,0.005442700228495788,0.0036130734012938003,0.0033033783354367474,0.006424121147600458,0.5457067143400053
2016-09-07,-0.003418556588101307,0.00625830350196277,0.0005939866951956141,-9.117068677477747e-05,-0.0007163180970978233,0.008512393046266198,0.0053610762881526434,0.0035827823507721657,0.003243880288532533,0.006416716892815617,0.5312859334336435
2016-09-08,-0.0053013792150961025,-0.0019934158281432746,-0.005851091867378866,-0.002282963155247675,-0.012541064697188853,0.007805460041660828,0.00446385254310103,0.0034568212179592545,0.0028445335925293387,0.007519278784477779,0.5182566402678483
2016-09-09,-0.00658355954228651,-0.031240075504175513,-0.025164290095632924,-0.023934860455391727,-0.016474484946726764,0.00815962181704796,0.011322474111686739,0.008821041890943807,0.008201772737948702,0.008945215260458847,0.6673968095268764
2016-09-12,-0.0012623563085552014,0.013938125781646438,0.017938366985369658,0.014347336865453642,0.0005167960141128081,0.008155625300556616,0.012339342414586197,0.010842738680750348,0.009700507697047181,0.008903274406867003,0.6239981776478073
2016-09-13,-0.0066355664917512325,-0.01919623573542162,-0.008940082226487678,-0.014375491598419776,-0.011357824636548774,0.008427340657463272,0.013543696077695897,0.011148701119881407,0.010417883086207681,0.007552193910006138,0.6775742571108643
2016-09-14,0.0034194855282367875,0.00016592666411585633,0.004770496604640684,-0.0003751022116033065,0.0014922330901490088,0.007763916961470582,0.013494075039533513,0.011285601897957855,0.010434847414341855,0.007771438578743933,0.7033200034180708
2016-09-15,-0.006419381491795106,0.01194004059297793,0.015538836754274143,0.009992781865646005,-0.004320665447734795,0.008069821353144758,0.014186472952080663,0.01237310346389478,0.011114022174520741,0.007555836779158555,0.6523882563919775
2016-09-16,-0.00247272219188599,-0.0014748420224057757,-0.0004772562336921027,-0.00386550007348907,0.008079438012674744,0.008012329654052066,0.014175824208680998,0.012370157924670474,0.011145254503857803,0.008388120892564927,0.6090349722974254
2016-09-19,0.00207901920123299,0.006647084818160343,-0.004348209240578549,0.0001875630301668707,-0.0032653539466551695,0.0072155885066294,0.013952913315537843,0.012435290988894721,0.01097733112100335,0.008235411511255638,0.6224352301727553
2016-09-20,0.0009575705942728163,-0.004239052205470051,0.0018838337104989389,4.6633473242074786e-05,0.0034998517540170138,0.0037607000544122747,0.013952014044209093,0.012269164829478617,0.010873816932989831,0.00777773560988457,0.6385521477122124
2016-09-21,0.014588601451239303,0.014490394054228473,0.009829077726473123,0.011245348879970862,0.008086851191480449,0.0065687161216019495,0.014710382834555938,0.012693004734617503,0.011661419444381043,0.00858518791938541,0.6941495848482482
2016-09-22,0.00235721740921524,0.01436404498366639,0.007956012663429712,0.006301802099170084,0.007949190290463592,0.006425696553514593,0.015488404107250569,0.012674152560574182,0.011862669506777694,0.008399665475373717,0.7086712344086148
2016-09-23,0.0006271210413582029,-0.007080354591991411,-0.006381904404489824,-0.005479423734668254,-0.0009495186447250337,0.005994590104321399,0.011297814544974055,0.009107952964131152,0.008763420524585865,0.0063102221121628995,0.562781537584766
2016-09-26,-0.0007833801247610905,-0.009930406692103766,-0.00836617573034415,-0.008102006534998263,0.006359049152044882,0.005978849138427867,0.011240917277500493,0.008328721495192457,0.008038180615699875,0.006529907038861977,0.5703968982908333
2016-09-27,-0.007291260548213385,0.004057499734142267,0.009885498355902689,0.0062076788548484085,0.007335179558773719,0.006071981208547071,0.008848548341146205,0.007912721915697099,0.006576341889463378,0.004892134764216428,0.3380172746627502
2016-09-28,-0.003159070582864132,0.007678130213517376,0.0016877998805449046,0.004963811588032607,-0.002162535445432545,0.006101653845275751,0.00890987569090325,0.007897371912111683,0.0066133505354178945,0.005180711617172475,0.32986356915051107
2016-09-29,-0.0011884132817953086,-0.014597560475789084,-0.007244975407501242,-0.009047130951912785,0.002528800936208553,0.005696325541509755,0.010044596810963086,0.007027078851711688,0.006841355805617435,0.004505042255536359,0.47792535201348374
2016-09-30,-0.003410805950794571,0.010987998107787833,0.00746775957972301,0.007546077637030635,-0.008937463572027737,0.005759403271669399,0.010468791577762584,0.007353129275691905,0.007028548336882842,0.005732906608901555,0.3936000914074045
2016-10-03,-0.0025469571504198596,-0.0031399695974588804,-0.0014319676423636407,-0.0024044722431866283,-0.003300190560326599,0.005802111929424681,0.010468258419619092,0.007162368626245235,0.007124834167647705,0.005736501101225715,0.4324802232537623
2016-10-04,-0.03471112739159021,-0.004926404641261595,-0.0015183309450117477,-0.0050973450109499385,-0.011694983977075801,0.012386259643324217,0.010510541881095676,0.007224150355971511,0.0073922417543125125,0.007146291356960061,0.5036995027103133
2016-10-05,-0.0015706575141682944,0.006006130970683365,0.0035480450706892874,0.004425215237568336,-0.004659633535966323,0.010695342727187003,0.00962257472752521,0.006638733953653762,0.0065713839577503505,0.00677401946090117,0.37107719524713845
2016-10-06,-0.009273018119780652,-0.0010490360656126851,-0.000504837029645655,0.0006951695471797414,-0.005572381503774038,0.010414815538733295,0.008265750479410083,0.006109485830509082,0.006195929705941799,0.006166174701266751,0.2647278047470369
2016-10-07,0.000668512445361813,-0.007995245588156563,-0.0021901008945262035,-0.003429359832351153,0.0006724531616988383,0.010417895815241152,0.008342780455884333,0.00577965798395501,0.006049812002632222,0.006221045077066535,0.26744517387885614
2016-10-10,0.0035076482865623593,0.01196789004091614,0.00633086906900715,0.0052086788406915385,-0.005899129286021543,0.010754518389947058,0.008689829135371495,0.005219720265258853,0.005622041608713659,0.005577823944826442,0.35572083015672684
2016-10-11,-0.005076569505331308,-0.018262399198997636,-0.014259416454952323,-0.012629651603290548,-0.0022537103126496483,0.010745427613241517,0.010472084325325452,0.006411161653296861,0.006700904495752512,0.004233655995318491,0.27204620409943675
2016-10-12,0.0015892497462293154,-0.000819269556658786,-0.0008507642392204806,0.0013119922769613268,0.0009791868301785023,0.010971542141096243,0.009993459136703176,0.006351180783743618,0.006435426946434042,0.00450366618566681,0.2737459314531528
2016-10-13,0.002421921836488483,-0.008283723842082091,-0.003577027439540248,-0.0032756416645539632,0.003759962519492843,0.011175761519497085,0.00929714054725958,0.006053584850336908,0.0059045401707823065,0.004708486011871603,0.30727086205114984
2016-10-14,-0.0055819226506638175,-0.004051696756851686,0.0011968080396163039,0.0005164211211341474,-0.014011714578514245,0.011165992545026876,0.008194354761788213,0.00540353744930237,0.005179014337539076,0.00553724462748114,0.3361037737112529
2016-10-17,0.0026809625769763645,-0.001162997062549298,-0.0027320533666085334,-0.003471995856829002,0.006383857883402788,0.011416168816551046,0.008215906898227454,0.005421987535833962,0.0052113655596836,0.006478524790845225,0.33382411805119877
2016-10-18,0.006183137214928136,0.0057363669225491964,0.008902733117573058,0.00626229441065318,0.0032468866485626524,0.004830056537192205,0.008600507630788947,0.006333460491464738,0.0055830019229310334,0.00601570197399666,0.42360915418650846
2016-10-19,0.0057299655530487215,0.0042153865855474315,-8.50791919049243e-05,0.002667197139417432,0.0008283104609410064,0.0051800823093725665,0.008437205369207034,0.006183382903307432,0.005438638515755451,0.0059694406274152225,0.4582377786821182
2016-10-20,-0.0030550965627722526,-0.0029632546976559038,-0.001187693495783626,-0.0018669221341434117,0.0010524705875647467,0.0041824194812766745,0.008435691753593861,0.006183815245150104,0.005430429174078845,0.005793654118353538,0.5019518801630892
2016-10-21,0.0007454362173064943,-0.0004952140613658784,0.003737899683653012,0.0004673762300135831,0.0015024074871894388,0.004182003281000133,0.008189239870859694,0.0063231298321999784,0.005365851821181978,0.005818591217649131,0.5080601662582187
2016-10-24,-0.0022345797266349887,0.006359951268511965,0.012018854977650761,0.004253078140934674,-0.0043503872615074934,0.0041806036625357925,0.007316730743482366,0.00717903098486765,0.005260745375466704,0.005676038945229526,0.48005726255120695
2016-10-25,0.007548139354159433,-0.007469015566929915,-0.003178481631780916,-0.0033507726955540607,0.002636922730719027,0.004268364492825123,0.005110078144750704,0.005284430524866903,0.0033811392589787113,0.005698335012726555,0.2512950708128584
2016-10-26,-0.00559809251948773,-0.00992271495458441,-0.006795632583830091,-0.0020076981709519215,-0.006763232187001145,0.004837999691009133,0.0058523767258828446,0.005870705936176514,0.0034388119775926743,0.006093415118214273,0.3649302322763966
2016-10-27,0.0018213529185828747,-0.011442818435933866,-0.00456160250124138,-0.0026665751426203643,-0.0108940767358362,0.0048204830584209395,0.0063085196620053215,0.005960399932372541,0.003378839344913246,0.006670738138809826,0.4250607807073396
2016-10-28,0.0047103519110967,-0.002787998905685818,-0.006279758637486754,-0.0029555620033240304,-0.0022180633070718603,0.004379367570812232,0.006278099948187472,0.006351638138731164,0.0035050657488253302,0.005198453734345686,0.41068463879893324
2016-10-31,0.0029610183001298473,0.003982076810787882,-0.0009395164186375426,4.699070291014351e-05,0.0061326927455760405,0.0043861397094866516,0.0065582745532127154,0.006291481656573286,0.0033192593329416363,0.005160044337913754,0.44759982870017084
2016-11-01,0.006478603409139305,-0.012236318220551157,-0.007521810346635904,-0.007245459580746183,7.588139759762136e-05,0.004419209833160223,0.006818807806791781,0.0058873418464678836,0.0032742508707608274,0.004972088468521438,0.2789115714299089
2016-11-02,0.007414617516698918,-0.012729550973158976,-0.0080097844643634,-0.0060183801776294565,0.0043510423129204945,0.004609015562284774,0.006855664258367084,0.006203679119187372,0.0032670151467719894,0.005248830300044457,0.17360968106110058
2016-11-03,0.005338107937297831,-0.004845889341761778,-0.009810626594961458,-0.004577060572729219,-0.007675715715051767,0.00432566667871962,0.006820176831929786,0.006621468886841397,0.003353623143473506,0.0056109975534205,0.17390073954668686
2016-11-04,0.0007240252267182168,0.0064345427991250315,-0.003507236949213288,-0.0011017742943433273,0.008960319106734005,0.004326866934643424,0.007648434952981254,0.006166766554553838,0.0032390232961315036,0.006510475960160312,0.16122574567203535
2016-11-07,-0.018007861361529542,0.024451424475592898,0.023757046311893903,0.022056739416114857,-0.008501334010982298,0.00785215497504783,0.01160825806947529,0.00965523443688827,0.008315800860527026,0.006871928183397976,0.013986838404447893
2016-11-08,-0.004175211869501427,0.0026147864618728534,0.006532196858189954,0.004504169790415791,-0.0040573960275562815,0.007695720891281573,0.011581715920634443,0.010079078398502821,0.008416565532895147,0.006761278781056835,0.006657683142795173
2016-11-09,-0.0006576934516286936,0.030787203457225187,0.00461107074691447,0.010602212331223493,-0.04243277348167285,0.007438811175028022,0.015000322569174038,0.010085496538049363,0.009005757390232415,0.014499482836216574,-0.11546681725222178
2016-11-10,-0.01488974658560116,0.015994623148930964,-0.016149557983051954,0.0024953248909740378,-0.014770384990391516,0.008885490246668671,0.014688422338075414,0.011198944644008044,0.008902744534921642,0.014706310199746274,-0.08353544780820668
2016-11-11,-0.02212944906788228,0.0229718900462339,0.00043195701237941364,-0.0023049462181932157,-0.005622051007145856,0.01081058280149984,0.015380900666053719,0.011096748392443373,0.00886658968238978,0.014647975659511989,-0.0686672843025558
2016-11-14,-0.008454294420749409,0.014054560907376112,-0.010103766669618541,0.000785418721046538,-0.005981713315776682,0.01063093131932974,0.015436987365037931,0.011458164473862656,0.008853008945299818,0.013986559483749444,-0.07924810883261446
2016-11-15,0.00869866618655779,0.003097342200177433,0.013870630152138963,0.007802808949194828,0.004946059341200071,0.010912907188885285,0.013795041168013144,0.012275752058979624,0.008388815060275235,0.014361949373751981,-0.021512071159986837
2016-11-16,-0.002988440021410743,-7.703918969048651e-05,0.005937223143479775,-0.0018780611826351157,0.00902310666582351,0.010104777466486158,0.011899908451108752,0.012034047334712876,0.007962309208255318,0.014843007356004096,-0.01780267656585046
2016-11-17,-0.005138293152093909,0.005866794661129715,0.0072705473084628824,0.005140451475686092,-0.014714316990933729,0.009353661148040504,0.010679696915364204,0.011438790390189826,0.007393811616917573,0.01506433275025546,-0.023947180979815887
2016-11-18,-0.008780207102896176,0.0052952891115261025,-0.0037364506396294628,-0.002237713422058918,-0.0028881998213389215,0.008991119550769852,0.01075879058020441,0.011454088058307426,0.007502656847492936,0.01407550176721507,0.00011479795449141905
2016-11-21,0.0037342622620732957,0.00465707423553674,0.010398969917604584,0.007551847098779874,0.002482483983022865,0.00883618942492076,0.010118644188881587,0.009388402220976335,0.004622994669783918,0.014497609335891,0.032248266071019306
2016-11-22,-0.00034608855246265335,0.009118188936154237,0.003037054824584162,0.0019530014218538394,-0.0003298846868504679,0.008980704893727192,0.00975616366822866,0.009261250355831764,0.004616245434979598,0.01464036089484883,0.03275542320916108
2016-11-23,-0.019819983532816443,0.006250337177114762,-0.004037213743653401,0.0005438960668868731,-0.003880967540117908,0.009923533966730444,0.0069612477069470316,0.009347735338416834,0.003796621031179452,0.007723717654935234,0.09049953737857613
2016-11-25,-0.005651208738617575,0.0032925701917061456,0.003209006104968548,0.003715417058528292,0.0014922437170092895,0.009530854383657932,0.006638333054124654,0.007239134360274966,0.0038342540297365457,0.006647800536809166,0.10881166402738837
2016-11-28,0.010567466787642088,-0.012978111332032083,-0.0022725324872486796,-0.00469458879436746,0.007366381393168586,0.009010301894265804,0.007023292858886101,0.007379443514494326,0.004197086958115998,0.007021554694340733,0.10859667742410442
2016-11-29,-0.004657349687858581,-0.0005294328438532059,0.003458862109571914,0.001950078534696642,0.004190201874232358,0.008824474476916241,0.006127728219692718,0.00594086765668287,0.004179824355082357,0.006832969375297873,0.14866367760982907
2016-11-30,-0.013419234467324848,-0.0049144579369786445,-0.012107091036563267,-0.002399026210287536,-0.016200176170290237,0.008488416759442148,0.006536448214783714,0.006644048987492047,0.003832573611465919,0.008472057277537708,0.2513856547098776
2016-12-01,-0.0018791864382340373,-0.00486263560091571,-0.017276689974916715,-0.003675412220557117,-0.010558688348470402,0.008519731012145537,0.006840820460510873,0.008553369810444607,0.00401833682047092,0.008062228746927531,0.29346435689318534
2016-12-02,0.005379222424209074,-0.0005346037994383712,0.0019920461713895943,0.0005009922028609282,0.007327570465842204,0.009069007944912976,0.00664390843079251,0.008124279896863935,0.0037160256640098757,0.007595688359621586,0.3667515614980421
2016-12-05,-0.005350441210868029,0.017188858782631433,0.007778657017025736,0.0060085741593653985,-0.0010872032495521378,0.008910055310805898,0.008427077252409841,0.008610346813444402,0.003990035751578996,0.007569882823508917,0.3797279664650348
2016-12-06,-0.0009861987578327902,0.010814980298588184,0.002401618390148297,0.0031675108616484593,-0.0007538099604988968,0.008625651092471232,0.008882390762573336,0.007811450819361143,0.003406012307204148,0.007476873717139722,0.35797483048545276
2016-12-07,0.003589711251758221,0.009733099897843989,0.01266239488415044,0.013080928191836483,0.008544624880063578,0.00887756207695582,0.008936916134839414,0.008929439349841202,0.005202411794877583,0.008098206826364916,0.43171427770440574
2016-12-08,-0.0023249765892274787,0.01574672469940186,0.0017740350337591693,0.0024485463689090103,-0.011793602115747093,0.006700159565450455,0.009855244048732604,0.008856610526404407,0.00518534556157704,0.008834032876917747,0.39107053261376007
2016-12-09,-0.010486673587394413,0.0019558471626544005,0.007843536358997927,0.006040582343573853,-0.01243942145245025,0.007191645089865958,0.009864352365303341,0.0091501641386679,0.005320666000401127,0.009448682623070616,0.3480290476466011
2016-12-12,0.003804331187865717,-0.010555328259575503,-0.004519053983168986,-0.0011478890672014241,0.0018722588972452936,0.006121343943667544,0.00944471522284708,0.009256184826675,0.004909138302105846,0.008955488681790984,0.42956794895842404
2016-12-13,-0.0033387723118656343,7.255437043141022e-05,0.012609586244664017,0.006673908238508108,0.0035679916666289113,0.006087000111735594,0.009418739243597598,0.010013441987598034,0.005064729357487347,0.008901285895180704,0.42623984935422776
2016-12-14,-0.014667226454941784,-0.012494519728040943,-0.00207533748265909,-0.008254306591368943,-0.011173188018917424,0.00634312447876507,0.010419807747218585,0.008967108420661644,0.006016302735742101,0.008196570881990276,0.4230785614605154
2016-12-15,-0.01369112807217554,0.007473498189575656,0.001580712388623784,0.004117444601846598,0.00505105277421003,0.007226830320781482,0.010150895058619217,0.0058182868036496275,0.0056215325628633855,0.008007122063833921,0.37228435007718286
2016-12-16,0.006614558767378709,-0.0018365043427914785,-0.0037069622859697837,-0.0019556652488424975,-0.0023002814908165137,0.007409557035895053,0.010222756491822846,0.006316857582665745,0.005806318489764469,0.007441603065278827,0.3540317847027926
2016-12-19,0.004997623978540311,0.006548798001484002,0.004096657932178838,0.002177132533723869,0.010756229396493566,0.007859831439978638,0.009175614642406751,0.006153690232604668,0.005712707656047808,0.00848181305655654,0.36515963124288087
2016-12-20,-0.007367118973593101,0.008479389899890943,0.0038306566278036858,0.0038575735864478933,-0.004982832251759217,0.007968118914090067,0.008974931495328515,0.006147958501126243,0.005724013821571468,0.008580408843741177,0.35787713950198685
2016-12-21,0.0005566152526592649,-0.006523704430717481,-0.0007465534407390395,-0.0027824561278226856,0.004414149431088088,0.007731484868129105,0.008993994507011422,0.005310958876074631,0.004620357580514534,0.008142648180520575,0.21105011498358003
2016-12-22,-0.0024107755207141146,-0.008622556726804564,-0.0028225172374318763,-0.001727668103406299,-0.0017884575212302467,0.007729972164060274,0.007733374174329563,0.005533545799175754,0.0046750929861942014,0.007340121998097302,0.2769057633128625
2016-12-23,0.0031601819765598727,0.005320367606673093,0.0006658586700134528,0.0014641511046356026,0.0020373127137358615,0.0075820778384747285,0.007972357602553532,0.005082107712345974,0.004303421826181976,0.006088996827860278,0.384491698570952
2016-12-27,0.005837091185366683,0.004483885976029001,0.005158318965537534,0.0024811668242115115,-0.003218614238604478,0.00778645328245554,0.0074132618908699195,0.004853642885082766,0.004326127491202201,0.006196191304940832,0.41687022248148786
2016-12-28,0.0027634769574851337,-0.010244856627214527,-0.0077803198137063045,-0.008264557805033879,0.007308560466258163,0.007910691832920652,0.008130201485258339,0.004052282108382484,0.004569997203965343,0.006523907505573665,0.35570796535197263
2016-12-29,0.01313614088883086,0.0008871029599741842,-0.0014181203926969532,-0.00022271973055609795,0.003543149816697788,0.007618239620779934,0.0070041011434104315,0.004023352519591069,0.003766886395354562,0.0050678018415719365,0.1475752857486893
2016-12-30,-0.006165566230220687,-0.0038412304834005706,-0.010274671424316262,-0.0036550151928067542,0.0015133402059062107,0.006207320717374924,0.0066759592425704945,0.005077106477525501,0.0036015359400282743,0.004959841938673854,0.2506938764400034
2017-01-03,0.00784600497730814,0.004968162996557224,0.008946664185737196,0.007650135150369719,0.004280913007546516,0.006317797236049491,0.006872452937389988,0.0059177359008081055,0.004457057227598257,0.004799953986592777,0.3248885146984958
2017-01-04,0.0035303646722089077,0.016676583057621208,0.00543736732332345,0.0059487962088486945,0.0038450397736304875,0.00626332117196879,0.008479334588759997,0.0060357383651429,0.0047990324808478155,0.003867999942290601,0.29118095117637466
2017-01-05,0.015515074970534615,-0.011540091086802762,0.005657716065028406,-0.0007942009679013928,0.015653682882632358,0.006595966424965362,0.00891107569303567,0.006186984948531144,0.004658099617736675,0.005188738327063455,0.32905458784530983
2017-01-06,-0.00737255123072611,-0.0036711371643426416,0.008769894208132234,0.0035778316945869193,-0.009181959182517074,0.007518334614786891,0.008753305967582772,0.006720053482582879,0.004668693930393847,0.006590045730620334,0.25688833421091606
2017-01-09,0.008232645807116912,-0.00655910662413417,0.0032804691119336926,-0.0033010253597328676,0.008025622440401614,0.007326312680169917,0.008564365882814482,0.006586517341298934,0.004782686785423578,0.006627761161639209,0.18978817085131855
2017-01-10,0.0042602588509306205,0.009570010665596262,0.0022072701293438524,0.0,-0.000657092070064258,0.007309725721294631,0.008972799222591699,0.0065738984718872965,0.004771897724436805,0.006742222528650362,0.1828946099480603
2017-01-11,0.0030932255360247574,0.0017633797661191775,0.0026914364910335387,0.0028261836525840245,0.0033682551349003553,0.007316226875949034,0.008864793776286453,0.006487870915495074,0.004790294270026509,0.006366388114846388,0.19188985596430858
2017-01-12,0.003612367067042932,-0.007702206766244335,-0.0015454634429582503,-0.002509855254051341,-0.0022107559992151637,0.0072989513805615455,0.008576415265085638,0.005724759893777298,0.0038997619166437156,0.006488994478100001,0.2133282610033404
2017-01-13,0.0026336178800692167,0.007244466333723443,0.003421929897171827,0.0022955449547388262,-0.004758307020607533,0.006656554409090364,0.008875350681368514,0.005570947391000688,0.003896782182202534,0.0069036780592873735,0.22237938132794657
2017-01-17,0.01435950794847174,-0.013577140091647455,-0.003004305058828982,-0.0035235489943973297,0.0104696572826668,0.006501316801189143,0.009902324561746313,0.0038860790449270995,0.0038787484679379453,0.007398504668535554,0.06435554746267025
2017-01-18,-0.008459177733679324,0.0032737159215709966,0.002036156206350448,0.002209840130482421,-0.012808090557136942,0.007785243212283356,0.00981661672710618,0.0034125323517570343,0.0031979659963021654,0.008867611986186493,0.02240516949451952
2017-01-19,-0.0008706024299159898,-0.008157110087103625,-0.00048780564895800627,-0.003704447708766656,-0.0068587483143297545,0.007933977880754197,0.007969352607805315,0.0034364111864467646,0.002868440378365828,0.009150939978644206,0.011810677377004414
2017-01-20,0.0024397178433508415,0.005158668852987214,0.002195406169905656,0.0036740376897101967,-0.0019970545794382177,0.006718210240810773,0.0077113746003007145,0.0032289854459975815,0.0031186815593303415,0.007341906020275835,-0.0010430042817914042
2017-01-23,0.006431967354547874,-0.004165496550712744,0.0008115147934315559,-0.0026022722604875925,0.010004851519987312,0.005903148638877171,0.007730071082536902,0.002170309099633321,0.002973891092642416,0.007658258360853657,0.06386855386747099
2017-01-24,-0.004490925540628465,0.01531230966104058,0.00672856764992158,0.006411923107587203,-0.006851467677593037,0.006153220674613168,0.00906103046884891,0.002742894555871933,0.00348621197073165,0.007423020766576405,0.04986353120223781
2017-01-25,-0.008241493674922662,0.009416580511427908,0.010066107190562112,0.008655516511628214,-0.012550768050936134,0.006931691391947842,0.00904478111800824,0.0038633186266290027,0.004320747382705647,0.008230024413598465,-0.01974611689070078
2017-01-26,-0.009272197003353688,-0.0040088396134262405,0.0010362783995541136,-0.001045652691281096,0.0033670605467170933,0.007597792169882453,0.009163892541185078,0.003879694613357713,0.0043494700893163705,0.00822993108224707,-0.01769004372846189
2017-01-27,0.0020306880028346797,-0.00343888452668506,0.0019117395403771553,-0.0015695844375200885,0.0036069698578307108,0.0075260645989273555,0.008844920272763322,0.003664248096255152,0.004275023110137537,0.00844902663470221,-0.02761531420702602
2017-01-30,0.004229477187141839,-0.013950846996038768,-0.007790220809116732,-0.006201711382229913,-0.0030088304914404063,0.007612637824623725,0.009610374550463784,0.004861071129460826,0.004816754819147353,0.008399798993459356,0.008209437062996705
2017-01-31,0.01386331327657886,0.006999590888071339,-0.0020029115792785657,-8.788552146277162e-05,0.006958644633629607,0.0075082085174635535,0.008892742799919601,0.004770874468052174,0.0046384727907133475,0.00789451838093249,0.08234872329758777
2017-02-01,-0.0030290445198764004,-0.0005914685313275214,0.006903708338387382,0.00039575131154401255,-0.006183074529730881,0.007028260519994958,0.008849636784685248,0.005075830900321327,0.004602722509327293,0.007128870027418868,0.06259057857378189
2017-02-02,0.005555550404536813,-0.002515938513689586,-0.0008769900785854379,0.0006587841606762179,-0.0004199887129550106,0.0072000936823929445,0.008423177136350723,0.00509793455779087,0.0043722235541660374,0.006861939565611124,0.013632302529042106
2017-02-03,0.0025034610211955854,0.015280912006045977,0.00287274505514179,0.006892735554519636,-0.0004200842676742589,0.0072015854695933685,0.009536860839330568,0.0051068124005640494,0.004710347958721214,0.006847111972298303,0.0292295783807907
2017-02-06,0.013519329475210284,-0.007525086424052807,0.0011934462761258313,-0.0017875916055452024,0.006050881507577266,0.008093646203848994,0.00982646024619047,0.005098640024722072,0.004644814179675137,0.006258793451326375,0.024440683636307158
2017-02-07,-0.0020390643159919897,-0.004417064850742669,0.0036555907345512395,4.360111093792973e-05,0.007350236990351755,0.007921690239244963,0.008655475543531597,0.0048697317142507275,0.004277807528010677,0.006379742946560002,0.04951464296277848
2017-02-08,0.00621491028966048,-0.0017749673008288225,0.0016629985579477147,0.0013105861107809424,0.013598509242118917,0.0071437725048757676,0.00792726971565853,0.0038919533544566824,0.0032463294420538753,0.005778138816140474,0.20169569713187802
2017-02-09,-0.00761487018603868,0.014074452982369534,0.0036364852100383427,0.005932617151940489,-0.011534284310096843,0.0068305676220245535,0.009264941379021509,0.003990890713796984,0.0037419860219298972,0.007394223591653095,0.07656255772480637
2017-02-10,0.0026430007347089113,0.007596661904677893,0.003307869724239687,0.003946206370673666,-0.0005796293178438328,0.00681843365819596,0.00943711649439826,0.004045837521875561,0.0037994884272762423,0.00738647505214675,0.08043017457222842
2017-02-13,-0.006802682251218939,0.002609657332692805,0.005652637593299703,0.00544245994726289,-0.0031468571350630192,0.007555192398233103,0.007764954072040018,0.002723093859715261,0.003012349034473645,0.007395298444012874,-0.13473153860170795
2017-02-14,0.0011129901542927811,0.0033262970700220773,0.003356542620691405,0.003995181834413497,-0.0072271248467993265,0.0064100239753322776,0.007639209093258966,0.0021920149874490513,0.002932179844675008,0.007520497056142696,-0.12615282139977602
2017-02-15,0.004447076385095894,0.005981504007890992,0.005912891227435768,0.005220464914264866,-0.004601932107054174,0.006296119156015356,0.007616232101545466,0.002018324162349332,0.0029108651435818997,0.007397540373247206,-0.09397352462581801
2017-02-16,0.0053640263872474225,-0.002794072565033612,-0.00030919079992564047,-0.0008511339238806981,0.005463930890181157,0.006284226133875833,0.007640153737986293,0.0019005159497748631,0.003089048311365619,0.007599877642922644,-0.11077790046519605
2017-02-17,-0.0033875467452245678,-0.0006464324412573941,0.004332580071899406,0.0015761412405830288,0.00593667211513238,0.0064974977623330115,0.006411512689280678,0.001937325597331001,0.002790492950486629,0.007778547468943922,-0.1311170273883765
2017-02-21,0.000594830851824435,0.007835924473637235,0.004930480758074118,0.00595542305667407,-0.001745777575111962,0.004894668496336464,0.005779917110534853,0.0018574322477735525,0.002536582813849926,0.0076197452631494265,-0.0853407416823716
2017-02-22,0.0013588421410561935,-0.004422766659704869,0.00038345532500128066,-0.0008881363574653189,0.0016645448184466893,0.004851026416002887,0.005780749954792875,0.002119060689721312,0.0026807538182304995,0.007242254792058657,-0.04576938171583006
2017-02-23,0.008735465586520608,-0.005946365392784925,-0.003755043494073518,0.0006772555842533556,0.0029921784473001534,0.005237244791807998,0.006304680399736163,0.003062818606862593,0.0027363111679717354,0.005580016556590582,-0.09141548079909237
2017-02-24,0.00638973004234078,-0.000720901732934931,0.001923142357278973,0.0012686417461695854,0.011105555379943288,0.004619030784479993,0.0049440705997394,0.003055312812722472,0.002593742899975759,0.005549037076504454,-0.0328287541799608
2017-02-27,-0.004845398633643638,0.00973679662526572,0.0012281749529188257,0.0015629156888081752,-0.005901444176989679,0.005094004875685755,0.005282521826692689,0.0030705169124345447,0.002569177179660594,0.0059561498954813176,-0.04731554646228201
2017-02-28,0.0009234436519076628,-0.015428222763845367,-0.003067043708059658,-0.0026989467096618647,0.0037098222376181766,0.004244074043567822,0.00748180464842972,0.0032652685762347682,0.0027779703959320908,0.005889865532427755,0.05423654086597186
2017-03-01,-0.0014258642418293332,0.018282089744966035,0.010921187204123939,0.013997207989890237,-0.016756085202487725,0.0043813592546072784,0.009509101423590727,0.004417695308665622,0.004804723978327156,0.007841405839650468,-0.02303724185621775
2017-03-02,-0.01243067157641009,-0.011470746692930578,-0.005021096086697319,-0.006297434040780203,-0.0035993641866280957,0.006149144665395171,0.010113833379031321,0.004750935943585999,0.005440431156823902,0.007779542167333411,0.16249362523062966
2017-03-03,-0.0005953367386810626,-0.000720901732934931,0.0018351854418243718,0.0006295598560892568,0.0026039016690748706,0.005867612787001437,0.01008409718682865,0.004725749256810651,0.005391371035417942,0.00761898906183656,0.17205128793453867
2017-03-06,-0.006722839768239397,-0.006851416803201338,-0.002213858167139926,-0.002977471795058917,-0.004775732756155504,0.006140440595067854,0.010293091617155675,0.00472335050228932,0.005580552629497732,0.007442747155805237,0.21732599478120865
2017-03-07,-0.008053482107396648,-0.0065359784628428175,-0.001682499752874378,-0.0029871768077920358,-0.0030309647594499722,0.00651922310016206,0.009923549720295941,0.004526639974636226,0.0054347194423759295,0.007466765524930109,0.22512107694781974
2017-03-08,-0.0062187012290060295,-0.006579040837523031,0.00176237603724827,-0.0018564611551241672,-0.005404420665101717,0.006568685547241744,0.009995363261859241,0.0045586412517699595,0.0054653684819767874,0.0075001136487804435,0.23023366398638986
2017-03-09,-0.005127727710842134,-0.003973654576072572,0.0007649616812697158,0.0012681468274970964,-0.007980655489243316,0.005290202609543497,0.009941818421389399,0.004342649782621266,0.005475106393564878,0.007506603640217932,0.28723025623994813
2017-03-10,0.002183978311645074,0.004432730133653751,0.00420320637063365,0.003503964774574264,0.0035089084887856004,0.004496849275908682,0.010170975297408428,0.004475048578781098,0.005568825154760339,0.006188928525708211,0.28182405563163837
2017-03-13,0.0001743082536056484,0.00235373544605455,0.0016746646631695672,0.0005049655935815967,-0.0063113331366021486,0.004696417078621171,0.009475740561629043,0.0044812085011910925,0.00555461344683523,0.006206001657025414,0.29132327325576757
2017-03-14,-0.005403478549159679,-0.004769663406993252,-0.0024314004758394514,-0.003826564544152311,0.004806740212743188,0.004417880228963935,0.008419145649128299,0.004422529987188533,0.005633340742083989,0.0063613085161611845,0.34576640330153946
2017-03-15,0.018664539100545774,0.015483039884345517,0.006169714353419842,0.008653617265723446,0.012214881865625582,0.00854333026828291,0.007701233566508685,0.0033646746635644783,0.004266301452928367,0.006348518751028225,0.8105961375954551
2017-03-16,0.004129061134912737,0.0013071590414588385,-0.0006815860389982609,-0.001967143959666351,-0.0050635967600574094,0.007957733196820032,0.00695381157201215,0.002806078058274758,0.0037871166309714,0.0064366139520379935,0.7727780006828189
2017-03-17,0.0022273151662723922,0.003988491495736435,-0.00034915753240327696,-0.0017561454405580212,0.00627629375272698,0.008011616739584136,0.007101515757351939,0.0028136657620386877,0.0038246266334855264,0.006758210687154658,0.741125707838082
2017-03-20,0.004444860945005402,-0.004333667593763302,0.0009114788624822179,-0.0010966429114835918,0.004298988612931209,0.0078104277699905696,0.006877216435820389,0.0026181532533192235,0.0037144647531840314,0.006740863677170029,0.6954308458124865
2017-03-21,0.008765200923941618,-0.028217090155822522,-0.015173411556959171,-0.012839768305244026,0.008308946475644952,0.007521027596840546,0.011245232785966484,0.00576192126828946,0.005490116730102382,0.007058703614235999,0.38070605580916844
2017-03-22,0.0024464392887426634,0.00022384696859156783,0.00677932109002044,0.002353087374454388,0.003995004403995361,0.006892691658487212,0.011144835874534265,0.006167060418485547,0.005572901285600033,0.0066566240818564945,0.3738291181902839
2017-03-23,-0.001346492128619703,0.005820817969298453,-0.0025253432923337815,-0.0010670946198056974,-0.001409154450740191,0.006472943929143297,0.011317735024730156,0.0062203287713514105,0.005538455530833419,0.005784632682475089,0.3679768438912354
2017-03-24,0.001601099219161961,0.000721834066962801,0.0020710996290527195,-0.0007261871473921433,0.003570159785602156,0.006489999568468253,0.011202981138371107,0.006090007681330721,0.005334931249371331,0.00578519020971969,0.36987175190160715
2017-03-27,0.005636868294673025,0.0018589952072127769,0.001607567183223857,-0.0010264389392282691,0.004549777823835477,0.006401692468534959,0.011188873693448466,0.0060875589079741185,0.0053031773875909785,0.004756611527493322,0.399404345217999
2017-03-28,-0.004099371444605038,0.007792295454057907,0.006114560099266697,0.007277087289696782,-0.006670763534309954,0.00619619392868343,0.011395889300987835,0.006358619393395279,0.005855971559230696,0.005842590420095799,0.28999039883598227
2017-03-29,0.002436163586164053,0.003240594654439821,0.004633686973083417,0.0009347114012558944,0.005969458808972705,0.00356855859687382,0.010197825585400286,0.0062233508428037,0.0050030268354920955,0.005025645123402948,-0.03223728058075914
2017-03-30,-0.007206910225050822,0.007560943301941236,0.0016634999439693043,0.0031841583664162787,-0.008076345091565296,0.004668395539328453,0.010525158696826645,0.006224811106690851,0.005154315009302249,0.0055812132078164305,-0.009079370423768695
2017-03-31,0.0021102388572973307,0.0016026960913932964,-0.0006791262043778223,-0.002327667520751975,0.002908025341603393,0.004666488868587625,0.010448079373508168,0.006231115784531909,0.005173216664355464,0.0053985596858493225,-0.01316671852977378
2017-04-03,0.005306580584065079,-0.010546858456581876,-0.0006045258698350597,-0.0017393212179078743,0.010086573649565,0.00473480234329388,0.010885377401349101,0.006239518870829212,0.0051849690744520515,0.005981603562937274,-0.019039717624095575
2017-04-04,0.002262289701825848,-0.0011764774248865795,0.0015874583457187175,0.0006375636281066299,-0.005424542156168166,0.004030156809099043,0.00529413267796775,0.0030101364241687735,0.002895400547212356,0.006030964886740108,-0.062134240346421156
2017-04-05,0.0,-0.01133421153829195,-0.004075417774100587,-0.002972682926031811,0.0030576161819626524,0.004000991173751545,0.006723354538584258,0.003077548643519138,0.00305326941484493,0.00598548822098849,-0.008473524024642387
2017-04-06,-0.003678334988324705,0.009305287501290005,0.0005301901118135444,0.002811031519414753,-0.001482653452537841,0.004194833044497257,0.007106042313935276,0.0028328826505734047,0.003117602343465175,0.0059886231966275755,-0.020597706468869235
2017-04-07,0.0023493772325884343,-0.0004426121111086312,-0.0005299091592171346,-0.001019253600179848,-0.004043437647845316,0.004224477510338105,0.007118861115622766,0.002871815353655171,0.0031328489560089766,0.0060873540954640044,-0.012828879479184397
2017-04-10,0.0,0.0022139777959959694,0.00037923235407033573,0.0005950658411080223,0.004639628104933902,0.0038214720783022347,0.007125687542040222,0.002870388401186943,0.003082253355721275,0.006094734355109266,-0.027802392748571915
2017-04-11,0.014481863135711759,0.00795174917078656,-0.004317690447769751,-0.0011894238966844162,0.009482984216570234,0.005693646068943617,0.007143176290763394,0.0026529361905200887,0.0020894141644609864,0.006240838680441574,0.003063730349022753
2017-04-12,0.006848701913851674,-0.013586562226481025,-0.004032012281851571,-0.004382170266642338,0.005472729801794252,0.005914596051814767,0.00838774498557166,0.0023135117907030988,0.002441289234452937,0.006205058855801891,-0.04548707344795853
2017-04-13,0.004753334264967268,-0.00977489160322742,-0.003971756944012972,-0.006494788169870813,0.00308723835224356,0.004915208388692721,0.008247633922056569,0.0022765538621578635,0.0026649988130279154,0.005177482074819906,0.03386301790500447
2017-04-17,-0.0029363834815018253,0.01174082864165693,0.008282041922787808,0.008859861218033283,-0.0030777366456330446,0.005310482209205718,0.009366012269188071,0.0038716547820707423,0.004222502806663271,0.0054969858321549155,0.017996458797516057
2017-04-18,0.004744779460001958,0.00022196888854408847,-0.0015211682020809247,-0.002984364552411689,0.013080020429348416,0.005285562540068163,0.008821828292801662,0.00388063524814969,0.004281397383461951,0.006030967334724758,0.03673158905517443
2017-04-19,-0.008874746300268521,0.0034726370521735994,0.001599853964132869,-0.0018386683719637809,-0.005453369784015449,0.006471139020997612,0.00890364460167734,0.0038814727328640056,0.004272572943534805,0.00603517045930183,0.060131293610851635
2017-04-20,0.0018893922713916211,0.01274053841193834,0.008365756458000195,0.008139192102547765,-0.0038700444788242194,0.006441268399817331,0.00875904507949604,0.004625323463454297,0.005038769450553973,0.006350402269580681,0.050504392436765314
2017-04-21,0.002869780885113693,-0.0022541567621087166,-0.00022671924748229877,-0.0031864188876172816,0.0,0.006129957208144311,0.008503207191547464,0.004630572984024707,0.0050569172576205475,0.00628261854638311,0.06997829210507434
2017-04-24,-0.006785988212145488,0.012462607315123941,0.01207001785071804,0.010997698203023099,-0.004937848816576551,0.006815882138361767,0.00917425628702922,0.005891227015779715,0.0061827329295201655,0.006382704731313119,0.006590830260865976
2017-04-25,-0.010125150830952667,0.009717868779708372,0.007230443205069603,0.005818528800238365,-0.012039597989149775,0.007780172835121965,0.009449306834903989,0.006119339169852427,0.006376273826841859,0.007628271040251023,-0.005606960487989398
2017-04-26,0.0049064144523129904,0.0051333937644602035,-0.0014063060837397057,-0.0006286641821314776,0.005516837052392365,0.006351794435781409,0.009335473368513198,0.005829363357488714,0.006353651180861022,0.007180481493526254,-0.021668921841374165
2017-04-27,-0.003723907331012466,-0.00028395308757389603,0.006002653719026307,0.0008388195931641196,-0.0003273511424295439,0.005898797658089094,0.00747342354494259,0.005401391809906925,0.006029206991457942,0.006898057956346316,0.010159259554905242
2017-04-28,0.0031563855415273068,-0.013409407740202828,0.0017680796056311898,-0.002179513729594462,0.0022113457123114078,0.005735208962454487,0.008279805821897728,0.004770481952001968,0.00548756185967456,0.006848567296578735,-0.00269075368620435
2017-05-01,-0.009108209859209682,0.005753300316164056,0.008897923821738596,0.0025200622012202523,-0.008312983894598336,0.006219994173343046,0.007860005487274184,0.004832375675579428,0.0050008662590793505,0.0072242027121622344,-0.018636750793493816
2017-05-02,-0.00016709821486060594,-0.005076788438280522,0.0016766735532149912,0.000377169079583517,0.005120813725884021,0.0057986305874048166,0.008262994811567018,0.004500373787681215,0.004754187326817479,0.005734935461242798,-0.007816148307342053
2017-05-03,-0.013957360197643709,-0.0061802243206106056,-0.0032019501856891397,-0.001214546832747021,0.0006572442515513366,0.006580175824757023,0.008729657415036552,0.005075248545462027,0.004700739104125361,0.005676104995957459,0.03312397318383635
2017-05-04,-0.010086475737808298,-0.0013737285328025983,0.0003647450856796297,0.0011741298467431438,-0.004926762450980782,0.006659609036570596,0.007874155121579247,0.004960507534880337,0.0042042122369492394,0.005732654846270107,0.013049272564765768
2017-05-05,0.0018837333588364036,0.006444725381049343,0.003648716895817694,0.003937146073652142,0.0009074998737936824,0.006547983934177882,0.008021480712048213,0.004801684819877983,0.0039252601631867235,0.005769687420394873,0.06150243397892731
2017-05-08,-0.002222050521183294,-0.0041733251491916645,0.002181130213896987,-0.00016679567478739,-0.005442035654580235,0.0065222644595414984,0.007128972657265837,0.003801713244878471,0.0024405065391981495,0.005804069733816152,0.039601184327298776
2017-05-09,-0.005995691205500586,-0.0004331937439061573,0.003482658969709229,-0.000918076811964208,-8.261647077201228e-05,0.006210743759563108,0.0061989791410941575,0.0034782143193362474,0.0018308783348846872,0.004518159029516372,0.1151441062458256
2017-05-10,-8.618815999517082e-05,0.006216327152762879,0.0005778636487290267,0.0017955303709238368,-0.0011605358751783923,0.005630669457915023,0.006333028103741847,0.0032922925324543025,0.001843815838685499,0.003999015275326783,0.1312420339001411
2017-05-11,0.003964142371969848,-0.006968015428657992,-0.0007946147993471708,-0.0020425838094341175,0.0,0.006175691658955358,0.006567920709782271,0.0031982645414190135,0.0020217523685894965,0.004007696392253729,0.09228638525974452
2017-05-12,0.0028326337429587234,-0.005281143364986862,0.0022416813346675113,-0.0016708445699379348,0.007553042457009385,0.0061390461624286135,0.005384367348147317,0.003200256064595679,0.001957009265761547,0.0047800671853191505,0.12957550765021805
2017-05-15,0.0026534071191921527,0.00778157900365084,0.0031746887321009165,0.0055234764405327486,-0.0027178698562900783,0.006027069254350025,0.0057004411976207744,0.0021509365849929577,0.002482106933152808,0.004043583440458569,0.2675459907561608
2017-05-16,0.0043537829852127174,0.00036077675812573595,0.0041715682312324365,-0.0009154861327479447,0.003716789791259556,0.0063505472325608645,0.005514528013347651,0.002332020754734331,0.0025327427409755124,0.0038661515916035135,0.2797740781963676
2017-05-17,0.018189539837597968,-0.02697829430814125,-0.025426802870500143,-0.017743967435880248,0.014566918060140432,0.007474312200471958,0.010028109935832833,0.008858501701629933,0.006341862322330631,0.0060653758100989615,-0.0752623333065949
2017-05-18,-0.008181011348557088,0.0036324194427732603,0.008745811383340074,0.004028522189370332,0.0011354945003998473,0.0071625184754057795,0.01021057397868625,0.00934690038564866,0.006517531572311561,0.005670473469125316,-0.11645758004385805
2017-05-19,0.0049659454541624015,0.004801461747938163,0.004225666544735107,0.006503870619605001,0.0023492396076243427,0.007235374885301902,0.010072937637880613,0.00937229762788996,0.006771180556746165,0.005662235708174294,-0.0959378632807881
2017-05-22,0.004187604636601616,0.006763120569503123,0.00841565353555529,0.005077404090704674,-0.0027477695798606705,0.007097723372468636,0.010411333938958751,0.009715520535026624,0.007004143158748242,0.0053231537161952695,-0.12130274798536189
2017-05-23,-0.006338633249028169,0.00328582364559149,0.0010068670543443847,0.0022130006152336623,-0.00672783610274541,0.007145015615290485,0.010500290190060073,0.009673321726970763,0.0070302767584112125,0.006017733145829416,-0.10009256857389212
2017-05-24,0.003944948993712671,0.0006551856886314322,0.00459996750585101,0.0023327550767526795,0.005630820401798076,0.0070867102415642464,0.01024096422215378,0.009754017377690273,0.007045207755736641,0.006055088706579946,-0.08415427443507033
2017-05-25,-0.0010868426783263718,0.0006544475914584957,0.008513331529427681,0.004779584688225258,0.00032450317491816705,0.007194077988234494,0.01004530983318723,0.010000901841911295,0.007119781794943227,0.006042392855747849,-0.09576309554096554
2017-05-26,0.00887175702052101,-0.00029068222902917107,0.0017730394762529578,-0.00020677231812971097,0.0017036132350618516,0.007468486638735853,0.009900584552389877,0.01000056887448438,0.0070733663254575856,0.0057545318581998794,-0.09252359784617484
2017-05-30,-0.003318413164433487,-0.007852494429545609,0.0008504274752083596,-0.0008690287212363978,0.004940030692897501,0.007746715377364091,0.009780606626455555,0.00999517564602933,0.006922375050714036,0.005605447463225057,-0.08100264022528368
2017-05-31,0.003995366733579031,-0.0010257693721884564,-0.0003542057702133894,-0.00024843743071789604,0.0024981840891882268,0.0077383127267947995,0.009761155190876853,0.009972640404897466,0.006910208896890437,0.005589016287691518,-0.08324007135507737
2017-06-01,0.0008290372396291268,0.019292768102004976,0.003893066116888555,0.007952408169991765,0.00010466211222293076,0.005438796839306981,0.00698532903911446,0.0034210387124416317,0.0030178938930813513,0.0035979572167084977,0.10905607721696524
2017-06-02,0.0073724269437449585,0.0064773637281945184,0.011421630849188125,0.0033283788351257115,0.011840124424072451,0.004772339554804321,0.007071725899087498,0.003891299521676754,0.0030034982278312966,0.004991414943936327,0.2701570209006597
2017-06-05,0.0009867835373715828,-0.006220885468315895,-0.0002094279078805883,-0.0007371622199739969,-0.006208788597220072,0.004694532486623704,0.007643450729826976,0.004161139674891312,0.002960575585067307,0.005617648363181181,0.3397092928840496
2017-06-06,0.011254375087548674,-0.0009354910542138661,-0.003974214001688847,-0.003196726125614835,0.005446907099696974,0.005527681964847567,0.0075165104833682175,0.004525886173813047,0.0032586379212164855,0.005585803085065718,0.25133741741840165
2017-06-07,-0.005280272412152454,0.0009363670171820271,0.003919893410954778,0.0018501436186844078,-0.00478021018707564,0.005343498685236251,0.007487819141291186,0.00449471842752066,0.0032522609051926187,0.005274698398961514,0.2451341306904168
2017-06-08,-0.006533241668445489,0.01367060917188545,0.0010459663716795298,0.0004926137027467803,-0.0026418316393466146,0.0060634898115041235,0.008457021500499413,0.004498466908598687,0.0032518725456820003,0.005316678133221271,0.2040309511864251
2017-06-09,-0.00912454251071615,0.005181879218278729,-0.025005217609513797,-0.0015178812192631064,-0.0015244283489538324,0.0069440877604557,0.008470167023302248,0.009444298927035666,0.003113087821137991,0.005386934372415105,0.24035582863070762
2017-06-12,-0.0014932827593217013,-0.0016239918627539707,-0.0053577765620033135,-0.00020544256015075923,-0.00032192345578685444,0.0063729386565061314,0.008536614941456792,0.00950883758597024,0.0031130455363590688,0.005401358182603592,0.26500122080041744
2017-06-13,0.0009970317877492363,0.005092187722259833,0.00811619154778831,0.004889718017800915,0.00016109038138312215,0.006278545410088624,0.007682188155796722,0.009964614298650988,0.0033194562903517823,0.005215888928256835,0.2862897064577235
2017-06-14,-0.00547811789275976,-0.005910697115204866,-0.00434592868865924,-0.0012675488184450412,0.015436225012162463,0.006373071720777891,0.008182277803655467,0.010031160254594065,0.0033859172886973013,0.007057786390650215,0.21942287016554043
2017-06-15,-0.004172926066378535,-0.005097234727144739,-0.004436985057892251,-0.0019244399939077894,-0.0015836639283155485,0.006440290632288451,0.006431209855254196,0.009920368184069724,0.002511727102847092,0.0071214563590429655,0.21960097821050292
2017-06-16,0.00016758836001962152,-0.0024902777861778302,-0.0043383264708346525,0.00021863331496563276,0.001982700932470216,0.005746980689197093,0.006228954243257141,0.008755405757955663,0.0022569931247382446,0.0061613286131052105,0.0376817307142482
2017-06-19,-0.007625239321596311,0.007418060555534511,0.01672059264018433,0.008324979696878065,-0.0014249376334602992,0.0059145325120741115,0.0061447898794578315,0.010841759358910746,0.0034789803906279796,0.00574593997744212,0.023270526742999648
2017-06-20,-0.0021109516115493943,-0.01012471989962127,-0.007830954169279591,-0.006743976147561281,0.008956616629550052,0.0033635783158465636,0.0071714387954118445,0.010996549790968929,0.0040602525804915865,0.006136566080147542,0.02836014485071075
2017-06-21,0.0028769363429739236,-0.0025039451896047282,0.009902085407815564,-0.0002470569201087347,0.0020418323479136635,0.003970571891975427,0.007241297726290157,0.011514061302607383,0.0040317598960047905,0.0057361007052174435,0.031273398395502326
2017-06-22,0.0033749707830614817,0.00380097307934113,-0.00028416623449722955,-0.0004525957062535557,0.0021956197845884873,0.0042840247872012295,0.005743382405302307,0.011488355278143765,0.004035266920415895,0.005489694577909545,0.06789042456512304
2017-06-23,0.004288615406013774,0.006643563460030588,0.003837907685282582,0.001194490244351032,-0.00046944318672559326,0.00398491868988979,0.005923388292802938,0.008106092498918235,0.004004923788293577,0.005411377467860004,0.07119893790900143
2017-06-26,-0.008959220397639522,0.0012063098728845034,-0.004672715259175564,0.0006578724036920836,0.0037565617030923537,0.004733795182491933,0.0059302464316539115,0.0080472108287967,0.004000235487825285,0.005311298908079804,0.05966376232413043
2017-06-27,0.0038019343183648413,-0.008789282549499844,-0.018138965370961824,-0.008056179405369734,-0.010681469039962366,0.004985408573397828,0.006174359269536976,0.009681328477073148,0.004475735762595063,0.006860018809869514,0.1451496195045196
2017-06-28,0.0007575454013519778,0.015303175399626001,0.014416346681166425,0.008950479573466286,-0.0033098013848132934,0.004803011513632176,0.007920358572361442,0.01079238962257458,0.005429414510031702,0.0051299416625629505,0.17766518217584426
2017-06-29,-0.00487806411784153,-0.0059164094783243915,-0.017354178771766815,-0.008788984564213509,-0.008381296056337861,0.004863478828761679,0.007989040785426716,0.012140131745008402,0.0061171568892319315,0.005792278709028056,0.27755621667011615
2017-06-30,-0.00253552275635216,-0.001558577397038463,0.00036357435077882805,0.0018645889275810124,-0.002312558622385996,0.00487693664953711,0.007956244618154588,0.012077648255662082,0.00616046015285952,0.005744025686485877,0.2799592772628977
2017-07-03,-0.016353163532217163,0.008373179911992379,-0.010534903281841035,0.0016954939036031291,-0.0032198748226037743,0.006637498524683946,0.008053026359459948,0.010818564956692934,0.005440232477654501,0.00578794533794873,0.3015464920811798
2017-07-05,0.003704025486608087,-0.0035890434311879327,0.009839267337277136,0.0023120188026846122,0.00024136490436332814,0.006874620958995444,0.007313233189618601,0.011375915551375225,0.005120828909100428,0.004640788185493479,0.3849031381577319
2017-07-06,-0.00042907160833882685,-0.013058368247857555,-0.009016168058220697,-0.00914454816795962,-0.00827373227274808,0.006724357713568958,0.008575417883376693,0.01087495406470101,0.005869916244444315,0.004783391984492465,0.415884679713353
2017-07-07,-0.010217244173899132,0.009702560172259567,0.010785504741672503,0.006485334039038726,-0.005993729437312689,0.006949392437241172,0.009038181050613669,0.011729405478973555,0.006330679578145393,0.0044776523326264086,0.34299930484397845
2017-07-10,0.0016481821948142183,-0.004341856140186673,0.006533337157352825,0.0010736006153928557,0.0014667022466259283,0.006683294870636844,0.008920131220171074,0.011909270075076125,0.006327659522959011,0.004678133278673922,0.30303609945569276
2017-07-11,0.0012990519121256483,0.0029307093970929454,0.0028128796532711497,-0.0007422659082124694,0.0017084396874014196,0.006511051726168259,0.008968311092732805,0.011942306513716758,0.006319717178086259,0.004350165828521217,0.3514992005234004
2017-07-12,0.0035460648934033667,0.007698819818345415,0.011865943163530845,0.007514446545051401,0.0069044217059921476,0.0064847695304825845,0.008703911549344747,0.010888766846819851,0.006149234385883552,0.0048221478028882304,0.44255047415157256
2017-07-13,-0.0018098688846157618,0.0008487892032194022,0.002203487389862868,0.0016803522945501026,-0.006292108319660317,0.006398500951552646,0.0072449167557932315,0.009985228587724606,0.005518244282990759,0.004993298682162614,0.4160009960003328
2017-07-14,0.008202356680584888,0.0016961985580548067,0.007871655532785793,0.004664152788617981,0.0012175069936415372,0.007171904459575764,0.006934760491426882,0.007864631550088754,0.004592753762661424,0.004628253254836508,0.38392473221813483
2017-07-17,0.004453235312239068,0.0023282117531548963,0.0004922351549627724,-0.000122174770477379,0.0027567956330341037,0.007375170335324963,0.006892297900543814,0.007859447566413182,0.004629605151508396,0.004798427422396605,0.36661507052864883
2017-07-18,0.006991215691223296,-0.0026042997815114433,0.006681146699762497,0.0005294650566183279,0.008733231941051134,0.005210067312928976,0.006496111676957976,0.006207808171044545,0.004639972004947321,0.0055927670097188215,0.39795167597800196
2017-07-19,-0.0002539901713813908,0.009951256761299598,0.0058685631134727245,0.0054139737552372225,0.0004007536063048711,0.0051945022620119635,0.0070177779775067286,0.005987451785541661,0.004806554808210357,0.005592976633961398,0.3986781363872005
2017-07-20,0.001354979930841882,0.0006988323538088537,0.0013198632019586487,0.0004454040268528914,0.002884056189670803,0.005157382301265267,0.004860204823695341,0.0039032511515085092,0.0030189036336436734,0.004750214454402889,0.14125951133941067
2017-07-21,0.008626558617128355,-0.004538883523778292,-0.00041644379149752275,-0.0008904114608554448,0.004234577930424699,0.0035988580596219358,0.004727179661862994,0.003870857012860981,0.002887925393280797,0.00403352938931499,0.24085584452584494
2017-07-24,0.00041921366315400554,0.0014028194843005437,0.004579768782440263,-0.00024297255658478623,-0.0038983799832796873,0.0036854880978778822,0.004269787662594292,0.0038069085231985217,0.0029617235163542123,0.004501355307151242,0.26439751332787864
2017-07-25,-0.0032687905257637873,0.009106620382584696,-0.0025557009240647632,0.002430950981618496,-0.013018880883838069,0.00420512535337302,0.004823483871360697,0.004379746162309413,0.0028228367661776105,0.006516421333007951,0.21627725456287958
2017-07-26,0.008072646310579579,-0.005553319683087143,0.0032549935550099107,4.0324935941082884e-05,0.001618168044599022,0.004522863404631462,0.005097604308019894,0.003338466566922942,0.002152209123121977,0.006132547183276748,0.0783024830326833
2017-07-27,-0.0007507202198243634,-0.006352738077021525,-0.006281371794249591,-0.0009296880404370267,-0.004928232484462836,0.004401225042948789,0.005652226738586665,0.0044400921600661475,0.0022688486173122057,0.005994035818785003,0.19837053504181554
2017-07-28,0.00751316068954333,-0.0026699917542710727,-0.0008336544579565786,-0.0011727181619239913,0.0059272067700404385,0.004322086288241821,0.005727433597936892,0.004011417621407707,0.0019938792906738024,0.006278604744179276,0.11382297819197988
2017-07-31,0.0004971211979458712,-0.003169523544252706,-0.004241036342995219,-0.0005671960143531773,0.001210452988753108,0.004386970454315499,0.00576173988418554,0.004368960784740586,0.0020154042039582953,0.0062349417871558205,0.13149710482586147
2017-08-01,-0.0008281447132181263,0.0019079163186623838,0.002304516370195353,0.002228652633599282,0.00702136253046981,0.004276178481685643,0.005744233749475205,0.003901630248449783,0.0020879527205572854,0.0059971340066546745,0.11520306289009488
2017-08-02,-0.002072109381170417,-0.010931973498940706,0.0027161953315140153,0.00048515100685908585,0.0005617369088395385,0.004425242113082315,0.005548832328601088,0.003509344876334368,0.0012645152878148548,0.00599811247997281,0.027258573714252658
2017-08-03,0.0015780299800982611,-0.004992063238675404,-0.003890285131483928,-0.001939592628548814,0.010343962990726041,0.00442243517936241,0.005531946474335979,0.0036720858887389577,0.0014242939437901837,0.006786471622752385,-0.0018935357254374397
2017-08-04,-0.007794965092940864,0.004873475310266606,0.0018130570699665949,0.0018221618281915042,-0.008492067758364086,0.004718581994874136,0.005946642579539125,0.0037470875637958356,0.0015037584935759865,0.007269294242982307,-0.03153311217509339
2017-08-07,-0.0011700742821817434,0.001640335484371036,0.006335281939860549,0.0018588926438649622,0.001120865807920035,0.004742193886863305,0.005960594887456996,0.004032086662204787,0.0015776330345970897,0.0071708683670390965,0.0006449667852886698
2017-08-08,0.0029286123995055924,-0.0031328967233035243,-0.0017298876437584765,-0.002460835339480938,-0.003598651446956369,0.004645728219146242,0.004620604826836541,0.003985247905537183,0.0016437887081491354,0.005723307289645266,0.07694805417972847
2017-08-09,0.012097421498902916,-0.008643131592757536,-0.0013160631106851062,-4.04214563568539e-05,0.0054568999104740445,0.0054506561106074675,0.004916201301281299,0.0038221950007831535,0.0016434203941053578,0.005889839887821944,0.05994188649506018
2017-08-10,0.007419021877765664,-0.018156592615367284,-0.021440811235954538,-0.014115264258910631,0.008539662385687707,0.0057308720373043295,0.006819888699121389,0.0075514630898336245,0.004754071891528119,0.005805382698396895,0.02632543077505123
2017-08-11,0.004745944156777204,0.0014674684455155962,0.007587303213577812,0.0014768520671393226,0.0004750047029982163,0.005498066206382073,0.007053131268953691,0.008145634282357483,0.004840581036652363,0.005735614321811011,0.024867832484265846
2017-08-14,-0.007085289845225606,0.015168039642722286,0.012877993731232884,0.009913020256852256,-0.005141459742073806,0.0061702834987883955,0.00929547237753222,0.009167119357990547,0.005976134278255335,0.006198303159833321,-0.023935695755286368
2017-08-15,-0.007709931316675078,-0.008228642110942541,0.0006950064520307997,-0.00012140664750481811,-0.004213792150495221,0.006751021284948529,0.00936471375190268,0.00914652464317339,0.005921342172217216,0.006130093388396206,-0.0006912469684556055
2017-08-16,0.007356582616572016,0.0002913510620146109,0.001735581606261194,0.0017443994296091336,0.0036726222059246805,0.007036290612230132,0.008985804998127608,0.009123741911737015,0.0059534841303395016,0.006211672795634495,0.027369588570706527
2017-08-17,0.00508734802014188,-0.018262760292226843,-0.020446190766956862,-0.015590814951116916,0.00747765915480314,0.007141934686556368,0.010356847778651817,0.01122258685452204,0.007707048856221372,0.005773884799739405,0.007800274193059942
2017-08-18,-0.0015511047050799087,-7.401430972597822e-05,-0.0007080203010700892,-0.0015633668185313088,-0.00023697729043992144,0.006472051887217688,0.010036315474040224,0.011170863505428888,0.007616217033877443,0.004858223086692255,-0.00044475447210470256
2017-08-21,0.0037612352656932746,-0.0006670562951226477,-0.0012738550947580807,0.0007826921582783086,0.002448319004516586,0.00637284579847618,0.009923408069908534,0.010820853546777422,0.007564789420551455,0.00486923233374983,0.008384160751730773
2017-08-22,-0.00448031151993189,0.010828602686489663,0.015242304589532463,0.010457148358431256,-0.0038603171938429437,0.006762705891520289,0.010987744260641901,0.01218322377708907,0.008519591035290331,0.004900208627301309,-0.029621992938812524
2017-08-23,0.003764005301683193,-0.001614177237828196,-0.0035614424557049995,-0.0035855928153636363,0.006801747621419718,0.005823500768440998,0.010783091365879398,0.012216389837908253,0.008562483615572254,0.005038538798663986,-0.03898512742522371
2017-08-24,-0.003097719565419932,0.0030865368551433736,-0.002943309173251474,-0.0023304569766116057,-0.0036919431570033856,0.005502482844509735,0.009207424268227859,0.009957000831130599,0.007281152214268099,0.004634107565410016,0.022939740664683694
2017-08-25,0.003679752595251218,0.0028574103734129164,-0.0021088937279652997,0.0023359006926775283,0.003863134699230164,0.005411586272413993,0.00923912819209926,0.009704562779828544,0.007303994197442066,0.004764413036315256,0.023267087082415337
2017-08-28,0.015887278895027057,0.004237299663296223,0.003099770138339508,4.129491159821086e-05,-0.000628514379395817,0.006784486243605522,0.007828660504840565,0.008697710144631624,0.006464899156247401,0.00434351257317675,0.10909799032929705
2017-08-29,-0.0021654043401579948,0.0002181408061654455,0.003932013301105375,0.00114460496426938,0.0032225265092298283,0.006066905336931587,0.007375187401934096,0.008828171607320209,0.0064916357963471566,0.003938328780772712,0.04706973700631154
2017-08-30,-0.00048221796718150856,0.006400233026738755,0.011750741746044957,0.004737600440222867,-0.00031314665212167636,0.005920874207394101,0.007641884065463346,0.009664093193528735,0.006680881593513538,0.003941453581458,0.01908160347374944
2017-08-31,0.011740101940391323,0.009829154974029475,0.010715577756112316,0.00601588650984386,0.0029776141828155023,0.006632300494416006,0.004350833350585379,0.006844557734182539,0.004263169110496041,0.0034045009663197057,0.17334537511561215
2017-09-01,0.0019074699121892635,0.00565383930485841,-0.001367989206982112,0.0014142102201224471,-0.007649408289081339,0.006473949997868265,0.004200996900255314,0.006891743802316905,0.004102847682804224,0.004383895316198163,0.16665707080748618
2017-09-05,0.011105834943620163,-0.00960751028481277,-0.00897270314031351,-0.00718218637362289,0.015858120642422868,0.0069616706091502325,0.005922735962868961,0.007831444604594357,0.005050865218467507,0.006599397635021367,0.045772265403290546
2017-09-06,-0.005099651110527015,0.0020836971978821506,0.0030411631451507937,0.003413943316114887,-0.006135284595764179,0.00704562985542883,0.005280143282157959,0.0064716617926397196,0.004018347696221553,0.00684538993403303,0.10524657436710498
2017-09-07,0.010409331674411826,-0.002509268052068081,0.0023424606070263643,-0.00012151171290397667,0.010236891459187936,0.007356364241118746,0.005361107526086106,0.006238041709816084,0.003758277737730035,0.007220776995330382,0.1041860522785587
2017-09-08,-0.0012487602904230899,0.0007905449028775546,-0.008661848357624402,-0.0011746384181667846,-0.002165668818040589,0.007168126140260754,0.005369267577572203,0.006957029919097337,0.0036628474462114197,0.007107649174856871,0.1071733401558034
2017-09-11,-0.01390950036975469,0.010486841204593977,0.011511489515688922,0.01066602096442093,-0.011938134030080816,0.009263537732228736,0.006009277070886148,0.007510041649584185,0.004765790872465432,0.008287752688137326,0.015713482771949193
2017-09-12,0.0029320477853171933,0.006113066186411276,0.002399452185520179,0.0033706504673474136,-0.005256865822037771,0.008059840852819989,0.0060893155482367395,0.007509569583183633,0.004738075624461736,0.00847536619785548,0.011732432819559824
2017-09-13,-0.007506297144185381,0.0029671349532169877,0.0013674711059830091,0.0004799238026955699,-0.0039434933669749705,0.008496255070141713,0.006014077021515551,0.007505434982653319,0.00475958331497499,0.008464635207947555,0.03121824658165904
2017-09-14,0.004378656548724491,-0.0009151936635284352,-0.005873450534341074,-0.00031967972170532377,0.004117716879414424,0.008541923495516305,0.006029260265987943,0.0071288137123321675,0.0047240520083811416,0.008609594029561168,0.017419297034004345
2017-09-15,-0.004993697404288455,0.004089473371401198,0.0034348998185609325,0.001346036235548853,0.00039430201767798323,0.007923336859193952,0.005503127470878826,0.006311552126742632,0.004469143212907251,0.00853576597682258,-0.119082964968212
2017-09-18,-0.009320466663927607,0.006811206964178362,-0.0013104524732154843,0.002126858498099571,-0.0057544506313230714,0.008373855250093746,0.005601776239127794,0.006310271496697516,0.00447880002588039,0.0083827298133886,-0.11663982521193161
2017-09-19,0.0020907215740946228,0.0,0.0017174650105888922,0.001001121639227831,-0.002457897701147571,0.007303749600921802,0.003970148347848139,0.005486657373308895,0.0033768465794660274,0.0061159393281470945,-0.07730427520196692
2017-09-20,-0.008024393981386213,0.0032077840589470608,-0.003085805592261126,0.0003600128451253237,0.0007153584771413257,0.007487815728466767,0.003957474701853633,0.0055744033251708906,0.003380783123140139,0.006020328636084304,-0.06986662131924203
2017-09-21,-0.007603967161635139,-0.0010429737425505792,-0.00612307277753954,-0.0026795160380522764,-0.0005556822239594084,0.00606323347047457,0.0037480009335233767,0.005878477704643496,0.0036278412540114435,0.004414837147902973,-0.06571413375815005
2017-09-22,0.004564701313993336,0.004245752774723499,-0.0009694155681702066,0.00020078110100985036,0.0028603746973168143,0.0066415991132938055,0.0036540830847837545,0.005143680402706173,0.0035394217750309835,0.0047535628265210315,-0.044191179435746554
2017-09-25,0.010467388330802407,0.0013859244039529095,-0.010532540829274906,-0.0020445693189573566,0.006259966320437904,0.00695994391982896,0.0027747794684952255,0.004490383651081087,0.0017977016147146395,0.00403223571684802,0.005054123508871455
2017-09-26,-0.01116196421162674,0.003184092982730924,0.0025911593406928723,0.0006025513598992838,-0.0018108299788162086,0.007419255875311423,0.0025153155256613176,0.004511128396338434,0.0014699933056875308,0.0037010909379101165,-0.025511159963036135
2017-09-27,-0.009420139990778287,0.019569726411499788,0.009010833613096736,0.003894296126356389,-0.015068246314028033,0.007579650282924491,0.006000707107026061,0.005630766194577298,0.001899832297432079,0.00598162933977623,-0.08186542043680338
2017-09-28,0.001885519931214219,0.0026452232972971057,-0.00034653014277574723,0.0011994971410864697,-0.002963277366061501,0.00735110818185312,0.005774498310414805,0.005377237282908844,0.0018922794220399138,0.005704074543656494,-0.07206931149874893
2017-09-29,-0.005155038524977895,0.0023676465800883673,0.0072016565225128115,0.003515283069115638,0.002249406780449492,0.0073557759154746554,0.0058106623555343835,0.005803327673601735,0.0021001367068901877,0.005813852424355922,-0.058982154660052924
2017-10-02,-0.006662322551317712,0.012282384886044717,0.0008941161581017543,0.0043387631090652246,-0.0018314024648449223,0.007153993212234503,0.006315568716722654,0.00579768048614327,0.002354433343814361,0.005635947269315682,-0.059064681244964924
2017-10-03,0.0004968550936175209,0.002200109059847355,0.0021289516198204073,0.0021400274959026966,0.0009656364689341057,0.007047360711763954,0.006166946075610409,0.0058123838731249855,0.0023798162550605416,0.005659044692758931,-0.04962049527970484
2017-10-04,0.002813840376879373,-0.0031929495863071145,0.0009598037244398228,0.0011863044024342795,8.057612692335958e-05,0.0070326750193153605,0.006684600263402781,0.005707637070497395,0.0023635239287867235,0.005642224212888706,-0.06972406066216734
2017-10-05,-0.0053643767904709705,0.0027355353889888523,0.009792687472886197,0.005925246597257239,-0.0037779391201216983,0.0068673053390486145,0.006447566414233242,0.005877838780276776,0.002346181498164294,0.005706854402335524,-0.16840534020580122
2017-10-06,0.004729503075844965,-0.0013968505122721186,0.001356065887757163,-0.0011388662269999905,-0.0028237514340437864,0.006884329277046401,0.006736296626964953,0.005789429816635324,0.002499636875732443,0.005526252819942885,-0.1635671708496155
2017-10-09,0.0081757826666502,-0.004132268606462208,-0.0011511004926095803,-0.0016509536133665348,0.003155167809024695,0.006457868494091636,0.007200462896043589,0.003943868277387179,0.0024317145024870287,0.0050884933478294505,-0.1390299380911991
2017-10-10,0.002621229439913275,0.0028775832143050906,0.000745700927778481,0.002638334488414884,0.0016131611945400248,0.005704017257810095,0.007203206128363369,0.004020236710382762,0.002386404524331623,0.005229522832734595,-0.1750968926871826
2017-10-11,0.0031862694835504968,-0.0007337543331449314,0.002980581089030654,0.0015707375600551021,0.0019329045975204906,0.004866739991077707,0.004586497539074274,0.0034384879761009167,0.0023156965170781007,0.0025050582004264377,-0.13291940772180738
2017-10-12,0.000814386133850542,-0.0007346314039082813,-0.001823142661864341,-0.0014900065746175084,0.0042596442793449985,0.004848835936490724,0.004622463450902539,0.0036001267741868886,0.002558858075502059,0.0026383089519172497,-0.15658230472392604
2017-10-13,0.0075677460313676725,-0.0018045836334014131,0.0038571206895143817,0.0012174082024407618,0.007202491384155296,0.004850177338628837,0.0046958081752025375,0.0032315301263986912,0.0024800411445366636,0.0033539371710050577,-0.10683116090402793
2017-10-16,-0.006864791440930884,-0.0008702350448558382,0.003438230309362522,0.001333701400940246,-0.0007148728021764139,0.004889864051163508,0.002412133096089534,0.0032372013478314016,0.002267240304102883,0.003263705142583931,-0.020253812362407177
2017-10-17,-0.006830966568647456,-0.0028813598443482302,0.0012764864451149105,0.0007049531254019747,0.001272488911770786,0.0056063577433372504,0.0023120633962748077,0.003251307190878466,0.0022445475721553925,0.003262810978992377,0.02081719124768381
2017-10-18,-0.003766470931119148,0.004771397531886379,-0.001208244261622471,0.0009787923796347187,-0.006591513863231202,0.0057648093615527175,0.002798418687610647,0.0034075224406950404,0.002243897871492323,0.004097194578681776,-0.008321873476021886
2017-10-19,0.005917656213846323,-0.001538266771664687,-0.0036941916281780784,0.00027366107979798215,0.0017588067198504032,0.005607335347351263,0.0026179461486673726,0.002494992832178873,0.0014334171309568734,0.0038110492683142167,0.011388110839231106
2017-10-20,-0.006373059753138954,0.004621910045638833,0.002697130055721919,0.005160341230213916,-0.010613925445991268,0.005994725671607899,0.003077279274721242,0.0025761955647798543,0.001951221538766247,0.005234171341070303,-0.06532309313811392
2017-10-23,0.0015623915833617996,-0.007467901702012836,-0.006523047238206292,-0.003889455026142019,0.0017746301478354098,0.005380391945566749,0.0036897018214156426,0.003427316740092971,0.0023798566093466257,0.005169103295880342,0.058036477427224585
2017-10-24,-0.003858794818776823,0.002082765453340407,0.00169167934899761,0.0017572478609777509,-0.006199706621162204,0.005390849230260846,0.0036197248391276436,0.0034577492404743305,0.002321888944018928,0.0055092434265344775,0.018518067214766
2017-10-25,0.0001648120231156902,-0.004826781483089793,-0.003783758099568102,-0.004950089183860307,-0.004780068492183376,0.005220565581994036,0.003876959561504285,0.0035293111760662543,0.0029104960894128866,0.0055759953146816,0.05486738840375758
2017-10-26,-0.00840541125580585,0.0020884036269974704,-0.0031881191101381656,0.001292628981072852,-0.0033374001920902785,0.005629903770397856,0.003988659999006428,0.003615502264004701,0.0028733466569669168,0.00524779809490461,0.05589074910920333
2017-10-27,0.004736970715121469,0.006923567986611312,0.02912383449258127,0.008176104167193277,0.0066157431192348515,0.005140297364196188,0.004599680842074747,0.010080784577256993,0.003792251162835018,0.005135263022126595,0.3317043808649562
2017-10-30,0.0019023633137824625,-0.010547688196692051,0.0022483439051175225,-0.0037250947694982273,0.009574953138456799,0.005035413740942589,0.005746152129000611,0.010068714408070055,0.004081588483497569,0.0063312031445846495,0.2393298953462816
2017-10-31,-0.003797565383496959,0.007084041560895482,0.0037598526547097944,0.0015577069242209696,0.000321262767510877,0.004762211773969467,0.006169962175527362,0.010083228133024983,0.004093428688118708,0.006299454809502178,0.23753342764209878
2017-11-01,0.003646328400454868,-0.006632824892178424,-0.00032838141908997365,0.0013224935755165035,0.004452920736762511,0.004892059591658856,0.006307998438032363,0.0100548319920199,0.00409781368520423,0.0062064710934143395,0.22945571955184504
2017-11-02,0.0006605716344769696,0.002968086634146161,-0.0019065073992609038,0.00038812248305797326,0.004408474310639177,0.004388220631419336,0.006411206186616388,0.00995377063583846,0.004096657789407695,0.006346924614404057,0.2448541322059926
2017-11-03,-0.004703355749991034,-0.000672775353326327,0.009617310884002306,0.0033389932747949214,0.0027133334978188817,0.004187214984164701,0.006167066844401584,0.010215454384956359,0.003913142282472558,0.005094520528548128,0.29480040714076006
2017-11-06,0.008539203746006141,0.0011438631463815963,0.003392309246908809,0.001547460540359591,0.0037411019308621896,0.005106587313025288,0.005734109648361189,0.00964608871127768,0.003596230453781297,0.005141699477162758,0.3065776890302008
2017-11-07,-0.003616953850285376,-0.011963869936766125,0.0005856203165153229,-0.0006951240245840484,0.004202751951272399,0.005087405357799003,0.006781443707490513,0.00968256828897075,0.0036276796308393447,0.0043449667076001066,0.3288926147329191
2017-11-08,0.0034650455582678763,0.001360973688914191,0.004028867976773709,0.0017006047465419893,-0.0022108702101607536,0.00521111747298899,0.006720471754804994,0.009296526298168134,0.0030079179230990656,0.0039007775835353566,0.2605856151615084
2017-11-09,0.004110828013571766,-0.003532942237231884,-0.00524229933785425,-0.0036274011045562826,-0.0028490382335558673,0.00433215594114782,0.006684723398636801,0.009511223783554274,0.003418253856025461,0.003814041958657669,0.24765679624759307
2017-11-10,-0.008187996581421442,-0.0007498921900466193,-6.522755622395682e-05,-0.00031025727462041797,-0.01507951538339869,0.005114638900404386,0.006033449104245373,0.004015342927388768,0.002313036022317901,0.006682154720795587,0.131622938935602
2017-11-13,0.0014860093226882753,0.00027280892269510026,0.001236053820955929,0.0009300537046601498,0.0020954538418127555,0.005100934138108865,0.005284739134344826,0.004010190382082598,0.0018731621466050686,0.005989367106794701,0.20733145381686907
2017-11-14,0.0020608359165059653,-0.0027279210580993807,-0.0036392689670751155,-0.002322571350540148,0.006754438073598434,0.0049294134239346666,0.0044465322678989595,0.004225319536734536,0.002049814618949084,0.006341421839529848,0.18398059207823567
2017-11-15,-0.0012339083538733808,-0.00396696937006269,-0.004696480525968827,-0.005005196926227029,0.010862678818920335,0.0048513344734425435,0.00421538244884018,0.004563491145074823,0.0025817839794813066,0.007035104216866154,0.1577351495463613
2017-11-16,-8.23831309511025e-05,0.014694468091816626,0.012779539912941562,0.008501160013799414,-0.008691823590231462,0.004850173601587831,0.006626537450278563,0.0059237718774501616,0.0038312691172744614,0.007621170396085419,0.1524799466965771
2017-11-17,0.012026351450757033,0.004601804132104981,-0.0038180966264056426,-0.0029388653435307166,0.0074128335891916475,0.005774400765481401,0.00682821277046962,0.005459056672777261,0.003811521575418685,0.007934968253546603,0.14886092689390984
2017-11-20,-0.012616010451388715,0.007275174704745702,-0.0007791096597368208,0.0017064174492673612,-0.00039584897149957943,0.006832460564618757,0.007215298962503712,0.0053683854145899915,0.0038200429223855755,0.007861892449654023,0.07896213575170791
2017-11-21,0.0016487064682373376,0.01043266097617912,0.01085610201888576,0.006542644981184065,0.0031660254022858325,0.006747275284394534,0.006329061646101935,0.006373029137428104,0.00436402841910462,0.007810057145989216,0.1705767618624934
2017-11-22,0.009217308019892956,-0.0013234615011509243,0.0012218972935720274,-0.0008846711382488603,0.003235103856911614,0.0072747247100108875,0.0064510314250966865,0.006289297415802785,0.004362739962852931,0.007820384714798576,0.16185464865501165
2017-11-24,-0.002527909692056296,0.0003973855588901287,0.0036612182480475486,0.002309985638628831,-0.00275252189343822,0.007246234888484845,0.006155766792753316,0.0059629304016059394,0.004175019801560131,0.007815643216265154,0.14621000662049116
2017-11-27,0.004169409233999888,-0.003047276808871069,-0.00044815656481400623,-0.000499436578309087,-0.0014193151826611405,0.006693404613887903,0.006346640493959623,0.005976566245352948,0.0041812996680372656,0.0056536219205576815,0.020037012347191917
2017-11-28,-0.0001628614521104188,0.015748496221366315,0.0025606446787422854,0.010144860376839926,0.0013422617345424381,0.006711740874847745,0.007484444062060685,0.00598136016124425,0.005115791613105316,0.0056576199334852475,0.020233745497900513
2017-11-29,-0.0062698205225436565,0.0033366215339953875,-0.01743378004900631,-0.0006087610710345803,-0.00985903930067189,0.0071053710712351255,0.0070955484374600015,0.008449072466964766,0.004991186621321384,0.006471252237957478,0.15177364988426983
2017-11-30,-0.007702412605330111,0.0018254333064509076,0.0083840388883194,0.00875518266635944,-0.003345025383650335,0.007552706972876304,0.006511373545194684,0.008585478173571862,0.004759161231629145,0.005355588392080355,0.1665785105173599
2017-12-01,0.004046225185331043,-0.004100180727095504,-0.004253723278364263,-0.0020756685397677055,0.013494599870564672,0.007673546930388322,0.0062352372984087,0.007796137499054089,0.0046495600875091836,0.006373971053171137,0.12923177019505708
2017-12-04,-0.00337195530112111,-0.0037252073096958327,-0.011521741938144925,-0.0012097435952872493,0.0004737195964690244,0.006485956856152459,0.006618187377207862,0.008558169960092064,0.004463791417485752,0.00597406401364777,0.1937203120697549
2017-12-05,-0.007096885692240984,-0.009970439578356416,0.0006549864266285343,-0.003596762238358586,0.0049761717257286175,0.005595066033725627,0.007479217639630572,0.008570105583603936,0.00485556275790021,0.006134525124327811,0.21052145696296126
2017-12-06,-0.002077792558461522,-0.004704153106998787,0.00451524768785605,0.0001900559088263698,0.003457700871762448,0.005537281472138783,0.006854103907296947,0.00782814934123339,0.004587024601070339,0.00614701230291137,0.1315060481549072
2017-12-07,-0.01315900587216201,0.006989818715241514,0.003387540977557446,0.0031530648606603595,-0.007832031307730247,0.005389086651930013,0.007243791285364942,0.007933864372516208,0.004555600141910177,0.006666295849757771,0.10104917045258488
2017-12-08,-8.434894941455884e-05,0.0009252760088622747,0.004415106517840162,0.005453361213285879,7.924466723974177e-05,0.0054882801742965745,0.007246704775628316,0.007987002399108234,0.004711497305585215,0.006603133618869309,0.11697991709494093
2017-12-11,-0.003966924437765251,-0.0003956863937746302,0.00775685897035161,0.0030128214414688603,-0.0020523785107576797,0.004844513119127575,0.007157448031950812,0.008454773516294768,0.0046372322140427235,0.0066227162088363205,0.13136189625858266
2017-12-12,0.0011863349471583629,-0.0031054933930028117,-0.0013468521549789836,0.0017647621786969214,-0.00039543961631838265,0.004979675994481146,0.0048247507219880146,0.008405550755837519,0.003736061581083534,0.006608509624446511,0.004705696184710545
2017-12-13,0.008633065001213636,0.005964759604419001,0.0019268318597094325,-0.00011242108118036942,0.007516772891808632,0.006244341096750073,0.0051645349979631576,0.005955814503504501,0.003708366647802138,0.006015209433036571,0.02989664204265763
2017-12-14,-0.002013911785324396,-0.011068895961789837,-0.0007054798526652251,-0.004086131115386027,0.0042410658712308535,0.005955963350127741,0.0059260442028518925,0.005441520569772462,0.0031038430741941983,0.005791232311463765,0.07209186766623729
2017-12-15,0.0021020768465358497,0.014257771609936132,0.011355209185826443,0.008327426616929312,0.003754104287643223,0.005773197069565143,0.007845579449284145,0.006127348950162522,0.003883470428322342,0.004359179711637802,0.2621866805165472
2017-12-18,0.004614893860962033,0.013530828353957691,0.008384169758258286,0.006340993515673521,-0.009115996371302448,0.006103033634086429,0.008882468480799039,0.004142632533146931,0.004072944912870501,0.005497209848889903,0.21913443947753475
2017-12-19,0.0007516606979649509,-0.007906675619905212,-0.005925553284278462,-0.00384046169867025,-0.01297359219933103,0.005753096646893673,0.00861288573604926,0.005141357590244272,0.004111001821787301,0.0066660409176224475,0.32050253151600655
2017-12-20,0.002670670135530351,0.0019597162812645674,-0.0010780099612315297,-0.0005236536468579134,-0.011073150119437325,0.005795166348105519,0.008337321007903986,0.005305315282671343,0.004152296014805565,0.007077016988492194,0.3327327046617047
2017-12-21,0.0014150005810633637,0.004378113659212701,0.0001269076021934712,0.0020593675757769603,0.005828360716451986,0.0034595640335272977,0.00820754910776046,0.005366202084133879,0.004131408142932601,0.007309188873567432,0.3736169542922216
2017-12-22,0.005236513137702126,-0.001824263860262021,-0.0011425330926913002,-0.0002613612080827332,0.001364641400802169,0.003590251400131239,0.008287780186916793,0.005432166157470831,0.003968008682483621,0.007349657097283172,0.36694415171084
2017-12-26,0.006862859144246114,0.0005876029719027454,-0.005401149064285793,-0.0011964412590322882,0.0029649934132218725,0.0031791111436469937,0.008267556843753148,0.005458852774991368,0.003985588566598782,0.007462268883639326,0.3822525057773674
2017-12-27,0.0037776687734956127,-0.000978507085286795,0.00012741873746913157,0.00048677560676790854,0.013025897034660838,0.003106415944938941,0.008157464610250253,0.005419618154546994,0.003973368663713914,0.008652858548417618,0.3700735677336651
2017-12-28,0.005072364396301321,0.003917971851681967,0.0012140166142302622,0.002057456069643804,-0.0008678225652285487,0.0026040207202141724,0.008069065166741874,0.005407339044495868,0.003982133953283177,0.008302257407875312,0.3591828656688454
2017-12-29,0.006512031434223742,-0.008261122149163302,-0.006188638944083169,-0.003770671800453651,0.0015787499175836661,0.0021113187982622836,0.007611842977912212,0.005826910342819095,0.003938940550348555,0.008182813992669848,0.2791801124484512
2018-01-02,0.012131014811884722,0.009445229189943394,0.01752689828168119,0.007157441095467121,-0.010799383240138516,0.003241168376449355,0.0068637366513275245,0.007289273897910425,0.0037065748614694568,0.008614780173393555,0.32807000341705705
2018-01-03,-0.002636850395774437,0.0010392736801754232,0.009716441842279933,0.00632519466392667,0.004781384994599014,0.004028721855470767,0.005410770746324336,0.0074543232708888,0.0037039772397475146,0.008460056858727959,0.2862116678531122
2018-01-04,0.00512737855482448,0.0026617661430379247,0.001749753360834827,0.004214532159652062,-0.0001586708504996981,0.003848678100137631,0.004617666129096853,0.007058347612752355,0.003436998317156379,0.0072667838599591635,0.12865498565299133
2018-01-05,-0.0010361649479244672,0.0020710950362328173,0.010042957248892925,0.0066641652432204435,-0.0028555577105024987,0.004217765588022128,0.004619587993530516,0.0074437031814300345,0.0036741938454519047,0.006174506919688174,0.02662008354196203
2018-01-08,-0.00015961279955856167,0.0015505998956704126,0.00389114010692726,0.0018286572435599613,-0.0006362275056691624,0.004362127621016132,0.004495366577986457,0.0073897697074744,0.0036771097153890696,0.00600548672184464,0.03724297446897536
2018-01-09,-0.0046284750854691525,-0.0013544030795580309,6.134597211837622e-05,0.002263761007452958,-0.01337295568445418,0.0051228646761033725,0.004464674378715402,0.0073214945077986005,0.003562738109447607,0.007487768842670784,0.158571686075993
2018-01-10,0.002405158456580736,0.00012908292665336774,-0.0023375234046210114,-0.0015303576929340812,-0.0012100079277167497,0.004950309454604886,0.004472503281339818,0.0069740059190241226,0.0036036359038937173,0.0073804279355922115,0.19496629148214958
2018-01-11,0.003279242310744168,0.017178959069697353,0.006843750776618807,0.007296392037992261,0.0041197714885072845,0.004940265067261803,0.006700762214852869,0.006927774611271899,0.003804116845220603,0.005877208397470359,0.2435729598510022
2018-01-12,0.012117319941670202,0.004190565135117508,0.007349499340741028,0.006518980276933428,0.0016891803616405632,0.005764513163316494,0.00670619676318191,0.006900459886417927,0.003908813879219007,0.005983796285952291,0.28773340169845196
2018-01-16,0.0016540570729914883,-0.012771733985794786,-0.0028576507637013693,-0.0034184080463866007,0.004176096505089877,0.005668689706493506,0.007626277033109747,0.006367366675303597,0.0038349281946026548,0.006193950945491613,0.3017066638136997
2018-01-17,-0.008099385028916384,0.009478708727942875,0.010791470441499751,0.00953165509285192,-0.0013596135224960282,0.005588004700101481,0.007629713282560708,0.005160186401421192,0.004132507466127179,0.0052549495066319864,0.27977535166311135
2018-01-18,-0.002219746160232239,-0.006852201773030142,0.00018082876136182868,-0.0016806560014480665,-0.009289354993616383,0.005560973200197279,0.008176601663800276,0.004971898103155059,0.00439271464155251,0.005563567839045883,0.36606119994042674
2018-01-19,0.004449368789751107,0.013159666442823736,0.00313609034264295,0.004549813560526861,-0.005254374161273945,0.005506815555566564,0.008960383680885435,0.0049346440365861215,0.004402850469017435,0.005620470409578209,0.3489006872111643
2018-01-22,0.0018193589642852004,0.005359303952338079,0.01070071185875543,0.008130514622145757,0.0009748537910581057,0.005476347179921325,0.00899589958627508,0.005031860661669756,0.004552817278641396,0.0057156389665306865,0.38527948807786117
2018-01-23,0.004974316982453653,0.0031986730555024767,0.008268078093294218,0.0021226742280457955,0.004303079775777263,0.005588622917008815,0.008981341064838952,0.0052294745840993475,0.004542846318391718,0.006051691042827351,0.385154356869721
2018-01-24,0.012177899643490031,-0.006188809537806428,-0.006489269491822491,-0.0003883427797420902,-0.005415640928089882,0.006025715461507909,0.009373582263693519,0.006138644198079112,0.004690176915146935,0.004690360968542388,0.2751489157048014
2018-01-25,-0.006675468432262743,0.0003769277069165522,-0.0003562218251277338,0.0004233740715979817,0.008208173525481977,0.0068023133461401104,0.009366388763337738,0.005956467838559538,0.004512581922813112,0.005464244105286493,0.23669011064058507
2018-01-26,0.0007814808358339587,0.0035845414205095683,0.015325095279895562,0.011578442141377154,-0.0037081540530128354,0.0068101604969232855,0.00790624295918181,0.006963553217103407,0.005098199806498368,0.0054030991981032245,0.16521269023085253
2018-01-29,-0.005621994291566623,-0.005639398296944709,-0.004855900746102759,-0.0066302174932212354,-0.006958422240623707,0.006192692447399719,0.00812245330997756,0.007479568529811658,0.005928924203082796,0.005686369694440472,0.22229663657460738
2018-01-30,-0.004318770545372663,-0.00957766418667394,-0.008230175687153118,-0.010256944050852534,-0.005866231060462246,0.006336522214152576,0.0075938223824236605,0.008141413005309517,0.006978828338396869,0.005468427420649623,0.3546870710660027
2018-01-31,0.006703457836465088,-0.0052170039696363135,0.004149189199067704,0.0004969049283582994,0.005900846791191849,0.006026594499904712,0.0071106289837931025,0.0076790731997633584,0.006420224617831808,0.006075584267897692,0.39306289115179666
2018-02-01,0.003290292152912322,0.0031338586590905493,-0.008500593250921229,-0.001135489403637835,-0.014492973755692806,0.00592958816568221,0.0068598336347068,0.008388514103936017,0.006398772657984448,0.006955885697962166,0.33641923552180036
2018-02-02,-0.013117887393550687,-0.01925405885419018,-0.019944794471645877,-0.02176980926286398,-0.009279268718150435,0.007450784068572879,0.007675290000386572,0.010691016245691114,0.009423671684929698,0.007260068621380042,0.5671490111873052
2018-02-05,0.002531843471552664,-0.03841879750242061,-0.03942678727560067,-0.04182262010793081,0.00944993570611774,0.007473473403045479,0.01300082778027195,0.015339774140997083,0.015124003886134892,0.008166202207869379,0.3147694975652516
2018-02-06,-0.010496423649786535,0.01196570718413259,0.026498748709128606,0.019702447396906297,-0.0062133749613162426,0.007933163338362963,0.014048366446148038,0.018065795540801195,0.017153902826533153,0.007969732534356783,0.1889254750031569
2018-02-07,-0.004705665583148222,0.0010021993769910864,-0.012938410451559745,-0.005424819855884722,-0.009503255811039168,0.006341755247026731,0.014249998189085686,0.018271212915956528,0.017077871019972372,0.008217625168495554,0.19047829015305046
2018-02-08,0.0015225774502147793,-0.02936474799960076,-0.04219427044745294,-0.03750890740835555,-0.0010939696612600747,0.006367065652105377,0.015832415225628556,0.02161721376698213,0.019640390802359676,0.007245990143577093,0.15189670667812968
2018-02-09,-0.0016803225174144565,0.009144918593279927,0.017268990908942516,0.01502137049230079,-0.006318646871374511,0.006279825740751855,0.016402239390969006,0.021867665033429698,0.020072040314681478,0.007274211721359321,0.1325065166144613
2018-02-12,0.004808897328354433,0.009470535310062589,0.017745182451191832,0.01468456494760595,0.004408845541118422,0.006579272316877844,0.017336029113329515,0.02343442244026237,0.021429542507472067,0.007711531971157651,0.23790229047229303
2018-02-13,0.0056632293923437604,0.0021595282827242546,0.005161549202601368,0.002487228146808018,0.004473802553716544,0.006862993461954799,0.01751680257173012,0.02370922995744057,0.02157962590067612,0.00801651835497274,0.2701231612565179
2018-02-14,0.017052616317100977,0.017982214692371157,0.018724053027903365,0.013496212345574632,-0.011092882838018125,0.008630653781861555,0.01903450817186966,0.02477316369547461,0.022360225109665587,0.007892975056247026,0.25345509232799357
2018-02-15,0.001169844500285011,0.01091648406121215,0.01856379754474613,0.012760195051134682,0.003398697674240392,0.008580025282873181,0.019477026364928894,0.025660284087464492,0.022996412433176655,0.007242684453619765,0.2841626311023767
2018-02-16,-0.003271582663696204,0.003534065680491194,-0.004465999339669735,0.0002930157323119964,0.005420642925491936,0.007348982473461232,0.018604718260950746,0.024848156509195217,0.022015656122941436,0.007131945852682711,0.1764715557455005
2018-02-20,-0.013441710167313103,-0.008217186572140989,0.0020004878811377136,-0.0062610373379268225,-0.004380091801316932,0.00866063390237039,0.01343807395728444,0.020531499747124624,0.016900678840506646,0.006227025240237891,0.3088276810258996
2018-02-21,-0.004594377467322608,0.0010523749560864548,-0.0028432381652773175,-0.004974408011592879,-0.012268321457845177,0.008072568472039809,0.013054017252669938,0.019107213801501925,0.015953825817918026,0.00692749815782578,0.39852554868523526
2018-02-22,0.005093103382117992,-0.0015769029409665736,-0.00012129445441755315,0.0012961938206164092,0.002998175565943617,0.007998240293746631,0.01309623883841018,0.018434026566569617,0.015819494562014667,0.006686274079347885,0.37112294656096523
2018-02-23,-0.0012668539845070992,0.01302637180965771,0.02044873089660726,0.015939196896527896,0.00888186264109958,0.008035543560939235,0.007769372994773098,0.010164510430491372,0.008775245487823023,0.007445602541807205,0.45763960857779773
2018-02-26,0.0024575674654647717,0.006559603209718823,0.013260320757414013,0.011612180019349605,0.0003386577414152825,0.007991275879031047,0.007686395502944829,0.009888336235555578,0.008467107734085025,0.007154272736256334,0.49494155518727956
2018-02-27,-0.01043890649807222,-0.014388137050736383,-0.012382567927150312,-0.012486313097766821,-0.0014386093686592494,0.008686067190453175,0.00974184532718277,0.011356755900503427,0.009689451739604376,0.007011211226244689,0.5170505873297448
2018-02-28,-0.0010388975966705294,-0.01577625106156555,-0.006417234044745701,-0.010130178115430821,0.006355832675787543,0.008442164120060687,0.011438554583452163,0.012004769363940305,0.010602368300360179,0.007178841782035136,0.45675179934283533
2018-03-01,-0.0022399902343750444,-0.0026607620670499044,-0.01632690768767886,-0.014540616809080253,0.006826880436231697,0.005642016232985515,0.009847774201374705,0.01255210121958267,0.010970558331483991,0.006339167913905559,0.4984403877379678
2018-03-02,0.005372018620811936,0.016005593072559554,0.009180714086346686,0.005155012922465785,-0.008129777192004584,0.006104530643160338,0.010619122881698088,0.011405897752563484,0.01017224890710545,0.006992984261395644,0.40652641511418086
2018-03-05,-0.0016747674096407872,0.008926351253169429,0.011084978807488488,0.011557760068019673,-0.0027036949652772257,0.006098247984048849,0.010963612299997606,0.011748960810172869,0.010973898628762436,0.006822556501768195,0.40022469601243016
2018-03-06,0.010784458146907872,0.010800011119139086,0.004230304861521095,0.0025354003869915154,0.0009320885360974973,0.005936013151830527,0.010972367810969282,0.01177456503169465,0.010792542003586985,0.006679370873852489,0.3816135552091414
2018-03-07,-0.006401624645603676,0.008817591701762773,0.0023139416820385783,-0.0003667077383544548,-0.0011007498416814032,0.006124258797558378,0.011155619518362121,0.011650598475134466,0.010625342035491309,0.005118045722673271,0.3028797628366257
2018-03-08,-0.0023862794212923255,-0.002041529926089747,0.005505487997885972,0.0048389053755504285,0.0057622429984958146,0.005894309117600105,0.011177622733203794,0.01164435367185648,0.010693041289083114,0.00529187089223929,0.3084739313577894
2018-03-09,0.0009568071147663115,0.015982255202452,0.019427406439444184,0.01740238171484565,-0.006572079575637879,0.005911767845578196,0.011508560036519476,0.011478478880798271,0.010921490147543558,0.005175360598345805,0.1963036003301209
2018-03-12,0.0,0.0017621260086813084,0.005313319092645319,-0.0012549510048632806,0.0057674499236781696,0.005827441807747496,0.011453855145340882,0.01095122873869024,0.010348240735588668,0.005487023205416491,0.19591166259551498
2018-03-13,0.0019117242474055995,-0.004648153513646447,-0.013614486993393182,-0.006462620863908364,0.0050593073885036866,0.004743634867605858,0.010178349054572097,0.01113873253817423,0.0096766504008184,0.005606191329797768,0.04699998828297377
2018-03-14,-0.0006360457292980959,-0.004733130929219231,-0.00017450084435588487,-0.005131813731731882,0.008809848729137926,0.004730538768474165,0.008243637578782059,0.010779367249217997,0.009160441382967871,0.005901906140624398,0.04485704927796508
2018-03-15,-0.006364323323672649,-0.005009181686460806,-0.0008739659534889865,-0.0010896391980576015,0.0,0.005162670021449542,0.008509618159306308,0.008646181815965449,0.007378228408884891,0.005599904452366578,0.06868883674441525
2018-03-16,-0.0024019459414951205,0.005608035486290852,-0.0029730911797889448,0.001084183297684893,-0.0035763090986619117,0.004866829901941076,0.007539178848714665,0.008728230947238623,0.007341060208675129,0.004941073041531469,0.09159441567211757
2018-03-19,0.0021669685053569143,-0.009632393035152065,-0.021336309875629844,-0.013530350491455456,-0.003171777069338355,0.004925695474404275,0.008312295856735381,0.01110037802702499,0.008079738114463766,0.004984586378072854,0.17352848644335667
2018-03-20,-0.004484705499084418,-0.00025607690186346677,0.0032914237338448338,0.0017008126196425,-0.004019182601594173,0.003190562688853866,0.0076770365830282905,0.011062477441623393,0.00805263703639028,0.005251903284931029,0.10920863473059324
2018-03-21,0.01745640608927701,0.00582430778271581,-0.004354118248262262,-0.00191894964517203,0.001092939335994192,0.006520142739859657,0.007372701505367116,0.011087537936596968,0.008069416328691957,0.005214200318985435,0.15221797329875947
2018-03-22,-0.003953194075975608,-0.021927780383720896,-0.02468276033159289,-0.024997482658916548,0.009909653185367073,0.006618551779265876,0.010207208858383998,0.013060096740521021,0.010916083611975316,0.0057771278989725856,0.1385395084123103
2018-03-23,0.012938539529958382,-0.021519206369410182,-0.026351343899237878,-0.02131449095875848,-0.0007488875842157627,0.007711709125622072,0.009871180812134062,0.011909262300645575,0.00948215689034152,0.005151752568716506,0.13745759692039045
2018-03-26,0.005250357853935794,0.02185947536051147,0.03715855804174484,0.027359246930575454,-0.003827689969284731,0.007764430759123021,0.013040495304160332,0.01848053906344846,0.01449735812062682,0.005246625420426595,0.1382233890656231
2018-03-27,-0.0061584106879087885,-0.019370375502771653,-0.03235999072038065,-0.017011712601299966,0.010692229178769885,0.008203367222649676,0.013988221588284184,0.02027130433519503,0.015035505431920249,0.005986688119641242,0.1301704944995808
2018-03-28,-0.01380496145836152,-0.0003324071400339079,-0.01150360661130101,-0.002955024685050267,0.0026450112089422273,0.009515307121639937,0.01406362171132887,0.020147163955811086,0.015056929343731526,0.005445067520590885,0.09789436771207158
2018-03-29,0.0004771936450476133,0.010112534565144937,0.018314790514866397,0.012777662175948556,0.004863473453134981,0.009243796153403164,0.014793880974841708,0.021790250536787206,0.016087741456901308,0.0055715201493490765,0.14193974508535234
2018-04-02,0.011686153191860393,-0.024369252047370504,-0.02885181426745309,-0.021584640483046202,0.0019731413707486656,0.009768918305001229,0.015862632996111018,0.022839007520390177,0.016887650863126963,0.005291688594348285,0.11734616783540126
2018-04-03,-0.007543604183229413,0.014311423963627501,0.011253478149576557,0.012816894739965834,-0.007712278622819868,0.010239175455937789,0.017012332650353193,0.023215877058554255,0.01764608375970627,0.005934835087307032,0.06662250266726819
2018-04-04,0.0011876001018218396,0.012712543615696514,0.015770240714941597,0.010699092204422334,-0.002067109456227012,0.010045384461759142,0.01777017201366346,0.02407870160168625,0.01816332415963706,0.0057632322819101385,0.05733587987760062
2018-04-05,-0.005140323544257752,0.008280475518483765,0.005696273546380359,0.00789219451213996,-0.007456744910094182,0.008550990496110907,0.01791089655583407,0.02429704087868099,0.018467411188556552,0.006453202455401746,0.04254895358848576
2018-04-06,0.004689954877408642,-0.01994537270635055,-0.025023012098016717,-0.022285829149366276,0.010934887671714355,0.008600519796006982,0.017675548362801916,0.024330130037159895,0.018102504777663536,0.0066195327755498795,0.025348901077969742
2018-04-09,0.0034021703240154633,0.001197692616710544,0.007022778251731143,0.004928485626225276,0.0016522606688638142,0.007510200456614266,0.016267009592093845,0.023119838235178523,0.016739290945396928,0.006595387938610278,0.05933358268561646
2018-04-10,0.0023655815524343815,0.018865229898737068,0.022063330053082364,0.015900063098986505,-0.0018141416192117843,0.007313536966144104,0.01585129861060247,0.020780259955714874,0.01506263800273783,0.00645511143227399,0.03614573728189735
2018-04-11,0.007787899955785216,0.0021511489919341376,-0.005769036467884292,-0.005242236769709363,0.0035511882281220597,0.0075226998191561855,0.014291319770896694,0.01793652738580226,0.01399764752411623,0.005654748979910728,0.030068500599877767
2018-04-12,-0.011630613197024187,0.006831034265888158,0.012041521383832743,0.008227240002447456,-0.007323957891053667,0.007081426161204029,0.014324293662232602,0.017671203901617714,0.014066917968015145,0.006124545497469401,0.0031391228743770762
2018-04-13,0.006555000660688037,-0.0052336727520855275,-0.0051785270951306694,-0.0029332448556358415,0.00232120500357591,0.00731447560784518,0.014301420666590691,0.016994864399696552,0.013651915239239485,0.0059343673882231475,-0.038763741766372595
2018-04-16,0.0014123209845888773,0.009223794092053428,0.007622297873845385,0.008221797310754564,0.00033084383985015897,0.006358184588404601,0.011153975529179986,0.013442170089020336,0.011254874246003044,0.005877880805867156,-0.009500979697057443
2018-04-17,0.0009402393572395251,0.010877129079139403,0.02152526188186199,0.010698393622479152,0.002728655657813661,0.005728902552627578,0.010879421101959597,0.014371656982823168,0.011085423312336133,0.005414454358433445,0.03299059461448191
2018-04-18,0.0007827669207129961,0.002674474519400283,0.0020464687290737693,0.0007403046776326416,-0.007998812441801562,0.005730092412295306,0.010493311731520898,0.013938882942343142,0.010822063524216902,0.005994681637985377,0.05369219578822861
2018-04-19,-0.001955416527053,-0.0069217855708672005,-0.009192468833248202,-0.0055474157588186745,-0.008146141172195587,0.00542402167152335,0.010818701691171093,0.014543899276612246,0.010927843413276933,0.006089252739803,0.13807961466745314
2018-04-20,-0.007601890535287481,-0.005371113243144099,-0.015826505722380313,-0.008479507537520914,-0.007207606771242103,0.005969753196061318,0.008203717945813411,0.012778635637112647,0.008136702475366265,0.004938691834457168,0.4408161649792112
2018-04-23,-0.007975949843974872,-0.0014782915778812633,-0.0025264376083899975,-0.0001501134738080001,0.00025322410522865546,0.006364133874850064,0.008327315736645515,0.012853962021196676,0.008137276120749354,0.004836492294195591,0.4335712944452525
2018-04-24,0.004855919415812648,-0.005730768939848252,-0.021186722655722412,-0.01346702630607055,-0.004557274804468214,0.006553418266772744,0.006633929495992222,0.012883755441874943,0.00791722397792216,0.0048815303105325895,0.3641980931560084
2018-04-25,-0.006496075996334616,-0.0014889046715199639,0.0011986786611422051,0.0024715290379200283,-0.006698362672697522,0.006038385732323122,0.006645446521458465,0.012824179247744566,0.007810647535674767,0.004507011725369976,0.38028387723304674
2018-04-26,-0.0035085115107064135,0.004604636962807218,0.02105230715440931,0.010165623662867773,0.006999886757259821,0.005086999530767028,0.006437800621843677,0.014092141844505614,0.008058240488407238,0.005391817137928867,0.4690297444268131
2018-04-27,0.004241008034887361,-0.001420476552494443,0.0006177506828708434,0.0009390888143601117,0.007712802130152685,0.004730142649621101,0.006194071002134978,0.013976332176211765,0.007985147860167961,0.006114945480088879,0.49645877044420794
2018-04-30,-0.007251025196090666,-0.008856566585909165,-0.007094999506460642,-0.0076909075005477945,0.0017663151795996868,0.004920773201255797,0.005999409660825937,0.013921649617561468,0.007873252053718468,0.006183294703542418,0.46882976782730224
2018-05-01,-0.007063145351023148,0.004891924258313418,0.011432917946146981,0.0017767819715275301,-0.0036015835497857918,0.0049683231312136296,0.0048336524351062825,0.012394234461338869,0.006833092942147509,0.006022546764790959,0.3483253694329322
2018-05-02,-0.0004849855228984401,0.003764508931367594,-0.005897270162416923,-0.0067171570074219256,-0.0010980599810238578,0.004870697901098189,0.00495917677090563,0.012364310905916656,0.0069164252484998565,0.0056621999873584065,0.3471674435122258
2018-05-03,0.005095004008440096,-0.005431543977339248,-0.00012373930061237992,-0.002203768945233997,0.004480734648522944,0.005553268808899279,0.004808283225430838,0.012169694604368236,0.006842284360198946,0.0054070944819017905,0.32914221721067777
2018-05-04,0.002092067418605348,0.012483007723970152,0.01897369278120209,0.012946375569238944,0.0015152302127616757,0.005431555460601316,0.006343446376909868,0.012688907076154422,0.00796683195460989,0.004822048329847918,0.3250171715552752
2018-05-07,0.0002408766587147504,0.00847615083666553,0.008309958940284856,0.0033832691467410303,-0.0015968111480516578,0.004970079659417229,0.006825130343183262,0.012755659246794513,0.00804689577207277,0.004875321031169399,0.30537049218297657
2018-05-08,0.00016052535213439967,0.0049664937466784576,-0.0010225173696799539,0.0,-0.0009258902715509887,0.004579930364496214,0.006458966316073362,0.009808409691163398,0.006488932464150919,0.00458394842524711,0.3289548582638808
2018-05-09,-0.0020868008225221057,0.005385591485137953,0.01089903052475738,0.00966595931767733,-0.005981782182205242,0.00422209586209627,0.0063882976804241305,0.009898015330937359,0.006987427739932098,0.00445657556571037,0.24380849968178797
2018-05-10,0.0068366320405601755,0.005356424954680916,0.01036440231650615,0.009350699324311318,0.008051929142643743,0.004736193152595835,0.00641513256860192,0.00854199466914345,0.006888601553719477,0.00462509335927589,0.32739963527744276
2018-05-11,-0.0014379318160805399,0.0019432378038708453,-0.0009432590014365472,0.0030511216248780837,0.0025224951397184725,0.004530907116140841,0.006245786744133653,0.008637516126189786,0.006879891025746621,0.004047233913962651,0.3525527591340705
2018-05-14,-0.004080017089843735,-0.003816462459447445,0.0017109163463606691,0.0004763494691000236,-0.0052838015307676844,0.004086540673960689,0.005285528121610167,0.0077260021309963015,0.00598065915067959,0.004403108114005937,0.33752925108145604
2018-05-15,-0.01614583132241265,0.00018909302175074139,-0.011075092808726206,-0.006886985460459072,-0.011382732554826025,0.006249681146838979,0.00538603276414303,0.008945884430668676,0.006779558414467149,0.005598042175540199,0.5387411411326559
2018-05-16,-0.0015512935679184991,0.010422809622909757,0.006612437800682658,0.004205255480036918,-0.0038378772366582936,0.006249373610458824,0.0058380744429043195,0.008403081560175956,0.005999155519219945,0.0056715769417822574,0.5530141717713952
2018-05-17,0.0005724073456552237,0.004598620872640735,-0.0038463377536521737,-0.0008448448382792906,-0.005051704819489911,0.0059064652242796865,0.0048090478355950934,0.008701462822992147,0.005872192500484601,0.005396945666514567,0.652390404442428
2018-05-18,0.0004086552101045804,0.0012989785078856286,-0.005168442973696674,-0.0025000678542956845,0.008605256022735208,0.005814724148055196,0.004127785064917033,0.0073251676686760005,0.0051025477751635625,0.006324781757697344,0.5073635191390677
2018-05-21,0.0005718461950008358,0.006610161688870297,0.005613269349810768,0.007518621906172918,0.0005122368125505261,0.005827978118122294,0.003934693109960439,0.0070961068970248715,0.00538761610613036,0.006355841280802675,0.5203532679242457
2018-05-22,-0.0005715193738216051,-0.007241836466360341,-0.0013068056327730782,-0.0027804330868397287,-0.0015354460185280638,0.005806917550615235,0.005190180216465815,0.007107070619770615,0.005593265311763673,0.006355020743116744,0.5018399091864054
2018-05-23,0.001061982268841355,0.001298175519721445,0.00844353369563522,0.002751404327198337,0.007259993793595987,0.005871539457359933,0.005095549783515496,0.006772584599760858,0.004947666214699409,0.006652540858172581,0.5545451086776567
2018-05-24,0.00856859323093273,0.0003702339758528961,-0.00029454329247602384,-0.002048375657511481,0.007970196639926597,0.00616100299153218,0.004980443639460585,0.005928239257596329,0.004173675241040181,0.006641571262873331,0.41572309314781847
2018-05-25,-0.003074660285441455,-0.0017895788031501159,0.0010022717529374336,-0.0023826242702162936,0.006224150624822178,0.006187927738532815,0.005087864567568973,0.005926695233592191,0.004128334974220576,0.006897382440476527,0.40053203099378953
2018-05-29,-0.000162297242228715,-0.0013602851524601167,-0.004418898880789945,-0.011501220811957591,0.02190311452982363,0.006124781484081935,0.004873893658855486,0.00606489693309112,0.005427546990032821,0.009352102655295257,0.27066583856851634
2018-05-30,0.001461160009810003,0.015849596850155745,0.0071609565766614924,0.013344441734853385,-0.006708278589345307,0.003062521219352798,0.0066278158835393315,0.005191890894907314,0.006777279742716469,0.0086392855568035,0.057754309428272824
2018-05-31,-0.00218857312515075,-0.007983736303077582,-0.0006459563715207617,-0.006125631467006287,-0.001646817915361365,0.0031212987728851923,0.006889808399763362,0.004876878891504655,0.006947867694212305,0.008457414900115786,0.1448390105689077
2018-06-01,-0.004955325896935703,0.006573507605386997,0.015699240913648715,0.009817528005698684,-0.005283855003015203,0.003593262226996936,0.007026119459351776,0.006514620536992529,0.007663042360119322,0.008484544501372827,0.05829593204672358
2018-06-04,-0.000979631964080463,0.005310039105415498,0.009030756972999043,0.004751692680698971,-0.007231916781972436,0.0036073179355664516,0.007135725352771149,0.006169516511915849,0.007679203352596438,0.008939320739145695,0.059452896664610864
2018-06-05,0.003922495029546447,0.006192535657544074,0.003097975664859476,0.0007274331160631586,0.0023445948443714393,0.003818534317344893,0.0071053663578841885,0.006148961305958394,0.007365423477060402,0.008920864206297301,0.058297511656277
2018-06-06,0.0005697980927446,0.007240534761361994,0.005833883415675256,0.008360367305444205,-0.008103205638888111,0.003806355139047277,0.006527803257143727,0.005902695893583239,0.007625939051164409,0.009462365943279077,0.016847713166538648
2018-06-07,-0.00048810250152531154,-0.00545093529849594,-0.008131132249796225,-0.00010812853642050424,0.009685228694677583,0.0038089745700398856,0.007069284643116777,0.006910519597292272,0.007638631249259376,0.009650684703774401,0.008379368477751425
2018-06-08,0.0012209142530825723,0.003011332326523064,5.707525441223105e-05,0.002956555111591097,-0.0030028795853210832,0.0025204568992368524,0.00703030334801809,0.0068937095097081,0.00754489169486877,0.009508521196779664,0.028130438110192356
2018-06-11,0.0017884823744616085,0.0015013472918854465,0.00269460700875368,0.0013298390214033784,-0.0018404903672899486,0.0024290082058229653,0.006868879955642355,0.006863508264244366,0.007396023633857414,0.009339553041906791,0.015184970622880822
2018-06-12,-0.0033271415316106223,0.004557269848765033,0.005259702448499937,0.0012926321447017664,0.0002514564724240831,0.002651251571889173,0.006695759144400488,0.0063590328337535165,0.005627991884038335,0.005364313789838469,0.02016246063448137
2018-06-13,0.003012561044629436,-0.003939616917962296,-5.662081505164451e-05,-0.0031912748306702765,-0.0005025523713190205,0.0028064496301425613,0.005520696368045081,0.006370708224058252,0.0048309142632547,0.005132821649166892,-0.01734418702010022
2018-06-14,0.0015422908372948463,0.005333509008198067,0.010123390216007389,0.002518064625014471,0.008299445985196385,0.002751671230959384,0.004421699398255094,0.006540549890455634,0.003903523473723983,0.005998933389595646,-0.036609305397364324
2018-06-15,-0.01653429211330959,0.0002981300144992982,-0.0034910315405140002,-0.0012758278605644602,0.0009145444238269906,0.0058585793891434736,0.004307209915123723,0.005590436966871974,0.0032181210451213693,0.005769986717476128,0.13934703598190665
2018-06-18,-0.0018954650937899054,0.004707650126482443,-0.0005773850400024871,-0.0020568104770772866,-0.0009137087965420676,0.005866641766319466,0.004266089451917244,0.005139687837188672,0.0032294479588931145,0.005197735610118112,0.15378659560663752
2018-06-19,-0.0025596363391253707,5.9229386854431354e-05,-0.00283276079612782,-0.0038327316170074788,0.005820356183649178,0.005612612305506322,0.004088701233701221,0.00527283003060584,0.003583445208746815,0.005429971365290462,0.12858520960825998
2018-06-20,-0.004470206141435118,0.008065967476133418,0.0071024747861689885,0.0017059712592515375,-0.008762592304425887,0.005615718921201276,0.0042185385918033225,0.005418299236242043,0.002406744079575731,0.0055561565943316495,0.12390909500762497
2018-06-21,-0.001746208886931222,-0.00935450129585158,-0.008688675993613337,-0.0062686475091523475,0.005253930660667816,0.005587849532505305,0.005061839761324495,0.0055246922414128995,0.003105649103069619,0.004927153834302185,0.18049239192475303
2018-06-22,0.0024156041546103957,-0.0033260633529895722,-0.002219385890088299,0.0018226323153587298,-8.337565220772891e-05,0.0056833718490713675,0.005234794038122715,0.005612197167662114,0.00297602499704309,0.004777345159197037,0.1680435092719142
2018-06-25,-0.0037393797734436296,-0.016326786550780237,-0.022530378787242844,-0.013612677169175358,0.002240897830499078,0.005521294725931718,0.007508011765984725,0.009171808129332217,0.004911914801282336,0.004696201067525454,0.23335700398623174
2018-06-26,-0.0052547940330739396,0.005815194190051942,0.004085088507450596,0.0022143430875731784,0.0014070099288729931,0.005577812784354459,0.0076210143459473105,0.009078524481560556,0.004994561667544547,0.00468304886162313,0.2297595021860641
2018-06-27,-0.005701830395735019,-0.016020066399444866,-0.013599307409277839,-0.008284306978705969,0.009423761674120623,0.005216488136196173,0.00899571509234919,0.009756369846968926,0.005353882856632435,0.005259210733317698,0.20590755452319195
2018-06-28,-0.00303593021413906,0.0030604028941516592,0.008601715762507789,0.005717436528312803,0.0002456142786411153,0.004886543973892226,0.008814613465099505,0.009533717231900067,0.00577949229813871,0.004849298924001693,0.08936022722164486
2018-06-29,0.003637288959023266,-0.0006714146345859762,0.0026870077093776867,0.0014395159430460325,-0.003438518129089241,0.0030841953614413856,0.00878812748445103,0.009726466423591434,0.0059000313408317925,0.005101942159243573,0.11306473832415498
2018-07-02,-0.010029518972628937,0.0068997413583371525,0.006699983606522242,0.0021379609868115157,-0.0007825151856231116,0.003938871816523536,0.00900963941043905,0.010173001734325284,0.006051835662191653,0.0050962989769950465,0.06396920164788618
2018-07-03,0.01013112932642235,0.0039865737480520025,-0.011574124863089508,-0.0035311250854991316,0.00535645457601075,0.005744461130886287,0.009201637313334518,0.010611970138854693,0.006040745260467857,0.005050793178588529,0.06445716508432724
2018-07-05,0.003371272825408722,0.011397147600897606,0.012412302400000907,0.00815788235017978,0.0028693992573793903,0.005870163496020833,0.009647468877171312,0.011282166177822866,0.00674446080969903,0.003685534366127933,0.15029752965797225
2018-07-06,-0.0015959885471287238,0.008450785540568884,0.015556186084368928,0.008458618147407782,0.003268769657432058,0.005868220080055413,0.009670379305576928,0.012339148095486576,0.0070712014224689245,0.00355693006423503,0.1817748216612161
2018-07-09,0.0024398528860691826,0.006300481377053302,0.008997104966376401,0.009003988850531552,-0.006435685279045589,0.005869784019970873,0.009745228638544278,0.012620377221492928,0.007572738355922793,0.0044384139907826786,0.16707507431252638
2018-07-10,-0.001846422307055895,-0.004547867228549718,0.0007339169578695071,0.003598733191791048,-8.237111149866916e-05,0.00580094910243023,0.00792043257311138,0.009542422027557222,0.005516234605294461,0.004451196279285701,0.08967995999026097
2018-07-11,-0.010846724226159843,-0.008484810359815187,-0.005075731344312384,-0.00731469842297694,0.003854614975920656,0.006505999665613134,0.00851720350868524,0.009908447820537122,0.0063986418484033416,0.0045314415687359435,0.14131284397724858
2018-07-12,0.004165231777556899,0.0048471089717399,0.01723169085241061,0.00906588021537691,-8.190975594535299e-05,0.006520481435011122,0.006081942776275657,0.009090096693162766,0.005624133267499553,0.00356084578629384,0.19944122814765017
2018-07-13,-0.004401901762097649,-0.0029773724869550655,0.0008357932748770391,0.0007877878926985105,0.0025324259003314253,0.006596608583128758,0.006381268116931099,0.009139320268894692,0.005641085331216492,0.003617290692973959,0.20327820182279588
2018-07-16,-0.0005101399394812356,-0.003882832025188576,-0.002394040825436816,-0.0008944588120699537,-0.00415590332133009,0.006436183475253093,0.00663547114269627,0.009410187492473729,0.0057679757725857175,0.0037144288068171275,0.24883453479721918
2018-07-17,-0.01080394929383155,0.00443744350790376,0.006083344597628937,0.004045525764152513,-0.0018819153621720819,0.006561513688059994,0.006485643552717911,0.009395029464387528,0.005769787381111779,0.003776771109992389,0.25822051167199944
2018-07-18,0.00025798744076199753,0.0028058617412776155,-0.0018861948727268985,0.0021033757309540935,-0.004017085890533401,0.005329330587302744,0.006455177977385036,0.00796987251320371,0.005302353550061246,0.0036034827428664284,0.3918829511722706
2018-07-19,-0.004298856594405098,0.007084225942218136,-0.005001838636691791,-0.003771184443582931,0.006337969290344914,0.005016844842672359,0.005862119308079409,0.008131738906624443,0.00552549989237787,0.0040887909018603045,0.24742641006164762
2018-07-20,0.006476124823511453,-0.004079020544764389,-0.00022356839825843355,-0.001142945117390659,-0.01226879707092221,0.005808967489584285,0.005517338626713016,0.006984053881998404,0.005201364518001896,0.005417117715363772,0.1821995754349264
2018-07-23,-0.004804371742649027,0.001246564478619705,0.0031844617571437084,0.0018591742005462653,-0.0123389239693662,0.005652096688744724,0.005107644686442785,0.0065595109171913794,0.004507904446676912,0.0062567985033339995,0.18095395007444573
2018-07-24,0.0003448354786839136,-0.010670586785618497,0.004121402659614359,0.0050321288359673755,0.0034379584964083776,0.005729150084029293,0.005961672762167247,0.006611492540903906,0.004626814380552664,0.006484703721219027,0.1465458232385009
2018-07-25,0.005515334234738045,0.003655480414957779,0.013976548174834402,0.00852220204552756,-0.0015876450989669166,0.005388488779329967,0.0054771582627334515,0.007167718977972969,0.004160153786480455,0.006172862097919471,0.17103915717283721
2018-07-26,-0.0077991400388178755,0.005372847094797795,-0.015151488635311572,-0.002358635630004491,-0.001924754002392448,0.0054893760965230255,0.005528505507512113,0.007621935738978421,0.003720716240736346,0.0061231978337094005,0.04352688797723995
2018-07-27,0.0005183138095208317,-0.018646177245187134,-0.013496088170865006,-0.0067762895439649196,0.0016770826523091475,0.005470881127452174,0.008156262226379237,0.00878072599805735,0.004541484644037419,0.006049272251811962,0.08621176053156851
2018-07-30,-0.0015540041641225466,-0.006413866840012994,-0.014131320652212565,-0.0052236206972577914,-0.003432333262359588,0.005459622570662059,0.008284694279598832,0.009711240147149738,0.004898623266835083,0.00603386118061784,0.10199304946155667
2018-07-31,0.002939873181190933,0.01017043159587061,0.007652451095662149,0.004929102518811623,0.005460016861300154,0.004542171188050844,0.0089170377750929,0.009872234506610166,0.004982365131084046,0.006555090232559235,0.2537913401259836
2018-08-01,-0.007328204929526905,-0.0006631839260670125,0.0037969412501310806,-0.001670436703092415,-0.008147064383756786,0.005054322412318042,0.008821767741842205,0.010047648157887131,0.004974967981375835,0.006830037251726495,0.2485373744194705
2018-08-02,-0.005384772884042377,0.007299561683288713,0.013606446136047667,0.0054472839804828865,0.0014351792130631313,0.005143967161420233,0.008844724804758872,0.011009724318959056,0.005064176568003441,0.006298036320440303,0.278204417091371
2018-08-03,0.003492853105171001,-0.00347355135321481,0.0030635888266554723,0.0042851047651975005,0.004973759438500425,0.00472469718819842,0.00882543155558074,0.011040271079240665,0.00511606009418657,0.005744161057564536,0.3405232432855869
2018-08-06,-0.0051339744804317355,0.005589195160720983,0.00588646547343652,0.0036674952196777966,0.0005869782450167449,0.004752109687204291,0.009063493355128236,0.011141458228860403,0.0051656309454966454,0.00415468606849477,0.3634366838628914
2018-08-07,0.0022740706959851753,0.00239067938870563,0.0036436125327130586,0.003302081586257888,-0.005197466008929896,0.004870262585559528,0.008396026859450458,0.011127278896157939,0.005065367740054981,0.004312405061983562,0.3692826190168764
2018-08-08,0.002792628802213759,-0.0008943666269037864,0.0012100109465029707,-0.0004202822894048275,0.0010114034488670764,0.004513299829275338,0.008330750092807893,0.010147568457462801,0.004418832223619479,0.004325613996668218,0.34654703719766744
2018-08-09,-0.0014794690881722028,0.0025660462768528625,-0.0006045819029186772,-0.001366102549842485,0.008418389131466864,0.0039424583061562,0.008178240384924044,0.008741967403777043,0.0043577599204052105,0.005079626909316759,0.31920623060176334
2018-08-10,-0.0004357279352805721,-0.002797479282438231,-0.007640948667655412,-0.006700211494424901,0.00726225631538413,0.003916147668471689,0.005202118463561241,0.007804302607092472,0.004343460636686956,0.0054919303759680925,0.28374836904242806
2018-08-13,-0.01508416880379293,-0.005849721947801756,-0.0011079065732215732,-0.0037431558830355316,-0.0020718269194561767,0.005946728406820293,0.005110490469530981,0.005674547857031877,0.004142543155966961,0.005379094859075949,0.32176814944560544
2018-08-14,0.0009738014451408095,0.009906842525915005,0.006266765780893246,0.006380487420645231,-0.002242541994238234,0.005783220621348755,0.005060860325718226,0.0055627930808531375,0.0043257086022824584,0.005279414458055463,0.23872205462126014
2018-08-15,-0.016626844065553037,-0.012544358319678595,-0.012234801186794986,-0.007467339533388406,0.005826919415287568,0.0072113986178865015,0.006722754305622202,0.007289548869931982,0.0050405238416818595,0.004497543121618896,0.26032661472557783
2018-08-16,-0.0008094609704913935,0.009272174896953977,0.00329185658890796,0.008091473835099006,-8.294911497663815e-05,0.00722092873740037,0.006977696271799737,0.005946403838954175,0.005395177784001378,0.004544118988739195,0.2684542975330463
2018-08-17,0.009270916232611892,0.004294764648872462,0.00022231931084748524,0.0035202705739787454,0.001241040119315473,0.007988866471857026,0.0069287425134265425,0.005860433746055974,0.005342341311368382,0.004410209616949739,0.25924087403954893
2018-08-20,0.0049942495470025605,0.002792060804703178,-0.0008896132450444405,0.0021399623778195487,0.006695854589847228,0.008245289455210384,0.006786567088832605,0.005469158661987515,0.005263812347923463,0.004687853709937494,0.2995961508789545
2018-08-21,0.002928336094692563,0.011491572648610893,0.003672899860287737,0.002345407804723143,-0.003366467601184975,0.008280318611639028,0.007571477049962987,0.0054718004890736945,0.005213126696686669,0.0043985935485829275,0.28287219916062406
2018-08-22,0.002211997942183075,0.0024593501627716563,0.00388102403119861,-0.0005937100875319512,0.00395460096397926,0.008250041393074522,0.007511742263554851,0.0056423444107130275,0.005215995695944313,0.004403544839479605,0.2904863471010282
2018-08-23,-0.009446452957847074,-0.0030375093771244366,-0.0014357533508274622,-0.0013281299182945627,0.0015586563140761456,0.008633723507363826,0.007685020707990385,0.005649939008784016,0.005214693439969307,0.003895091386662808,0.278534822654397
2018-08-24,0.01746886601762876,0.005449447902031723,0.009291664638975128,0.00601850395410275,0.0019664848202551877,0.01065962500558904,0.007602889996107082,0.005838640563812664,0.004866688264151819,0.003411646791967337,0.34528628932762245
2018-08-27,0.00376657902932398,0.0014568944320201282,0.010193074116871648,0.00789561357971813,-0.005723793162460189,0.00936480815753837,0.00705049593848997,0.006428576303585884,0.004855491937891724,0.003968419690652876,0.23948501062754426
2018-08-28,-0.007941321771505638,0.0009309236366241702,0.001464879259409857,0.0004829669221924071,-0.006003979724195196,0.009830409422269712,0.0066555919493503065,0.006270606064624412,0.00471494534892918,0.004456362055662223,0.30554319718989004
2018-08-29,0.004574213948543848,0.0029069411325703953,0.011537767631824458,0.005380701143102629,0.0013241279371967174,0.0077788231713443986,0.0041653937473962255,0.00468802921056637,0.003375209082051127,0.004082052772488899,0.23786369419828235
2018-08-30,-0.004903656511020316,-0.0008113206028996789,-0.001767216417833728,-0.004048203611846324,0.0021485656282520527,0.00808584852859428,0.003906404377114935,0.005046925458677247,0.003668832598640662,0.004128250278245772,0.2880609689761772
2018-08-31,-0.0011439392301669793,0.0038290809119161384,0.0012871881653866435,3.46208970556372e-05,-0.002308949703124119,0.007750912257783871,0.0038892548267633964,0.004978103813134395,0.0036929914726823595,0.004197980793877076,0.3097517400723747
2018-09-04,-0.005109698001402485,-0.004450349677925902,-0.00428556858221063,-0.0017222711228734866,-0.005781978245643082,0.007866420013844801,0.004505399022844742,0.005423666184175108,0.0038556735275662637,0.003833278561223746,0.4288137451621413
2018-09-05,0.0034534613352918964,-0.0026706903553506134,-0.012914020951789396,-0.00269143013587847,-0.002665584698620438,0.007888079363820123,0.0032488186062452737,0.007474212620499601,0.004049333625912504,0.0037959639003266044,0.469180854517127
2018-09-06,0.0019414156485668688,-0.006752184209522172,-0.008939699929339406,-0.0030101130335883353,0.003675622170153492,0.007881226404246674,0.0039047155583064545,0.00813383037142149,0.004219728834833748,0.003755058746639796,0.3846894324406866
2018-09-07,-0.0027302937827557994,-0.0005274681333586884,-0.003850071751097195,-0.0019435588516453217,-0.008489654085904963,0.007220031059825635,0.003789219615379845,0.008231050586376533,0.004256938505854901,0.0042520110800044805,0.43782957117527116
2018-09-10,-0.000706542689065337,0.0012315065642760636,0.00336800949225724,0.0017385001472127737,0.0036936734600685472,0.004288799111573094,0.0033120297540347506,0.007700230975166424,0.0038519485656168103,0.004468969535405201,0.3076926623628147
2018-09-11,0.0006186451072049959,0.0016396626380901225,0.00770422128646886,0.0032976075703414764,-0.007610776518483853,0.0040167511649943895,0.0033244215941519223,0.0073525106702195435,0.0030166858453072746,0.004678004177109973,0.29475729464842443
2018-09-12,0.008390716640166218,-0.0023973884218038144,-0.0029491899621136852,0.0002417385495876445,0.0023596168694517416,0.004280455671948787,0.003335463626854788,0.007344635263147889,0.003011149587833231,0.004670356256760832,0.29840554505543904
2018-09-13,-0.003591101333891067,0.00023464009111173745,0.010680696844060034,0.00591477819581776,0.0015132923540037702,0.004181519129304319,0.003104506142286394,0.00718427299842954,0.0031251333166830474,0.004682827131618388,0.16080074057814636
2018-09-14,-0.006504970809317334,0.004218709304050661,-0.0029265680064686217,0.00017220132297635082,-0.004784812741689071,0.004399083058377053,0.0035290759663026182,0.007204369238110479,0.0028206731304394844,0.004620696682102887,0.15052143351732888
2018-09-17,0.005220350246058381,-0.010619510129819543,-0.014402862991908294,-0.005294308380506263,0.0,0.004748231712641603,0.0043844978261233,0.008219551702147521,0.003315959410540072,0.004663254399580628,0.12516505613570642
2018-09-18,-0.0014963310274801467,0.004187100416934708,0.008271813306110598,0.005425985656730248,-0.010460028517418118,0.0044350377404822885,0.0046903046077114525,0.008906627812311706,0.003727361005914213,0.005297591008929184,0.024039723918060096
2018-09-19,0.0038786565809445506,-0.00364105822766414,-0.0007656589995773677,0.0010658268530785442,-0.0059669292057682455,0.004468839723593733,0.004735186713735946,0.007970641367742996,0.0035687740287770092,0.005425821152764353,0.03139326611928349
2018-09-20,0.0034246522572403126,0.009254245772020164,0.011056405961883398,0.008103515772879044,0.0046309060236846555,0.004545872052409248,0.005333391459909985,0.008092217408494,0.003971681497882818,0.00555558279234834,0.22261074946131307
2018-09-21,-0.006825928084458366,-0.0047891635103538555,-0.005467879229818617,-0.0009132587045442842,-0.0004270055797396255,0.005041751948131242,0.005576727323259693,0.008228717921037862,0.0038738559446857006,0.005162753337974283,0.22134558901074777
2018-09-24,-0.00017619740455376842,-0.003697064831611918,0.002781059467231728,-0.003322344708706293,-0.0025617848383578945,0.005033461928058803,0.005666177075080794,0.008215654392968822,0.004223060647642687,0.004802302057514208,0.21084915569983337
2018-09-25,0.0015863250483771907,0.0015312203969393146,0.0013596232618280357,-0.0009278988126052434,-0.0010274249835601212,0.005049675586808985,0.005661599319985553,0.007914003292616621,0.004231173612205862,0.0044352739982218385,0.22811711832959425
2018-09-26,-0.005279352979018381,-0.009140131504277615,0.0007058152009473684,-0.002991931779929069,0.007027706999677585,0.004459109309870764,0.006271807041086994,0.007807152021344247,0.0044189226728407645,0.0051022941841115796,0.1904348752254461
2018-09-27,-0.008845643281780058,5.925767111403246e-05,0.008466061659938795,0.0027944084125981483,0.0006809219878984862,0.0050693010246018275,0.006267449978967287,0.0075326901446281826,0.004111042048550257,0.00505962169871685,0.16558020220093778
2018-09-28,0.006336448595585464,0.003035262081049872,-0.0002154301987251639,0.00010267054637247419,-0.0026363838438281384,0.005283072151384249,0.006162725902062826,0.0074274051982253,0.004111549989538554,0.004938853238313689,0.17201312059776497
2018-10-01,-0.001685016298391906,-0.01317121821745737,0.002045265904765836,0.0034742861851939644,-0.007341208903521412,0.004932993822223757,0.006623323661811372,0.005026623145722297,0.0036728134876397216,0.005294289441060157,0.20810255482105303
2018-10-02,0.011548397044346626,-0.010821925459230441,-0.0022557850434735682,-0.0005829144134191777,0.006112609442547878,0.006296518260341605,0.0068534396761697315,0.0048584270428424425,0.0034008189638299793,0.004861216234121352,0.19775712368676834
2018-10-03,-0.003951915050342092,0.008752236362182142,0.0010764973345471773,0.0005490551733917659,-0.017371244369907113,0.0063022273846012255,0.0078066454876456175,0.004785944158314024,0.0033982340080633425,0.007167767063354932,0.15282931108629108
2018-10-04,0.0005290529796950771,-0.014038804831450369,-0.01919861856371985,-0.007815893074187064,-0.007054293185177474,0.006172840743777637,0.007580892933521395,0.007297340303938775,0.0032321815168418573,0.0070464912871309295,0.09185032634793322
2018-10-05,0.002819877382429281,-0.00904414545076504,-0.012227336524494481,-0.0055969618407670785,-0.008594642142236375,0.005850341301907534,0.007733757330435655,0.008026565522072556,0.003548032591107739,0.007254961414668562,0.11318874205942067
2018-10-08,-0.011072074713894375,-0.002096538263983261,-0.006105847814293908,0.0,-0.0033616139536091216,0.006871895665276502,0.007772217179852354,0.007961316327971807,0.0035066380834740713,0.007250613162791531,0.12239807673496912
2018-10-09,0.0005331220730910857,-0.0038931965686521686,0.0032393030802766454,-0.0014591701352649755,0.010119185303120393,0.0068392280730124435,0.007489156222089969,0.008087301630287699,0.0035077733910950874,0.008412217373757497,0.1223503310763621
2018-10-10,0.00248666770063255,-0.02872408683416494,-0.04397934094639144,-0.03166317079772829,-0.002724542786548323,0.006727549249896886,0.010597267452545179,0.015289641162057634,0.010306661686463544,0.007758045112095278,0.2010535028802949
2018-10-11,0.025691013434101517,-0.01909782663813908,-0.012403156423194006,-0.02202645111083612,0.01215997394575985,0.009881694557746613,0.01090749680688411,0.01435241630735714,0.011412690579808331,0.009127302313691478,0.14931648037088993
2018-10-12,-0.004750349180877911,0.00019538076006697658,0.0278299813611238,0.013888159510337728,-0.00348244285470789,0.0101250499572388,0.010594408487785052,0.018423077833684263,0.013018681100662358,0.009137059926116381,0.11269646110127725
2018-10-15,0.006682258271583086,0.003710857779841925,-0.01210391091779528,-0.0056167726982300215,-0.00043675601886239424,0.010112681367995183,0.01121700338254017,0.0182622845280329,0.012664187039437832,0.00896068550136619,0.122652452957467
2018-10-16,-0.0017241116227775244,0.028993893744842403,0.02909221941834117,0.021865625624751583,0.0022724302345280556,0.009737630133105312,0.015969039088937462,0.02165869538774061,0.015425968300083512,0.008677755418736607,0.1743702488278799
2018-10-17,-8.63742311474347e-05,-0.004286429949814097,0.00039511637956968215,0.00017853001227874365,-0.005929760666014805,0.009562411540973566,0.015376608165274499,0.021640343340575168,0.015414835543220887,0.006994569303363254,0.2076301898184924
2018-10-18,0.001122698440194414,-0.018738819669652407,-0.0231825947965576,-0.014441058116617667,-0.0003509425406490463,0.009553338458928431,0.01575656064355529,0.021974164374441475,0.015744289039719493,0.006629989332117939,0.197894631497922
2018-10-19,0.0007764317521294917,-0.010580625973203972,-0.0009236515374505538,-0.0005427867992920943,-0.002193634385844745,0.009559751978209005,0.015804566864769328,0.0218482813128654,0.01578577191141672,0.005989611600820355,0.19191225381076488
2018-10-22,-0.002586010225269386,-0.002152022534681941,0.005143894101531599,-0.004488599721714559,-0.001318944308759784,0.008602512652893149,0.015803267780750207,0.022006227484239086,0.015723667682124944,0.005872916787200535,0.18036671774863028
2018-10-23,0.005876763551604158,-0.008952421413050637,-0.003680106982865028,-0.0050907493922414115,0.0031701509144330675,0.00861101341085773,0.015828593876915247,0.02190766776718103,0.015689314535958284,0.0049946758493485755,0.18268622657825972
2018-10-24,0.0023198236435848507,-0.03765013237448622,-0.045766898293620906,-0.03029879578822836,0.007548859539595831,0.008613031065187586,0.017425828729507677,0.02227986674391569,0.015433537393908523,0.005386548617773884,0.07650185574717192
2018-10-25,-0.002228717024418514,0.02165154573578776,0.034595588174931136,0.01794087325700522,-0.004181646644706105,0.003662356032957523,0.01894344555091182,0.024998406761961436,0.01560981599804175,0.003964237960543551,0.013892360237990087
2018-10-26,0.0031786521678458524,-0.01093168291005664,-0.025721788746164265,-0.017587626113378496,0.00603677792349,0.0032214493433791055,0.019075532692529536,0.024373712064663267,0.015523405919796686,0.004295014137719273,0.018606992525095168
2018-10-29,-0.003939360261170033,-0.00549243880703687,-0.020581116469444383,-0.005540241704114712,-0.002261085266339391,0.003005623781067333,0.018888980523990455,0.02482186646445005,0.015522434015599268,0.004375406859139694,0.04998059187286349
2018-10-30,-0.0043847864976440665,0.02086354111740185,0.016479708672670013,0.014818624809537218,-0.00496818488586559,0.003304741018783348,0.017387402368256408,0.023158221246509673,0.014342902400095609,0.0046021419392698205,-0.042480601978625764
2018-10-31,-0.005613139108367582,0.002003580981898345,0.023505638593011025,0.010680658361528428,-0.005080563204984623,0.0037533906500184263,0.01755425690290023,0.02498441434232424,0.01508904231806329,0.00449630535864362,-0.06704338610232675
2018-11-01,0.01285276342099273,0.023061976142729534,0.01319035336576202,0.01064204154671633,0.0009267638727075145,0.005674658371033499,0.018847883817545232,0.024527039868202944,0.015144592736222852,0.00451470537509627,0.06063484364885653
2018-11-02,0.00017151910256396619,0.003322660932220556,-0.015575973859159653,-0.005922818834743104,-0.012432861072397494,0.005676091603464897,0.01855827733148676,0.024996568965370974,0.01522400432565854,0.005943893428241994,0.11906427245401323
2018-11-05,-0.0024003324100665413,-0.0007794492260362329,-0.0024799578770127173,0.005516775592611323,0.0039285038607952405,0.005664932271527018,0.018540955786972308,0.02487583003748548,0.015333038147709869,0.006165235313697513,0.11904958295240091
2018-11-06,-0.002835798085983776,0.004938953502865662,0.007576131325532254,0.00632798140741575,-0.0006229232989447553,0.005425270563821016,0.018254788833337927,0.025075567560585797,0.015376979953941458,0.006013342638155961,0.1224165615243574
2018-11-07,-8.619558903444346e-05,0.017912675987676208,0.031367171843329045,0.02140874081397781,0.001335374980588,0.005349594324728426,0.012295022259029577,0.021554486843307102,0.012170058226135459,0.005297567322820393,0.25334095038704246
2018-11-08,-0.0021546152083956605,-0.0026683910621190243,-0.006378547620331743,-0.001814909286325217,-8.904267664899823e-05,0.005347028296466175,0.011604778521952455,0.01934568838168875,0.01157428143370291,0.005245118866476537,0.2792585502217767
2018-11-09,-0.011228151978489587,-0.018535888643369858,-0.0168521117175503,-0.009768150274718002,0.0074660911989519185,0.006123840090761245,0.012951914254806657,0.018088939085810277,0.010140118300426389,0.005482073387569834,0.3414500567875817
2018-11-12,-0.007162820324765118,-0.019795112488958932,-0.030259061337316595,-0.018685024235973402,0.006528479872964343,0.006321159292246,0.014827337396320415,0.01968107863722722,0.01224020713748972,0.0059721649123135575,0.28966121506978604
2018-11-13,0.0003518677181439944,-0.0031780044720435274,0.0008418752129528695,-0.001871418714299522,-0.0006136722265493999,0.006323728447281512,0.013505027781547942,0.019017892183341732,0.011620354852356747,0.00574860686185257,0.32246688106539567
2018-11-14,0.008267391966898296,-0.007306524390716773,-0.007629113723215064,-0.006836561774007377,0.0006140490513979469,0.006893979100293124,0.013718901055892229,0.01730319907444159,0.011426703993196612,0.00544882493556693,0.32928763830563257
2018-11-15,0.0011339606953078007,0.014252111763929376,0.017493888511368016,0.010436550698834868,-0.00043803750802096086,0.005166138909606247,0.012256731103429019,0.017786870379086613,0.011405403988654342,0.0054597090345171444,0.2718102902990197
2018-11-16,0.00740616997802257,0.0023753499674583622,-0.0035100822714719815,0.0026006362983213016,0.005787503685221518,0.005895926073937256,0.012221642597973491,0.01717667730612657,0.011240939305719037,0.0032199582413328653,0.19188883344851937
2018-11-19,0.0004324115306661991,-0.020271499252519254,-0.0324773786165542,-0.016914555773868023,0.0027894291681769268,0.0058823109776581705,0.013608864383007041,0.01987465113584113,0.012362104751760677,0.0031793630270600033,0.18455835031351508
2018-11-20,0.0,-0.019279324156458832,-0.017894325897588548,-0.018506060761456555,0.00034794892276335254,0.00583000686882729,0.014138685579207576,0.01986081287044428,0.013085491836028407,0.0030947095042290584,0.22228023806645644
2018-11-21,0.0016426250921932617,0.01397319468061231,0.007602061716861952,0.0034073657467939,-0.00034782789642151535,0.005862724458741741,0.013447198126041546,0.015836383846150846,0.010100099994830407,0.0032013422953630303,0.21608319530254202
2018-11-23,-0.0007768338236752159,-0.0009459750878204609,-0.007232940843308389,-0.006678461099399069,0.0010432062732643743,0.005825961219359654,0.013506132973282934,0.01582353070168058,0.010003777491800717,0.0031304493203571674,0.21648540473567968
2018-11-26,-0.0011228924348919422,0.012982708442961455,0.02311386252021541,0.016144266671716867,-0.002258031415372952,0.004350218851257517,0.013894331029534817,0.018447257513536538,0.012130295159650141,0.0028513793579412203,0.18095759900076516
2018-11-27,-0.00596681464067883,-0.008276906123774963,0.003376365714491847,0.003364248235962597,0.0011316910693397464,0.004110154770288042,0.01275194447684455,0.016266505234479978,0.011058458601302086,0.002196994718992759,0.17145246229610117
2018-11-28,0.0037407596049732206,0.02470218489794873,0.03218302512131355,0.02302567056507554,-0.004869306045020783,0.004177405567093202,0.015177762179451678,0.019494943580050633,0.013495935917582082,0.0028248987347003814,0.1271237356364189
2018-11-29,0.0031201301691909933,-0.002693603800208555,-0.003259895523183509,-0.0021852281231169446,0.0039321910070773125,0.0035116293667376034,0.014958320044689784,0.019315682014971004,0.013274005384465791,0.003041971878201785,0.17293220491433256
2018-11-30,-0.0017279847238081958,0.005203368919932894,0.007255358731853123,0.0060951854537323324,0.003742713474081061,0.00361117464161489,0.01437576362761902,0.01865980793359982,0.013016641912921519,0.003151686267162253,0.17622308929107827
2018-12-03,0.007529883500850154,0.009566370926118228,0.017476603061413076,0.013241280731423277,0.007100122085498262,0.0036369179376983768,0.014641991290602315,0.019276732489279844,0.0135814821383028,0.0033858526555128657,0.2947499849257488
2018-12-04,0.00609912432039339,-0.042575425622196406,-0.038356996575076185,-0.032402330274530655,0.016741309633636403,0.004014670378516091,0.019287916531805983,0.02052856916390958,0.01654945713220155,0.005972235907224208,0.09575353224194004
2018-12-06,0.0001707363609755319,-0.002169268273600755,0.007060337162873909,-0.001517014532525729,0.003140495983769309,0.0040091049381949136,0.01818754372728471,0.019261567147800474,0.015192165148893936,0.005917337771001655,0.04477829183301836
2018-12-07,0.00810992789134457,-0.021603083076064733,-0.033015746470420715,-0.02323624104473987,0.0018614990886063332,0.004559582934844596,0.018830969762083326,0.02262290613437837,0.017173658814972913,0.005821592077221857,0.020631037873223946
2018-12-10,-0.003471894702593792,-0.00291613221806708,0.010472436667411156,0.0018974266308680043,0.00413793585039457,0.0048093489116752645,0.01882226754883276,0.02261198856447266,0.01703972626180702,0.005778863095443422,0.0062643707369261946
2018-12-11,-0.001189661703648759,-0.0010448453040091676,0.0033113367479158384,0.0002272651414192417,-0.0001685257688727182,0.004813667796064329,0.01802290847741226,0.02145641842642691,0.016129143407623128,0.005583365245819659,0.029229319625795357
2018-12-12,0.0021269354947484054,0.009550754683439244,0.00880134823349854,0.005035030627439818,-0.004457759442820675,0.004004749691764668,0.01844938925551643,0.021601096487003882,0.016189629703897732,0.0061202306476739726,0.011323245042272733
2018-12-13,-0.002207336227265433,-0.014155993364532882,0.0003029253728685788,-0.00033895256606253366,-0.002365822298302067,0.0042274024291127504,0.016042501728964785,0.018673298950301277,0.013857996392790072,0.005800126341660094,0.03571269781458068
2018-12-14,-0.0039989894119348834,-0.015129112106969544,-0.024348849648080373,-0.018464687255441592,0.0034723327276620086,0.004575937942143788,0.016214338516266424,0.019977318828871576,0.014644004501236985,0.005796964341678589,0.08412264667326638
2018-12-17,0.0069195729103175285,-0.022270091423967853,-0.022659655980157956,-0.019618500308177356,0.0058239318507309346,0.0047851914174844145,0.016144974516402576,0.020324092098739973,0.01474698205308587,0.005850918359483919,0.06758018298084809
2018-12-18,0.0023754880187698557,-0.0012408918917296008,0.006288358913296044,-0.0010963902546938797,0.00598834387271574,0.004385305482421606,0.014989641224179447,0.019091700942639865,0.013110653720074968,0.005785711027865773,-0.054118601309969074
2018-12-19,-0.006093958623821227,-0.020825597351418423,-0.024555051020655028,-0.014975542619773408,0.013211194028649675,0.004649564951033741,0.011004512290202214,0.017061425552388355,0.01055661673567989,0.004926296200604679,0.03961396391337446
2018-12-20,0.015413416962360094,-0.01649267753301986,-0.014495170808151436,-0.01627801836023457,-0.0036311664327980386,0.006671006418106587,0.0109224046004674,0.01646206440737079,0.010703302456224308,0.005360911196468637,0.031494680478154166
2018-12-21,-0.004360924625816387,-0.02595048606669359,-0.03099336948377096,-0.02048979530581796,-0.00016503343786966607,0.006524052705848111,0.011480703076163104,0.016143447497129197,0.010316683724102521,0.005420958869357891,0.1346811906916224
2018-12-24,0.010950096100037499,-0.019396913547913952,-0.02479852262186577,-0.02642279508298573,0.0049695108479184125,0.007104144887689425,0.011366083064915197,0.015298862802298805,0.011034832003973424,0.005460487422279276,0.09336981857719424
2018-12-26,-0.002999441684935489,0.04806166203093509,0.06243917183482983,0.05052490103602847,-0.010715024749615942,0.007216409991143674,0.022304082988366905,0.028088848980764546,0.022426552866162748,0.006830043113546659,0.012206761918304266
2018-12-27,0.007604847107346435,0.004168443496129992,0.0038699611990802296,0.0076774896369420365,0.00016655798268261357,0.007447154391545227,0.021900556204396602,0.027834414417466168,0.022588785164794272,0.00655442198988718,0.030325192914986376
2018-12-28,0.004064011487183938,0.002868726315880643,-0.0005224813139063089,-0.0012902905516648522,0.008413556982206138,0.007281999241038861,0.022057907933068922,0.027811912586344335,0.022564526833223592,0.006700696741488764,0.047952241080599686
2018-12-31,0.0015694898830167503,0.007827676143513651,0.00843298057991193,0.008758900004083303,0.003799904746833338,0.006890795154523028,0.022267621040115756,0.027466708356676167,0.02254163101472126,0.0067054007720525124,0.025402878693421505
2019-01-02,0.0006598089159148834,0.005675985179944387,0.00401896443358396,0.0010403090832811213,0.005267141858755542,0.006834198107516207,0.021505860795756535,0.0267055682806798,0.021817068221529498,0.006679635941893298,0.037776490830498145
2019-01-03,0.009066170423806419,-0.017897115334229108,-0.03267030296026818,-0.023862618782796163,0.01137974695132149,0.007097587536132466,0.02211726517934226,0.028312425513587012,0.02295673160630631,0.007171293434214124,0.014628245113943273
2019-01-04,-0.00808623590052937,0.037353768974587975,0.0427844554424508,0.033495793352739556,-0.011575552586070126,0.007420165467484235,0.024489365986094584,0.03100547277177925,0.025272371589642784,0.007622728847074402,-0.049717601485636795
2019-01-07,0.003458482876331992,0.017493817767824327,0.011905577271489332,0.007884443358915583,-0.0029476323501561597,0.006115871261094178,0.023892954846466707,0.030584304967524564,0.02454808659939736,0.007581623240213761,-0.04483657880408174
2019-01-08,-0.00270804061547536,0.015330817097778837,0.009045714352478473,0.009395271892829626,-0.002628189844878004,0.005938847828010062,0.021165953826552054,0.027935325121993097,0.023044798046592527,0.0076582257729907,-0.14744344033776208
2019-01-09,0.006418158373500793,0.008255138130035533,0.008149403128739241,0.004673610210709667,-0.0015651729691246175,0.005354493553588361,0.01851773276933402,0.025406636633177198,0.0199683080142531,0.007522786609109154,-0.13883482734124372
2019-01-10,-0.005886691481276518,0.005178448663947011,0.0028598588942214676,0.0035274281126924656,-0.00643319594425007,0.005714086980742005,0.013851322388307255,0.01814629721749085,0.013949713372151352,0.00694756755635983,-0.09057421833852697
2019-01-11,0.001727170986037363,0.0002779736438860425,-0.003657829946894342,0.00038652185547483064,0.0039012994744396234,0.005318191767918895,0.01404372143160517,0.018389194154479524,0.013992244197892773,0.007034200416600319,-0.09719320915093003
2019-01-14,0.002380897199235621,-0.009952323761102111,-0.008836725549103308,-0.006100831795028516,-0.003721136953771631,0.0052374605112784625,0.015131343461197535,0.018850530714815884,0.014289191812566665,0.006600734383740763,-0.07465132925141627
2019-01-15,-0.0017200351443329431,0.008435771907777667,0.019526402362939344,0.011460756686104023,-0.003651732128814311,0.005290972627617497,0.015136463865793589,0.019444180643513005,0.014415838946568801,0.006486995518281781,-0.09123764417714744
2019-01-16,0.003199863787636481,0.007459029453600552,-0.00018464823041197675,0.002419681034071086,0.0009994105394328656,0.005358386325529137,0.015129435284113394,0.019520542602759948,0.0143889260420101,0.006145856394578298,-0.0957477169404219
2019-01-17,-0.001308546962521917,0.009064251342643326,0.007884258415600254,0.007586818263020323,0.00024981294540604715,0.004514813603836761,0.01229889674707889,0.014387527639036408,0.010436967322828308,0.00424218701037573,-0.022867904801315998
2019-01-18,-0.008926410300850951,0.010286282141639402,0.009900087317649131,0.013309806638151178,-0.005241940034853787,0.00468153100820314,0.007702679176172016,0.00823844584177238,0.0057397799705573415,0.003093204933844351,0.1404681053563465
2019-01-22,0.0035531343340227117,-0.01581502792085243,-0.02002985351043729,-0.01351025507865422,0.006775042612331861,0.004690144044478633,0.009693207912160856,0.011204025082051313,0.0081954138509805,0.004147032823908201,0.013004191345397886
2019-01-23,-0.0013997379433262624,-0.0027583656342561325,0.0012966391118154341,0.0020926198595390133,-0.00041567924760765873,0.004634261752308203,0.008974269764596171,0.010963760427484547,0.007913934031740434,0.004117227826097127,0.022865817460449446
2019-01-24,-0.0015666428373899421,0.006016306968110063,0.0064753892785127665,0.0005311178206213185,0.006566410682866675,0.004014415619519267,0.00882882563816907,0.010866537605329745,0.00790084451799347,0.004730804934049381,0.0003614628988310442
2019-01-25,0.01461726258147622,0.012855275846390235,0.01194856178495507,0.008461472644011314,-0.0047892823243447236,0.005988882013587008,0.009464260127282634,0.011359640772979856,0.008145291886259521,0.0045095588434594025,0.0654178057007406
2019-01-28,0.0034999210730881636,-0.00536176121643217,-0.012352422175237687,-0.007600331130506732,-0.000995803935444517,0.006037010525293025,0.00977990903926734,0.012180633215730223,0.008761652322083858,0.004308348309509294,0.07450173587517903
2019-01-29,0.005596580714432919,-0.0023883395130785967,-0.009441588736007756,-0.0013266103188656064,0.0050659644103667745,0.006188688252556797,0.009013265453265147,0.012239372923473307,0.00840205482507638,0.004454430100317784,0.02012422303661443
2019-01-30,0.005726722578225818,0.010944034702916161,0.025437722401691287,0.015830201054747306,-0.0007436587921690885,0.006198903321924175,0.009220679987532619,0.013303141906666727,0.009019835740752413,0.004246518508545703,0.08341421539924265
2019-01-31,0.00048117377030232333,0.008524787813794621,0.01496884242239771,0.008782593170670427,0.008599937379758948,0.006214611796819426,0.009283503305516326,0.01386597156026343,0.00921397811173771,0.0049230068468306114,0.14041196765991606
2019-02-01,-0.002004008016032066,0.0008051599826122136,-0.004222043026432587,0.0004818773626185102,-0.006039700215288102,0.006259817750166933,0.009062318760300737,0.013979238294242692,0.0091301589261695,0.005472571465108829,0.19363223193824886
2019-02-04,-0.004337356751223598,0.011931852243419083,0.012421435320215224,0.007035190548051462,-0.004463929635574071,0.005494693313678464,0.009236497751187437,0.014151260165217653,0.008515299245036958,0.005380656314155615,0.217241157002915
2019-02-05,0.002581475453272253,0.0010596310308153,0.00884791508285776,0.004192060867581837,0.004567102629454034,0.005480938250771838,0.006723140073999618,0.011751850102720977,0.0065212368394440496,0.00515594756912746,0.2919703500464908
2019-02-06,-0.006758902044908588,-0.0012569455398397933,-0.0029819372565171864,-0.001318158487992882,0.0004958419281031468,0.0061108206803313116,0.006566336869964865,0.011998721139974815,0.006709722575222235,0.0051413785081878905,0.3162063263886767
2019-02-07,0.002430293392984062,-0.008215837180669427,-0.013429203074990848,-0.009532791968269838,0.006610039695297942,0.005996994791452442,0.00761479655651288,0.013324787797592769,0.00786153988803148,0.005146806362212176,0.2679521380778921
2019-02-08,0.0037982966608789415,0.0010689543281323655,0.001961162545354167,0.0012213846007598228,0.004268413425385198,0.004216049458085468,0.006765753942264056,0.012958776038268687,0.007579915478727402,0.004835481295123083,0.27053990731620264
2019-02-11,-0.004911042708701019,0.008341830576942932,-0.0009489998093686891,0.0005547818631488344,-0.003923114812791173,0.004512921217255927,0.006558622367603161,0.012010691064323707,0.006863854086846508,0.005100602252018363,0.2626868613830763
2019-02-12,0.002103577179937588,0.012507966270647763,0.014786348804954885,0.012859301815024926,-0.00254411855304304,0.0041766541042167595,0.006862850825104057,0.011600157510597186,0.007408320440599173,0.005067715821325396,0.31295209827560944
2019-02-13,-0.003956062177902009,0.002810753159937729,0.0007019986742717865,0.0032470217581501704,-0.003783857672123747,0.003782361236968805,0.0064957994698591525,0.009336334192703386,0.0061372854809469786,0.005250681820797547,0.27540926483547434
2019-02-14,0.005592889654295163,0.002281067174952467,0.0012280548854590734,-0.0022181471467523917,0.005698061850949232,0.004320506799165391,0.0062832851432034036,0.008375202826644404,0.005918298492690359,0.004807303362953761,0.165962162124956
2019-02-15,0.005964900110646543,0.015932859881703676,0.004205083690158373,0.010896825912570574,0.0015600318283737202,0.0047365954952425515,0.007384943269194283,0.008117876375010234,0.006569978569348757,0.004305382460666654,0.1807086326550556
2019-02-19,0.015224309695700766,0.0027526385704368384,0.001977282413271775,0.0017308949873695578,0.0025410742909990347,0.006384066047912664,0.006935542724459356,0.007361857125426566,0.006392243234672299,0.003895346167217821,0.19972768197793583
2019-02-20,-0.0017363346220005127,0.004723804009885146,-0.00017394511116730627,0.002015401117913873,-0.002862399547364447,0.006500869794549069,0.006875418804553674,0.0069191767814254295,0.006352420856399293,0.003963646853464766,0.20926963008056126
2019-02-21,-0.011306137470128319,-0.0038117811720126404,-0.003657457835237965,-0.003555798820048417,-0.008938156166871769,0.0072768618234938095,0.00713879943452595,0.006962632269772827,0.006517430074182658,0.0050260075249549205,0.33937887832942215
2019-02-22,0.0035985360836492397,0.008673811139856547,0.0074000344032292276,0.006199728960801787,0.005957674404807767,0.007305978240122818,0.005851730743392218,0.005160009616231028,0.005280194529795073,0.004932051555683432,0.48740642907997095
2019-02-25,-0.0010358346885893654,0.00025299561204494836,0.003644010913428586,0.0013611482709841027,-0.0029613458127050185,0.007292317147518059,0.005926035671999816,0.005158940081336651,0.005274277178010784,0.004729568962965736,0.5154094414082193
2019-02-26,0.001675034536747555,-0.006890206239624552,0.0010373133657239908,-0.0007152958071040549,0.004949959073507815,0.006995126137900356,0.006965580902199452,0.0050302165073140784,0.00536252657652988,0.004932698439576779,0.4565295740468742
2019-02-27,-0.0070871108191714605,0.0014004052128298028,-0.0006332568377163117,-0.00042958159552042297,-0.011328873676515694,0.007508373699395079,0.006298205967207139,0.00301434332478634,0.004223571470721053,0.006077867188659784,0.5571215006202703
2019-02-28,-0.005613959130088775,-0.0034330892065370655,-0.002304211294708036,-0.0018624818396053566,-0.003404748742497521,0.00763960122585168,0.006600648898337457,0.0032514314016359527,0.004343578343300714,0.006059150198733716,0.5920063439563624
2019-03-01,-0.017017506627186707,0.009312755657058469,0.00692869077983338,0.006243571905395484,-0.009242979511850047,0.009167112073081527,0.0069755333323945875,0.003710187681927537,0.004396794118471797,0.0060991663055459866,0.46909635363623464
2019-03-04,-0.0026255308667169075,-0.009037005849309665,0.00017193176892771334,-0.0036374523668747383,0.007837532436240524,0.008758968987099148,0.006216298687962014,0.003643420626198458,0.0035113583458783316,0.006828402302239413,0.32737546598804335
2019-03-05,0.0013162525939691694,-0.00465537987575404,0.0007450313139554243,-0.0013599423739479866,0.00209069597558198,0.006402893181242826,0.006344139236623764,0.003644031982207287,0.0035497804220138,0.0067984094943314395,0.2849423143406739
2019-03-06,-0.0009037184460104486,-0.019605044842249342,-0.00567137773245785,-0.006056804788258319,0.0036716068419999637,0.006440660299787478,0.008486810502973237,0.0042568900091831145,0.004033083275555025,0.006995066368006275,0.24961580528193084
2019-03-07,-0.0008222882461903502,-0.008757152059825857,-0.012272597538342755,-0.008365672324157525,0.006484885330356738,0.005934543145058953,0.008695190602874476,0.005831973342880306,0.004687467982380139,0.006780875468236942,0.12012589599541697
2019-03-08,0.010945553273622899,-0.0002637872684450038,-0.0015164233215615441,-0.002000044781712562,0.004212707942384819,0.007151757534072996,0.007737239780701501,0.0052067680085576586,0.003978415982291347,0.0066431747995014745,-0.010931381273516182
2019-03-11,-0.004884390198699684,0.01747550252839991,0.020798067163500855,0.01450143188025832,-0.002961183855002325,0.007190563266645398,0.010317207687078373,0.008613385391158534,0.006479307840010408,0.006643166152289686,0.07015156777040381
2019-03-12,0.006053709964792153,0.0005185423325764216,0.005494117942962395,0.003771098512430182,0.007012742041992759,0.007595108299103623,0.01022818104474761,0.00874544162101325,0.006606677246789561,0.006835227510199594,0.12508333149682893
2019-03-13,0.006992949727453013,0.003951499585262752,0.007513190771403888,0.006619086140363439,-0.001884579716368795,0.007860874052679228,0.010345368760364118,0.008935742766085492,0.006915035545900626,0.005562902836300826,0.10696728011764585
2019-03-14,-0.011547098821608426,-0.004064978301131061,-0.001694589126005619,-0.0006394753067526793,-0.007223268524513049,0.008476475945644138,0.010360750176473086,0.0089052289711129,0.006873695127007157,0.006038671936043998,0.1403965611716162
2019-03-15,0.004574769560006908,0.0026563212476191644,0.009280554088537674,0.0049406182974955914,0.006614049133389033,0.006543126849305839,0.00978586470713218,0.009077787001343424,0.006772919777914983,0.005051405196015769,0.23885422293707842
2019-03-18,0.0005692420438265788,0.006396734372259294,0.002381633885125467,0.0036254286160930516,-0.0005746015903257407,0.006428304835535936,0.009800980581898157,0.009047485099979324,0.006634916588392049,0.004772334196924887,0.24475379248200418
2019-03-19,0.002763299214570525,-0.005071818837418807,0.0033623130576208027,0.00024763086285894964,-0.002219030322447857,0.006446735198887853,0.009820826714753459,0.009028728082398223,0.006577050220006791,0.004929584525690923,0.24635885932328075
2019-03-20,0.006484057947534483,-0.008334284478512144,0.003965418982808888,-0.0030093030925916198,0.010460484401725756,0.006578646625736593,0.007857655432087015,0.008528352439917489,0.006241585494246776,0.005698023765157329,0.20503501458415316
2019-03-21,-0.004026413261163153,0.013115395337048863,0.015631826208236443,0.011294676388929004,0.00220057051332212,0.006811404113081115,0.008051609339522339,0.007166547231672911,0.005697204200259306,0.005479569229050187,0.18920005001625698
2019-03-22,0.002344768069306058,-0.03638862323126213,-0.02196410705897056,-0.019246681347615535,0.01553516815032241,0.006024832573644956,0.014785901617850674,0.011388346637153322,0.00921682113020597,0.0070363655679428535,0.11844711373891363
2019-03-25,0.007663119616744263,0.004411378191135462,-0.0019041666195639406,-0.000751629193369574,0.0016017138740433978,0.005985248178634349,0.013495439897900977,0.009944544664737086,0.008158078814415652,0.006771717108882021,0.16236533377640222
2019-03-26,-0.004963137418149799,0.01051380217848319,0.004657217268759339,0.007453860631662312,-0.0007196368628619165,0.006204388996642777,0.014083168652445658,0.00991728827160181,0.00839261830491983,0.006723224018678395,0.11672146244375892
2019-03-27,-0.005229296137734152,-0.0038853881457997508,-0.006422645435387397,-0.0052290412074424975,0.009202168614731665,0.006114570074349332,0.013977266023109496,0.010053880574242915,0.008355831454135603,0.006854841459693969,0.10835172591127137
2019-03-28,-0.014152850613865509,0.008924451770368824,0.0023046983468282267,0.0037906528988416177,0.0034885667007398258,0.006683879023854919,0.014368851706315322,0.010026251535628207,0.008442886245828864,0.005741652422780868,-0.003121776585385605
2019-03-29,0.0009023839948698598,0.0030795802646157444,0.007570919823749689,0.0063051568474215,-0.0009479754915130423,0.006478062304947256,0.014380672045148918,0.009885402417130564,0.008536520316913054,0.005935612441541193,-0.036299212929933856
2019-04-01,-0.003934131206699276,0.010908638044649477,0.013247025107844701,0.011859398664219034,-0.014203605753876358,0.006531355434891923,0.014696220719902472,0.010628429410639425,0.009244773389859875,0.008189260747774362,-0.03283831225169066
2019-04-02,0.0037028271386223555,-0.0025843926039986753,0.0037907121092279894,0.0004896685244608623,0.0018489505371686032,0.006601321281347059,0.014626853986831789,0.010635190948927052,0.009242111488998598,0.008031639764916929,-0.033321449811821856
2019-04-03,-0.0014756542074283452,0.005182500198426476,0.005745923190126456,0.0015735933160625493,-0.00866732101644474,0.00603832454414893,0.014396290728741119,0.010684908170714866,0.009117710012723143,0.008290413013714533,-0.03222384464211666
2019-04-04,0.00254513588527594,0.004898060799165771,-0.000380792359452764,0.002653464498827862,0.0028330558219846758,0.006139966090631664,0.01387373417239303,0.00960449461121557,0.008501703121394569,0.008303552900975694,-0.04163897451591222
2019-04-05,-0.0010645913747292512,0.009364103694997405,0.005171335752771844,0.004840120261693004,0.0012919334395891102,0.00601088151299544,0.005166623722785901,0.005424660831916939,0.0047448008325966275,0.00657424001224307,-0.0524645223026588
2019-04-08,0.004344964459018774,-0.0016521788503620627,0.0025451663744358033,0.0007623730662269512,-0.00354770062028964,0.005513703739514428,0.005592256093410876,0.005117019264177051,0.004623818927474016,0.006599283771522706,-0.03745810996658937
2019-04-09,0.0052240582686200465,-0.012220019868664278,-0.0035109164742033183,-0.005124572461424282,0.0031554805596714086,0.005823903830543664,0.007242084596398014,0.005598341305550801,0.005099957682265616,0.00672635263032751,-0.05212054088517215
2019-04-10,0.003085645543724258,0.013595262173282885,0.0053661752956915,0.0034106088106728993,0.0024202168640046207,0.00573214646089129,0.007704538035971779,0.004531898160307623,0.004384740047962913,0.005927799717308641,-0.039611751172574816
2019-04-11,-0.012790430232882732,-0.0012714078460113187,-0.002372341699130698,-0.00027750647057456224,-0.005873976777965639,0.005364988073553167,0.0076474642569656645,0.004967884247999502,0.004496312611568992,0.0058379223346152415,0.11588781923696892
2019-04-12,-0.0009839698252590567,0.003628188501608731,0.004323714941650403,0.006766258562428407,-0.0071227459654170655,0.005365007452825,0.00765062354657393,0.004790985969127924,0.004540121205346991,0.006018183465287648,0.09689936166599149
2019-04-15,-0.0018879040751599296,-0.003234776358732816,0.00016139638061551942,-0.0006551057851308384,0.0025273425536402883,0.005241593666986098,0.00732334776969254,0.003379505874009546,0.003284619977695277,0.004665039374573605,0.21538355698942727
2019-04-16,-0.008963785785923273,0.002354580001976636,0.0034435078541688036,0.0006555352300523509,-0.006261482939389662,0.005770003740657998,0.007177083678621529,0.003361760547547898,0.0032796810303293775,0.0047959637563595855,0.22689127076738086
2019-04-17,-0.0019085831288392363,-0.009140475591390085,0.003485211097518981,-0.0024468659637079115,0.00040912460373743187,0.005773952511811925,0.007880408836146612,0.003155219979885166,0.003503092167697685,0.004199917416730015,0.2325729107927476
2019-04-18,0.0007482870651696061,-0.0029470955512547192,0.0012826587308225612,0.0019689742539072963,0.005234593720185643,0.005670098055758464,0.007798615906291718,0.003068775752811065,0.0034750379222459175,0.004502294641447684,0.23112006392639417
2019-04-22,0.0,-0.0026340115138940856,0.002827937625065058,0.0008619329924626218,-0.004800655903180462,0.005687472305415602,0.007059785953808441,0.002882642203964355,0.003202312205859576,0.004602374558748668,0.18346500066777685
2019-04-23,-0.002076929420084306,0.015074385623599751,0.012718294235784633,0.00899149938279975,0.00212636403289701,0.005328860823347766,0.008758043374093893,0.004521574603677749,0.004163882479226255,0.004655709663520561,0.2903585412298145
2019-04-24,0.0029137401441747812,0.003109514046104378,-0.003152859262763319,-0.002218728363056699,0.008157861287088064,0.005024397656220192,0.007581743783248472,0.004467380859447633,0.003736225006706591,0.005347497763921203,0.3141183271998791
2019-04-25,0.0008300695036758121,-0.008287765395456392,0.0040589569635949285,-0.0006163455011332086,-0.0014561526076818376,0.004807367490533373,0.006947673338673825,0.00440287964204767,0.0037490387040200815,0.005266813531453774,0.24180938104469174
2019-04-26,0.006635175033447016,0.009696858291103005,0.0008926699928037962,0.0046568724133453365,0.003403529735076516,0.0040055415432298964,0.007616940377974091,0.00409723300556288,0.0038414930235419233,0.0050687107305316115,0.18545492704965477
2019-04-29,-0.004449212353194509,0.0048017090061687195,0.0019404800512214937,0.0015677887829397275,-0.006380720881208557,0.004200167591111171,0.007674826557036034,0.004081231030707344,0.003423188998985906,0.0049533642386155995,0.22817391741491816
2019-04-30,0.0030621129817147708,-0.004653351529605443,-0.007747802799177195,0.0005104302343428291,0.005121132078991009,0.0043488483378513725,0.007771815283909572,0.005243046233262801,0.0033695332831546027,0.005147304504785347,0.1830016905570302
2019-05-01,-0.0066006224629272525,-0.009475896237501336,-0.003218413282000898,-0.00751678473628703,0.004125194171618718,0.0038642144772716314,0.008375300785891129,0.005454676396662312,0.00440135467198711,0.004642063351991232,0.2199535217521457
2019-05-02,-0.0038205903541769226,0.004655859529063777,-0.004340042119162724,-0.0021588723164739365,-0.004761981592167452,0.004009080364679896,0.007907109784702885,0.005664992774491816,0.004380270046234925,0.005058102271788608,0.2485518414781464
2019-05-03,0.005919618726200282,0.019108734095174995,0.0159480706727968,0.009787655333303835,0.0028387168466346147,0.004463614491078748,0.009599262998650767,0.007487649640723849,0.005260265120695997,0.00489334269824779,0.3936950349553524
2019-05-06,0.001326117121353887,0.00112125256417972,-0.006122051811765061,-0.004114902918627594,0.0027494856195759976,0.004475331605367572,0.009420082328669583,0.007900252746193662,0.005543237344978761,0.004492861431781223,0.3755206793966145
2019-05-07,0.003310996887363693,-0.019787228467579965,-0.019480098364066056,-0.01669994692184673,0.007661226765028228,0.004471810707266968,0.010987325352098884,0.009107151137153147,0.007104425133261212,0.004889386887255566,0.2813837630448653
2019-05-08,-0.0024750055657883907,-0.00488804157876821,-0.0025234892134896603,-0.00138903317768857,-0.004322140158233623,0.004528217518548302,0.011029168421527964,0.009101409328078014,0.007102282673507438,0.004775748806376347,0.2869810000691272
2019-05-09,0.002398422606480155,-0.0036359717536392777,-0.0053829003356195,-0.0030256101391328283,0.004099586725431648,0.00457271521429557,0.010771997676292644,0.008883328124415966,0.007106171403940578,0.004794596369856899,0.29672415888906223
2019-05-10,0.001897717514232511,0.002753170290768381,0.0012448148485224575,0.005023400191751515,-0.0013608040993460246,0.004089923972573011,0.010267579630983112,0.008901168492132702,0.007144238043891642,0.004815948829074835,0.24515712530035824
2019-05-13,0.010211626950944463,-0.031860754389955726,-0.034702542456101826,-0.025130303545467747,0.007855243547148172,0.004851862016692661,0.01387693195788462,0.013173135989661149,0.010115767197142977,0.004492574670913684,0.08244021752721051
2019-05-14,-0.001711902564663248,0.012596207820481986,0.010975141187725912,0.009043224226277236,-0.002942640799873275,0.004918017500639871,0.014912186585148857,0.014280957910612737,0.01091127977740589,0.004670177015700035,0.0485209308710402
2019-05-15,-0.0005716127335255727,0.003256673043026792,0.014124361678104824,0.005857469045629449,0.006142500087342961,0.004192551220672203,0.014835621634139004,0.015490794801349147,0.011196250873027431,0.004832404228796906,0.05669838415213981
2019-05-16,-0.007190107507202059,0.006232179186613784,0.0100496366018763,0.009261244057586104,-0.003329895279973183,0.004775775705375273,0.01491842339032129,0.016014639673056337,0.01177739758622419,0.004633597109606809,0.012904437069059494
2019-05-17,-0.007077611679961793,-0.013935286900417454,-0.010219949365226078,-0.006464818519670734,0.0022270819848215773,0.005137273426232007,0.013429131098993815,0.014932424350965088,0.011209779905204525,0.004624430861799675,-0.036511150781640744
2019-05-20,-8.290208125960596e-05,-0.006935621401414238,-0.016881383466058275,-0.006612121106416624,-0.002063754470987167,0.005116502607844362,0.013274219885863551,0.01546416204366331,0.01127086873286882,0.004771781846812871,-0.020711796146553513
2019-05-21,-0.002320944800343727,0.013440438276538513,0.010447308229598162,0.009015934477882404,-0.0015902416229194305,0.005004510533951981,0.013490974124886363,0.015305706048964347,0.010721514406190732,0.0042953020028396035,0.0034246063279920304
2019-05-22,-0.0009970317877491253,-0.008386341203481473,-0.00445470080987409,-0.0030718874331022716,0.005735551800025496,0.004967699129753086,0.013610434365452336,0.01532119869876495,0.010751195643415038,0.0042250869972241395,-0.018550237711194274
2019-05-23,0.007734533613593886,-0.02058590674377081,-0.015302542222871529,-0.012218505760790421,0.011247777207672671,0.005569119319548534,0.014754560885043512,0.01584228719089229,0.011356636791704696,0.005208315442039507,-0.038298925013880734
2019-05-24,0.0010729131367257505,0.009371350977152915,-0.0005046899607537014,0.0022683839899690916,0.0008615412471146833,0.005543762621325489,0.015248369904612955,0.015793997211525582,0.011212505179728969,0.0050858453421889875,-0.03670300958244112
2019-05-28,-0.0038747008151563955,-0.007958291970936116,-0.0037605897898019824,-0.009300534879626454,0.007199783594759035,0.004279987467930666,0.011830586125347717,0.01147400402948544,0.008290167686990974,0.005011613743643995,0.04464175342593476
2019-05-29,0.00033105118696652447,-0.00835616840675002,-0.008225938710626934,-0.006710586277506425,0.0030304115018102706,0.0043174455866970335,0.010918126631845378,0.010923942474430064,0.007817188761269354,0.004654082053734742,0.05519039504468459
2019-05-30,0.0067841455794739325,-0.0027637464505991804,0.004203922047353981,0.0027313609897225977,0.008598563703329676,0.0050237267251972625,0.010674427352620988,0.009622098604973754,0.007534442932172079,0.004899825226453213,0.089806420179962
2019-05-31,0.013476862164072179,-0.013992971797983311,-0.015952966872939234,-0.013475583009450065,0.01251916415797183,0.006124528626704851,0.010436276780571014,0.00906126669648725,0.007142038833815447,0.005114535614737552,0.08913315689382854
2019-06-03,0.014432812396575123,0.0034963429396286383,-0.02201791640903561,-0.0025425733424263575,0.006688830198776419,0.006538788446000286,0.010421270683755588,0.010340148881593382,0.007122732197370515,0.005061754651661486,0.006728654717160032
2019-06-04,0.0003197259638094696,0.025893407390870538,0.028156365621478052,0.021706497981888617,-0.01140150877149737,0.006514404351023957,0.014032446834532614,0.014605252119281237,0.01069751348179722,0.007032827358679189,-0.08039345804204012
2019-06-05,0.00255692921232642,0.00019994658522470843,0.007432756926267103,0.008662051508812052,-0.005651948251987116,0.006188271041704604,0.013114823370873004,0.014331335344751794,0.010660632979359133,0.007511125576054432,-0.06625163279031589
2019-06-06,0.003267681746441209,-0.0025969094503617285,0.007944826391832915,0.006502518413405545,0.0032262713211992367,0.005933262270553656,0.012943361951924689,0.014726544370360275,0.01090059454833099,0.007484219265283747,-0.07547645451887267
2019-06-07,0.0056402851919619135,0.007075707659303543,0.01931202537196164,0.010007626480351028,0.008652162596311186,0.005847064018039074,0.011319674734262205,0.01525926847196971,0.010442612670602891,0.007231486033258581,-0.01000716069936014
2019-06-10,-0.00995334973762696,0.005899685240225994,0.011655048491516107,0.004588749232378397,-0.009412811280120281,0.007382424370165984,0.011086495563050263,0.015549442074134293,0.010475339387491022,0.008281498781884744,0.013818344491639855
2019-06-11,-0.0011968524989021123,-0.002965043405547929,0.0013648239388399652,-0.0002419989674244949,0.0006130083115365448,0.007137848324297958,0.010761400075150116,0.015390081443179722,0.009734148557412437,0.008112677903544585,0.0041328775757339285
2019-06-12,0.00519253494403471,0.0011230324879525355,-0.005779877933845046,-0.0017657608203278663,0.0007654784563264627,0.007058154599345237,0.01023163773411656,0.01520330009521131,0.009294802503769541,0.008102590678481361,-0.024627412078074305
2019-06-13,0.006119340633088832,0.010563642349661118,0.005923484841352966,0.004126578945862214,0.0034442734582147416,0.007032646897293986,0.010389140781551745,0.015220203910530247,0.009290497099363694,0.0077544717156979295,-0.017417236369760968
2019-06-14,-0.00031596300165459557,-0.008754410564082105,-0.0042530875200507134,-0.0011051969265265527,0.002516181155361785,0.006276217924387043,0.009505250616976782,0.013927530731966837,0.007365091148457539,0.006663946843924949,0.07583339496659663
2019-06-17,-0.0006320654488249922,0.006898294678706618,0.006023232430650616,0.0003803354241689316,0.0017493736199478693,0.004742762910223958,0.009546268439367206,0.010218177916340025,0.0070854593937631745,0.006280485138465709,0.17877029273699066
2019-06-18,0.005060083591572395,0.011626270407610217,0.014531039593627115,0.010470730021094443,0.0050119985815162416,0.004890718859268994,0.006567492823056186,0.007827729575990858,0.004672153744524629,0.005177291523717669,0.37658145306827157
2019-06-19,0.006057242183997058,0.003571187217011884,0.0037553926642286406,0.00225739199395969,0.001435938067068987,0.005090090951392658,0.006499264850112179,0.007860934892046449,0.004418942849014001,0.004605085260819824,0.41203782825877794
2019-06-20,0.025177896911959374,0.004723012175916308,0.009299245810803214,0.00955452009812463,0.002640340797719354,0.008969815906707685,0.0061722946246853825,0.007908776542958126,0.004741299001714872,0.004588622442665684,0.42624299916271147
2019-06-21,0.006635612181659978,-0.00862884365728922,-0.0014822772262395034,-0.0014539302227348783,-0.01098684691325158,0.008994112077280606,0.007207171738396562,0.006717217554039402,0.004458168767869815,0.005428190801341824,0.4143745528826286
2019-06-24,0.014850786310930397,-0.012146789073523623,3.160794416379176e-05,-0.0012242426730153522,0.007456597531260822,0.008020301692447877,0.008396353556429122,0.006255111651887708,0.0045596222315163705,0.00484458224940366,0.4219791329381847
2019-06-25,0.0019411266395166216,-0.006115321969338949,-0.01716644832588965,-0.009808229455671613,0.003096640989960875,0.007733486396545025,0.008601607661695522,0.00894200712776034,0.005909296605054498,0.004859711129871983,0.38488354482370013
2019-06-26,-0.009165393111099984,-0.0023153757277492026,0.004650534568353404,-0.0009970408133030961,-0.006400008520418443,0.009285280861640152,0.00863309656947891,0.00865560290211441,0.005872133170467836,0.005500906848940161,0.3971640235559116
2019-06-27,-0.000977700846950591,0.018766363642239714,0.0038216688821950395,0.003545981838008583,0.007047275328846858,0.00950743841895524,0.01003094872655582,0.00857846112044044,0.0058430007435138764,0.0057894758808100435,0.3607993658383709
2019-06-28,0.0027100317696175935,0.012172413926593961,0.0012868405186818865,0.005145620070505785,-0.0006769246808880913,0.009371466349793967,0.010007793113818771,0.008310118805593571,0.005907502721967473,0.005806454573308726,0.33645698087996606
2019-07-01,-0.019369383559800002,0.003858557862538081,0.013494587617111975,0.009078552804247852,-0.002338921431944807,0.012127422049527894,0.009917094893923355,0.008973916917676603,0.006304385224019661,0.005894024953542963,0.263251964922045
2019-07-02,0.021359735486276676,-0.006085997496217299,0.0039629319680059005,0.002604128577828213,0.007712733212878353,0.01341813609427784,0.009695410792908343,0.008071014052620486,0.00568102609369924,0.0061724935209653345,0.20511512353547787
2019-07-03,0.001649060899963084,0.007154100715793366,0.007525831861992405,0.007995083915077306,0.007129066723315924,0.01344907057891131,0.009874569972361065,0.008239848156486415,0.006004977829281623,0.006482326054896544,0.22191204000402248
2019-07-05,-0.011150231525253074,0.0026880344880375606,-0.002036979938038197,-0.0011374870589671016,-0.013262771182806166,0.012073437051873552,0.00981326332310868,0.007982771864971911,0.005531469867967348,0.007947851911020097,0.18580319621092195
2019-07-08,-0.006432617734537516,-0.009509796964553674,-0.007014195490504305,-0.005495110895662125,0.001359753430648869,0.012084671381055071,0.00991211268133381,0.008386831363839121,0.005896662240481651,0.006971607428329563,0.2137404750029091
2019-07-09,0.0035037454291328984,0.001353017484477581,0.005007768210151697,0.0012466056592599362,-0.0003771319368713888,0.010968662886134626,0.00880311251916942,0.008479618741240558,0.005846018065426327,0.006610278590255039,0.25934271864795777
2019-07-10,0.015787490178783115,0.001737623063472471,0.009965298130886868,0.0047780820038887395,-0.005507206818299637,0.01226208158593298,0.008316041092062071,0.005818649804806089,0.004439835756669094,0.006768065580647745,0.2737707395313908
2019-07-11,-0.008443584154164463,-0.004881950547354297,-0.000726820619765145,0.00234411432084225,-0.013350284550049274,0.01220549246744319,0.008534434234846677,0.006004189590342344,0.004254525831589301,0.007726669671510752,0.2985261449856893
2019-07-12,0.006254723814186791,0.0077461874008930565,0.00576835363894701,0.00447701199824424,0.0011533506136462979,0.01236335763232165,0.006759987438242391,0.0060461550687903945,0.004277668615077454,0.007234546803338983,0.32182164007704595
2019-07-15,0.0,-0.005252867186919641,0.0032036978187319765,0.0003327127675289976,0.0057592756495326025,0.01234132996366758,0.005933968849090638,0.005990454456485324,0.004293123446367047,0.007622996691247089,0.3179869290482675
2019-07-16,-0.008462554430785363,-0.0003217066110177136,-0.0051507978847886715,-0.0032253710313596695,-0.0029776492153568146,0.010793161116970238,0.0057675139516411705,0.00556403948254149,0.003989615553559708,0.007636522625105867,0.44573796326654797
2019-07-17,0.01646531748539748,-0.007150272245631362,-0.004918334027964599,-0.006805070121653989,0.010797738237219967,0.009858287764052747,0.005889802570559601,0.005922148044484254,0.004715485822976515,0.008087219942700766,0.3425707243184265
2019-07-18,0.014117951186161548,0.0037632688454181107,0.0011448753769114361,0.0036609333511072872,7.604126826143975e-05,0.01071266669157836,0.005473912329175486,0.005488186212072927,0.00410466859202123,0.007599351118048976,0.2929404937626948
2019-07-19,-0.014727392803034478,-0.005752947351054694,-0.007327971800771715,-0.0055547179598322005,-0.0023484612412707495,0.011252762634241012,0.005495724881426922,0.005994257497145898,0.004464681382514061,0.006438572069421546,0.34275132316629187
2019-07-22,-0.00014876383044060137,-0.0009100096768407395,0.007957780795000868,0.002456432890797222,0.0018982832981995212,0.010911847435141982,0.00478708725592539,0.005918291289616135,0.00415878894889421,0.00645846234975526,0.31318726206615366
2019-07-23,-0.005652618252780628,0.006636984775032051,0.006544546175825561,0.007149927931328071,-0.005457358781298494,0.011192723657762093,0.005332203517776566,0.006038448945354779,0.004682842447241536,0.006645892687876717,0.26532824005818945
2019-07-24,0.005086339018351538,0.016548206101200558,0.007017727345747682,0.004699558736216192,0.004343716987181834,0.010138920697490365,0.00758486011930245,0.005646454904578061,0.0046757919588379035,0.006632924454536685,0.32554756551541547
2019-07-25,-0.007070008058076338,-0.01208210803586085,-0.009479785678226715,-0.004776994981464111,-0.004780497405487916,0.01001359261856133,0.008496684117462662,0.0066019741853580475,0.004973281698778449,0.005092703665417321,0.39836815815875676
2019-07-26,0.001648937368628589,0.011843869050391476,0.01029479631967134,0.006700071111643391,0.0023641934303948453,0.009828106924802614,0.008979573708959163,0.007138513469762217,0.005226868764333641,0.005115156491445567,0.40268675514107616
2019-07-29,0.006659678193005059,-0.0066795320092392085,-0.0034307114206975076,-0.0018212354409664622,0.0003037159355594454,0.010041949977084762,0.009095811123921592,0.007211503676941818,0.005277009303274762,0.004830308519694957,0.4050290497391663
2019-07-30,0.003344956160896251,0.01082308286732614,-0.004316067920824729,-0.0024549473187676085,0.002433531730192673,0.009513167861792007,0.009638335665036916,0.007146384881759916,0.00522603698043801,0.004708712740542488,0.3483993523696942
2019-07-31,-0.013112972808538625,-0.008109918259216586,-0.013830022656793006,-0.010940292398078033,0.008040981138510483,0.009095431699071501,0.009740525289087504,0.008333265353479722,0.005964388232027612,0.004111826425922693,0.4015599837767027
2019-08-01,0.02402219643390402,-0.014498757642789295,-0.0049715909680315695,-0.008708004753038012,0.019860273018227348,0.011215073907583304,0.01093077239654234,0.008419676042008422,0.006369311261122284,0.007304847610911942,0.24912341034372934
2019-08-02,-0.0038120684590625675,-0.01108300777506599,-0.01472473881893499,-0.007529295500432132,0.009241578240799297,0.010097372380756755,0.011352467471579253,0.009301089464604822,0.006543240164179894,0.007340235034552354,0.18984511410663424
2019-08-05,0.013981852270352535,-0.030017105114708675,-0.0353354395839508,-0.03007335761594332,0.017287947167762496,0.010863417925150018,0.014650206870944722,0.013385112497963082,0.010948506728950525,0.008424638848823584,0.08548263436227077
2019-08-06,0.008128386897085838,0.009189046370075005,0.013999063002671841,0.014023036293027591,0.0079929443604152,0.010583431421066538,0.0148701235928491,0.014348122846515276,0.0119502337454259,0.007531375082488104,0.16961962314634066
2019-08-07,0.015189695160357397,-0.00026778242307590183,0.005401838603402265,0.0005906561023358847,0.00035721139210109776,0.011176220610455753,0.013222306776289012,0.014200098916728318,0.011682141661025243,0.0077721342688940745,0.16224323381091849
2019-08-08,0.005034686098196239,0.021564195213343407,0.02176411617524665,0.019620068310827854,0.0021426320303943314,0.01036180318442506,0.015353950089950852,0.01651047782018179,0.013945864332770373,0.00693803437656873,0.09854737814145348
2019-08-09,-0.0033161732510501585,-0.012586792158779114,-0.009401652881422806,-0.006811520605586208,-0.001995291112973363,0.010712270050250933,0.014891987025546385,0.01597883284286379,0.013654401330576419,0.0073844637433174345,0.16685734637172614
2019-08-12,0.009698502260031328,-0.012946532868131522,-0.011475204903743319,-0.012173247524347341,0.020849719907285014,0.01078812541003948,0.015139300022070038,0.016121743964578727,0.013910539049673478,0.008255265450570207,0.15530253331058047
2019-08-13,-0.005959518154781018,0.010762344993762829,0.021914893196037566,0.015551311741549334,-0.0034274089232033678,0.0114173914209597,0.015132349262727433,0.018286281919961154,0.01529350760438565,0.008924316290931421,0.11088257653326603
2019-08-14,0.0068415942238304606,-0.027949629760578465,-0.02988504489230348,-0.02956710975583765,0.02252923446943078,0.009482644880764828,0.016820962156152853,0.019999893435218914,0.01740470004356767,0.010032618681146077,0.05835843839515956
2019-08-15,0.0066549698650941735,-0.003970582380734333,-0.0011489085238859387,0.0026417435389278765,0.011119525381424245,0.007369787490891534,0.016612591968693004,0.020021543534766387,0.017470303719335594,0.009388212148572517,0.04572815530454218
2019-08-16,-0.006402214255277094,0.0215820533279949,0.01605031335515239,0.014755162310671643,-0.008010306717681104,0.007758693705656427,0.018542548793071004,0.020529704999454477,0.0182835359908729,0.010746126520779059,-0.011255193579032485
2019-08-19,-0.011696303286335752,0.010092105636100301,0.015904760569285914,0.012047893548023492,-0.014302243935243375,0.008648512142971966,0.016097096514646518,0.017056132026213318,0.01552172304947009,0.011926502406748498,0.03431389750605366
2019-08-20,0.007795380191040424,-0.00652762560039688,-0.007748260195298506,-0.007662858095619729,0.01034405262122906,0.008624687085439462,0.016035173235153667,0.01707024373436592,0.015334844023433094,0.012042582065335802,-0.008886970097367986
2019-08-21,-0.003164420123660472,0.008246816561996662,0.00887828052974493,0.008135496543552279,-0.006665347590609105,0.007472773545280243,0.016245519743365765,0.017179158414611515,0.015502663381779545,0.01247312820386088,-0.021662957781614013
2019-08-22,-0.0025395077899371676,-0.0023273403997620123,-0.0032337000272824046,-0.00030776870098914166,-0.006640968693700788,0.00735040787145442,0.014522292555391742,0.015827746183447622,0.014159166676126688,0.012863595218226467,-0.07911412693692625
2019-08-23,0.019589847185487175,-0.03066064121707035,-0.03164557869566531,-0.025687736566117447,0.016435025812954862,0.009522587935000241,0.016965889216160743,0.018611786404577103,0.016225386117230706,0.013472927995628055,-0.1333553590070935
2019-08-26,0.00013875475282665306,0.011001545375936228,0.015104080197385628,0.011058721020137385,-0.004042104220941978,0.009145370135616927,0.017153063295785365,0.019039164917547025,0.01630598078592815,0.012308932280435067,-0.1326157382905693
2019-08-27,0.00957073902105865,-0.014826599405857399,-0.0021101992161234318,-0.003923487569337247,0.015408851924063827,0.0091270946914835,0.017116157004067375,0.017477017096468615,0.01539244704860552,0.012860237283297294,-0.12297445904981208
2019-08-28,-0.002816539407023644,0.011666838505060673,0.0035786382033493602,0.007041086618862158,0.0012871897391470988,0.009148638542552582,0.015328480119233344,0.014489342946978002,0.012061034060801633,0.01101074515847547,-0.12519150400385812
2019-08-29,-0.007164566813753437,0.017538230722974113,0.015289907780041911,0.012773438673975956,-0.003789199391454723,0.009360498582198581,0.016130802289487746,0.015092665715431285,0.012554151548313535,0.010562744637259511,-0.13546680787052548
2019-08-30,-0.0025672712303844714,-0.0018109218140461847,-0.002394477738353218,-0.0004444335980801073,0.0002716909556785829,0.00912969896978176,0.014701608728936905,0.014434208783560847,0.011849318707456691,0.010182514946636065,-0.12603431784545155
2019-09-03,0.013913043478260834,-0.014646518181752555,-0.009708674622863178,-0.0058471468179353,0.0012927112464284907,0.00884902115740511,0.014938922387577675,0.01378547101788204,0.011388625217143627,0.008692524629408217,-0.1233212651031919
2019-09-04,0.006243592878966586,0.008045857116337318,0.014435843405836923,0.011350417550964886,0.0014941399945782585,0.008774243718878022,0.015182454554752747,0.014420543001496982,0.011641725296823537,0.008231016838854912,-0.09045780564316261
2019-09-05,-0.024001119491110168,0.01860113767981919,0.01831927349758722,0.012855474469863681,-0.01810945568156297,0.012227227631275359,0.01618617295341974,0.015289630109989379,0.012033567900949867,0.010080932656308009,-0.07876546980443114
2019-09-06,-0.008523132778435305,-0.004582038588648252,-0.000990676805088797,0.0007717003002383205,0.007114928837631984,0.012563468164611274,0.016241798245853395,0.01522448837290598,0.01201652323570418,0.009957120145461653,-0.09101645666700342
2019-09-09,-0.0037344897557421985,0.013409219353536006,-0.0020880303669561506,0.0005035353195665948,-0.017765775578400755,0.010629080433573834,0.012546800716808764,0.009911317752521884,0.007202422932199653,0.010217699426031235,-0.013657297259552665
2019-09-10,-0.008557937047107611,0.012770467624796167,-0.0028766862167411977,-0.0002347224940478787,-0.017527429640035286,0.010798699290092063,0.012661538120141948,0.009485061727258055,0.006960954527480776,0.011386584077134113,-0.0039337428408807275
2019-09-11,0.006063676329913781,0.020474285347352295,0.00938901366275191,0.007111130201158833,-0.001777430459114715,0.01040331633818128,0.011506742814085725,0.009474138198402083,0.006516559895861038,0.009421327448699725,0.08969929631305057
2019-09-12,0.002056360685188219,0.0002548567735447538,0.004157916260155048,0.0034637501973369123,-0.006550741895466339,0.010532147464988146,0.011683376814294474,0.009471039097438065,0.0064649214959909855,0.009186287268551929,0.08164555755724484
2019-09-13,-0.008279177519783909,0.0017193715120633613,-0.0035710261172424707,-0.0006639006919387791,-0.02135875713242963,0.010591233919458395,0.011157914032281235,0.008912655474595684,0.005860119918157782,0.010413546094260014,0.12410209310830633
2019-09-16,0.008348294532203537,0.0037506263033437737,-0.0044668894935968595,-0.003088793889614583,0.012743578932632449,0.011158176049554307,0.010892704889624752,0.009061121116353259,0.00608257281856514,0.012039878200923079,0.09583819665117543
2019-09-17,0.0019813102518067005,-0.002596397916394877,0.0048000931954110815,0.0025316950485141376,0.005423399703586629,0.009873392811649083,0.008828278924687615,0.008035252373952455,0.0053149476514934265,0.012385471618311009,0.13304994887085347
2019-09-18,-0.006285306153149484,-0.006159209847099167,-0.000415333821677244,0.0005984349122383215,0.004244005476830681,0.009374963966633735,0.009767221935343894,0.007157223798391254,0.004577820738674142,0.0125900889176537,0.057310748815773825
2019-09-19,0.004050828215713009,-0.004855438250218391,0.0016620255821455654,-6.657670276322136e-05,0.003007753994447304,0.0065176309329384305,0.00913818462470736,0.004404581966562806,0.0027544923249568022,0.01196901869474605,0.26291743385422484
2019-09-20,0.011820485442912032,-0.0021187224917941228,-0.010578737094537827,-0.004724477129324334,0.013210630905392318,0.007152410972554376,0.008929369898157336,0.0056477885004888526,0.003316623819147644,0.012688823931775076,0.13815437028657898
2019-09-23,0.005596383832365381,-0.000772080366508554,0.00044127864581233744,-0.0002349232416275493,-0.00021128455225249976,0.007111416568667178,0.00831482675439652,0.005620300033370583,0.003325808641300065,0.011523777229237938,0.15128230644463328
2019-09-24,0.005286918308423871,-0.015094005658709775,-0.013281040217157258,-0.007846713490783808,0.012054281288130575,0.006184126486165759,0.009034125575834868,0.006980456617310426,0.004248046785167423,0.010529355213932187,0.14986031912508435
2019-09-25,-0.018545379403875573,0.01095582623218494,0.011225201033107535,0.005914717988231288,-0.014627147899585524,0.009077422104699952,0.006799009767665148,0.007306099440470349,0.004027501223017115,0.011763908838136682,-0.046091715562003865
2019-09-26,-0.0002820880237280887,-0.01116154102957867,-0.003682767878710247,-0.0020832331293825224,0.006432430954518953,0.00906593718747433,0.007404690145914401,0.007108803129354362,0.0038105866795652473,0.011578272128897114,-0.0463002910072739
2019-09-27,-0.005148429100112373,-0.008006031884112419,-0.01240860381122777,-0.005387087438241012,0.002458423780662189,0.008783762947389667,0.0074081775793213645,0.0078644497836262,0.004053879853941477,0.008164851461590109,-0.03605238822641058
2019-09-30,-0.015525325955691782,0.0011908027855680459,0.00951704123537822,0.0046377527327858825,0.0024517630527545187,0.009668477994407246,0.007166011605047513,0.008707593208845886,0.00442387369462912,0.007638255106137956,-0.07664025252556578
2019-10-01,0.005472814807717441,-0.019624550268003582,-0.008156435370673454,-0.011894754974119182,0.0030106396393030366,0.009877183039014952,0.00869250538845674,0.00866753458446543,0.00548920334784509,0.0076068402009287,-0.07501796811550479
2019-10-02,0.011673634369571584,-0.007548792702456453,-0.017194473306426983,-0.017664677676926144,0.002443074559637548,0.010494688717907858,0.008714148818701395,0.009759838452729024,0.007245599615498218,0.007600775974322734,-0.08101465890678669
2019-10-03,0.004530648552570016,0.003327507428280585,0.010975234948351176,0.008192467618879151,0.009122436694313008,0.010514110831051521,0.009174666629733007,0.010777503119389742,0.008149832788512805,0.007841551915267225,0.011164812227461757
2019-10-04,0.0,0.009475952208396032,0.014725824009722777,0.013532207384312489,0.007382895883368157,0.009734009520359457,0.010234556176689766,0.011804117151695484,0.009653846242015186,0.007244627561468992,0.0850084556558815
2019-10-07,-0.008527071931805796,-0.0017431741134228407,-0.0030187411416897625,-0.0043146652821406395,-0.008288150832692964,0.009744497223864706,0.010207989875566197,0.011814920385909653,0.009690747948945144,0.008053874552052885,0.10294248936370427
2019-10-08,0.00874259511120079,-0.016254800109337664,-0.014981001329806065,-0.015524551336299375,0.0026936332119398276,0.010090934307618019,0.010355928626279704,0.012019636654010549,0.010502743851553758,0.0072952316772863035,0.12292353847363532
2019-10-09,0.0009160434363713055,0.004574585881280013,0.009761433094944039,0.00949624333272081,-0.00564856998910912,0.008192229552888033,0.009497146485402256,0.01185798250330914,0.010874516184089826,0.005430235211256243,0.18990140696806754
2019-10-10,-0.008729359144837523,0.004010074249983786,0.007744694980728939,0.006763656709595667,-0.014894002543470064,0.008667502399619654,0.009540126494136348,0.012165152801856254,0.011230175251979294,0.0074120525883249,0.1421669432056461
2019-10-11,-0.005539370732339566,0.01692395476246733,0.012878920631144597,0.010366809641187524,-0.012377316300340113,0.008690849555737444,0.011214390900876281,0.011996367067641804,0.011676221077918296,0.008311727211143824,0.08144437917669775
2019-10-14,0.003999125640758994,-0.0036611747584093246,-0.0001049293089506742,-0.00111362011003302,0.007263236169957388,0.007022913454028961,0.01123483897738007,0.011729434416333744,0.011583325494159347,0.008690758364383537,0.08547029050794037
2019-10-15,-0.006970593591764218,0.011492012567298815,0.012716828691925919,0.009900372770586863,-0.012088049478123586,0.007289651580336149,0.009727313429116095,0.011724189611298124,0.01118535571817279,0.00922534973477011,0.07234491716509812
2019-10-16,0.0057302703836425994,0.0010568711741567594,-0.0024804805993522416,-0.0016058821014146574,0.0012163438851346964,0.006423868527936485,0.009146121815375904,0.009587998307339604,0.008991963771111718,0.009161149250340181,0.13027915963361442
2019-10-17,0.0014243781997433924,0.011811120702962086,0.0026419361178322553,0.002948666323667526,-0.0024300540115639313,0.006220923941035554,0.009571657374897386,0.009353013191114338,0.0088440847449664,0.008202241707238309,0.080047751453724
2019-10-18,-0.0010667370445437419,-0.004760447222872055,-0.009609975010139826,-0.004377049268061262,0.0,0.0062130049829013075,0.009686481131662554,0.00941460142675716,0.008279753970140276,0.007383529389576287,-0.009590469593908423
2019-10-21,-0.004770136663166058,0.009370320988293601,0.008868474764355039,0.00677921269887638,-0.007522520036151725,0.005807792744652887,0.009802178962833075,0.009522796150871801,0.008193489994428418,0.007343228321820837,-0.07874146371216283
2019-10-22,0.002932997222985456,0.0011033469759058612,-0.007963188025059686,-0.0032663966359429697,0.005847260944471966,0.005001004965923561,0.007083819416037907,0.00824420202619035,0.005782054830797628,0.007737822344475198,-0.07866017235563309
2019-10-23,0.0023537934253772264,0.0012320508731002988,0.0019286313985118486,0.0029092835830588637,0.0010046955986788841,0.005088731041161424,0.00719419260629835,0.007944071109877715,0.0053967043618622194,0.007871261717368768,-0.08830179339849725
2019-10-24,0.007115918371069618,-0.0014249083229722626,0.009728506396127434,0.0016340198367894576,-0.0020076325139415374,0.0048999871065061075,0.007465533309265586,0.008108172854164236,0.005233187574766412,0.006755911724038102,-0.11305296560880791
2019-10-25,0.0023316740895991117,0.005318571328660537,0.007985922621879915,0.004094771179387502,-0.004885182404368638,0.0044277475323565765,0.006056628200665621,0.00756592504732617,0.00449894630485298,0.005844682277626791,-0.08537883201194747
2019-10-28,-0.008600036764796815,0.008645187575621716,0.009865050682343002,0.005636723628391405,-0.009095986113236365,0.0052862443993612306,0.005761096420676842,0.007854765519201114,0.004521180507721617,0.0054381312100950235,-0.09101137946806677
2019-10-29,-0.0027730332148816483,0.0032620829166531973,-0.007744081067997288,-0.0002968249630453945,0.0006557288472037737,0.004812411699242795,0.0051927359646403515,0.007813776457122237,0.0037404972070409406,0.004479480077898958,-0.04996530228114528
2019-10-30,0.005490226541611021,-0.0033152904508048087,0.004845763265237668,0.003067404994963052,0.014634271647447017,0.0047837598093667735,0.005595487870988861,0.007760909299604578,0.0036064160630289444,0.0068432792011684455,0.023070896452433702
2019-10-31,0.009998499224238566,-0.005629161912514502,0.00045716379278837316,-0.0026636072887477047,0.013490077971893832,0.005666045252133464,0.005297042064357273,0.007773283226338605,0.003855427454163766,0.00805745796909756,-0.014678600163713262
2019-11-01,0.000912763389017579,0.017047157412712455,0.009082640974398037,0.009264029233383875,-0.003078241304294904,0.005608407110484225,0.006771819174064217,0.006915112108575736,0.004013254484289459,0.008166964411901866,-0.04795040243408264
2019-11-04,-0.002876007780098777,0.005376421341996673,0.006184833346226215,0.004017922005248531,-0.013161897423673574,0.005401305492381852,0.0065035863772165865,0.006742399092773187,0.003791481250634926,0.008968832023901344,-0.022080846569501135
2019-11-05,-0.016180006273117664,0.001258488531555857,0.0005496406849587743,-0.0011062251927100863,-0.011246201060733041,0.007773014728328027,0.006498313965762533,0.005580353675919255,0.0034789085547928277,0.00942020051769236,0.11902590544509355
2019-11-06,0.004290245395359271,-0.0057806744823625245,-0.002247632641709907,0.00022790218268786688,0.006051726317872097,0.007867873413789287,0.007083571552465637,0.0059223707833545546,0.003559594641692552,0.009692766298912936,0.1046405470715337
2019-11-07,-0.015521486102876958,0.0026540082193207137,0.0033541652768227515,0.003516630189256853,-0.01811851014397592,0.008786694787283316,0.006950183474968786,0.005553387367661136,0.0035650897841013962,0.011135483348366367,0.140585170753659
2019-11-08,-0.006364394703267995,0.002710592051953009,0.003991264450013521,0.0024661701483079668,-0.004207126051035459,0.008708140938728999,0.00689739529034135,0.00531196483084554,0.003524967046493382,0.011121234850644967,0.13096138640325064
2019-11-11,-0.002401934875323586,-0.0018860346610224399,-0.0013416494942662949,-0.0019096932512686626,0.0006669879397391831,0.008496098975712912,0.0066761435843097445,0.004823454564552372,0.003565687791162062,0.010895075873276093,0.15701934284861677
2019-11-12,0.0026995120660886496,0.00031508860739548616,0.0028862400688280943,0.002108025712719286,0.004592393924931493,0.008654376481378007,0.006658159554057981,0.003496453435215451,0.00349965447786359,0.011048899969102308,0.19966702998703045
2019-11-13,0.004002059820052306,-0.004281326230611837,0.00024800159638260766,0.0003234217611982615,0.006488947701450698,0.0085231577859489,0.006738682569590424,0.003496376355879886,0.0035054207921993816,0.010017260657612303,0.16417441406635042
2019-11-14,0.004203521155341949,-0.00031634372854028037,-0.0007938323053396923,0.0014560608695624033,0.01032949283867346,0.007769524932291004,0.006339967990062219,0.0035913829329463063,0.0031716708737160666,0.009516762502419444,0.21579134474874193
2019-11-15,-0.0025259154943226836,0.005186388437669276,0.007347702131150324,0.007236302632028568,-0.001087616875326325,0.007666111106021413,0.003719910692223061,0.0032468688632088733,0.00268586339367718,0.009516432063672536,0.11449962739698225
2019-11-18,0.0029664162029099383,-0.0025164170000895325,0.000788434074610711,0.0007375882213624951,0.0018148423791848334,0.007901341137414449,0.003399390772282916,0.0029081355067029687,0.00258798546647804,0.008702962139494185,0.12705376774218963
2019-11-19,0.0005050304911609071,0.0037217331269039367,0.0014773441039550583,-0.0002882088158959739,0.00833252659927508,0.006283741302093012,0.0036051206522901306,0.0028899619788847314,0.0025079472158999914,0.008197277600613713,0.053055367646646555
2019-11-20,0.0005046655432805469,-0.00377094435948111,-0.005998873722782072,-0.0037191260230351464,0.010348149119492112,0.006051775497786674,0.0032905512279064945,0.003597542402975799,0.003006685729737498,0.008567386460749017,0.06522195410469553
2019-11-21,-0.005477043362080103,-0.004920804440397664,-0.002225983825973832,-0.0016086504204642083,-0.0062591733727184184,0.0038381040582341455,0.0035219095873473016,0.0036578370675299176,0.003003362374211888,0.00588772985521465,0.21202267763978266
2019-11-22,-0.0018840181654777854,0.003106628270348466,0.0006443867767627065,0.002223927411284521,0.0012882456984792956,0.0032541917697397706,0.0035649349449131734,0.0034649441522314546,0.0029882957139092544,0.005362787090938993,0.2594177866115591
2019-11-25,-0.004791662812458131,0.021236114192106248,0.011841568819468407,0.007750324226797112,0.002930901097308869,0.0035459916847193807,0.007696516046176318,0.004956497984672189,0.0035712578230529743,0.005269776308722414,0.15189292026959192
2019-11-26,0.004814733391401704,0.0006809991655620795,0.0019096937514937462,0.002265496224173047,0.005844223788593839,0.0037790018554744154,0.00768966550612635,0.004938397985573802,0.003573985313371462,0.0053033969595658245,0.15956597941326006
2019-11-27,-0.005299919828770094,0.0070504274525911015,0.006989070107057183,0.0044573250567643274,-0.0029057384482699122,0.0038910107389430078,0.0075250439168627675,0.0051981480910028854,0.0036434761971636336,0.005635797337681486,0.1415314509318249
2019-11-29,0.006203971517371398,-0.006510010544013012,-0.004562259805762858,-0.0037086901324029364,-0.0021307763676392533,0.0042094269825086045,0.008059300513449897,0.005562935579211286,0.00407741687544219,0.00521240032305649,0.12937540935448685
2019-12-02,-0.0005078146228696401,-0.009767027651976012,-0.010239052968048279,-0.008494836289916874,-0.013333503961506232,0.0041493690578873026,0.008820948915750342,0.006346399882310248,0.004630360783970957,0.007076098465685394,0.29438229102826635
2019-12-03,0.00957984896245434,-0.0031836827395764766,-0.007832351593045184,-0.0067062691994299595,0.020966992392158268,0.00513677501829642,0.008851555442201354,0.006805715491951786,0.005069276994874189,0.009589159794389639,0.19900251390862422
2019-12-04,-0.0013658431498282386,0.006889167114108918,0.00506421124389278,0.006170314300014024,-0.009985037592762369,0.00516509099027986,0.009024130320738137,0.007029884188180618,0.005529807749125435,0.010089445515535136,0.15763893254662809
2019-12-05,0.0005758841931267078,0.0009949420451633717,0.001976071968613047,0.001797820845294007,-0.004864285248215805,0.005165641001333052,0.008863835394477868,0.006777127333035038,0.005406553659131583,0.009604326006802567,0.17667834293822512
2019-12-06,-0.009928092682104261,0.011681225108338023,0.010698623067094681,0.0091343479780841,-0.005534465461040083,0.005853656861862777,0.009068020879361876,0.007430791181102914,0.005995137159207786,0.009561570811205511,0.08825136122377478
2019-12-09,-0.00029060665275248976,-0.0019038833153089962,-0.004536765387109676,-0.0031443558277722827,0.002168484250384628,0.005826169143831207,0.009212133099995287,0.007684905045923957,0.006160093706239799,0.009586667170975503,0.08923275651494397
2019-12-10,0.0028347098739491816,0.000615510416774212,-0.0008329689417370112,-0.0011150679065617952,7.245417225076878e-05,0.005640108162608946,0.006520916542192799,0.0067048354884671185,0.005693265505602903,0.00950919727616442,0.07612860375612016
2019-12-11,0.00688553265084435,-0.0003075658983728857,0.005296634344229112,0.002838514181342955,0.007861031580808975,0.00584386686818356,0.006527964143773106,0.0069023246256349514,0.005720684827019252,0.009689460962254941,0.09753321559002426
2019-12-12,-0.003527249493396556,0.008612367993583447,0.007464134028726699,0.008619002621730543,-0.016458383234839613,0.005659947462180395,0.006716585067953871,0.006955655999257778,0.006202155462655482,0.010894486548033676,0.06399611272147179
2019-12-13,0.004478873140076667,-0.003842638477210336,0.0032929681724962467,0.0005992214435208698,0.01156812867754331,0.005509562559416198,0.006445393588526135,0.006793522685153868,0.0060213035121386305,0.011723243757907308,0.07141848609532646
2019-12-16,-7.198680622300113e-05,0.00704837636065947,0.010039058820761504,0.006870042295787915,-0.0089907887813927,0.0054991354459557225,0.0054464836397437495,0.006038856385662067,0.00524857977162601,0.011277428885346174,-0.11338702826931382
2019-12-17,-0.00021575647831872935,0.005003792829725295,0.0005735813164962078,0.0002189027998462656,-0.0013783217087751654,0.004580263319757286,0.005072941998023777,0.004814714394406933,0.004262139135114327,0.008450475164076134,-0.06406721142555288
2019-12-18,7.200752478642158e-05,0.001942693190017275,0.0007641855052378244,6.254488561396876e-05,-0.00821224866431347,0.00455731186059944,0.004942988113377386,0.0048909527235385455,0.00422649173580329,0.008294418298780033,-0.038575665791534666
2019-12-19,0.002589559770448613,0.004302474514254584,0.006251339702272318,0.004099200634472444,0.001599933959921085,0.004625568556061667,0.004905586850901469,0.004932191659279895,0.004241309453310295,0.008330833633672752,-0.025146084672759382
2019-12-20,0.0010044438566789715,0.0014483361454187271,0.004030880044952001,0.004384535605868933,0.0013188229993597034,0.0029225478172006363,0.003938518699616319,0.004324388141423622,0.003684838282870871,0.00826475402628793,0.04695561641037912
2019-12-23,0.003081942822633188,0.0019880138065957453,0.0026415275735511834,0.001527360384166343,-0.0014638148021645092,0.0029033915926010238,0.0036602985277908325,0.003384803617291294,0.0031723041991330624,0.008187282502747521,-0.018723616160251443
2019-12-24,0.009431992518777577,0.0022849938818936266,0.0005193978236142094,3.111464547744802e-05,0.0028586135150197034,0.003798195521348002,0.003593071566566968,0.0031940158891649644,0.003032331736420679,0.008290034889287423,-0.0553392699369365
2019-12-26,0.007857298625196796,0.0,0.008824061375469094,0.005323333128665286,0.0024112172088857076,0.003936395348002702,0.0035642587788993225,0.003520500013657065,0.003124850092439245,0.00779784065555234,-0.036565492820695954
2019-12-27,-0.0003511943393945671,-0.0049195403429960205,-0.0008419111449474714,-0.0002475914075499297,0.0010936504101286548,0.003503007651920563,0.003711328481992266,0.0037028716725020588,0.0026261795202903748,0.0058267143090486515,0.1285713938393751
2019-12-30,0.0021077991140190377,-0.002531959023067132,-0.006553912596212519,-0.005513255642918491,-0.0036413883916545098,0.0034557463989659237,0.003518830505806488,0.004909176898324017,0.003595195731584036,0.004272780553101442,0.25213385246866593
2019-12-31,0.0018929327941459295,0.0013900992729762862,0.0018848680305856291,0.002429137823089622,-0.009793680931598714,0.003344117228874807,0.002967209882975776,0.004161031963166554,0.003125921779625163,0.004434890689093124,0.35355462350622624
2020-01-02,0.0073478173310379535,0.0006638383161139405,0.016697243317693067,0.009352044092879819,0.011293169427748717,0.003453104195896374,0.0026294709688659975,0.006235659185789813,0.004007193841687301,0.0060104830331348565,0.4715281656477946
2020-01-03,0.013268521727000326,-0.003920528391254563,-0.009160067643126824,-0.007572395502536522,0.015400032536706965,0.004390420417411704,0.00294559650799491,0.007388743480463552,0.005041802374321361,0.0070795009232320315,0.22035418809844268
2020-01-06,0.010489502076611812,0.0013322167293721154,0.0064434157506652046,0.0038153445731137214,-0.005678566780158989,0.004647107155116614,0.0026010544731927105,0.007400024054394263,0.005025573486322261,0.007499213441622204,0.22084526750701708
2020-01-07,0.003935150508558971,-0.0033263091191877425,-0.00013934948991267682,-0.0028119015654906043,-0.004915245898243326,0.0044105594249369846,0.002695960461044967,0.007418427357480361,0.00505837358661553,0.007759448807500064,0.27602507702434836
2020-01-08,-0.007501524641443713,0.0030944598012343505,0.007516395448073698,0.005329353380432389,-0.006611166893954468,0.006107067688709459,0.0028376942699622765,0.0076203880384946325,0.00527143458763035,0.008086913728502319,0.1952797003248293
2020-01-09,-0.005651653463197515,0.0012098148099271011,0.00847342556199493,0.006780964747743701,0.003510201681221403,0.006684471542700764,0.0027350336900859554,0.0078014437395945106,0.005556122516276797,0.00811292535759512,0.16912530721930125
2020-01-10,0.006026192495848015,-0.003745666137626169,-0.0025570593031936095,-0.0028776813140499735,0.008890764344428703,0.006571079964975558,0.002880988260375694,0.007738272694714051,0.00556523802055903,0.0085468197563005,0.12200190987986678
2020-01-13,-0.007419483430124996,0.006489138000272288,0.011536446535291844,0.006876964051329759,-0.003033702762979429,0.007326976056379531,0.0034014522128730457,0.008179296565635326,0.005854991382300448,0.008638533386874946,0.06665040267257445
2020-01-14,-0.0008915435213457945,0.003675417939435377,-0.003937193884301249,-0.0015243127632615927,0.00514396596979827,0.007403509397144463,0.0034409353742991407,0.007860614504367702,0.0054390848047079915,0.008612501942509178,0.0021292617873683306
2020-01-15,0.005834242779070742,0.004802652743844726,0.0004087450193170916,0.0022597920180109643,0.0066315476640794735,0.0074926998095291835,0.003679449758062063,0.00791167700436944,0.005437793655160016,0.007760244311550217,0.002730967883197383
2020-01-16,-0.0015695082440052577,0.012905634098337782,0.009583794143246394,0.008318349236104527,-0.0031503531835253007,0.0073873196070599785,0.005247398648648356,0.006843797692227095,0.005289524861548133,0.007393720662049041,-0.08813275925174936
2020-01-17,0.0018454259925253513,-0.002713415524974505,0.004948616099791359,0.0031122727015946428,-0.008548363834915085,0.006175195064950694,0.005101492492324475,0.005402986101608173,0.004123177718280972,0.006219125714244033,-0.017975713879680732
2020-01-21,0.0010915790702048511,-0.008280559356135697,-0.00044767175338289444,-0.0019582784754617055,0.01050606760375894,0.005111066098985938,0.0061227257665593116,0.005527021002599307,0.0043812634896607024,0.006873106593390185,-0.06355289119509883
2020-01-22,0.0003406555206315609,-0.0006558221235097861,0.00264246043983718,0.00012127324073873957,0.0035126985387705645,0.0048916424716053935,0.005948910449304118,0.005389634856006259,0.004085443430788377,0.006599947915334202,-0.08962165013170921
2020-01-23,0.002248122121045526,-0.0006567419568932475,0.0032160122816282666,0.0011465445476299685,0.007002276976496136,0.004346454631352755,0.005967919524554326,0.005230870428263749,0.003993024516836298,0.006082248843895034,-0.09734871101603335
2020-01-24,0.005845572586286041,-0.012301947982298889,-0.008415426667230164,-0.008893186468230563,0.008088510097977508,0.004146922329088862,0.0073588566941462374,0.006065861444652166,0.004964384429831183,0.006289801449472517,-0.0808174482300899
2020-01-27,0.006825312844883635,-0.011367231423260793,-0.02065557108768934,-0.01602934813654322,0.015554905239881123,0.00425368952742423,0.008137815627644302,0.009309305086410074,0.007230187446891595,0.007209683944731388,-0.11061922036223729
2020-01-28,-0.008926785569624784,0.00831756475266543,0.015359997706003936,0.010479170526447534,-0.007832074173053538,0.004613051772993926,0.008338119616112206,0.009900632646731194,0.007720366534022599,0.007871729621757733,-0.11992425855451225
2020-01-29,0.005417872354848807,-0.005701492840228695,0.0016257925712042098,-0.0008257269246196852,0.009779941006086812,0.004715762648848948,0.008327710351022245,0.00979365762234585,0.0077111799792071445,0.008100019002866166,-0.11063703368762945
2020-01-30,6.732120695107646e-05,0.0,0.003561653530563813,0.0032450467797078275,0.00013764700802676444,0.004529479553106139,0.008053647948196602,0.009829394274804113,0.007752665503915025,0.00813958258145598,-0.13955299407249583
2020-01-31,0.005792420039608892,-0.02074038631539732,-0.01585814277273545,-0.01815756273781599,0.009130216030845073,0.004605557019662223,0.008141217135788149,0.010659179314067761,0.00897243164306673,0.00794802735601056,-0.11197404321557794
2020-02-03,-0.006495688802043542,0.011150421825559365,0.015109233865255645,0.00742832555995232,-0.000809949688105549,0.00534383508066707,0.009685442934479021,0.01175931908907541,0.009381626622753294,0.006805869905276318,-0.13062399844902245
2020-02-04,-0.01300895070524588,0.015093602912577886,0.022888762429806864,0.015241406878922614,-0.013467145200364627,0.006988810173047224,0.011239720019997209,0.013871609183947475,0.010912082863201939,0.00878405086675138,-0.1486940358591218
2020-02-05,0.0012293105482077404,0.015415389268069957,0.0032973769076141135,0.011548017141854494,-0.010934411959197865,0.007001936597816582,0.012483572116417253,0.013876800015732547,0.011576877166011202,0.009835529664582787,-0.1510921551349828
2020-02-06,0.005388399719282511,-0.002271493801772828,0.008631864344851081,0.0033646720310154254,0.004506389754836526,0.007186949707374777,0.012502303746086503,0.014033766923308003,0.011611450462590933,0.009715982118240124,-0.14325204260953467
2020-02-07,0.002645857569860688,-0.012280235971389275,-0.004300916805787147,-0.005329690263142006,0.012478319168784724,0.006976487343562239,0.012499978048049249,0.013733509751407882,0.01133433556276538,0.010140860646138387,-0.14185460269929334
2020-02-10,0.0025712490701368385,0.005640662510490335,0.01208559969334666,0.007465483794615535,0.0027693562458426246,0.0066278289111735235,0.011963046024052687,0.011132900841943688,0.009708394246118697,0.008958666507085988,-0.1046775151187688
2020-02-11,-0.0034419552752806837,0.0069353813262762465,0.00017245129680576454,0.0017329636635210477,-0.0050401990597760404,0.0060584103192330655,0.011882757995477267,0.010780907368279219,0.009393225469319064,0.008707511635945808,-0.09006950990647693
2020-02-12,-0.0008127480224853212,0.006887907827469952,0.009741035474187809,0.006442876764481742,-0.005065979522285047,0.005753943842876899,0.01172151394570734,0.010827333922099015,0.00938237301399417,0.008271440864722325,-0.09472571952176004
2020-02-13,0.00569345014846645,0.00261730042901287,-0.0012805853858079974,-0.0010670370478255142,0.0038364468751288516,0.00609225911003426,0.011686595407057531,0.011031638349085304,0.009483629027865028,0.008391392553506008,-0.09495100460028794
2020-02-14,0.004178427664004669,-0.0038563887373752603,0.002863411665798621,0.0016020189655323591,0.004377134119220916,0.005939936614600434,0.008751664807580878,0.008352673251727411,0.006055107654106854,0.007921909072944636,-0.1319948006544735
2020-02-18,0.012818816524224008,-0.002144034953230678,0.00038378528054883176,-0.0025773066594617644,0.006848836798654556,0.006751936938658834,0.008643878835757872,0.008040890431366018,0.006397419681902524,0.008276157941633555,-0.13433512592246397
2020-02-19,0.005831221275388376,0.005132969662318576,0.009585434080191746,0.004781580197374957,-6.830813406133451e-05,0.004403656751583521,0.007636773705506884,0.005549284159758899,0.0050370347021789766,0.006801254168762337,-0.04325581533956184
2020-02-20,0.004084659090851872,0.0024346460773037037,-0.00928356896793936,-0.0041082531224088115,0.007833180632927927,0.004323975713024796,0.006088627658705444,0.00699404693994568,0.004408523311027822,0.005491781270554373,-0.03474540737003391
2020-02-21,0.015025216397275942,-0.010129534368475968,-0.019209367978166747,-0.010298170173364651,0.009340424664280311,0.005583918624336101,0.0069857939442227275,0.009524652829341859,0.005623465002464263,0.0058179694902334,-0.09230500481248868
2020-02-24,0.008985128746405113,-0.030101982471716693,-0.03856353146308544,-0.03316576930330262,0.014928250261522447,0.005663963178612494,0.011388057134868134,0.015538181533009038,0.01188435761645668,0.006261894562962248,-0.042958762016259755
2020-02-25,-0.017874260693127697,-0.03553978546423542,-0.02719177131867412,-0.03030173517343604,0.0053244079495418095,0.00933588559224822,0.015247175632848253,0.0161547206149797,0.014025650389100277,0.006259319590138531,0.1736948060248505
2020-02-26,0.004370503298157802,-0.01157979060424319,0.005153953885953744,-0.0036783889049551988,-0.005296208773446054,0.009016604959177976,0.014644292998497656,0.016483461060255927,0.013766308947594463,0.006301833694902026,0.1955020262102017
2020-02-27,0.00019483522153040944,-0.035210482587234804,-0.05007394552485123,-0.0449115526290319,0.010849101511364978,0.00895944024892329,0.01599639953504004,0.02024561377834769,0.01723724845758927,0.0056789666689672285,0.22971739824112306
2020-02-28,-0.03649347478693177,-0.018314767200568127,0.0007780505421817185,-0.004201521699751853,0.022583620638402913,0.015667500117671908,0.01524668653186098,0.020385312288430074,0.017036150275844764,0.00769592192180111,0.15302854817913064
2020-03-02,0.005526297603759334,0.03211913570456182,0.051603405873440256,0.04330678832270585,-0.007357822259605573,0.01571210382515157,0.021033941647450472,0.02863784817273753,0.0244249014694303,0.009032745711501054,0.1116663159799189
2020-03-03,0.031434333360162325,-0.020393475182665877,-0.032067151469173716,-0.02863267457305052,0.015526060752829585,0.018262837922112495,0.02103615110894691,0.02944943950937745,0.025101430138397406,0.009476041794346562,0.07689826653249254
2020-03-04,0.0017545277375516921,0.028455926755808436,0.041722380744732224,0.04203276109685561,-0.010618835121393388,0.018215943870054464,0.024218469918814465,0.03342210629583184,0.030008145397768127,0.010879225974836332,0.05211121942243815
2020-03-05,0.021600945458936538,-0.03180864471947542,-0.030382345252752185,-0.033241319451262075,0.02489191643561628,0.01928164727820287,0.02470820994506542,0.03418941498331195,0.031049611663916565,0.01237849370126276,0.043834288823755965
2020-03-06,0.00038096105467699815,-0.019820827283473452,-0.01687208169369281,-0.016531588524441698,0.052043388318285366,0.018856462745736324,0.024762203517666503,0.03412604801939423,0.031111874167060287,0.018658489989364428,0.10121355840928196
2020-03-09,0.0016502348575044845,-0.0972301072630597,-0.0694647299294412,-0.078094490720379,0.02710347550564829,0.01869601738784256,0.036065363167021566,0.038197377417254305,0.037306678212012216,0.019238190961856333,0.09987157392122543
2020-03-10,-0.02110133630677158,0.031221375063918533,0.05445095215798457,0.051745041588048046,-0.05125825932845096,0.019086650548905654,0.03911139829131853,0.04315435143129768,0.04235233840138646,0.02816254337374247,0.02204665251161251
2020-03-11,-0.0035603512879937016,-0.06360173316626305,-0.043554892059255335,-0.048748447518170424,-0.03679761285463712,0.019092659108040033,0.042064113865422186,0.044664225114820065,0.04428739528678974,0.031374619739262095,0.10895005767845778
2020-03-12,-0.0398882588306293,-0.11050216708281824,-0.091691442405478,-0.09567707536260883,0.006196540494915581,0.022906222610116763,0.05098852675530823,0.05044194618192637,0.05092584599036246,0.03130767014476487,0.23925679447022366
2020-03-13,-0.03051623730778741,0.0669823509764973,0.0847055447455829,0.08548634479022432,-0.02260302017485505,0.022021224080684246,0.05909129505242219,0.05929550693487607,0.06040706569448826,0.031623860433084384,0.1749257046314362
2020-03-16,-0.011446115323986206,-0.13266934305697486,-0.11978791443335657,-0.10942376747268323,0.06476612846731711,0.021921608872542412,0.0659938976557852,0.0655110609276064,0.06516058182431474,0.03750911538575947,0.12615251692774435
2020-03-17,0.0135554799295321,0.0458405267952946,0.07584166683924165,0.053992173301801394,-0.06668316539954289,0.01918041860472736,0.07076683680769762,0.07226186291908947,0.06947775595687092,0.04388209979020343,0.12288413575141251
2020-03-18,-0.019921988429849713,-0.07751212357877146,-0.030416286344948085,-0.05063298621094481,-0.05641311398573212,0.01933585946401957,0.06923901489955593,0.0699208463009378,0.0671906418547744,0.047225255290393765,0.1540811108655657
2020-03-19,-0.018905499074657994,0.0390116853755238,0.006002481799658899,0.002124830690092727,0.02722619582489827,0.016222775381954685,0.07353471468026739,0.0701925295055668,0.06758635199674512,0.04739967827495378,0.15402497969223408
2020-03-20,0.014995707221804766,-0.023779924566653787,-0.03917602552116661,-0.043094183974327516,0.0751952270148073,0.01810842268288323,0.07347351749423188,0.07060897047683622,0.06793083833108139,0.05096187617461199,0.15672893857702436
2020-03-23,0.044179590424960224,-0.014792895818948493,0.0007220159826064609,-0.025568067461857025,0.041209230851584566,0.025163521137189875,0.06990761450360541,0.06829912062645291,0.06519294259627285,0.05208067826454688,0.20386016475147337
2020-03-24,0.048530353360380474,0.09149166051166135,0.07743747959700942,0.09060327982205774,-0.01861467279902962,0.03006488232528617,0.07739290811762477,0.0710514903877346,0.07073330099501937,0.0496087047156754,0.2938083647819996
2020-03-25,-0.01368964099270864,0.012428758471965562,-0.007404908827215562,0.014970141378483737,-0.002270812594724503,0.0303562415975132,0.07613450870610945,0.06995216844438769,0.07013206572171107,0.047828394966191234,0.2643260292471567
2020-03-26,0.012822223412266576,0.06219860775653041,0.05266037957839442,0.0583896268924986,0.004921918586009433,0.027339796997214158,0.0702523307153769,0.06462316698732076,0.06542810778055762,0.047825960563661674,0.21340691066797066
2020-03-27,-0.006460489804721581,-0.03638382720626521,-0.03439285400459391,-0.02978558087260208,0.026692572340501153,0.02492047269498622,0.0680014494070583,0.060157818954714004,0.06013845964234243,0.04723903596911597,0.286845267961749
2020-03-30,0.004400644787818209,0.022032617328733295,0.03637333336054871,0.03247584378394097,-0.008228772458487743,0.02415401973522605,0.0507345188165929,0.04432724622665749,0.047967308094281506,0.043238238357045294,0.31979370603814017
2020-03-31,-0.03184668568859872,-0.005041808892746413,-0.008539876789104839,-0.014905465657021888,-0.008116702053989067,0.02707402832430252,0.04950612606270614,0.03889596870355779,0.04590561715760321,0.036258837160174515,0.3877120915396789
2020-04-01,0.009456223354449733,-0.06814602349188015,-0.04248935663732312,-0.04500481296544756,0.014010475469790062,0.025826062461176705,0.04778913471142947,0.040291028342572005,0.045197807076675894,0.02828605307534159,0.212462884846299
2020-04-02,0.0163934225377782,0.009469273231671016,0.02029509099125848,0.023075231252535522,0.006345279655625147,0.024361678235117323,0.046549345597496745,0.04061743687459917,0.0455840744737577,0.028069725868543807,0.23188680082070348
2020-04-03,0.0049374590529023266,-0.02832716293826487,-0.014192742696967575,-0.014454091662194024,0.002380053915788549,0.024334534657193416,0.04688217621620925,0.03826080276600852,0.04297370569223172,0.017708045957590155,0.26149550777717706
2020-04-06,0.027710521817620126,0.07656265080826197,0.07149464927800198,0.06716623176009273,-0.0026114091737795553,0.022137643520340165,0.051390623720098054,0.04300658073036366,0.044662724021609736,0.012692810685277608,0.2667652999096779
2020-04-07,-0.005354484768834378,0.0025748457344769715,-0.00040713820104110177,0.0010195102225529773,-0.01047181902836436,0.01690652221114692,0.043509708808446394,0.03711600511958804,0.03683709255154666,0.011464254297980191,0.321069836313543
2020-04-08,-0.008907968786563414,0.045607585902283754,0.02123220702856221,0.033568546799374266,-0.007276723137494501,0.01648085267942413,0.04538602912878645,0.036956389876121015,0.03761672616292591,0.01178901511090657,0.29994692562229847
2020-04-09,0.026123560972308058,0.04785287034121333,0.001445819294981332,0.01521746541575486,0.0018169646506691617,0.017898843896411453,0.043679102127787674,0.03383583998054782,0.03388564109083958,0.011737391362232218,0.24893591532980636
2020-04-13,0.017140343933811808,-0.027077322810655335,0.010803627744226274,-0.009130384481894294,-0.009129682365874192,0.017974088025298613,0.04275029963763934,0.03086527207670385,0.03198124169539627,0.008073289550234812,0.2908394399505791
2020-04-14,0.007868093580683189,0.02027098107964842,0.043491267422579805,0.029492871673842957,-0.0002441232017127426,0.017973138286296902,0.04268757631132921,0.031624011773881036,0.03175001535235782,0.007792873313749417,0.3118095239923396
2020-04-15,-0.005101958505246418,-0.04079463616927015,-0.011470202348475955,-0.02124809466468891,0.026489156063285613,0.012943579416496273,0.045262620567285396,0.03183101811064201,0.03232990949649641,0.011326632467133514,0.22445183203828903
2020-04-16,-0.0008649946516461338,-0.007555363498057743,0.018240015627677186,0.004824438178878676,0.01135746502245727,0.013311778089944779,0.0380409408707389,0.025949555230666603,0.026587906831063466,0.011045030711938192,0.2646510942603462
2020-04-17,-0.019417471147623044,0.04405112383694321,0.009566394728679928,0.027015301771601052,-0.013404881658587886,0.015446883822063431,0.03954381686539301,0.02597830041420004,0.026783050398850417,0.011888576287899109,0.22772822027918266
2020-04-20,0.007126124562213176,-0.011797476925000439,-0.011844444600605741,-0.017617831484255664,0.008044500742999894,0.015470622994722719,0.03792186894819121,0.02569394567347352,0.027163918879584335,0.012152391021154873,0.2082163481262191
2020-04-21,-0.006825274631933054,-0.023876705665234033,-0.03689952353014381,-0.030363289875534938,0.0125915923676434,0.013471998270755545,0.03274331742614477,0.021918849595927107,0.02271100756572084,0.012665996552176734,0.05935845886927223
2020-04-22,0.019670860003665247,0.012145340251390024,0.02967449911980946,0.02219456017649546,-0.01021669268050196,0.014414916962711053,0.032806779244690006,0.023209610622054958,0.023452107678414564,0.012638361488358882,0.03956847034710407
2020-04-23,0.00995486708021609,0.009818135824503749,-0.002132970233882703,-7.202976567977082e-05,0.005308558797057605,0.013805804465854232,0.029806582383151165,0.022838195561015927,0.02127337182004397,0.012231717682365193,0.06905519161640047
2020-04-24,-0.004285520778353313,0.017201121885497495,0.015770437384323932,0.013938822806905282,0.002347272723278726,0.012006739407270242,0.025925414692029282,0.02303281213430995,0.0211889850510791,0.012225908240901284,0.03562514383547234
2020-04-27,-0.006640444141094992,0.03962097704566969,0.008043212951799328,0.014418802644075246,-0.01861419669310771,0.011112416945120253,0.026961901321098727,0.022992274401158263,0.02113499087456878,0.013590300766253567,0.04600482603093341
2020-04-28,-0.004456556273727319,0.014536976442941496,-0.018834542713492164,-0.004598610572848272,0.011511148168229957,0.010841254748614438,0.026682031500214243,0.02003028118678723,0.01928048136385418,0.013845464544531257,0.002610950091527853
2020-04-29,0.005533445721913166,0.04918326658941896,0.03546101827370407,0.02617852642922891,-0.00518851644803342,0.010924648174037613,0.02447790663557355,0.022399192253958408,0.019072924104583652,0.011423834472968065,0.040222271916773036
2020-04-30,-0.018116569301821484,-0.03801889697010996,-0.0004111105929951453,-0.009310790309914996,-0.011677060483369028,0.012342899141854439,0.028985270828905254,0.021918241494259725,0.019651145688865626,0.011284459769559272,0.13834918198605584
2020-05-01,0.00617125761149806,-0.03967461988047449,-0.02818493201719041,-0.0264733270042391,0.00856327368367249,0.010832207591008704,0.03052104815210798,0.023801065505799593,0.020020553132686768,0.010935262080553806,0.17103946207830112
2020-05-04,0.003504803873276119,0.004315322715319203,0.011657510622788747,0.002758030588493554,-0.004703588178257778,0.010656823310729658,0.03008024343590756,0.023764532165801447,0.01917986407706767,0.01066763098426987,0.18720137355798278
2020-05-05,0.004241037483481591,0.007717902477293981,0.011337115813485177,0.009239548059561065,-0.006401320633870999,0.010388470688546373,0.02837663244321967,0.019665556417486425,0.015806922697421948,0.009616293361041837,0.20309410985473253
2020-05-06,-0.012855591040204617,-0.007342974140939429,0.0061564025565699065,-0.006778961515831683,-0.016135723782343292,0.009099105450746683,0.02870355749252168,0.017876226254010218,0.01489917753043159,0.010275756728174748,0.24664948057188996
2020-05-07,0.015350754880484763,0.013681107984221397,0.012876691864371015,0.012066874729846466,0.016705881686357005,0.009983706102803526,0.028790466634211333,0.017944681345673123,0.015209215766332286,0.011869640032593696,0.32727208844034944
2020-05-08,-0.006010293229887331,0.03860628385654352,0.01370485977530378,0.016546081862111484,-0.01300063895051784,0.010058410241650634,0.03045339169728006,0.017823359830854067,0.015435495104894666,0.012181617029476172,0.29454055851272154
2020-05-11,-0.006233636774804485,-0.0049862654726375855,0.008938806997054405,0.00020521626328728892,-0.007805644056029237,0.010035332355318867,0.02855769944072074,0.017841582884486045,0.014955533617470717,0.011167721501392181,0.33783118742064233
2020-05-12,0.0038890673962401756,-0.035915085425159976,-0.02093729675187128,-0.019931236185588896,0.010264145442670625,0.010089345045385128,0.03081761174220827,0.018166668960922096,0.016419592019860867,0.010995638006152855,0.3160487817363499
2020-05-13,0.00962264814750724,-0.03347230960338943,-0.01251546882403165,-0.017685995845999614,0.006996571096293813,0.010435832762243443,0.02658359334181903,0.015364976965269827,0.014533388131491765,0.011386726041053938,0.2254616574004867
2020-05-14,0.008850059782004704,0.0032593896597974403,0.011352213189765648,0.011966959773267227,0.009787748876922908,0.008562887072636454,0.024810416553161883,0.015753090553235427,0.015201371398721512,0.01132403483997834,0.21312800193357787
2020-05-15,0.0056438144895878395,0.015919394764003947,0.006491437957158563,0.004597194652491643,-0.0025736385650135807,0.008540402941577447,0.02238206078886748,0.011837660653592109,0.012542762303729783,0.010977285928116327,0.25266553110742573
2020-05-18,-0.007564144999551381,0.060760928618576626,0.018631929209016684,0.030459822733005737,-0.021953788019575038,0.009108550634889965,0.02952050460588158,0.012468282882737328,0.015589913744098991,0.01287075364938923,0.14199510739109136
2020-05-19,0.00965020617044443,-0.01974641197113025,-0.002506267400833262,-0.010271359033178551,0.0037410230952319434,0.009444278830671579,0.030583052873512245,0.012529331974404118,0.016083928946441402,0.01292094642004646,0.12346676271872763
2020-05-20,0.0023742810342795018,0.03029376235907888,0.01996838957734126,0.01698812058281174,0.002993914256488983,0.007873738389855908,0.03146157573898337,0.01349098852641108,0.016376601725297382,0.01186979873016013,0.08024390518682735
2020-05-21,-0.0145763375976391,0.0017910344389884258,-0.010890638521438345,-0.006903973500730687,0.0024981655063121,0.008551416381023472,0.03139892519690232,0.014144447006941988,0.016500236325046016,0.010486220132487678,0.025386999057735005
2020-05-22,0.005916836449104457,0.004841942034965463,0.003451469888929193,0.0018992788874878652,0.006016102666509093,0.008362169251954887,0.029199768197105545,0.013663716665314997,0.01575781876628698,0.009747301578182481,0.0569103335116732
2020-05-26,-0.014214859559966153,0.02883831941620696,-0.002699389820422393,0.012320122281652246,-0.01341016442817966,0.009511498079630013,0.030206946158077248,0.01352070927319742,0.0161396956022213,0.010445741926639987,0.04971762228629323
2020-05-27,0.0018024320171106112,0.031056175579163403,0.0054574284321453614,0.01487942783810281,-0.001836781036056112,0.009462843683004067,0.02724475138700385,0.011117619788548312,0.014469077976478919,0.00986549408377302,0.06907450125527474
2020-05-28,0.003350344766475555,-0.023691246337120386,-0.001302616092451414,-0.0018451528901558545,-0.003680758877201429,0.009006285557191795,0.025538916190960725,0.009789482752517046,0.012316025328239057,0.00950214530363757,0.11787897490008477
2020-05-29,0.0073584122707384125,-0.005726680732198286,0.014652731496918037,0.004455903811052986,0.007142072588818715,0.008856802271362442,0.026084974300263023,0.010086248199897167,0.012235945068958453,0.00917351498273911,0.08264644953523406
2020-06-01,0.004603768848692402,0.00957532605514455,0.0029997219015558407,0.004041943708270157,-0.006732902932567786,0.008788670212368746,0.026067921427320857,0.01009414129223154,0.01224758978012312,0.009290597314761964,0.08114094651714715
2020-06-02,-0.0064768271714218395,0.00827226272881676,0.006707794339193995,0.008279950484513243,-0.0036359328922130896,0.008692677569172805,0.019594566217074245,0.008910407963503102,0.009033730482946305,0.006385228486302881,0.19353056590938175
2020-06-03,-0.01845018380928054,0.024117654400368282,0.004498670724162768,0.01330821172016683,-0.013296747106874451,0.009702195574900404,0.017889163263115467,0.008649975005929698,0.007772579070491753,0.0072815589010977256,0.203192286534395
2020-06-04,0.010526269495827023,-0.0014504443184649718,-0.007013510142111157,-0.002626855040575471,-0.01447930241651263,0.010498005493885973,0.016859502154469203,0.007320057662832872,0.007363948488756427,0.007913932075038614,0.09070808181202476
2020-06-05,-0.02027532426346157,0.03866098151958042,0.019827169382842236,0.0256298336297327,-0.007123043131049167,0.011373780309578604,0.019268017883172874,0.007922922898017545,0.008694490393030425,0.00759545303014209,0.03967973568080809
2020-06-08,0.010822142733466267,0.019376961824770778,0.007760017457655977,0.012087344452878401,0.0038434261476911757,0.011875927636732899,0.019262424071448802,0.007967052020146317,0.008490237333427813,0.007265955350541913,0.11445316106513444
2020-06-09,0.00964183116931494,-0.018485977877107374,0.007245000097211518,-0.007456616273616157,0.0113584746069475,0.011562896622805775,0.02067402265956562,0.007493474457152709,0.009840627011969857,0.008343789258240789,0.048489136107386456
2020-06-10,0.014324773012967418,-0.02715294756268738,0.01200153253776537,-0.005580091383180608,0.014827563960517098,0.012393118732923059,0.021684348336926233,0.007715219026244435,0.010159510289206754,0.01005581091723569,-0.005203212440386523
2020-06-11,-0.007214084989501601,-0.07627582414266021,-0.04954911535209583,-0.057648980662978855,0.018900639798498098,0.012669095053215989,0.0324194992190592,0.019455085483158323,0.02235784555278287,0.011813161893101873,0.08976611983581743
2020-06-12,0.0014163170663434865,0.02399492846401996,0.007948031958866508,0.011975477142941449,-0.00964166776893638,0.012448378916526894,0.033477608113432415,0.01907915887279406,0.022669233913921453,0.012046241684107287,0.07331888577758496
2020-06-15,-0.0017832572551969017,0.023119515705892102,0.012167270759873228,0.009335687483811306,0.0005553865206409103,0.012343166648824747,0.034171980650806615,0.01939068088903331,0.022830132525446675,0.0118527449126947,0.07717381258883574
2020-06-16,-0.0004928345355281749,0.024044626834797356,0.017172849571952753,0.01924780116819491,-0.015334022627568888,0.012178463451168374,0.03488016635710272,0.019938106923641456,0.023487121064635245,0.012804850886029015,0.07172647777789695
2020-06-17,0.0019106166939522051,-0.018077346894811663,0.0031705608319643197,-0.004153761316309845,0.00412799578292522,0.010342276874662127,0.03459201108066995,0.019932960661901936,0.02318588954351867,0.012118666517413345,0.07587761717655621
2020-06-18,-0.001968455156468263,-0.00035285965064824065,0.002708821864639832,0.0003850152692712605,0.010587726353380011,0.009929171819632519,0.0345929559751114,0.01962098997027509,0.02316636012331072,0.0111858109092792,0.07095340668104513
2020-06-19,0.011032995719469696,-0.005151133427454768,-0.0001636063061973836,-0.005714879236965786,0.0008015577882178881,0.0071488382379332,0.03164434825517512,0.018837109251468826,0.02142584788950248,0.010639790332173119,0.16332994309908738
2020-06-22,0.006462217682632332,0.010000682597089083,0.011992897963097215,0.00641507902964622,0.00012330205082200507,0.006795085941400374,0.030956913358983606,0.019026379541661843,0.02106131511017798,0.010710777193049002,0.147895631941688
2020-06-23,0.008419646377624934,0.004213411192338867,0.008510799188674145,0.0046038095516218736,-0.006835084240174205,0.006679005355327652,0.030806833109363028,0.019065850587291207,0.021143239823039277,0.010797119756553765,0.14557152307145493
2020-06-24,-0.0034839130582626776,-0.032447494124322795,-0.020615663509118032,-0.02550871827419321,0.010725468445484054,0.005686881949715761,0.031287578359714414,0.02004297976551202,0.022407672057123903,0.010314806156271466,0.14417050346820667
2020-06-25,-0.0006027175913517757,0.01510556808474739,0.009519633922203896,0.010720459400704874,0.002882406413414307,0.004900196685758762,0.018982644215157905,0.010438881194326432,0.01249229289544547,0.008352378221923785,0.06302546427638299
2020-06-26,0.004463149702982783,-0.02691308979486018,-0.023615202779953326,-0.02375146392186489,0.01070383687568377,0.004948069780089756,0.01995838298492873,0.013769817556986327,0.014501749885446516,0.008274746146975109,0.03645070943346025
2020-06-29,0.0005404803669293301,0.032706035537025446,0.01090683329065567,0.01469777352001933,-0.0031468191332801876,0.004781777016896546,0.021404564046724046,0.013672698488439517,0.015010114481323262,0.008419849774125231,0.03744183685448658
2020-06-30,0.004440918278166173,0.014453833480245315,0.01960125555420511,0.01280940656183338,-0.004856625904761103,0.0046773713566359825,0.02041505413351941,0.013990804164554118,0.01419409393349082,0.006539211698867124,0.04277984326713079
2020-07-01,-0.004481089931769877,-0.009498673656790357,0.011672244665954734,0.00700444868504313,-0.0019420428798468947,0.005261473085267819,0.019771282867608136,0.014310870817071953,0.014351938522697238,0.006653207709432054,0.04010484176128563
2020-07-02,0.0021606086958432247,0.004089755540138684,0.0067865097322796775,0.005507385075911531,0.0010406771629238865,0.0050303196975394785,0.019807069949345453,0.014358028607856245,0.014451685255324635,0.005912484696335513,0.022706662940848187
2020-07-06,0.005988741319838731,0.007233070194778701,0.02458463242917519,0.015437246548053674,-0.004096168263517552,0.004327421270614001,0.019790797860004383,0.015731321146236727,0.014951299124586207,0.006125148788430408,0.05256501940346255
2020-07-07,0.006310260659329048,-0.017708553423402718,-0.006888863033175929,-0.010313961311242292,0.014056229277931154,0.004311774522189245,0.02045824994086794,0.016053205106135025,0.015429326923486392,0.007475823199027673,0.04799547557259802
2020-07-08,0.006211565862881185,0.007452752673350327,0.013171821926286187,0.0076486027261928324,-0.003994938461670761,0.004014130717571145,0.020573123171376467,0.01626352495839981,0.01553537870336744,0.00715618815037381,0.05205651255780874
2020-07-09,-0.0027044004055614135,-0.020220039070943052,0.00842335965620622,-0.00569288325665307,0.015922630821489037,0.0038983641543466284,0.018749386186344932,0.013662903437988544,0.012728356796868663,0.007989423101810998,-0.016328633335495245
2020-07-10,-0.0025938951172596036,0.01610699040596808,0.006827742595418185,0.01021055899906842,-0.005025354143075034,0.0041046767676833915,0.01883752157376887,0.01364336108187418,0.012696784470583082,0.008347928122168034,-0.015572888415119602
2020-07-13,0.0012411575864292868,-0.012667321366960693,-0.020570733560368648,-0.008658969597830302,0.003306823501672662,0.004018328714681882,0.016956080498638063,0.01289403077080504,0.00964739625907763,0.0077866714833145795,0.023864954522384685
2020-07-14,0.004663568910189042,0.016556685595596088,0.00707787955447059,0.012959150417882537,0.0014379158288138072,0.004095616452105252,0.01428606789432158,0.012836745392376862,0.009464434653268298,0.007640713740824513,0.057017394508683684
2020-07-15,0.0008813320073604025,0.03666374922744109,0.0020360311718141677,0.00918707930683249,-0.00466678208742155,0.00402594212077159,0.017941441634676134,0.012112635022922114,0.009184373817633505,0.007623146197359673,0.010820715543420156
2020-07-16,-0.009451688651900159,-0.005917030004242929,-0.006822526221456515,-0.0032932439177614237,0.0047487795968519375,0.005057792175083867,0.017702788053862228,0.012441123638671251,0.009425191223767527,0.007570785076824498,0.05439625420411568
2020-07-17,0.008238009985450212,0.002941865266247401,0.0011578610697857705,0.0028989216359855963,-0.002093709243820352,0.005520557948411391,0.017699803621167333,0.01240129531546105,0.009393326589610923,0.0076913953023020135,0.04401411467052598
2020-07-20,0.004820170160796611,-0.004297599101000027,0.0283707800607631,0.0080816678535649,0.0024582757138909006,0.005435600171628135,0.017772036624445105,0.013170822582297228,0.008566094381058119,0.00739142958096359,0.030258758400177742
2020-07-21,0.012050997596656066,0.014181916603185796,-0.010420578339444209,0.0021275989870621625,0.0005984278335127158,0.006216442650878078,0.016692719411946617,0.013516558237373282,0.007346754566333699,0.006207095648053601,0.02935172866921565
2020-07-22,0.015202340363078104,0.000540348298040394,0.0035226572398610045,0.0056920235827429,0.0029886508984160454,0.007380473154813506,0.016726642105065883,0.01303980434767531,0.007250806785825385,0.005935959495532973,0.03157855286821504
2020-07-23,0.008825301770064575,0.0010127158453032692,-0.026120064160773393,-0.011931668840911791,0.011681017235502411,0.007248981545922921,0.014448138485206475,0.015483811388043788,0.008306931945575854,0.004886815678254882,-0.0029534513202204016
2020-07-24,0.008578870839228259,-0.014703847172778062,-0.009495724140655915,-0.006440306471721335,-5.880427676596689e-05,0.006906270222413356,0.01542678122723927,0.015369028254145111,0.008309079174798471,0.00437010714617711,0.027985353142158963
2020-07-27,0.019753770786684832,0.010405115150639466,0.01784310302330705,0.007292335094868374,-0.00371200282611972,0.008026652292805778,0.014445729725605644,0.0153250683198779,0.007747654816588572,0.004695573162129426,-0.00636482057457165
2020-07-28,0.00834113103275036,-0.009959482680155896,-0.012724947004587372,-0.00634259403310522,0.0069190592843761944,0.007973645536940358,0.014671169912267216,0.015686681953176466,0.007286607088964922,0.00501738835587561,-0.010582832739402104
2020-07-29,0.0075102306547618625,0.022035153188989298,0.011525999981622181,0.012298807030556302,-0.0017031451754980775,0.007608768756786344,0.011291182887841963,0.016187654096286683,0.007740342717915168,0.004662267483100961,0.045062104149279046
2020-07-30,-0.007400261112960993,-0.003950176034646535,0.005235401385920602,-0.003567937028817747,0.006588691394860513,0.007083929999729054,0.011161616195147762,0.016098010265400208,0.007757890459669939,0.004808791449381279,0.011678591820413465
2020-07-31,0.00908793109962347,-0.009411225360720366,0.017845849984537976,0.007902220721649256,-0.0006426399662269322,0.007084308832911051,0.011694594612028243,0.016970274683178712,0.008049060035977676,0.004679396322771388,-0.01586275501312956
2020-08-03,0.0011325390830079218,0.016286697504455327,0.013506706711968075,0.006952281600520527,-0.005035155514801937,0.00739647913949764,0.012521945518410106,0.01499407241648042,0.007953986493041172,0.0052536608065933185,-0.011572674141943674
2020-08-04,0.021277725496816835,0.006877706822143281,0.0037120701556847546,0.0038622790345161917,0.00953217402342954,0.008419925887079063,0.011975222633099749,0.014446536747917264,0.007990491553564365,0.0057681285740611155,0.06928940081364011
2020-08-05,0.009283241730161151,0.019895415965706764,0.0024780902262235838,0.006210956232743481,-0.008742814756997674,0.008157465026385558,0.013227342162981132,0.014441976777882289,0.008021846937011402,0.006794575464975224,0.05864196161649603
2020-08-06,0.013274069532868138,-0.00039040032392534396,0.013244714848247297,0.006684743615752664,0.005585869507954255,0.008289000076171237,0.013268148239609851,0.010687037646514028,0.006552028053718032,0.006005652783771249,0.128325330982903
2020-08-07,-0.01588530528005727,0.0158716758125792,-0.011542148754270953,0.0007178177161777377,-0.006665705328373073,0.011458744772856185,0.012017746779070464,0.011037328807514884,0.005680173817563616,0.006465387506102504,0.11662904581108799
2020-08-10,-0.003458957447482258,0.010373292767348996,-0.0042735498419324,0.00298905646583858,-0.00447390190814978,0.0108409954615321,0.012016680271057066,0.010634071501115491,0.005582122140554539,0.006521022498482278,0.12563742761279345
2020-08-11,-0.05369440853432972,-0.005766795214423803,-0.018940799554514887,-0.00825436922129763,-0.011884813332089794,0.021139585660241024,0.011427078204087537,0.011828454618740691,0.0059851586340310195,0.007038420370086372,0.4234371257931973
2020-08-12,-0.004668202325739945,0.00407955029658269,0.025151387659903657,0.013941901747490437,-0.009096014846649791,0.02088733447946893,0.010176096959922713,0.013544280871239827,0.006267038219270215,0.007411980707221027,0.31497719658268103
2020-08-13,0.023618065792215592,-0.0020948585096959293,0.002280811175754849,-0.0018075167098871026,-0.010689055354036636,0.022425174568596787,0.010002384460640674,0.013562106851950575,0.0060601364895684785,0.007068033928626503,0.32413989523452436
2020-08-14,-0.0043092158240957135,-0.0006364898249165973,-0.0011744730460110375,2.9662683573183912e-05,-0.003906960302575757,0.02222095446840432,0.00886175364879252,0.012769064184184904,0.005996343552122921,0.006959456056131094,0.37622843631201197
2020-08-17,0.02169391289315903,0.00515632180166703,0.011611024102869294,0.003176642578484934,0.0025127627821897036,0.02339571008008391,0.00816014160251442,0.01259953066288763,0.0058461028349994,0.007300454890869685,0.3730966874895744
2020-08-18,0.009008003623491856,-0.009562688385476803,0.009624908446173919,0.002160497549562157,0.007151520238961595,0.022502049453984888,0.009380087745573832,0.012812464787060161,0.005835051414841876,0.006842462441196414,0.314258776426744
2020-08-19,-0.03156545548841261,6.362054416708673e-05,-0.006727233501061414,-0.0041641590579485355,-0.006251010876220486,0.02417168968562978,0.007477215621862692,0.013167598553075529,0.0060375533357210865,0.0066951864440612276,0.3425149657751728
2020-08-20,0.006913929262821528,-0.004091863054401901,0.013871969181910693,0.0031138120222382604,0.009039223063292967,0.023728778159497997,0.007681533551328548,0.013228861823040922,0.005800908382695889,0.00729377957922521,0.309514762468376
2020-08-21,-0.008010905834894388,-0.00738327886289436,0.006929993298739667,0.0035472765366859615,0.005992461661282533,0.023465261613344165,0.006163170401939474,0.012392894161556077,0.005844143907207547,0.007753076880582458,0.34387036253294107
2020-08-24,-0.005658401286623649,0.010478166054997073,0.006244244983724334,0.010133121687302626,-0.001624630764522239,0.023465276025004166,0.006184699425267333,0.012070346664183737,0.006454780041645593,0.007710856361384194,0.37922507782756504
2020-08-25,0.0012154763574758753,0.001087868551040705,0.007862284772810924,0.0034993750636749255,-0.0076533972709604825,0.01593392332127213,0.005970868595790425,0.0086953202458976,0.005310854774079723,0.007199724471336128,0.15621553046109882
2020-08-26,0.011808847672626355,-0.006265548168568502,0.02133908151869912,0.01002552439621307,-0.00382604217061544,0.016153333641266292,0.006025556601245429,0.007884494409633295,0.004531241611596769,0.006757362415677911,0.18182365236808967
2020-08-27,-0.011561927956646234,0.0024448227990674365,-0.00311665671966066,0.0021865951241690773,-0.01700961163117376,0.014811268691854505,0.006131185016086963,0.008423912257241822,0.004229154717246499,0.00796055587769446,0.24036129525425892
2020-08-28,0.0173802350530341,0.008471940251582932,0.005084941451337421,0.006459517269945536,-0.0007433896256214823,0.015833236279700656,0.006808983919727911,0.008000092493366836,0.004152829974033724,0.007919571232521062,0.2529977300914714
2020-08-31,0.002386259791001155,-0.010755816363756998,0.00803352288317094,-0.0036225977275000654,0.006640756407778836,0.014131732961952508,0.007320531358775979,0.007863343333879683,0.004809770360078306,0.008238160111994403,0.20469972778311157
2020-09-01,0.0011902895553947967,0.011452131152040801,0.017091477244778774,0.009418543285753644,0.011436991913496675,0.013739134287643636,0.007767848904431203,0.008479622840713227,0.005148712460087672,0.008792230326213351,0.32695353973779573
2020-09-02,-0.013131628719242117,0.007951175502399543,0.009469310320156188,0.014464236578976664,0.009520879106617253,0.009997672269883708,0.008106044029245748,0.006808003529991217,0.0052122072435219794,0.009037205990019817,0.18474700291840532
2020-09-03,-0.00810423703378893,-0.029534683830901298,-0.05070042115163276,-0.03441462681822238,0.0028409392219204133,0.010013926343018162,0.012694381385292719,0.0199356657395089,0.013835797663379005,0.008641991258941962,0.3242412054308678
2020-09-04,0.0027602959130217375,-0.006371980314145209,-0.013325978120028448,-0.008164703526952422,-0.018988211955125456,0.009782348379659595,0.012643622916302529,0.020493359606030628,0.014197216954295797,0.010340043750308482,0.3564772063734033
2020-09-08,-0.0019269219593246456,-0.019241299330154504,-0.04806366741127133,-0.027322765062941734,0.006145152172854829,0.009619609190976847,0.013103136859409902,0.025479154318921105,0.016304079276624982,0.010653589388080493,0.3340225449710464
2020-09-09,0.00970825655471863,0.015147547325219168,0.029375567549573933,0.01974735318770504,-0.002688041117634543,0.010082804951262174,0.014408120567269157,0.027480978021102546,0.01774194334636877,0.010430892216380484,0.36593144019612406
2020-09-10,-0.0032231430104036063,-0.013015228730675066,-0.019936752683153425,-0.01736371427971739,0.005082800067631732,0.009398025454065694,0.01474932430432432,0.026591042030829667,0.017942754381191174,0.01051124555223639,0.3712349930046014
2020-09-11,-5.486005292487661e-05,-0.006659965019702008,-0.006939434844754899,0.0005092964818185219,0.0021328212172575522,0.008553087197107604,0.014632755500694322,0.026562722492628695,0.017887692663081982,0.008591896354448186,0.37993136836952657
2020-09-14,0.007892586821005798,0.026349215707468288,0.01741519641758349,0.01317092022007249,-6.0768036874603304e-05,0.0068546002235169235,0.017223250464398338,0.027456709597035993,0.01844224975239585,0.00856914120524538,0.3829709542709281
2020-09-15,-0.0023927480714920346,0.0018945704016404274,0.014173666290385523,0.005052553568069884,-0.002432377712248246,0.006816846330025118,0.017010132038552367,0.027865021178401086,0.018631476913231932,0.008527686665800947,0.3773898775043754
2020-09-16,0.0028345831622316187,0.009454195731357862,-0.015946562840504885,-0.003968912264517677,-0.0029864797764801443,0.006887726868216986,0.016856011858748552,0.026876787807736655,0.018155595977345545,0.00781221476253887,0.317049475553807
2020-09-17,-0.005489995652194879,-0.007298734953958497,-0.015621893887669325,-0.008794937915118206,0.0030565279454601857,0.005651394925033063,0.016603681506426042,0.02618043805715223,0.017005059440221015,0.007164260697965869,0.38908364906816145
2020-09-18,0.0013117087099276947,-0.0026026675753328954,-0.012762868759447654,-0.011512515995586003,-0.003108022242189201,0.004840187484805319,0.013746827644456184,0.022232448784109318,0.014064107576754756,0.007075725213627378,0.3758874048982258
2020-09-21,-0.020087296599797022,-0.035031808227487415,0.002398206220504351,-0.011129906094603959,0.00507419138674603,0.008210484844517233,0.01761257946470997,0.02230409518509671,0.014195483599538462,0.003719689015102777,0.13864550133367887
2020-09-22,-0.004846314367596194,0.0077070128554797,0.018578593022403833,0.010184531370092564,-0.000790800242198797,0.008292952415293812,0.016916388925486067,0.01768036328684267,0.012212346610009592,0.003278681467356382,0.15837708819993876
2020-09-23,-0.021606497297661065,-0.02979227049920785,-0.03053422068730749,-0.023190728346866418,0.0013390377289954625,0.009449460236599067,0.018242796000295113,0.017167360961288954,0.011881365955043782,0.003110052624683225,0.22862403585990215
2020-09-24,0.003718800733685912,0.0,0.004656591420342027,0.0026653509349983118,0.0038300946318881035,0.009807304719951424,0.018062849084926603,0.016526315146574252,0.011177546976503281,0.0029356122491388105,0.2965092888352653
2020-09-25,-0.0028499771605223767,0.01624202480493686,0.023248071868648745,0.016166849635356195,0.0,0.009725920236048085,0.019056062210355006,0.01828076893467695,0.012673793928732137,0.0028894265171231135,0.2963606309568909
2020-09-28,0.01006056066236427,0.024656797801803965,0.02076942470766374,0.016609192254646743,-0.0028459946304215666,0.010043208953327042,0.01878878152195351,0.018651403061818457,0.01314299551275579,0.003066733946897298,0.2610622393052832
2020-09-29,0.008432402483858015,-0.004532777263058119,-0.0045094993013108375,-0.0054458140716246994,0.0011539387186534356,0.0107839593592175,0.018770552815064442,0.018101217728664135,0.013043200389703302,0.0029431223494340857,0.25337081591224686
2020-09-30,-0.006004867330144381,0.0030130893083668564,0.006849107332213,0.007581835584052676,-0.009585433933354204,0.01062716744134701,0.018436807913247397,0.01742881916404977,0.013341919935035343,0.004253068026758096,0.29476694526605796
2020-10-01,0.008920516455577454,0.015955688654401667,0.01587265097233881,0.0064199316405038065,0.0016495248226564563,0.011317533427868334,0.019249894591602,0.016866285298471645,0.013181090431592093,0.004155984371260562,0.34256018626413587
2020-10-02,-0.0008953758525005462,0.0044029890522230275,-0.028131431098421755,-0.009494556383762398,-0.003733820454539072,0.011260758403656332,0.019289819775250818,0.01915461878786856,0.012985043474129536,0.004206890489104015,0.32995924376757335
2020-10-05,0.004872915921881216,0.027608508582493085,0.0213262667499865,0.017733338340728988,-0.019539236635508495,0.009572975670628741,0.016528301230384505,0.020013316435073092,0.013186469226300908,0.00695612876711951,0.3258417394253441
2020-10-06,-0.011760774579356315,-0.00286490751148194,-0.017846860725394875,-0.014216167917481815,0.0053892697881148255,0.010190143729130728,0.01678055331090129,0.02053739001866682,0.014123383384536085,0.0074187714497584,0.31491398317848635
2020-10-07,-0.0004512229536247636,0.02183612409341129,0.017299140834685645,0.017406654145262657,-0.007292837530437413,0.007096572653736592,0.01198270983845937,0.017708275082940296,0.01190327222402857,0.007458874780131981,0.21024508012307264
2020-10-08,0.0035549310375408982,0.011372453896272283,0.005322757209366369,0.008862454854363877,0.005399983147979626,0.007090821179877514,0.011386391457181733,0.0177041073371473,0.01189814509316113,0.0076353152874841165,0.2396575346909407
2020-10-09,0.018161347296547614,0.005189619038064253,0.015280296417513162,0.008930289655232793,-0.00018751661224702953,0.008639435450690847,0.011440250144853815,0.017008221026529782,0.011433030717572297,0.007627517665507453,0.23227169697793962
2020-10-12,-0.002871682500567352,0.006699310057808994,0.030870314263387044,0.01608777687216789,0.0031859474173809854,0.008513442347717321,0.010357919560930054,0.01828600894900815,0.011377480157486687,0.007872053023535781,0.17556362312488946
2020-10-13,-0.015728823528417535,-0.006654727971775798,-3.386442798225531e-05,-0.006526198560394603,0.007160111847397843,0.00986762189829559,0.0106796925942979,0.01804706754354988,0.011496280987397111,0.008382206619552518,0.1990532325977294
2020-10-14,0.003094772946095059,-0.009895715502566405,-0.00835261819352695,-0.006283352201964076,0.002288159709300963,0.009692940541401764,0.012120495518568638,0.018661121377032127,0.012012160553885728,0.00798119477813125,0.1702320075158363
2020-10-15,0.003646120384284801,0.010305188958507516,-0.006711013899169727,-0.0012359017025355135,-0.001727107795506777,0.009332080904946626,0.011803054812905176,0.01858710721915644,0.012076938678527856,0.00794831149514125,0.13909919364867135
2020-10-16,-0.0034652086045857677,-0.0024578182352809064,-0.0054809844492318405,-0.0006042084901749512,-0.0027806674695816103,0.009399579988282402,0.012152099990289685,0.015510597703988653,0.01134997064270995,0.007916279269410102,0.14829836336597157
2020-10-19,0.0005047466985432791,-0.011949758873488592,-0.016324729615190492,-0.015203512975195843,-0.003779945087190262,0.009243270393531133,0.010733364893325487,0.015720638997777127,0.011700437697405544,0.00468117165840377,0.23723807648303202
2020-10-20,0.0048209014703402,0.002181887833065277,0.002149041767287585,0.004005807521197502,-0.009515282799873237,0.008459061259248087,0.010588622237815492,0.014198170802967917,0.01046974778398864,0.0053678277901053235,0.2485352271845655
2020-10-21,0.007531414803434444,-0.008584127975930111,-0.0007735182401840124,-0.0018929075359093162,-0.0034544341854916283,0.008667701997927754,0.008662815846884955,0.01335801388881998,0.009117018172913115,0.0049683611787587605,0.3150081785254741
2020-10-22,-0.009800687777642758,0.01725420759483165,-3.520726784289607e-05,0.005485190920537564,-0.010396771824659146,0.0093876715332594,0.009688352592538424,0.01329918464788121,0.008835730824020388,0.0054300097467994395,0.19652905059315515
2020-10-23,-0.001062475196895396,0.005798032709201317,0.0019706799493528493,0.0033949967588895458,0.00611264348665741,0.007072254013016133,0.009724948003198425,0.012349898925725035,0.008395779497024474,0.0059900581747287015,0.12201162110492128
2020-10-26,-0.0005037860400700644,-0.021585923637206128,-0.014996065618477994,-0.01847960559674544,0.0093030556683118,0.007054634302844215,0.01158299293469035,0.006743264057394117,0.00801681974688676,0.006760777259037705,0.039505895057633286
2020-10-27,0.0026323226696718383,-0.008586392587532132,0.007808618288742908,-0.0034477916039242773,0.0067095304594166905,0.004876127684846655,0.011674632279900541,0.007747960016908171,0.007956564609583997,0.0067039902401778975,0.05903797835375174
2020-10-28,-0.01614344386479838,-0.030787946462451532,-0.0389872526646603,-0.03417850281405921,0.0009342999564883048,0.00712177556613214,0.014598343465732291,0.013527843695196206,0.012602879476556856,0.006649851320665647,0.29883476782669566
2020-10-29,-0.004144728133141373,0.011936543852754555,0.017486592990420657,0.01016312793894647,-0.009707737822776452,0.006958952286079901,0.014794211924545702,0.015615736115038003,0.01358089212782845,0.007219993370368247,0.24594716576855752
2020-10-30,0.004561020978312902,-0.013213863530253223,-0.02536279110802475,-0.010424854020199548,-0.00986542146526237,0.00722425582860124,0.015004362620463436,0.016933682175178936,0.013576694026662135,0.007675671489961342,0.24149966291668834
2020-11-02,0.009704919089013941,0.017832581469781283,0.0022271720124791283,0.011208544510226126,0.007491045720725786,0.008003667861792815,0.016517340580961604,0.016778384938099123,0.01415651701770188,0.008250940182436722,0.33503726004677015
2020-11-03,0.005676996717700833,0.028366267643157084,0.01729762890651676,0.01765619400310592,-0.005802389985599676,0.008068139723710366,0.019241375227643846,0.01811153496605801,0.015542057487963204,0.007913775264305915,0.3473443479803335
2020-11-04,-0.0005588578456844351,0.0011233329702275974,0.04463856317466042,0.022349007136181376,0.02169277058701069,0.007604043501272723,0.01901249641147491,0.02366679248986088,0.01735445974691674,0.010555103424929163,0.41272106631078465
2020-11-05,0.022983923404670703,0.027989014691707226,0.02607111802342299,0.019502752375752497,0.0017377117932311226,0.01004610379329368,0.020303145218604,0.024921423298652223,0.018350808452425434,0.009677698345280882,0.47211297822346887
2020-11-06,0.0014213621387162423,-0.007822442362853677,0.0007469747735429078,-0.0002282404465437926,-0.012084466655078674,0.009983843385923384,0.020467831668377956,0.02493448886258483,0.01835102447240791,0.010659292070241652,0.4825382309593655
2020-11-09,-0.04427097823171633,0.03624244170419444,-0.020433505108616523,0.01256553244283043,-0.02101508803712404,0.017918182623526995,0.021661041211573997,0.025441457246553143,0.017202009653059673,0.012242300648121957,0.3669229172870552
2020-11-10,0.0033127817282887495,0.01857879255022743,-0.017914714771552598,-0.0014666871999181597,-0.005767132410608777,0.017938223851967937,0.021285737430422544,0.026206921944318638,0.017111263447363752,0.01188771165574178,0.3697760445734914
2020-11-11,-0.004326595410341194,-0.0004054170709330007,0.022369505206292217,0.007428809820434479,0.003609280845064289,0.017260813313368227,0.016631054891036036,0.022887030446762407,0.010310336779274558,0.012021389455122369,0.2969209135920502
2020-11-12,0.006060679556170845,-0.015350921499775683,-0.004693540290401366,-0.009701008776788478,0.017017099775967992,0.01732714996862725,0.018756804417957525,0.022801494000293392,0.011835419857097143,0.01326377971581951,0.2413247153044102
2020-11-13,0.006819714153532219,0.02070841867756479,0.00877250115617123,0.013844243525377165,-0.0013246933652548698,0.01740116296509248,0.017231302211878276,0.020247044146015403,0.010276192489340205,0.012847767076485595,0.19000998109513978
2020-11-16,-5.650127239831271e-05,0.02380398947559348,0.007802572190501955,0.01248264179474634,-0.002403331970319611,0.017110152079594324,0.017528822035951415,0.020149756189502814,0.010310108142051681,0.012633497736836745,0.18838599699661512
2020-11-17,-0.0036691725592956637,0.004672719237657663,-0.0031718338322646034,-0.005378161943093929,0.0065279648793203915,0.017002693764909933,0.016858041027087368,0.02019252839875601,0.01083129235714195,0.01265303457175941,0.17297593491254562
2020-11-18,-0.005722348480656891,-0.014008773106762629,-0.007390225047251953,-0.012034673963709386,0.0028969400896308173,0.017058415477274404,0.01844313082654037,0.015379927332627328,0.010923851966954829,0.01039987910027008,0.173223148522401
2020-11-19,-0.0018804594035273237,0.007672136521953199,0.007824407217967844,0.004209851432736,0.005148020581422941,0.014702966586660045,0.01725351912084675,0.013002030623201044,0.009434964957983254,0.01055728808681744,0.0420433442818956
2020-11-20,0.0030257979459697992,0.0010714546137735592,-0.006840445807882345,-0.006847749629079858,0.008870324187322476,0.014780054211026593,0.016597895193915618,0.013134829892675877,0.00984537718164422,0.010126087403675916,0.021125944343049673
2020-11-23,-0.0196938167555728,0.01870456835274048,3.456511558508346e-05,0.00599452791699262,-0.004581486838216797,0.007700405082374233,0.014047835922296312,0.011300314622840578,0.00922529810489248,0.006917150046106377,0.02725938573282709
2020-11-24,-0.015328336846880064,0.018803158552397115,0.014049962960262175,0.016113662134166873,-0.009952479380433421,0.008581403998770701,0.014069354549311158,0.009889042818783682,0.010341656936225496,0.0075994825110305845,0.0018546258652319292
2020-11-25,-0.0004717367343725076,-0.0034200546162591605,0.00614663101023738,-0.0015417600957482458,-0.0030784877723216697,0.008625472958370725,0.014266274516453297,0.0075789046705899,0.01026612373951664,0.0077907770767325565,0.02294185167577334
2020-11-27,-0.010146901518740647,0.004248695405836944,0.009214489415040106,0.0027850858764146835,0.009705203996739131,0.008228223509201726,0.012156918342293724,0.007437218471417177,0.00945039850253928,0.006441956954240889,0.07053791169874454
2020-11-30,-0.006674981596057172,-0.018170021409206538,0.0020397249696471054,-0.004427018730262411,-0.001248248048708711,0.007164612040072906,0.01382378451154445,0.007223054508855776,0.008860704607373485,0.006438697918962511,0.030758067519209686
2020-12-01,0.0210595460814611,0.009280742251470464,0.012816632722948418,0.01093738105007036,-0.014744177241335588,0.011140027812566164,0.012221476859260512,0.007750491839282279,0.008651844193511954,0.00815699663397371,0.02744619967345745
2020-12-02,0.00752153069206285,0.0010399334627271273,0.0012850615790642728,0.0021038704186107093,-0.007936692212996421,0.011718462826037564,0.01221643905067305,0.007448216860411249,0.008359371162620335,0.008144275878829802,0.03685928482074687
2020-12-03,0.007873502810363364,0.005631910885703029,0.0014152328636394262,-0.0002730967322012168,0.008064295468622085,0.012127323359418449,0.010754816281635101,0.006411069196306441,0.0069092571126617725,0.008604611276663395,0.0009678658230020786
2020-12-04,-0.002835427586930339,0.02327089874147359,0.004074974652908958,0.008617662883541266,-0.014665969472871687,0.012134658524971191,0.012289903721967975,0.006323490338327235,0.007138513024350803,0.009291759135585392,-0.029486009918515393
2020-12-07,0.014914066598165077,0.0009563585040226474,0.0056626354524336175,-0.002054823498131686,0.009020733560812344,0.013172572792499991,0.012295132980673194,0.004931761834223975,0.006511374695250942,0.009313128507411023,-0.0008576444952678508
2020-12-08,0.003487910186290799,0.012846361641394743,0.003384697056710406,0.002926542947197408,0.00472483174231364,0.011302738847993357,0.01175194082264058,0.004609360966304809,0.0064699690340270805,0.009591870910352041,0.01876570731621302
2020-12-09,-0.017094017094017144,-0.007284826770575736,-0.022641041499543824,-0.008968988974692893,-0.003304808730812181,0.011612031324982855,0.011346663689505765,0.009502987843861466,0.00587974299750978,0.009202806922113727,0.2507324314445124
2020-12-10,-0.001913054093070632,0.009661534123868387,0.004015730854974864,-0.00032721634193544347,0.008863786911322613,0.011651733470705533,0.01129873761155368,0.009431767552374019,0.005833527391054267,0.00971373178222668,0.2556912135360495
2020-12-11,0.0018586706605219216,-0.004915301912951198,-0.0022146077997502456,-0.001172455272192563,0.003540002463328973,0.010898870694906963,0.01165566896026132,0.00916620921392748,0.005843148966623404,0.009200684874672465,0.2731095895265565
2020-12-14,-0.005507636250083436,0.0011700870643320815,0.007255431853769423,-0.0044775395132606866,-0.0027715394895974077,0.010791599348015277,0.009015430469632867,0.009378885654976516,0.005848128893536091,0.009222093082027542,0.2550064403022644
2020-12-15,0.013990959829817351,0.025009287344170295,0.010689315558650048,0.01351969541860365,-0.0033474091889729163,0.00964300247249018,0.010972669867437987,0.00911421084985724,0.006381557586999071,0.007938937462401414,0.35101393488626825
2020-12-16,0.005519095329445722,-0.0035956378188828353,0.005499570517239816,0.0015695699178255307,-0.002661843642435713,0.009541156155439644,0.011332197984446965,0.009210746648795145,0.006373421050515847,0.007499963076348075,0.34427690982740594
2020-12-17,0.010520363984510617,0.011908298126047212,0.006537503144058432,0.005591756333416686,-0.0026460481755434806,0.009755598131330744,0.011465643062930138,0.009333880061433788,0.006518006907503632,0.007092459737663766,0.34372835131548246
2020-12-18,-0.0016974258370123785,-0.004839446381834089,-0.0030222648846772726,-0.0039927688171641496,-0.002997476478667438,0.009695565940276808,0.010403471594076516,0.009446847356058333,0.006205125780784178,0.005170280103702585,0.47077963750051977
2020-12-21,-0.003173869592184575,-0.0005122107669071063,-0.001870629633192622,-0.0035756969156722773,0.003966166845879693,0.00874369839189912,0.010462843597628533,0.009379626223801485,0.006286310701824186,0.004483305699813801,0.47583852645772984
2020-12-22,-0.007903112071065643,0.011370743798572391,0.002718990907077945,-0.001685451103841551,0.005160846785020823,0.009061746180554045,0.01033295163202201,0.009361299023689196,0.0062255428284885,0.004532574296024722,0.4256942373394774
2020-12-23,0.00664787877129025,0.008507955134199552,-0.00503632558315914,0.0008986911063308956,-0.006909115519780573,0.007151531858145154,0.009634233184517135,0.005227348584326393,0.005440478781014803,0.0049794417779104915,0.2641234229960111
2020-12-24,0.003985267471422693,-0.0006528349677216161,0.004412786452033357,0.003890388072196105,0.0039569952744276105,0.00705065782633077,0.009676543345456149,0.005241988986968555,0.005520500687368131,0.004190341907904062,0.2512689684304337
2020-12-28,-0.003629142996869339,-0.0037183650895266096,0.010079058461339274,0.008590701018870384,0.00044521384457985036,0.0073084085980031155,0.009555920761424213,0.005451620966837603,0.00593057098378765,0.003969670871233127,0.21290462782741137
2020-12-29,0.003642361648136694,-0.019367729108232257,0.0008951637852410155,-0.0019076638496781095,-0.0012711210033399256,0.006839096563549096,0.01218739881060939,0.005364464928829106,0.0056669281004529575,0.0039140159746313885,0.21743689593021115
2020-12-30,0.007655178894261816,0.010183705273075994,3.2113579307324613e-05,0.0014268353327602235,0.002163790726883885,0.005917548669018103,0.009801059776170212,0.004705169576592696,0.004069398683040721,0.0038767611022913397,0.11719499339886708
2020-12-31,0.003714145601823482,-0.0017819426517796666,0.002460222588126948,0.005080743620657691,0.0014600300252989307,0.005830479724567961,0.009724521532078038,0.004551411866981271,0.0042631368280035544,0.0037898134507013495,0.12808571810461716
2021-01-04,0.022258360658879317,-0.013057088158316965,-0.014120071259050015,-0.013613928607889902,-0.0012041393212243179,0.008370162097980628,0.009848089741214969,0.00642470473606282,0.006107828427184478,0.00368999458040459,0.030209168522362363
2021-01-05,0.0029616260665272787,0.015452103227083347,0.008244269941480864,0.006887345502512021,-0.007427233810498812,0.008198266253195656,0.011072056147690003,0.0068751400947910145,0.006377412186951443,0.004358749128488795,-0.05282748575628712
2021-01-06,-0.01624105266038789,0.04091827899642153,-0.013852408488592038,0.005978566627524717,-0.020527985006615346,0.010198179565234876,0.016840677641739223,0.00828767849532932,0.0063981070998118065,0.007588970166348058,-0.06589021137049231
2021-01-07,-0.00233462025122122,0.01779678827435016,0.024192049476821076,0.014857458589762285,-0.008814256384185648,0.009719392303521854,0.017237797022986265,0.011391106985295728,0.007509420351266656,0.007320832479166493,-0.06209805303571507
2021-01-08,-0.03420993723985433,-0.002161685465209451,0.012858075870355368,0.005697735746331478,-0.0032282968531138767,0.015068678734312274,0.017355785948886857,0.01161331261058965,0.007498715219674854,0.007239941632455698,-0.0493590311788083
2021-01-11,-0.0019614419353504164,-0.000866594101445628,-0.014450029696089883,-0.006740905399051034,-0.0016516821394753078,0.01495737239965898,0.01736277766897484,0.01291153807608827,0.008188831374207782,0.006807143997616418,-0.04722165838217822
2021-01-12,0.006473960214956609,0.017924314090896898,-0.001590331392458455,0.0002113163112520411,-0.0007942639168787569,0.015161003743422096,0.017594068339612336,0.01258670613985543,0.007935427240386655,0.006727920836435562,-0.04284127720717286
2021-01-13,-0.004307374345463466,-0.007147660079629858,0.0067532415559468095,0.0026929177090406764,0.011261815284062449,0.015110282459656945,0.015944519247486078,0.0127441901886889,0.007830040129142185,0.00830260649010046,-0.04364694069147403
2021-01-14,-0.0005190998467168306,0.019976155859844358,-0.00534747135460667,-0.003501981993239922,-0.009367889166433718,0.01477132473516214,0.01640625087895678,0.012904590904099964,0.00803977975094983,0.008325606536079394,-0.05375785449923446
2021-01-15,-0.012407628760563338,-0.0149104761415223,-0.007921058179278573,-0.0072926470029668344,0.003967964521728984,0.014907021421386018,0.017804404978655756,0.013146005699726739,0.008414471534879467,0.008544241023294104,-0.03724611246619849
2021-01-19,0.00847307255811236,0.01281125349162382,0.014590201890124721,0.007852036543351426,0.0032276194766132082,0.012676550342995705,0.016320526001981032,0.01298066586607608,0.007033614524513511,0.008803608335396475,0.07211521608583885
2021-01-20,0.016282289539807593,0.0044039419473973496,0.023260446887403807,0.013838676240348846,0.0009846599070655326,0.014255246124216393,0.016282785126312396,0.01451629524153045,0.007799199956854442,0.008771011885814667,0.11685941681176126
2021-01-21,-0.0006271772092728556,-0.008675955254981105,0.007999750892948798,0.0009115930504615122,-0.007018147819702225,0.013615389314839205,0.012567201348392884,0.013134478625200835,0.0077746821651313285,0.006406366857411304,0.18212070855792928
2021-01-22,-0.007873145210082533,0.011621852345238715,-0.0028802971411919787,-0.0035394706157260147,0.0032365537999548,0.013719541751758801,0.011945662130480072,0.011686249740941667,0.006723996138378217,0.0059178628965386795,0.2007615138932115
2021-01-25,0.0008626173693986328,-0.0009768553651563483,0.008266097140346096,0.0039437441800316275,0.01178523322733005,0.008277337512556231,0.011891250679323895,0.011355678297894065,0.006610124595722902,0.006825299765190609,0.3161068904007125
2021-01-26,-0.0024705999829396363,-0.006936755301311215,0.0014630027528459433,-0.001560819644856326,-0.0018863161743831736,0.008295294458738696,0.012282647202381845,0.009645370326580922,0.006136229527705382,0.00683797106762577,0.32221099814397053
2021-01-27,-0.006335623059913753,-0.018330831105944023,-0.027876590318506755,-0.024440645904966418,0.0025422783946147387,0.008240041520195546,0.012669936627639981,0.014052348976265441,0.010231985128198532,0.006792684025241745,0.3652303977760829
2021-01-28,0.0009273614616172043,-0.0032000788396119306,0.005916737966684016,0.008600382941524654,-0.005527527573940816,0.008164914103443143,0.012511263493925395,0.014022248104165387,0.010638385404292502,0.006269036989764372,0.3557437400978999
2021-01-29,-0.0004053281700162614,-0.015139963422718616,-0.021038108889663287,-0.020019445606853425,-0.0060164183176464325,0.008164760656435817,0.01098494294302604,0.015683762320341806,0.012304771430964692,0.0057708153681097826,0.4685097574121807
2021-02-01,0.009385291185094458,0.024567204548512134,0.024987274823280226,0.016645339361350597,0.0011590855682177548,0.00746986118654399,0.01342451832325751,0.01717696110750119,0.013470836572597598,0.005651997238172786,0.5232820503703984
2021-02-02,-0.012167796413785958,0.014244147943795582,0.016314300631999012,0.014140389004301257,-0.006446972546178986,0.008239858416041208,0.013582996855087976,0.017309136357256397,0.014002802788067675,0.0059076597282438185,0.39534898373511895
2021-02-03,-0.0015106298641213156,0.002996120449871631,-0.003967576955369867,0.0007861330974079372,-0.008873127513068457,0.005849485912234747,0.013541327743724182,0.01596976751608697,0.013245625662983436,0.00639425540952194,0.3473576176573037
2021-02-04,-0.021530474690833024,0.020396921180137362,0.011826586508274506,0.011365817984892113,-0.002672532191570598,0.008451886159266004,0.014550925869125996,0.0162024667317814,0.013767588790572714,0.006135440107451045,0.2632112617133933
2021-02-05,0.009872160109213546,0.013859624569147577,0.0033915920244425024,0.003935938864315425,-0.008373851110674235,0.009385712636045533,0.014715821760947266,0.016143905744604392,0.013721196428067921,0.006284626277735131,0.26115422314557396
2021-02-08,0.010070118005137685,0.02553555364072868,0.006699595317297247,0.007221899894378714,0.004391497513989373,0.010154644254297303,0.01620321813535644,0.01608306053909093,0.013829058738873011,0.004648141566815012,0.3183981272139832
2021-02-09,0.0032649110578624185,0.004707418906995553,-0.00020976969396602207,-0.0006657609001862186,0.0007399398824039505,0.01025002260991212,0.015593187194329745,0.01609532221849585,0.013808724045583852,0.004800452338737838,0.32347205044261723
2021-02-10,0.0036611162023989507,-0.006567948809186208,-0.002278757661778763,-0.0004356723072699298,0.006653468724787448,0.010141725512755367,0.013815390503209924,0.012525350220984598,0.010418971953253552,0.005451025331436542,0.30997304621398913
2021-02-11,-0.008685078696598514,-0.0011461716725666982,0.005499801505387758,0.0016150131799013145,-0.005474604177773679,0.010509435321633141,0.013642251713363342,0.01251956083441365,0.010321715574424403,0.005447780444496166,0.33557664758230044
2021-02-12,-0.0030372306060941767,0.0028244019652283736,0.005589028082660263,0.004939760121711156,-0.012419362836085024,0.010531259075200437,0.011163683650958874,0.008874739346516844,0.0062137937352852385,0.006228468245608017,0.27705369698879684
2021-02-16,-0.014353488272303538,-0.006292477711398847,-0.0027047702438867116,-0.0008661238083014222,-0.01522676251182542,0.01058855790157774,0.01099700562177197,0.006590468459506655,0.005260717471246111,0.007072452181992934,0.2472461364591368
2021-02-17,-0.011352850687983307,-0.007837796497145888,-0.0047982979488149224,0.00022941060584913409,0.006350194075281479,0.010516828101985586,0.01159401679297107,0.005505331388569202,0.00403846904384273,0.007850349283174143,0.2679623232442485
2021-02-18,-6.0088418961767864e-05,-0.015486901633742889,-0.0043722360798685855,-0.004255791060770342,-0.004046601909348024,0.010555105764776205,0.013273580650959479,0.005554557819859557,0.004595855552664458,0.007627865767780764,0.2630783528016738
2021-02-19,0.004148551901348441,0.02085310919855221,-0.004361301853515465,-0.0017660378957744527,-0.01329183062095518,0.008534381544746554,0.013340631308602717,0.004606558939743401,0.0034547543369576232,0.00828673405536567,0.3373284137539338
2021-02-22,0.014969164015496528,-0.006483392805128774,-0.02591990141619338,-0.00769174839434883,-0.007608550480638909,0.009346043936121805,0.013056277711079114,0.009308280397326717,0.004225770733821527,0.008246002189033553,0.2076333363984617
2021-02-23,-0.0023007456922117253,-0.008805143189561604,-0.0029770685654033624,0.0012144677641345858,-0.002883558860623525,0.008636598372705343,0.01006171619769592,0.008707818041848057,0.0034060707881105913,0.007728760030516539,-0.00890031187488595
2021-02-24,-0.0007095264939214196,0.023628949282319178,0.008242842283407992,0.011019240180842216,-0.006559987575955328,0.008489570954339715,0.01292379589765572,0.009457219192978577,0.00505186785261353,0.0074969483046396215,0.05081514274128707
2021-02-25,-0.018816524708764826,-0.03696017519749972,-0.03486250959760406,-0.02409590537593609,-0.01633025274631339,0.009770290437542274,0.017325226694225194,0.013848337402900212,0.009268073067241608,0.006870743018707549,0.4012574366974107
2021-02-26,-0.024182906697045592,-0.0013722515207580388,0.004187744522284209,-0.00515230077643869,0.03305906158574934,0.011642334251279031,0.017321858735049864,0.013732306774312001,0.009224525895281343,0.01466861659654247,0.3018668275135569
2021-03-01,-0.0017304170540851649,0.03554570654355982,0.030082166882202444,0.024239837722354052,-0.013207693111120355,0.01168118660037221,0.021302110007399164,0.017683935111010515,0.012444307604540766,0.014721537336779866,0.2869498042789336
2021-03-02,0.005447934683729505,-0.01924191076400872,-0.01603877592874292,-0.0078030466186435055,7.102005012082913e-05,0.011680439817127521,0.02208466432705192,0.01809444493365069,0.012645540957654588,0.014208239255580978,0.2536716739345378
2021-03-03,-0.011021541189334294,-0.01082453856745591,-0.029020174309251523,-0.013245708852111071,-0.010845950977679486,0.0116560049911202,0.022198063152649397,0.01961002891732778,0.013159401195219834,0.014065412877547747,0.2918919636682638
2021-03-04,-0.009836893780889033,-0.02794991325286389,-0.016367112903943437,-0.012374750115541677,-0.00644944431819916,0.011751979992761362,0.023363985106857582,0.019763434560892953,0.013508207987808048,0.014083688654682914,0.3113398105865466
2021-03-05,0.0006288110395962221,0.021201675306852907,0.015060629814728221,0.018396491149737182,0.0019472659032959694,0.01151776639040386,0.0234040180018549,0.021143674172386943,0.015204850181678305,0.01383753558295248,0.35715608807351645
2021-03-08,-0.010368190918767173,0.004731072219883226,-0.028313690337803177,-0.004978670185680323,-0.0077744960760586235,0.009262734095899049,0.02349378128670045,0.021396717086225033,0.015106960424401733,0.013843933284070737,0.40688149414887376
2021-03-09,0.02127113294736649,0.021029328254312585,0.03944114383149544,0.014277562948887823,0.013857548104847961,0.012941832932526235,0.024410671355335315,0.025993784234058664,0.01589088445386498,0.014823375489411449,0.5145101807086964
2021-03-10,0.005098279923459348,0.017372838125214063,-0.002854611743790314,0.006224295032140281,0.0020038173829897143,0.013278308740046079,0.023839158129319325,0.025707218299203756,0.015591921260502448,0.014727873058907987,0.5285085565197094
2021-03-11,-0.000866011298261804,0.022005169271764657,0.0230313827265336,0.010139275094793732,-0.007213600821350585,0.01228139572477669,0.02066553694224773,0.024439395869913175,0.013432360284177011,0.013888163533573304,0.405504156112389
2021-03-12,-0.00018572795011984056,0.005899502873182083,-0.008112473745556237,0.0013468154027971302,-0.02122131568724872,0.009648268799389431,0.020494769388095385,0.024621481971671872,0.013149837157849398,0.00976316945289,0.5630878148714481
2021-03-15,0.004396503999798185,0.0035533222299368727,0.010682848691950575,0.005963677945509005,0.0058798474838333,0.009731378912170272,0.017868384913122707,0.022740843052213917,0.01107177622453514,0.009820563052674041,0.655068188704816
2021-03-16,0.0009248406787658592,-0.016722299816895547,0.005488925218380736,-0.0012613803810125335,-0.0040186407916869005,0.009577497174266685,0.0175221304907024,0.022197685183359323,0.010625979645266058,0.009764637902920661,0.6805691798230747
2021-03-17,0.00714498527693741,0.007852507041423484,0.0041176602558983255,0.003409781375504961,-0.007483237292717715,0.008956565192474505,0.01674087117628332,0.019549696235881788,0.009086434565855247,0.00953427878182535,0.627673032582923
2021-03-18,-0.005810023730399405,-0.030433388527371763,-0.030630435319231597,-0.014549670539670045,-0.010126427923941361,0.00845042297570971,0.017307606962997327,0.021628229563777503,0.009539692957605306,0.009748562511790857,0.6485360342626281
2021-03-19,0.004183119739068708,0.007547440748425727,0.0035249915377859597,-0.0018502030760448873,0.006197963290640152,0.008450646827255291,0.016462256964972666,0.02120459552326489,0.00817072371258185,0.010094871733556394,0.653630270478674
2021-03-22,-0.0014702614866924923,-0.0075350138459148175,0.018753275331444774,0.007984859956095436,0.011205756371405862,0.007330092309507285,0.01687695868249815,0.018918106853101975,0.007989387062979907,0.01085129527559758,0.6156798421574455
2021-03-23,-0.007300628474884996,-0.03627391448481576,-0.004362657080956844,-0.0078706285653376,0.009026972443516357,0.00472568179815223,0.019604503151228206,0.015086457850413244,0.007629399662351572,0.010199827358261422,0.4238768407306958
2021-03-24,0.0034608341081703298,-0.023127332536437728,-0.016865372382497856,-0.005083568921630088,0.0053820202222893965,0.004579034700873295,0.01918192300177838,0.01619363363298026,0.007599356085179511,0.010385772896029639,0.37958582759257486
2021-03-25,-0.003633653726877295,0.023709952365324805,-0.0017315618484704531,0.005625746385407027,-0.007885406921463667,0.004747794865150701,0.019471013065203255,0.014139036567782958,0.0070313592448271785,0.010430802907527887,0.36326408482028666
2021-03-26,0.0028434090575977233,0.018231268230523234,0.015000121407484635,0.016114938532679535,-0.0034997925326119006,0.004818609296613434,0.020699085095979362,0.014882631100207775,0.0088165876715091,0.007859462776581732,0.37871441599819244
2021-03-29,-0.011896005111092234,-0.028149034180531052,-0.0002845902471210193,-0.000505256165614365,-0.008488561876253353,0.0059633558201303,0.02159735128311809,0.014437947247386512,0.008635012645748829,0.008070690920649343,0.3643089423246524
2021-03-30,-0.017091823816998808,0.01683744984202562,-0.005033130889403603,-0.002653073839578801,0.005240170643869835,0.007726138301029837,0.022752514576188626,0.014319809678501182,0.008672342859792223,0.00821180860624021,0.30262522336456976
2021-03-31,0.015167857324082767,0.013439701446256613,0.015303012521435955,0.00405345119923628,-0.005580016898135476,0.009172802150311132,0.023171591071407403,0.015236663763278164,0.008702285849058461,0.008040478237225339,0.3154294683873923
2021-04-01,0.012628087827510459,0.012673132667971876,0.017046426839760098,0.010798984510331344,0.01659728168590724,0.01015675129410379,0.02179539465278695,0.011901335871932409,0.0075705308603795035,0.00866334607121905,0.3156220326693323
2021-04-05,-0.0003704010382533651,0.0054973020662119065,0.01996482191092408,0.014353328932279474,-0.00436338728659913,0.01003422025243178,0.021723270004343487,0.012901157635573634,0.008205036268627728,0.008847539882956163,0.29566455250989476
2021-04-06,0.00802867506459215,-0.0029334102106266524,-0.0006948120667432667,-0.0005907720588882448,0.006792694459869519,0.010403004063728974,0.021605393871244504,0.012173357845458276,0.008223138639637083,0.008424170051149614,0.2789132609932803
2021-04-07,-0.002818323186048577,-0.016138477677581364,0.0024180304553125254,0.0011573624999030585,-0.006964349515494406,0.010137887616815014,0.0185760584160719,0.011850619856376006,0.007287683239474957,0.00831618791392457,0.31581432316493513
2021-04-08,0.01075202788807239,0.008473538659806934,0.010433686697309597,0.004746836454527781,0.008255253053836675,0.010614923239847045,0.016384394936965637,0.009234410867020062,0.006497388088728134,0.008578913060693793,0.3681535802873118
2021-04-09,-0.00753747660190629,0.00013460920033581125,0.006058278245878679,0.007270171317538265,-0.003622865982942036,0.010887309525191114,0.015062112253112495,0.008706792988094991,0.00652700477209107,0.008242301264148932,0.40948319041240555
2021-04-12,-0.006063609158189043,-0.003908580167046649,-0.0013051862707468276,0.00036446158459613187,-0.00043620447255665606,0.011079715271437208,0.014141983791808017,0.008781062466570438,0.00549246948741155,0.008135980133482866,0.4393929954942185
2021-04-13,0.007086479573175097,-0.0026157506043054113,0.011673423647114767,0.002963881093055898,0.0074936085394465834,0.010405538915912099,0.010104879395527032,0.008583012219476813,0.005289136257018556,0.007677915763932593,0.3288655271618187
2021-04-14,-0.004344315528953313,0.009858111140737869,-0.01200868637063135,-0.0034150897278488745,-0.003177801340089159,0.00839667228408247,0.009259842403368539,0.009904335023092247,0.00540382967230236,0.007785477536427122,0.40691175737952634
2021-04-15,0.016162763416190717,0.00434343085356681,0.015155581261922624,0.010742157965683674,0.016734716258643978,0.008557883501081012,0.008473510335958825,0.009890518613987048,0.005788059296299641,0.008677710804757868,0.5058795337492468
2021-04-16,0.006047777218550321,0.0016050102920150966,0.001170919759674982,0.0033425603676480176,-0.0077663369119984615,0.008000228012916838,0.007527542173287419,0.009334820577726827,0.00540241444168957,0.008062311531325157,0.3822501543088851
2021-04-19,-0.0027652942409929215,-0.01299791486139068,-0.00915160277551752,-0.004913082786200285,-0.0028721384828175323,0.008136845867652146,0.008369637234657905,0.00877170383001373,0.004730625123464015,0.007959163223632047,0.5281055040209534
2021-04-20,0.0035565515706876827,-0.02047538404767224,-0.007288713259424928,-0.007321501859777424,0.0046085189954767625,0.007916373752975952,0.010331046891815257,0.00926223072922833,0.005570790666687748,0.007824900445870118,0.5154620095425527
2021-04-21,0.009911155680072392,0.024448588512340663,0.008561178105829237,0.009462180443802426,0.0020073599205854276,0.00807597242924741,0.01243035068808877,0.009514289238982062,0.006108179199793944,0.007276711564630398,0.5352472120109125
2021-04-22,-0.006483147356353358,-0.004134908714909402,-0.012054683225619534,-0.009133213084540848,0.004364225090140117,0.008143133327284537,0.01221282714169069,0.010029772075814056,0.007007359969720357,0.0070115361236617515,0.4857134470969292
2021-04-23,-0.003831414124593202,0.01886460791474187,0.012589373151535632,0.010842393156735186,-0.0023506905415686674,0.007758485963584797,0.01365110020987977,0.010655370631321846,0.007443601739599078,0.006914424136274991,0.47272505090343164
2021-04-26,0.002644245538133694,0.010409538414965391,0.006510813280536043,0.002087574600367459,-0.0014282117707773434,0.00723277090245352,0.013771289541286853,0.01077514685818944,0.007439649626634463,0.006958015098957413,0.4616786642816545
2021-04-27,-0.002517371003141977,0.001490174922009757,-0.004331929756262398,-0.00021527002812593565,-0.008723081449767855,0.007237746078401475,0.013648212128348205,0.01027583103287623,0.0074364450847601285,0.0073521830988759395,0.481215908552269
2021-04-28,0.002944390689552989,0.0017072050738231592,-0.0033804744357268657,-0.00028745164622090424,0.0006493226087727066,0.006905343175348674,0.013457827606245386,0.00949603249740374,0.007287491327087952,0.007259330518022804,0.49570135364134327
2021-04-29,-0.004133978948338446,-0.003714224307491576,0.00359846630756655,0.00637269099800486,-0.0029554157305705653,0.005249497854068003,0.01357761000134565,0.008161265312386465,0.006782658995799295,0.004530949674887779,0.2898245210163053
2021-04-30,-0.0033690142851713345,-0.013597261262057292,-0.006554510157960269,-0.00657056049199034,0.002313351383126383,0.004989335575155885,0.01441706547649293,0.008361574371288259,0.007122020721233588,0.0040661829828567845,0.3073296137231759
2021-05-03,0.012978352341882271,0.0048913296251444915,-0.005325665093297793,0.002156790796197683,0.0005999893090047337,0.0064358271009284755,0.013688947667268287,0.00803597245366461,0.006924721235810729,0.003982686352807447,0.23150478206605968
2021-05-04,-0.007329692780131181,-0.011947311235353753,-0.017995772451329772,-0.006169385209588207,0.006785725217451244,0.00689183454905818,0.012332367445083564,0.00956853794137064,0.0067838566492394855,0.004313904915018451,0.2559674702227793
2021-05-05,0.004142168530566259,-0.003985892868412222,-0.0033622108291559982,0.00031276446420336335,0.0016492916770001198,0.006182533883035225,0.009818894504142158,0.008844133126678705,0.006073786155723019,0.004298013054815079,0.13773149465541482
2021-05-06,0.01667957921247054,0.0008541785983007255,0.007537323158237852,0.007985620927801751,0.0016464503096897953,0.007813776290483887,0.009711710921603186,0.008792880906332021,0.005628635418640687,0.004078038779580832,0.19955422055762861
2021-05-07,0.00899681760120985,0.012579190101057902,0.008114322848560063,0.007278098132179389,-0.004931357377417789,0.007835738182284743,0.008521336347642622,0.008107544087061573,0.0050667721387708696,0.004305865113637166,0.24462930609893233
2021-05-10,0.0030305045955998366,-0.025422419092678394,-0.025254184838816585,-0.009902297790276293,-0.010126779407110154,0.00783417436214217,0.010820025406784775,0.010485822878182192,0.006159250592979311,0.005293239338031653,0.4189861175582851
2021-05-11,0.000174300035968189,-0.0031867814594822574,-0.001381473750458051,-0.008924978839818798,-0.005660126306982205,0.007662476389412011,0.010670098268147828,0.010538565078652513,0.0067915332948091005,0.004889813729456686,0.4164955352226419
2021-05-12,-0.009933813872024522,-0.03247186848186301,-0.025882998636864052,-0.02124515892454104,-0.010507689413309262,0.00875412438813851,0.013635975323843376,0.01251388923940739,0.009368961087430199,0.005679931257207492,0.5924205898625955
2021-05-13,0.004107329913244362,0.01840931408553992,0.007731446488337346,0.012012625939434418,0.0015483810490797278,0.008483313678833699,0.01593703991245706,0.012950629092516293,0.010126359745011965,0.005783819839424342,0.6319753044366088
2021-05-14,0.009115862292308208,0.024426376269754524,0.022076662362735533,0.015355222863195683,0.009351290348018404,0.008368318571970871,0.018143899148258775,0.0157377067544536,0.011394809708385977,0.006680796524512907,0.7095693737185427
2021-05-17,0.011639321781340195,0.0013575163264563095,-0.006066195249779249,-0.0025445483134275415,-0.002115435919786801,0.008221605714577895,0.018037842056831357,0.015749647006123867,0.011387690010439648,0.006665309431457663,0.7026231893358162
2021-05-18,0.001946172546249958,-0.007590706049146134,-0.006750853392802014,-0.008615564140512455,-0.002558164010509123,0.007260629664102062,0.017820553661492197,0.01497811623307623,0.011546165659746936,0.006041577214099036,0.7909695845457941
2021-05-19,0.000685616890880425,-0.0076946972708418215,0.0011484138756276963,-0.002621871931221653,-0.002418676638445416,0.007386651579524614,0.017916303003693037,0.0150112522153255,0.011551219631799505,0.00589088320235707,0.7943223829724285
2021-05-20,0.004567270124640199,0.006652935835395946,0.019343312758782316,0.010757982094701912,0.008228463166302102,0.00606948293369846,0.0181072367918425,0.016246958786968326,0.011824147952381047,0.006724032608427643,0.7869162711241351
2021-05-21,0.0004545724551812125,0.0025982374862338897,-0.005534783081089012,-0.0008185787570089698,0.003206273890492106,0.005794293369750127,0.01752321669656222,0.01599631978690936,0.011478258846871483,0.006810822398609289,0.7941409947784008
2021-05-24,0.001761036294059215,0.006500627733101005,0.01681896685270745,0.010194224663814477,0.003704605605426181,0.005797200925949578,0.015648810365077422,0.014697405099914154,0.011632051671246982,0.006147281341207852,0.8080008565260108
2021-05-25,0.009072814229376336,-0.009665654359682141,0.0013835229081715639,-0.002218787345052653,0.009263065076510424,0.006084597175348015,0.01596768375086601,0.014649511664787753,0.011223742562079943,0.0063535179704016865,0.7508349061523685
2021-05-26,-0.0017420486873281904,0.018653570892999793,0.0034838915469892484,0.00198446113948747,-0.0017209863270308823,0.004423384509136226,0.01202343185805126,0.010775012320947505,0.00806036164912366,0.004910597553185673,0.4428778171335853
2021-05-27,0.00039409662496781017,0.010297823184530763,-0.0037409444107996404,0.0005251748218135788,-0.004022263278636085,0.004581403484917117,0.011297301483058892,0.01110069450213908,0.007486530011776596,0.005345980628661516,0.4480482296163255
2021-05-28,0.003770176937892389,-0.0006647594444233462,0.0031539894277134994,0.0017886399858166868,-0.0015864456173102504,0.004185631755874634,0.00893189582628578,0.009161235749948511,0.005898503541583531,0.004785183613197696,0.23657394965473025
2021-06-01,-0.0026909461441234628,0.01135245021545872,-0.003323863196046828,-0.0008808501642776356,-0.00022421426564533942,0.0033697115327181713,0.009393763882902258,0.008920049080067256,0.005815210956301987,0.004684778277258698,0.285992386531967
2021-06-02,0.004890446350902078,0.001184035780543491,0.0019530911298013542,0.0015724201637357105,0.002314694281311036,0.0035075854486788286,0.008672103327953234,0.008310245249457563,0.004733403389417935,0.004501773456043521,0.22826669902287838
2021-06-03,-0.019578228541437537,-0.008365189697801978,-0.010406089389011441,-0.0037111950816481887,-0.0037533246403712583,0.007733562601348861,0.008773888509578219,0.009400435822987194,0.00486306911272041,0.00465382287094944,0.39811767885559657
2021-06-04,0.010783359066451448,0.004328235260149915,0.016969798359481647,0.009146015281322972,0.013694820967598886,0.008358036227431266,0.00872214554423583,0.008941421034040373,0.004554465429107863,0.005724487788916898,0.43184583843602303
2021-06-07,0.0040076283608136976,0.01341263727730202,0.0029798153750097978,-0.0009702307527015286,-0.0030738937516353593,0.008421182010106124,0.009236384079306279,0.008532215006299037,0.004564240589938593,0.005928965277909047,0.4167104671258812
2021-06-08,-0.0030920774052216604,0.010587759328659185,0.00047563728780142256,0.00021308859568147653,0.0070265980484109924,0.008516037867674551,0.009413480244813519,0.007004025440459535,0.0034712389436654546,0.006157393735762588,0.43510546142102074
2021-06-09,-0.0019175027218333307,-0.006655311912428186,0.0002374261478004236,-0.001491994838337951,0.008829200802764614,0.007991457137200219,0.00892379024505022,0.007011750260931529,0.0034093493941246104,0.006100162723975111,0.47878022720183167
2021-06-10,0.004294325821970535,-0.007415921893949018,0.010420151978126624,0.004648415022008079,0.005998913022968511,0.00811569786965234,0.008419682542167638,0.0075848315287383805,0.003608895403031536,0.006100802448917964,0.44792823772775436
2021-06-11,-0.011252390785353672,0.010554688424821546,0.002615107107414083,0.0016525928727360029,-0.001613547749833355,0.008867443951098376,0.008445429772503597,0.007324050208059709,0.0036071095841205395,0.005856439605111673,0.43936253273948206
2021-06-14,-0.005860923791407013,-0.0029345714455840666,0.009582682487419891,0.0022389237974169696,-0.007659522517768025,0.008805110615016893,0.008579288667746921,0.007661467582618557,0.003618113793749866,0.0066222113270070476,0.40596046678408754
2021-06-15,-0.0037777095572453234,-0.002857047776366084,-0.006530888217732844,-0.0018341998822530847,-0.0012039994108180574,0.008820708019320136,0.008134695689601373,0.008021259049640577,0.003692060782455273,0.006668394365688788,0.4480288328604667
2021-06-16,-0.016891711518855712,-0.002127026161911072,-0.003652540345751354,-0.005583433945055671,-0.0008506578428938427,0.00954832478036515,0.00820179920691834,0.008280994014906595,0.004251406648903757,0.006729595528877757,0.4737662157710544
2021-06-17,-0.030740427140865334,-0.011223766898017407,0.01269774720147887,-0.00033166232172865406,0.014971772778015868,0.011893556827575822,0.008598971019959432,0.007541668110719192,0.0040132176147863316,0.007582491849362717,0.22587315304770494
2021-06-18,-0.005547261946798776,-0.022702197741962693,-0.007847496057722503,-0.013490176681677402,0.018806300612908444,0.010451478057922903,0.01115408845906874,0.007080579367272586,0.0050205356186308996,0.008459306095368027,0.00268111186798749
2021-06-21,0.012247646651096789,0.021383686587561623,0.006215267421287418,0.014315815204907878,-0.016743601104314276,0.011675696515341222,0.012582113349890695,0.007198305668466725,0.0070960719528431184,0.010588125376445472,0.021908842674579432
2021-06-22,-0.0041928539145718036,0.00453987896545005,0.009321633570472887,0.005346091685187737,0.0024428297575473934,0.011647731457916758,0.012080482342551574,0.007471011439402416,0.00729339358527983,0.01048139039229225,0.03354479852568383
2021-06-23,-0.0006616578066259704,0.0032908522158074938,0.0004890274852376031,-0.0012053104072292653,-0.0025756492459546587,0.011707614747466106,0.012058893850193585,0.0074599449760761145,0.007285046798121721,0.01031083271115245,0.031749846484027164
2021-06-24,-0.0006019387497473438,0.014125712461943829,0.0061828811236745995,0.005916044778121021,0.0016053261734243485,0.011313950305815034,0.012683235244707623,0.0071253795386813,0.007374270086704991,0.010174305594295777,0.0441719695345511
2021-06-25,0.0033124733437563947,0.0016819281308821932,-0.0012291029661622987,0.0035519242865584832,-0.010383688299376082,0.011600643961041072,0.012259774676009194,0.0072455832072165225,0.007425740888893261,0.010758805012220103,0.05111365680942069
2021-06-28,-5.999463986816611e-05,-0.007921535141941827,0.012161899010271648,0.0020158506466914083,0.010281537225211412,0.011712391421199057,0.012505731435381877,0.007563734470575006,0.007421580314888709,0.010864462838572946,0.06406116613600454
2021-06-29,-0.010505462725200698,-0.004773428768803156,0.003618521023978305,0.0005380999050692559,0.0016726787054075487,0.011846537252944482,0.01256583539709043,0.006819767275926604,0.007363218814460458,0.010818928120510432,0.06096661798100367
2021-06-30,0.004853503869870712,0.0001307851890166578,-0.0015776323070854081,0.0008415829664516483,0.004453373706131414,0.011485706023950064,0.012551084683175751,0.006595862130863959,0.006985136679837047,0.010797852318052125,0.009090627019139486
2021-07-01,0.0034413575356286863,0.008806784425401393,0.0003953185863825315,0.00553661348083101,5.5260200243489876e-05,0.0062837964724561275,0.012179732987443943,0.005905149276716842,0.007037145172052369,0.009866466258672421,0.08569626098851234
2021-07-02,0.006558341503640763,-0.00950773067752031,0.011478530232793327,0.007643650998220286,0.006034626921354702,0.006213120721026553,0.00968232326866751,0.005158355227529252,0.00445601350864676,0.007938030373062538,0.04809465815279693
2021-07-06,0.004961455343207799,-0.014529398949405081,0.0043219186411396215,-0.0018213788391827634,0.01172078024176848,0.005139172812566018,0.008798300078346791,0.00513146531525002,0.003243123675088955,0.006334135905315582,0.0312902321027307
2021-07-07,0.003806801143447114,-0.009297946754863395,0.0021099942241984415,0.0035339114574310937,0.008859012099192931,0.004908544362534107,0.009017767076197943,0.004881777010424385,0.00313616768445515,0.0066417406982614054,0.03557246413459895
2021-07-08,-0.0006518168637834609,-0.009206288998948153,-0.006039669989931884,-0.008147957662492544,0.003918270530028689,0.004908061453333661,0.009099539950805388,0.0057350421952717945,0.004539984900442,0.006327318133706414,0.08892624208343275
2021-07-09,0.003320562334123478,0.021109724505565586,0.006243692099069387,0.010674783287530465,-0.014063148127837155,0.0048770358326823155,0.0106927378686508,0.005738655616698334,0.005201792691114888,0.008503074738334775,0.05137985769921605
2021-07-12,-0.001241101031467462,0.0008392552158167366,0.003905605535923673,0.0035820474687096038,-0.0012965679663115015,0.004943021286851925,0.010660698773125208,0.005529359669695458,0.005202518932647692,0.007418763706371795,0.04192227424069748
2021-07-13,0.001301782371024407,-0.01884628038619751,0.0,-0.0034092255358949553,-0.007653173695451043,0.004915531280692068,0.011785810753014662,0.004732050450361563,0.005524522973073248,0.007670390680079991,0.13355469672840306
2021-07-14,0.010755182911599048,-0.015429748702242785,0.001793572721303871,0.0014922429313801722,0.011362036121627117,0.003499094332481272,0.012377867784871717,0.0047169571981182925,0.005506652145383479,0.008299080868149905,0.15287885902706108
2021-07-15,0.00017547964957964624,-0.005665389649719299,-0.007023805846000375,-0.0034154939902226733,0.011030300154772466,0.0036392226057913196,0.012267299925513155,0.0054648049773527345,0.005764060692287284,0.008734443931250195,0.1409885021043486
2021-07-16,-0.00970365108457183,-0.012314623017739112,-0.00809931962656063,-0.007843527222251345,-0.0018853984322069195,0.005472026173919646,0.011379071613898065,0.00629108709626154,0.006270874278143042,0.008828117657632376,0.24116259008360058
2021-07-19,0.0011805498135817327,-0.014980196987134708,-0.008193140587363867,-0.014767948962045252,0.021927646339457985,0.005225125779666881,0.011626750260529123,0.005647662511626027,0.007254224670583689,0.010705560340898118,0.16751909751620758
2021-07-20,-0.001297100524211059,0.03103025982996499,0.011616282211956763,0.014330236062739532,-0.009638992378903977,0.0051237170018129715,0.01658142157738052,0.006782519922852762,0.00891046254380075,0.01120026736597952,0.13716719592624785
2021-07-21,-0.0037192566567244567,0.017224015042015983,0.0077203482216738895,0.008096307063770514,-0.012666900893056221,0.005179651940472868,0.017600958788990893,0.007227756075210889,0.009244641630623702,0.011840469889244434,0.097967438968482
2021-07-22,0.001955450591350383,-0.015896571218335986,0.006610244778884056,0.0020943786456844027,0.009453473291963554,0.0052080640681236145,0.01808395385950438,0.007122056686609732,0.008790560966481765,0.012163594369646986,0.0892728484069482
2021-07-23,-0.0031344183025339145,0.004667471855037686,0.011677436638749539,0.010287664477732772,-0.00668911048509524,0.005188329367752792,0.01649874183460503,0.007710755745754749,0.008744360141480306,0.011369663618797599,0.06534930709534521
2021-07-26,-0.0023730060647713103,0.0029149868187654526,0.0007874474042315338,0.0024550949421644486,-0.002962788116966486,0.005221619790541811,0.016564459510315824,0.007688179621318428,0.008715238991803115,0.011425552156462461,0.06532156458009142
2021-07-27,0.0016650735799190741,-0.01167165932559766,-0.01101780013008935,-0.004557673488650216,0.010670841488390703,0.005236681511132364,0.015932139073255348,0.008682304809682014,0.008786080129424287,0.011311817283177485,0.031020323687597516
2021-07-28,0.005046252863966982,0.01470463855336912,0.0038416144753656845,-0.0004100615335725921,6.680983393958506e-05,0.004057967425292507,0.01596213632684973,0.00873790264019688,0.008790431504350533,0.010948843485930903,0.05166143655916915
2021-07-29,0.011105233370970247,0.007698446574277096,0.0017766831342798106,0.004147608029935634,-0.005546132735368747,0.005596230578518298,0.015901279321543404,0.008295230362920231,0.008729131274373199,0.010669340001942156,0.049473082792351554
2021-07-30,-0.007886842666167015,-0.006606118906229086,-0.005211594052729973,-0.00485656545049451,0.004703868190982563,0.005263163921671322,0.015411752536367762,0.007960799948796653,0.008424102538563261,0.010724562347634779,-0.019974905989331347
2021-08-02,-0.0012366429443513294,-0.004976053739368047,8.22444961288138e-05,-0.0020979889097333393,0.008919417854878153,0.005271392667393785,0.014413924290388888,0.007179817971182976,0.006379887424333749,0.008440662635633969,-0.006557840090778399
2021-08-03,-0.0007074766626713469,0.00413700228580427,0.006061531010499888,0.008135485449416446,0.000530991014935589,0.005258398609147199,0.010862843383025993,0.006613481323917416,0.005373339911707581,0.007787000933397319,-0.012728723778831918
2021-08-04,0.0002359625041987723,-0.012451092967056487,0.0014447109775141964,-0.004919036664551069,0.002056251696529454,0.005087568072843578,0.010026069222451682,0.006326425612789091,0.005397513674266283,0.006224990266131765,0.009320082851348933
2021-08-05,-0.0039520921003340925,0.017972205640954586,0.006343071561760727,0.006332744547336011,-0.005097782355857117,0.005236332845286746,0.010427988529347424,0.006303462827596345,0.005651018485389885,0.006017638175210563,-0.005019248144110411
2021-08-06,-0.024991124040327772,0.006125413639456623,-0.004382389248411833,0.0016526871835922385,-0.01670027448648681,0.009476997000264565,0.010485070124084459,0.0054299148857682835,0.004736576380971487,0.007911734866807624,0.14884342218433813
2021-08-09,-0.017735654639032372,-0.005506098041820118,0.001847688809875514,-0.0008135266739924818,-0.0035870384289876656,0.010659807190863317,0.010719754737968277,0.005457873552452513,0.00470611595922932,0.00793718641551615,0.1546960426285364
2021-08-10,0.00030919522248562537,0.0019807090172172526,-0.0051257505748455445,0.0012438429517531713,-0.004617837817745052,0.010590320570652456,0.009761237534125866,0.004327936116973382,0.00439322827859708,0.006983269226566744,0.21387658046056585
2021-08-11,0.01378497662510525,0.004896730963261486,-0.001717301011257777,0.002485107533516606,-0.0006139707334253952,0.011718464459971881,0.008825086337368462,0.0042308985528566635,0.004396979039109542,0.0069649649327181914,0.18930788231343054
2021-08-12,0.0002438615008097944,-0.002369282546832885,0.0036043483178425095,0.002996759585405462,-0.0016386590788052269,0.01071517998651609,0.008588577041922568,0.00434864241639166,0.00432370204086161,0.006852316628290325,0.1799265269939757
2021-08-13,0.014325811995228088,-0.00909663309307629,0.0035101625155118388,0.0018197336038634493,0.015796456499655998,0.012079934660397723,0.00884405758595686,0.0039806477144048395,0.0037998817927205925,0.00864922276950986,0.1747443665872104
2021-08-16,0.004988291568599701,-0.009315709490854585,0.0004336676637766157,0.0023547770674270385,0.0024230302652172853,0.012280776679049223,0.009217814947594374,0.003971549604134676,0.0035608899743171185,0.00808937330865904,0.18918665721289116
2021-08-17,-0.0014950364679763295,-0.012188279810874447,-0.008808171189573555,-0.00655535386623074,-0.000402686077020209,0.012278724747466071,0.009761940532209778,0.00467185145805643,0.003827870124503676,0.008073253312081986,0.20423398079274815
2021-08-18,0.0007786122169375354,-0.008733651448783797,-0.009624554315663558,-0.01094514976013039,0.0033589488772702847,0.012288093978090237,0.009382954207336747,0.0054611594158149104,0.00507491679900162,0.008142532831467444,0.1969889277456019
2021-08-19,-0.002932408589264246,-0.011980637011282824,0.004831363327794991,0.0015485465775837426,0.007365159803664367,0.012268541657392986,0.006879294386257457,0.005239688136583759,0.004622955564454894,0.008413287665036021,0.13850835187961513
2021-08-20,0.0005401616803368814,0.01689144100828499,0.010358482876953401,0.007957225156908665,0.0006643898876046439,0.009007245241051013,0.009198928788888647,0.006315286364617346,0.005315265954873658,0.005996631087233827,0.2618455021821506
2021-08-23,0.012177557387281546,0.019023592251705468,0.014956509796116402,0.008796325073328282,-0.0006639487667581268,0.0066483839362969635,0.01157951850531221,0.007915202484734565,0.005941626828763089,0.005767682968507562,0.31992317140653687
2021-08-24,-0.00047414113127741686,0.009835349988603026,0.003054538201622714,0.0015874728301399355,-0.007776709205751908,0.006704641123225209,0.012067029056840808,0.007600447656595753,0.00594309367922024,0.0062471463788213635,0.2920991499715759
2021-08-25,-0.006937433805443538,0.0035171272184528757,0.0011483973404584624,0.0020985044297463507,-0.008306237843344277,0.006612618264287811,0.012008712569806202,0.007495506666375293,0.005935089989998671,0.007011268216408823,0.3188565549596504
2021-08-26,0.0011344784228162208,-0.01060405430604816,-0.00634998496975725,-0.0059033138573679755,0.002769453208703032,0.006590479656860376,0.012430517305872232,0.007956694361021985,0.006286917299313554,0.006959593941801227,0.3243509948207953
2021-08-27,0.015029547921398434,0.028201671952972074,0.00972028469738917,0.008940971951356014,0.006803145005633837,0.006736363622452983,0.015123582097344846,0.008375272714893306,0.006858548111723169,0.005291293488350051,0.45079009072030596
2021-08-30,-0.0049356385559711224,-0.004107591826588486,0.011222427491393905,0.004397568944598529,0.0026099927610054863,0.007018298489834033,0.014758083653427225,0.008837230555168695,0.006933789395969411,0.005298683765732088,0.42627040599618277
2021-08-31,0.0020076547129428413,0.0019514015244519456,-0.0008155348765161996,-0.0014816609812733361,-0.006806919860885774,0.00695102196468587,0.013788248199194213,0.007963757152386376,0.006474280869059353,0.005802106848871902,0.4167233464555843
2021-09-01,5.8898619200498104e-05,0.006728140943530692,0.001657963991192446,0.000531481474310036,0.0016749415004209123,0.006964631121615727,0.012996065127663192,0.006508971447011112,0.004778995563230821,0.005717663821883349,0.4694491155721515
2021-09-02,-0.0026517204262498373,0.006946931078821494,-0.0004727905459672721,0.0030765971114263824,0.004365747800586517,0.006945021398478301,0.01137201787116129,0.006734499177594591,0.004757233942442083,0.005345193061787857,0.5115743363989431
2021-09-03,0.01069422486613747,-0.004628565207419499,0.0030756217319665158,-0.00024266891214008712,-0.009094839678223554,0.007494248901027906,0.01150392087612537,0.006410298557960671,0.004508022348667702,0.005970135318014933,0.4686987793001041
2021-09-07,-0.01958371853465668,-0.006887179040848679,0.0014151020472177311,-0.003575589415466207,-0.00843553527873564,0.009461270751697327,0.011076196520812449,0.005061146397018417,0.0041759653190938,0.006351191516759738,0.46356740449025213
2021-09-08,-0.0025044029033459703,-0.010910335355535095,-0.0034806070682504853,-0.0012179941200580746,0.006806076852634568,0.00948084878684216,0.011603789276135363,0.005374523724180772,0.004221838802913349,0.006602668843211856,0.434042433461721
2021-09-09,0.004423489287242344,-0.0004912491079239745,-0.00344018617981523,-0.004280459012635296,0.01210018755532749,0.009339161634727368,0.011577175349976307,0.005618345143866606,0.004456150753495302,0.007143073379006899,0.38459153496757215
2021-09-10,-0.005058656845151166,-0.009785162818397697,-0.007589582286472107,-0.007884525322566005,-0.008816424289558644,0.009486810620530674,0.011491542771732073,0.005814971191239787,0.004781174587245198,0.007785239410396752,0.47483308368164945
2021-09-13,0.0033497597913456634,0.005685486656800354,-0.000690367796813196,0.0025593492546995833,0.00606453331927348,0.007998615515928571,0.006719760185453286,0.004977643208076493,0.003742509521591469,0.007718009313944306,0.2841548937750813
2021-09-14,0.006438546534438316,-0.012742551177166717,-0.002843219872617486,-0.005396633842298715,0.012123333357509258,0.008247967643819342,0.007584161181573678,0.0031239304846730973,0.0035015572309795187,0.008604467839110988,0.25385828180057624
2021-09-15,-0.005864266379652205,0.009043820522316448,0.0074348570216271614,0.008352677145158083,-0.0035071213842634563,0.008379696820791491,0.008332402448168165,0.004181833130017696,0.004754872821805043,0.008330809964641969,0.2249648008259284
2021-09-16,-0.02264197706190263,0.00072082478034452,0.0006877844704415992,-0.0015851306172790514,-0.004582471850894554,0.010773044836550174,0.00786009306858709,0.004137396032084133,0.004735703661435346,0.008534377963020017,0.20898226064456438
2021-09-17,-0.0015850424237688898,0.0013052546182250602,-0.011842317649335854,-0.009741113487991448,-0.004803514972809619,0.010785888671297426,0.007305132939888259,0.005454142238567373,0.00521432596602228,0.008589444217436987,0.1778700980330402
2021-09-20,0.0071441542310690664,-0.023777420871484045,-0.020663301481747443,-0.01667415900265412,0.012402482510310175,0.010325128657495724,0.00987524485584201,0.00779515416598776,0.0068316866376192656,0.00880734942086768,0.1185974754440641
2021-09-21,0.006669036185550814,0.0015194880877580363,0.0012307187257007968,-0.0009446695965653618,-0.0008616899206912443,0.009067087638751649,0.010032862897431851,0.007780861359692029,0.006897805177013007,0.00811486600168046,0.12070722224047008
2021-09-22,-0.0037340107339023376,0.015538823273476554,0.009340375162091297,0.009754810984578643,0.0059646894367053616,0.00909859724088494,0.011387013441831085,0.008876946809343958,0.008101012655953341,0.00807172316562307,0.17290575950015447
2021-09-23,-0.011546389089901132,0.017700123597489625,0.009226925910557515,0.012149827326244811,-0.022596827561433108,0.009419985314842247,0.01288483905728597,0.009651389299458015,0.009296650750745943,0.010599767500004943,0.07366453403916084
2021-09-24,-0.00128427290155253,-0.004823071133595924,0.000938439414858161,0.0016473024620966559,-0.009773559908803797,0.009389783652319609,0.012534631448801879,0.009434816629395767,0.008989189823318299,0.010683572023719482,0.03036654484120944
2021-09-27,0.00208203509820426,0.015198363242106216,-0.007982250079261677,-0.0028607313931747758,-0.0036757441780012057,0.009313194094178467,0.013267831618807822,0.009710207342444693,0.00898194561749566,0.010412868393044164,-0.0049906500079201725
2021-09-28,-0.009716428402719801,-0.022743003689308927,-0.02829758899704682,-0.020151996865899635,-0.015577079319403775,0.008999328204747668,0.01478947822438975,0.012921967625898222,0.01088143740101096,0.00993203576729856,0.21087369260965177
2021-09-29,-0.004504756024632184,-0.0021241580664635995,-0.0016393071948627158,0.0016831576170863727,0.0017353594425517649,0.00897908295920574,0.014531327606621482,0.01233563827353299,0.010368325992731069,0.010138276778277002,0.20918143057582678
2021-09-30,0.01797665363761114,-0.009374180678795141,-0.003674244832929885,-0.012222306348078527,-0.0001384236953294593,0.00874903230714548,0.014812165926547886,0.012192382411734901,0.010781805770258286,0.010215626255486235,0.1938431663293587
2021-10-01,0.0022530453929923144,0.016137072191144464,0.00620184249846778,0.01188415226969708,0.008415425874559013,0.008748642312238188,0.015796115220938985,0.012454929299487508,0.011582496620542242,0.010894342769096262,0.25115112341602763
2021-10-04,0.0046783175745395145,-0.009087570609216389,-0.020989576115040265,-0.012895916753920322,-0.0025459395684070962,0.00857464877799904,0.013871393211394955,0.012505120318141457,0.011086164882868638,0.00958255128360996,0.33163216486006014
2021-10-05,-0.004656532835140448,0.0034503814343564976,0.013498944671048063,0.010404793787217148,-0.00965613192981929,0.008383913251205768,0.013880580463226265,0.013583149575218183,0.01167977094937642,0.009675286375369345,0.2921162615803694
2021-10-06,0.0026733243283083574,-0.005203069248869818,0.00640780608303726,0.004155968364852214,0.005641383370489805,0.008383448228946044,0.013161681452289789,0.013332351385366497,0.011284477447884834,0.009635834778399844,0.2725464495915307
2021-10-07,-0.005271739220885419,0.015418178161408003,0.009175218790834272,0.008645838382157489,-0.010457801217334528,0.007642288662484872,0.012834749658408254,0.0133272506095684,0.010891435622726127,0.007721602552269933,0.3605768440997839
2021-10-08,0.00042636491147840516,-0.007524883280173089,-0.004986715600026059,-0.0018237422944624715,-0.006998913416555674,0.007618937716040315,0.012967936312770371,0.01328231125971678,0.010853966798335711,0.007522531040556588,0.37116481789023936
2021-10-11,-0.0018875818465466931,-0.005731413715116207,-0.007669684667537036,-0.007239809063610214,-0.0025371463514951564,0.007636188310830542,0.011771244607504009,0.013270244064389971,0.011010332731249415,0.007525261912230627,0.39901977213234197
2021-10-12,0.004514430828637339,0.005492180748258413,-0.00348784885365383,-0.0024615135557015666,0.017100184024893883,0.00687113817372442,0.009611911958075285,0.009963285397786379,0.008955669081375565,0.00858014885408362,0.12025415358399338
2021-10-13,0.017794197805277356,0.00473992092200981,0.008007953359453035,0.0035976439440963404,0.009726196911104434,0.008160022830472655,0.009676712266366847,0.01032450313361247,0.009015601045404555,0.009109707294458574,0.21164024420541128
2021-10-14,0.0024464685904206362,0.014826844233594372,0.018416900136513314,0.01682065174054248,0.003715238683367872,0.006477003239606405,0.009865122641488512,0.01166792858322203,0.009242718272037044,0.00914446283522525,0.30874688158746905
2021-10-15,-0.015892846243722114,-0.003143434848175919,0.006300427298516764,0.007615817539023961,-0.0058268539030409405,0.00866350228932477,0.008904302404338503,0.011671484898088816,0.008884037858563327,0.009010902963838368,0.270810008176228
2021-10-18,-0.0024799108302698825,-0.0005774166503239586,0.010055843079851412,0.002960590545614483,0.004689140858782137,0.008573554709805453,0.008175550275887868,0.008412877310247709,0.007012680955084539,0.009090294830880627,0.25379444457665035
2021-10-19,0.003213671993580469,0.0037329192896964347,0.007567661447405394,0.007714746046801668,-0.013794907354895747,0.008483162905168672,0.008180935059504945,0.007990378738786696,0.006799455934082447,0.009681097070782664,0.2657307160639487
2021-10-20,0.008763958748792211,0.006641009439126044,-0.0013049687669361987,0.003927661572547425,-0.006749830046472671,0.008862424984159139,0.007839838045300116,0.008206431734917459,0.00679925218768637,0.009689670973940955,0.263034582418879
2021-10-21,-0.0008987052245035265,0.002551034109807393,0.006106630802684698,0.002608339637272694,-0.001191053120834784,0.008614059678409162,0.006604466872598537,0.008056028865788134,0.006603735340396763,0.009123289661850236,0.32815260984416267
2021-10-22,0.006116967151190034,-0.002368947793412457,-0.00840234288059305,-0.001036323118175475,0.011013065879629247,0.008715283123873213,0.005937064576866551,0.00853299425872329,0.006539277865631851,0.009402709374494932,0.2429361497458049
2021-10-25,0.006914158513320778,0.009498221472638013,0.010237969054109453,0.005362954013096832,-0.001526878304477064,0.00870451928040938,0.005494662955666238,0.007758599074292864,0.00535769574141703,0.00935847039476086,0.1510964215793806
2021-10-26,-0.00739951491266011,-0.007535944562213848,0.00314852220436479,0.0008999937643137113,0.008269132801014711,0.00927813060207672,0.006576287283888192,0.007180992524584188,0.004947419029500215,0.008073897152071893,0.1912663537532842
2021-10-27,0.002624060476058121,-0.018390110526005143,0.002321393413899475,-0.004430152705613644,0.01819428976994053,0.0074413244983652675,0.009325416063755752,0.007230487407935704,0.005788563117049635,0.009439022644575544,0.07709246545226375
2021-10-28,-0.00023788536339730548,0.019942033733665543,0.01110512086757609,0.009648748848440025,-0.0033844579400875707,0.007405256534148212,0.010287795290530798,0.006045542200743367,0.0043136582361966115,0.009535372833566286,-0.03818630626336071
2021-10-29,-0.008507900517562339,-0.00026303180289777295,0.004919277036596892,0.0020290700254188554,0.0030563088688044804,0.0058387518978905255,0.010197738587275861,0.006020989397571,0.004080790663505213,0.009241147455258763,-0.030016735458176534
2021-11-01,0.005220584505493342,0.025915308250943347,0.0034186857841371765,0.0017203278934421196,-0.007199457377424223,0.005864256002431984,0.012766839342357183,0.0057074009860763565,0.004099862786197671,0.009594357244286119,-0.0478042375087845
2021-11-02,-0.0021490007233168074,0.0020942901010401194,0.0041813099757710415,0.00404317775064289,0.004438340917734651,0.005943028589707961,0.012780760810358104,0.005565073371310082,0.003766071235405075,0.008166579648027502,-0.054079412251799866
2021-11-03,-0.008315382622616663,0.017871694831685048,0.01061560262875405,0.006105303397468731,-0.010333956385702447,0.005932295348220493,0.013528860865618499,0.005679595411112539,0.003919097587563264,0.008679771891004764,-0.06351491604835754
2021-11-04,0.011340951773961994,-0.00037713829535379606,0.012818571849304794,0.004712290492703941,0.010510673937421666,0.007037944335476648,0.013617505177811406,0.006226041687733045,0.003970063214872746,0.008965839643142993,-0.004625412122289651
2021-11-05,0.0130629437586407,0.013665694107693804,0.0009540133200347523,0.003469799580150701,0.014955554584446418,0.007933075810150191,0.013644691883491395,0.004329472586028951,0.0037208454223190343,0.00941779371906003,0.04352445334588199
2021-11-08,0.003591619309376348,0.003101751977859557,-0.0013547126790554032,0.0008535647022576143,-0.0018750940026512897,0.007736888678021379,0.013625003763345757,0.004714250520486644,0.0037238635748900913,0.009439876491557498,0.050669848679741225
2021-11-09,0.0049281100201232775,-0.005813013335502659,-0.00688307422282175,-0.0033052673012311518,0.01301833363786331,0.007228903890229914,0.013450175850871873,0.006073646414163154,0.004184431109457821,0.009809578440469986,0.022146895831623957
2021-11-10,0.010858781500706183,-0.01575783340618575,-0.014697090127205992,-0.00804500484087145,-0.01828336369116801,0.007739184951848451,0.012940821974695094,0.008543600567651374,0.004936686412430786,0.010740012003768118,0.19034197269052963
2021-11-11,0.005602086369596027,0.008047303932818828,0.002772574340940137,0.0003235550589473224,-0.0014844083637031158,0.007689626934209984,0.012035826006255052,0.008001045414755766,0.004179936028321817,0.010680488286748458,0.20837209405323343
2021-11-12,0.0018952552280546708,0.0010030288314206715,0.010522709275331499,0.007547036906825788,-0.004392036461389859,0.006484336836449854,0.0119826242830737,0.008437829872890965,0.004641627441540079,0.01075582923864028,0.1718789938108415
2021-11-15,-0.0015477459282561279,-0.003966564945766637,-0.00022812208504063847,0.0003422360059219809,-0.012556938460525191,0.006760152087090712,0.009686293283363597,0.008459758769791083,0.004662767681295196,0.011271761482704052,0.24405728706083302
2021-11-16,-0.007233864736584827,0.0018446400190224033,0.0071210633914069454,0.00395791674853041,-0.002543659346511129,0.007426349612542022,0.00968630752700301,0.008598927039133794,0.004657888710714588,0.011140454411269882,0.24027807544009563
2021-11-17,0.009137183945092442,-0.013096866154332365,0.0005284055798684406,-0.0024292085031308863,0.007925237333936463,0.006332666553809082,0.008957704087198442,0.00807291384725262,0.0045197158754052185,0.010990324927484828,0.289965949631347
2021-11-18,-0.0032091550635745536,-0.004239997945267415,0.01036127552864019,0.0033964169373470465,0.003759885675272745,0.006426462716754525,0.00900456320561909,0.007707588932973327,0.004409105169675558,0.010505614757748668,0.20193954257723545
2021-11-19,-0.007646325240812324,-0.009111681366123392,0.005575397610581678,-0.0017882572072153158,0.010558184642983637,0.006413828389085666,0.007489495235216204,0.007847811843415433,0.004343346876522169,0.009876379807839297,0.07404728696301163
2021-11-22,-0.022420457120115533,-0.004254052504416239,-0.01160893714786293,-0.0028152411993851434,-0.01172824560212804,0.009874454000799844,0.0070868413912563814,0.008849638944614999,0.004425417058783136,0.010491467464395218,0.23155967836010882
2021-11-23,-0.008652404091134991,-0.0017261984628970106,-0.004558006102370227,0.001326159502420543,-0.014458859295729543,0.009907940953732052,0.007122668615663951,0.00866725766288038,0.004314780687072796,0.009822271592801642,0.27081300406262054
2021-11-24,-0.0009565020521100642,0.0010806875139748318,0.0032203469234861615,0.0026694903685162696,0.016055482620811468,0.008804576236557721,0.005963240672895793,0.006811829110702275,0.003241902029378199,0.010384770752200971,0.2916102812223856
2021-11-26,-0.001615539860939763,-0.03769753834127498,-0.018958677601628393,-0.022302874105817327,0.02526898516958176,0.008253839344841585,0.011755439950985906,0.009575222568960208,0.00814732157527523,0.013261349802420365,0.1689189127956863
2021-11-29,-0.0013785494630753625,-0.0006279628866651121,0.021702286470181464,0.012266683958974456,-0.008038681402108283,0.008046434984802656,0.011642584742133175,0.01139449461097119,0.008807989553565009,0.01349821989543939,0.14155214415549788
2021-11-30,-0.006721853018899604,-0.0203855787306515,-0.014686350677427407,-0.01945773959107966,0.015202329052111052,0.0079979729950188,0.012279456288333096,0.012477905271524887,0.010626053434279864,0.013153486046447626,0.13586976007599877
2021-12-01,0.003987937535404162,-0.02250518913706756,-0.017012926957251873,-0.01110721389280378,0.006169262082338367,0.008435859304196798,0.012343477833244729,0.0132307638413964,0.010673791735194078,0.012944051230210796,0.1186300547188496
2021-12-02,-0.005536820827328315,0.02790012537824449,0.007207101745540179,0.01531619866553724,0.0012468916226517912,0.00707307802692455,0.017426120041258434,0.013567354852028004,0.012317037782470258,0.012952726209385942,0.13124985814443713
2021-12-03,0.008412002804647267,-0.02052795876537128,-0.017388691872145645,-0.008701145245228359,0.01193264333402655,0.008320458386018758,0.017878538722155897,0.013624133269657845,0.01229495693468308,0.013163721299500926,0.08847897475707182
2021-12-06,-0.002460563224478851,0.020073370308112848,0.008013167809932664,0.011843158824966338,-0.013735706908458156,0.008246734481285368,0.020067476799309834,0.013847422463803731,0.013221563049677225,0.01426493038870389,0.08105831765416702
2021-12-07,0.003549490636251651,0.023194055187180984,0.030113600633772553,0.02068482461799981,-0.008079623766979904,0.0052547722635093086,0.022088050354301333,0.017293199272335375,0.015042616406244986,0.013894130985934519,0.05075525067777751
2021-12-08,0.0005395140531609943,0.006827474671860845,0.004474468984263069,0.0026480909446042755,-0.017284838593295992,0.004550935178833183,0.022312599108952225,0.01727818625608566,0.015058887445467212,0.014314597910016122,0.013040514191287322
2021-12-09,-0.006111378376110088,-0.022647600740197227,-0.014714352149820531,-0.006751624534241496,0.005593108071394237,0.00492078851684334,0.02316255231500243,0.01790336386026768,0.015194243957322669,0.013609059652709034,0.024733160148267642
2021-12-10,0.004219899491422874,-0.0027663915164285457,0.010870404150874924,0.00941351456358519,-0.002412298524740897,0.005145453875825643,0.02004772971030418,0.017067345099336124,0.01334860627926182,0.010845902269232618,0.03818861232382539
2021-12-13,0.00252130006200435,-0.014613805706091942,-0.014446786811486256,-0.008858466620288108,0.014779030468016208,0.005189595764542739,0.020490486750778608,0.016203613781705685,0.013323104003090716,0.011563187589439368,0.04615536779668557
2021-12-14,-0.009341302746070368,-0.008609645380373232,-0.010350332192303302,-0.0068797594637166615,-0.002383260163065115,0.005627656945648376,0.01967336148652716,0.015873847662573107,0.011727462396270528,0.010510190523136944,0.07704816250163385
2021-12-15,0.004291534360497673,0.015874617471211883,0.022797448173069723,0.015624903121128186,-0.009621856957430674,0.005652457302385414,0.01881654847679246,0.016482251667567987,0.011513130624753074,0.010596521480749039,0.11420088264156787
2021-12-16,0.012097561477355745,-0.02022247535473709,-0.0257146133901065,-0.008818573096677884,0.0003892616479466149,0.006427845769733062,0.01771152160087001,0.01862161933983261,0.011508102668705451,0.01057079292517042,0.07071714137379201
2021-12-17,-0.002140821851282393,0.009193997126810238,-0.004989191393242387,-0.010642916149336323,0.01133197461356139,0.006073028169678451,0.01679048306567437,0.017775669060781183,0.011723476910426855,0.010483653673022305,0.09177200418495103
2021-12-20,-0.0042312675861405635,-0.014037224151266292,-0.009700255739336971,-0.010633247429368775,-0.007492200713545172,0.006200432396528668,0.015839602186836565,0.017837924687271956,0.01174423669368687,0.009885346489918232,0.16337045918924484
2021-12-21,-0.0004188884251822289,0.02856847454201694,0.022380221139551182,0.017758821259511448,-0.0038078152744034366,0.006112751201229979,0.01687612177110492,0.016444368222916464,0.011183002350008256,0.009660025254073938,0.14964798686411568
2021-12-22,0.009400024100517657,0.009625406473724896,0.012178719624674761,0.009998703749526161,0.004627331146990654,0.006782188887771541,0.017065350003600172,0.01695091507659936,0.0116599504362449,0.007904179871068302,0.20850429811416132
2021-12-23,0.0022540179789249937,0.007989754450065334,0.00753908688194449,0.00622216982783419,-0.008676899554479034,0.0063026100616083765,0.01562904657845903,0.016427716216007558,0.011543832460003076,0.008282044251135665,0.1895066091472509
2021-12-27,0.002367247994286892,0.00936752672504082,0.01652722831649789,0.014152173441996707,0.0024233954732391094,0.006252735171320113,0.015765916537990404,0.016893982602515553,0.012001244811739569,0.00828790930034099,0.21086463370825265
2021-12-28,-0.004310065233419702,-0.006112555073038317,-0.004634789093042713,-0.0008172241876791553,-0.003962920595548258,0.006518143926306472,0.014960362269080171,0.01612441493137903,0.011465756851923897,0.006551038654916739,0.28636949757715624
2021-12-29,-0.0002965076609273698,0.0010774176468799634,-0.00014911841519815727,0.0012791502821138945,-0.010924602183959409,0.00546698346863175,0.01441707031350377,0.015525400299524999,0.010997228309281072,0.007174650140747908,0.252655227910935
2021-12-30,0.0071772153754725565,-0.00026919023955129795,-0.0029887289051792054,-0.002764482154252068,0.008386421185735404,0.0056792078537405135,0.013848795997202835,0.014059120088218923,0.010239589954131023,0.0074626234039511866,0.2626897680145271
2021-12-31,0.00683158799329231,-0.0021530957272454243,-0.006244429008558927,-0.0025200956074444836,0.0019608045902992366,0.004840690617050363,0.011538043025072126,0.010944736881239406,0.009709323219501471,0.007506183132347239,0.3707908847829053
2022-01-03,-0.015383743445999576,0.012901799426249028,0.00962654441136479,0.005789990578592086,-0.026249880079160626,0.007222512717331238,0.011769155202915615,0.010734393591415878,0.008623440147051534,0.009890392530756095,0.3600752521161682
2022-01-04,0.007366515057776857,-0.0015090685957528382,-0.01297057595205764,-0.0003349987879440741,-0.004158436603203142,0.00733735385485464,0.010102227878808557,0.011250899387138014,0.0071994440907621835,0.009829518555253708,0.2563767805296529
2022-01-05,-0.00300766493835114,-0.03386960540858697,-0.03072080423821355,-0.019202166265599896,-0.005427719394514807,0.007457219220800219,0.013343663966464936,0.013898041785310518,0.009090279383990044,0.009838642625103486,0.36114691531570664
2022-01-06,-0.012244126909514819,0.005704931410369873,-0.0007027403457384729,-0.0009394431730281871,0.002588700933020771,0.007950359055031556,0.013074686100573534,0.013095734234696507,0.008553516868180809,0.009654809166866863,0.2557392753113026
2022-01-07,0.004551137683908024,-0.011573713250772721,-0.010832579228242434,-0.003953509826099766,-0.007188347077405566,0.008084457503859836,0.013095716521705264,0.012821059319963284,0.008345223499788253,0.009592889368356866,0.24742067027308537
2022-01-10,0.0030402057039400354,-0.0034711981305443063,0.0006578624727597848,-0.0012444130471300774,0.002460642817738501,0.008115519939890951,0.01239809903162065,0.010774216743112955,0.006460766649703876,0.009595777490191418,0.1795954010614102
2022-01-11,0.0120646549718888,0.010635125555549685,0.015021884318473733,0.00910829683466119,0.0066612836265578235,0.008903637220909193,0.013176833351575351,0.012658242574032827,0.007432373043428533,0.010200378110937313,0.32422916374494154
2022-01-12,0.002642622730480104,-0.007444222806059719,0.003965837718306275,0.002703627703850353,-0.003831389097826099,0.008904230422052673,0.013213047048654562,0.012860093556452427,0.007504392910531929,0.00984306176415391,0.32577040316204037
2022-01-13,-0.0033969884760131075,-0.009167096357311166,-0.02501608819761758,-0.01377862630869564,0.008880875731603899,0.008755872663927605,0.013300186167232475,0.014536433997318047,0.008481985153834843,0.009904760458866213,0.27521292988733925
2022-01-14,-0.0028796749096049457,0.001401754566144664,0.006222331102303302,0.00040904182558265667,-0.015109762865375798,0.00847850173380138,0.013401991890100202,0.015013368397124874,0.008529247053583853,0.01051603792836346,0.25292743717260147
2022-01-18,-0.001650255097062403,-0.030236592274694774,-0.024894076161197654,-0.0177097306127727,-0.014074271896581836,0.006782930568458102,0.014392324745476567,0.015375089563564651,0.009302581655074995,0.008098275987434973,0.4669518969083006
2022-01-19,0.015880526897095182,-0.016263294135094752,-0.010983679224234932,-0.010383605354362113,0.00692322640859544,0.008122020638710089,0.01441457615830223,0.015315391124195521,0.009346009711839822,0.008649407351516121,0.4257131659837281
2022-01-20,-0.0024988838330701757,-0.01809717200344929,-0.012988401969752927,-0.011067900162961997,0.006167463133052831,0.008092184649806228,0.012123979415467554,0.013243938224792293,0.008318327769757073,0.008884795347915829,0.35389663579884856
2022-01-21,-0.0032624385581478954,-0.01872996758904033,-0.027728518848863626,-0.01963072452694281,0.01190624365001458,0.006783550911871205,0.011536381592063834,0.01472744834563975,0.009411204128762554,0.009712448583174473,0.38070928505986884
2022-01-24,0.005494198734739664,0.02304688024156376,0.004577780045081026,0.004246937706365639,-0.00821518556317058,0.006822464622686392,0.015591860886610662,0.015270795231687312,0.010001789909656073,0.009805160877529718,0.3388862097477844
2022-01-25,0.0031971345443269072,-0.01334783578493448,-0.023181474354720955,-0.012209220772591234,-0.0016152007120376899,0.0068239146717859545,0.015667907892727807,0.015774753551270455,0.010055711719349934,0.009784373112439435,0.3334946344290879
2022-01-26,-0.016166464916677392,-0.01443366180237926,-0.0015646815968953787,-0.002508852170146736,-0.01209379519492737,0.008162810753684899,0.014335822871327421,0.013636984362430712,0.008571111582163435,0.010108659463320955,0.16026064725224592
2022-01-27,-0.012898211138547944,-0.022707660896750692,-0.010070348662747697,-0.004937915511892266,0.018362892053290336,0.008985826527898862,0.014799818973212475,0.012589353298327862,0.007819160301013402,0.011955532898891215,0.1295803777077044
2022-01-28,-0.0029832934474428585,0.019475878738238528,0.03136892712527417,0.024835594258819205,0.00034947115915473503,0.008978699378675885,0.017837479120604884,0.017899106487611074,0.012928856044263727,0.011558156951822525,0.19525655071807796
2022-01-31,0.005924537392067553,0.030678625381237667,0.03197829281598108,0.01801098935651746,-0.005169929119902661,0.009284964596509121,0.021713871508127786,0.02149325104065138,0.014794852498824038,0.010570246183783388,0.2440893788409718
2022-02-01,0.0008328835308379912,0.010534602372375135,0.006803594329629181,0.006756983325500787,-0.0033195853890151117,0.009295758960609182,0.020461874599651427,0.020438037319556453,0.014124750394786152,0.009436770766501477,0.1580967328673439
2022-02-02,0.0036259919505645666,-0.009933059848316272,0.008125389241803394,0.009713960739074379,0.0033870372498781,0.007511159316913687,0.020065120368867134,0.020312390599475375,0.014021463614781054,0.009268629457372028,0.2103986091527977
2022-02-03,-0.0014214062993387344,-0.01892341099275041,-0.04054387271635829,-0.02350480807339672,-0.007805740870127642,0.007508918539220012,0.020143286794348743,0.023927807681876623,0.015694234047312898,0.009450505119364664,0.26432684115927774
2022-02-04,0.0015420788696549614,0.004303399476344838,0.012615053617425875,0.004702143215889132,-0.01474232574937906,0.0075560690850791454,0.019242545131434564,0.022468837662598384,0.014104984188656567,0.00934471341340247,0.29596582954600203
2022-02-07,0.007402581993851909,0.004939953876643921,-0.008044568070026514,-0.003209273356163278,0.0006475514247161751,0.007767460234765262,0.017715096225669247,0.02266232392763395,0.014199755493420736,0.009223720971338415,0.2974703969259466
2022-02-08,0.003056870675416823,0.017054620250718244,0.011235457627393197,0.008227809955936971,-0.006686119525280754,0.007758971537435791,0.017956499353447602,0.02118988068243901,0.01341401000326625,0.009326816138957621,0.31603636407370644
2022-02-09,0.0033991784238243117,0.018987774323574902,0.02119065198317105,0.01463621119589309,0.0018820494026976498,0.00574560649763505,0.01764505011721363,0.021718425138868992,0.013611067619034588,0.008795971560518255,0.26298946194966577
2022-02-10,-0.0037965605384254753,-0.01534289324857796,-0.022632384328473365,-0.01796577643361119,-0.015892581549953877,0.0036732570718819545,0.01645305850091809,0.023100483423551338,0.015248585439940726,0.006705251773737859,0.5473799802338448
2022-02-11,0.019054878321533186,-0.01012578146851828,-0.031721811210897566,-0.019718682939314003,0.014827766786956742,0.006232145833323224,0.016457539272326592,0.023768028142236886,0.015063782318660632,0.009070905908213711,0.33249328458975613
2022-02-14,0.005350715998122091,-0.0034760530919061283,0.0012390562638535663,-0.003269457867972836,-0.012441227059361237,0.00621468642189363,0.013381925780589643,0.020819637620592347,0.013635175171987408,0.009518966735672098,0.30843092644146325
2022-02-15,-0.009499848975192515,0.026809143184302053,0.024863884174044726,0.016127098857255717,-0.011353000078433761,0.0075068170990535855,0.015632576957919708,0.02258604733889036,0.014618076478759512,0.009788976697791758,0.2114019301657423
2022-02-16,0.010284254451501385,0.0020864952492933853,-0.0002524181810953374,0.0011208436612735184,0.0059269383817639465,0.007867781298360136,0.01511539763247431,0.022307255922449545,0.014135045608843431,0.01005485402767434,0.24198554247608417
2022-02-17,0.013668073780773726,-0.025618725734230074,-0.02974405480156772,-0.02136150033539408,0.007438359591975141,0.008248859767618905,0.01627968470156887,0.020485744263380765,0.013789571466645516,0.010646857661272624,0.08211148686280213
2022-02-18,-0.0007334549100845855,-0.008598460014863862,-0.011405431165453339,-0.006475042159496569,0.010527070388974602,0.008386503901885894,0.016581928711461174,0.019967041934665572,0.013631647803439192,0.010558984999350235,0.08936841131984685
2022-02-22,0.0020890378623359407,-0.014087306670577338,-0.010043612288394455,-0.010731813846180716,0.00260475946953842,0.008372918866492328,0.01712063840343134,0.020016116656463363,0.013838892540080751,0.010600929158824967,0.09140716302126697
2022-02-23,0.0045072272703239324,-0.018712449428536893,-0.02561538535500829,-0.01773855296659954,-0.013781863695538465,0.008361791071252992,0.016604372517210548,0.020142618118229132,0.013737621672487467,0.011289744129486416,0.149887950872184
2022-02-24,-0.006450131470019049,0.026220232185466763,0.03360457975749309,0.015049216073263594,0.0006583998648406197,0.009048855185376403,0.01786562693199055,0.02242318920741082,0.013808787817276373,0.011261316280665965,0.10135486039525035
2022-02-25,-0.003330678220184624,0.022520873700371036,0.015506982888286114,0.02206384835724129,0.0007310599665231177,0.009008524845735206,0.019178575107588667,0.02274240194521012,0.01577637134342825,0.00999925950013997,0.01066742104275934
2022-02-28,0.010365345791119474,0.004049367698662376,0.0029791168034174476,-0.002558540069906079,0.021918757175204195,0.007658731176787142,0.018893227126770176,0.02046706735018343,0.014582683808765247,0.011294643140909255,0.08255084329025462
2022-03-01,0.018163415997793697,-0.01883706788022832,-0.015311625333080392,-0.015230087189042618,0.011561675567533403,0.009101284385657183,0.01990569408335172,0.02102742962139273,0.015283456529101756,0.010597103546831625,0.0652346787206332
2022-03-02,-0.010406339832951472,0.023810521879600532,0.01677941913015979,0.018396131666092552,-0.034182669850129965,0.009252898027047136,0.019467756659026027,0.02003121531668171,0.015595695781073334,0.015504716098159609,0.039722533917287056
2022-03-03,0.005953415398956663,-0.011848673009019373,-0.01428480123290421,-0.004978514490965091,0.010185157960600932,0.009014783505859224,0.019741629203751873,0.020356785168272017,0.015590363751120375,0.015701901674895304,0.01987947300773286
2022-03-04,0.015929145881701023,-0.015657665033318224,-0.014491813914172424,-0.008124621081357364,0.017264129628891567,0.009324463242369296,0.018644473244700983,0.01869678257641758,0.014306541933596244,0.016388708309828175,0.02716659447859839
2022-03-07,0.014862865283030269,-0.024866478275458404,-0.03688117843926597,-0.029479105996803145,-0.007629738429449473,0.009809224627028058,0.020028434357272806,0.021596888082081635,0.016894279177959656,0.01643690937141554,0.04563693738654261
2022-03-08,0.027358997610294145,0.005523126168138104,-0.004648256194339506,-0.0075817041785575245,-0.010059793953101415,0.011949312264645786,0.019752182801452807,0.021517914890142858,0.016769907000397526,0.016778142902122685,0.059042373727491104
2022-03-09,-0.029711176156992036,0.02818430301627206,0.035998186185488334,0.026810790559593345,-0.009798744223336153,0.01685581704592761,0.020571688544617085,0.02345044621595115,0.018274702879206222,0.016467815277891318,-0.028331287227874747
2022-03-10,0.0031212277978962533,-0.0017974047813799077,-0.011104878286368858,-0.004515583123148259,-0.014367551575756976,0.0164459983296453,0.019046931390685622,0.020858264260552806,0.017693487346344225,0.017081710986749977,-0.020406636105486802
2022-03-11,-0.007027884128157469,-0.015956401259254904,-0.02073843725621405,-0.0127151832223239,0.0033465671904799876,0.01669945417297408,0.018103743850768086,0.02051908210470439,0.016108271923831356,0.017138538873656534,-0.010769013951331462
2022-03-14,-0.015073711931138378,-0.020434001861189932,-0.019204344769223614,-0.007308187548506151,-0.023348798815437166,0.01767679351292368,0.018728369122930445,0.020618904066510804,0.01613113140767455,0.016319367006506866,0.02321490948462651
2022-03-15,-0.01870545038411886,0.015930496833585828,0.03136661503914895,0.021990394861625795,-0.001745392626518627,0.017848511062715837,0.019135714103419084,0.02390009769030447,0.017600351080357485,0.015263544455687682,0.03924971656489449
2022-03-16,0.006260803404375848,0.03146383761609317,0.037086694371268214,0.02217427567545127,0.009807457639626538,0.01768839810960337,0.02038231195880123,0.026551191952030758,0.018090746750629213,0.012692191584028832,0.20821058919423413
2022-03-17,0.004888644573449508,0.01569778797153698,0.012106290462065683,0.012510922236628863,-0.007453525817011308,0.0176537350906225,0.020605307131228576,0.02647171126481754,0.018438075794536667,0.01191444774372923,0.23024807871857306
2022-03-18,-0.008789852082788041,0.01053094202303706,0.020467814764874248,0.01095264690425446,0.012212573404815963,0.01692046927161174,0.01978670787710373,0.026514396839562037,0.018332461423783104,0.010963031847088675,0.29163360801847127
2022-03-21,0.007640798069546317,-0.008829018155089852,-0.0027799070548333304,-0.0002922391637415478,-0.023156515411655088,0.01624816797077037,0.017687090403002457,0.022497372524959633,0.014448750860218615,0.012397664090264153,0.32782465003166117
2022-03-22,-0.007250775291250955,0.010027204432808912,0.019652706209756454,0.01170121006217184,-0.01281158664854698,0.012258253865451811,0.01773000670692384,0.022308413450896826,0.013670494149496894,0.01251650261278874,0.34855094304680434
2022-03-23,0.013659661796972422,-0.01734917818056947,-0.014371375104005768,-0.012878354030021466,0.021915045624803398,0.010692025473902616,0.01738058629217836,0.021530481923196003,0.013403439406758711,0.015350023379731044,0.32298151119422797
2022-03-24,0.007260367097212672,0.011498611120386526,0.022226437886247563,0.01507440813174954,-0.007832755350460574,0.010993662869935276,0.01757141375056572,0.02129632224969681,0.013425818822211605,0.01497328780061664,0.3347046256144372
2022-03-25,-0.004095451209537915,0.0013603911936379554,-0.0008339820245972795,0.0048835059877119225,-0.01387309269386583,0.01087462956308785,0.016272713467886984,0.019064754838397896,0.011728560012467873,0.015163190502126911,0.34437341246082903
2022-03-28,-0.018203790082975457,0.000339519407447586,0.01547247230133486,0.007112989799038072,0.008549783520623633,0.011346105673410576,0.013805458557432638,0.01594553509279237,0.010472808983235098,0.014105857244098841,0.16446707946521372
2022-03-29,0.00044678784846130526,0.02677159944662466,0.01720958141616724,0.0123710005964639,0.007552420127213022,0.009653053212192939,0.014956498394351833,0.014825337371160768,0.009584079574483182,0.014387031200964198,0.2126315567835971
2022-03-30,0.008038419372069505,-0.020074721824667963,-0.011045564646724904,-0.0061747377197248765,0.007801527320724366,0.009792794443302343,0.014910360874895723,0.01377694388358875,0.009230431180568741,0.014240447531192201,0.056902135786953176
2022-03-31,0.000387595883929448,-0.010556305769260699,-0.012394720688686856,-0.015391292317245231,0.0024289871986999945,0.009664085465739835,0.014735974745280826,0.015048079394289938,0.010942810469759404,0.014062231329634993,0.0642907074034057
2022-04-01,-0.006365867342034592,0.011204814735078283,-0.0019033498837401908,0.0028340024629422977,0.0038064655190797048,0.009449664720011356,0.014789038943087928,0.014191080999608374,0.01055993260144466,0.013509986633008928,0.046415141284066215
2022-04-04,0.004846769455083555,0.0016379815138014564,0.02058871867695089,0.008566483350682219,-0.0069495516425674975,0.009242668653450074,0.01442613576686845,0.01501135876462028,0.010723659649961572,0.011287647458055465,0.0188917308718909
2022-04-05,-0.006264842571455875,-0.023664175146363986,-0.022204017650075625,-0.012631140156101117,-0.022592429739706432,0.009163158626048325,0.016052304105656126,0.01638679072952042,0.011230597783106465,0.01292767891271256,0.2328640110271507
2022-04-06,0.002343216670796844,-0.01418794997001016,-0.021711523985779246,-0.00999932811681814,-0.00809402530323211,0.007895936012184223,0.015742013562683992,0.017304197088995873,0.01088461523492736,0.010562793127944819,0.3335601086978357
2022-04-07,0.003784886240234764,-0.0032480401858282493,0.0023776186944721722,0.005038958856474318,-0.0075325214427076626,0.007553137299904608,0.015057916171289756,0.015594197307903089,0.009818886808251276,0.010547694446588854,0.30872254970171464
2022-04-08,0.006265969312183373,-0.007971653848037552,-0.013978939506291588,-0.002674127900101131,-0.010830893429845445,0.007863116820485948,0.015043954481771937,0.016083366039330048,0.009661849277313552,0.010234962800799986,0.3148513905644773
2022-04-11,0.004959463770487282,-0.006721610115908105,-0.023657473770346438,-0.017092227108802205,-0.0158249304950413,0.004920390717721219,0.014984545524593698,0.015914069505766723,0.010382284628600694,0.010190627229047343,0.38632713577976463
2022-04-12,0.007676751619003053,0.0031546698534155038,-0.004224110268271186,-0.0037052185557753248,-0.001380477719075568,0.0052146192676601096,0.010735118516473354,0.01361796934711524,0.008768285341270521,0.00932009903231646,0.3546908929945841
2022-04-13,0.004788537865617837,0.019019979079336835,0.020326994722064562,0.011453607380751851,0.0020330117593942987,0.004929215060718136,0.012444431766308295,0.016380610466224802,0.010190096037804642,0.008520940300652445,0.49987921669083646
2022-04-14,-0.003303550666205468,-0.009705798021007794,-0.022867166783976045,-0.012451784743033656,-0.02004539802344507,0.0052135309296475404,0.012390853240831605,0.017173312031414048,0.009840885042059492,0.008863063420410296,0.597841359505096
2022-04-18,0.0030971927027434454,-0.006734930744140333,0.0007681100130569884,0.0004112197808581186,-0.004968976057990071,0.004337054550016449,0.011353218270469242,0.017277121254225675,0.009708420349509944,0.007860394093197772,0.719166516153525
2022-04-19,-0.015112904376299419,0.01993734688659976,0.02235091142940937,0.01614263797785287,-0.00749064911204822,0.007046751886371533,0.01373804478665413,0.01758979740437218,0.010953793722059237,0.00784181961675237,0.4585233792855665
2022-04-20,0.004894947496407287,0.003820078264089366,-0.014584403201237106,-0.000741669351942531,0.020125626250041995,0.006673238643059671,0.011753218438532666,0.016977833721891062,0.010367645698663783,0.011015076980804023,0.27630153734001056
2022-04-21,-0.0035576001936850066,-0.022389062219224987,-0.020690953093455366,-0.014953353650336343,-0.007398073847579512,0.006890908727177791,0.013047617467612533,0.016872429021403828,0.010929379190216618,0.010998356772133728,0.3148848571432074
2022-04-22,-0.0097220932450649,-0.025884907414120972,-0.026185946199455468,-0.0274393564856541,-0.006294222661494819,0.007643176335769632,0.015243674422695088,0.017798443454820085,0.013234919591586633,0.010977771686856005,0.39441672236057224
2022-04-25,-0.017970993150090764,0.006072285069628647,0.01284567783622892,0.005797757927291869,0.010001116355385253,0.009132664743547975,0.015416280406147544,0.01883441212796199,0.013671755303268706,0.011742067611150642,0.3478719486566396
2022-04-26,0.001525017044941901,-0.03151911549715136,-0.03774498330697429,-0.028960807263213706,0.010066951403093327,0.008885335636997204,0.01804120441944185,0.020763824163355416,0.01532492830716407,0.011482108656951573,0.2818086009927848
2022-04-27,-0.00755702425744631,-0.004154681027206508,-0.0011978642599002054,0.0028115661861731756,-0.012826038441497767,0.008172878755917134,0.017847111695567484,0.020830731826778713,0.015544109612646231,0.012128028058750035,0.25902724368208074
2022-04-28,0.005398323510093839,0.018667209651399785,0.035515625947040164,0.025259664646198887,0.0014896042423286904,0.008250066369288855,0.017794290492662332,0.02341377508665635,0.017621717268085847,0.012110749819542207,0.2890695075496957
2022-04-29,-0.00011297696546286318,-0.028879145879987522,-0.04499865947953541,-0.036955663473042355,-0.01297278590777573,0.008350991240141527,0.01930395684273329,0.02615677759007301,0.02048880372685056,0.011085692793155995,0.29984745032896215
2022-05-02,-0.018540493535693647,0.010489142330749823,0.016696020960889513,0.0060195374612259656,-0.017333696605651983,0.009102531755756028,0.020093078350808265,0.027174081938348728,0.02075465410773311,0.01220710231047857,0.24873700500168824
2022-05-03,0.00264926246698316,0.008561374439634006,0.001067552519937509,0.004583847220875903,0.006741528636162952,0.008873211482423303,0.018779261108892702,0.025506624387456527,0.01972392411631393,0.012358640817660341,0.33190997588354026
2022-05-04,0.009822544372671826,0.026685870871233863,0.03381201365237163,0.03045304463442955,0.005509901493256919,0.009551438170731568,0.02138912225039516,0.02851699433748814,0.022934028336139,0.010295769774174787,0.4377565920165856
2022-05-05,-0.003811138551277793,-0.0405643338265439,-0.05036406364663759,-0.03554290035501939,-0.02739839853697712,0.009551040257288632,0.023745557910381226,0.03189579315391748,0.02493003015052851,0.01298674952158339,0.4893186702186811
2022-05-06,0.0016558743678838361,-0.01664245612285642,-0.01198069317309336,-0.005968953074690808,-0.014735297760162913,0.009448563139801332,0.023057769444839563,0.031208559463767126,0.023715760511233305,0.013398454428513557,0.4639590925613112
2022-05-09,-0.014479496708730832,-0.04206377805576367,-0.03912690426659082,-0.03201723393825395,0.00879754921343534,0.008867992303434389,0.025368411632671544,0.03228308226609397,0.025087863721222247,0.01325187826302747,0.48670351515684596
2022-05-10,-0.008445202872691127,0.0002860381567040271,0.012148663382282487,0.0023106248069613144,0.00906939522449135,0.008944683624092,0.02433536589154048,0.03133133582634474,0.023975025922791198,0.013126796203201252,0.5378759340198516
2022-05-11,0.008167128516088473,-0.024864312380959985,-0.029658147585646777,-0.015886308385250736,0.019272019747506253,0.009487043971947069,0.02496201274342649,0.03224280941939106,0.024121701768818102,0.014903970418452973,0.4780970785169239
2022-05-12,-0.015333925720196762,0.01172316286225561,-0.002364233854840414,-0.0010440467372375695,-0.0018651054977764092,0.009998135890840398,0.024196874991253677,0.028625211413168455,0.021671233429573906,0.014850453299266422,0.4099587813908233
2022-05-13,-0.00810956630229509,0.03169191327367615,0.03705960543537734,0.023908295952781655,-0.014780534164189896,0.009986451840221747,0.026303755218824533,0.029689773157483945,0.021305513281172157,0.015002443947379162,0.34848674835184223
2022-05-16,0.009538483763206873,-0.004773479694663907,-0.01159138226964751,-0.004057870271881425,-0.0010347861080802767,0.009583934712782034,0.025842562849001643,0.028913418131924724,0.02110469410756835,0.01409025744303497,0.3817974196942687
2022-05-17,-0.006279296383541522,0.030583522280896336,0.02590131425001152,0.02057039246893355,-0.012083593360309064,0.009535574111568959,0.02797646828244861,0.030613901152988687,0.02233978201394606,0.01419193472953634,0.3252410473759434
2022-05-18,0.0005314848929158789,-0.03504167571988159,-0.049090416889497446,-0.04031140324974214,0.02131757847016491,0.008581830318224843,0.027555988077338646,0.030577079486619845,0.022221018105397627,0.0160009105584215,0.1504974820321901
2022-05-19,0.014697234801531733,0.0016455727208151139,-0.005358211291799586,-0.006124821846278161,0.0023952773708140196,0.010357028792917037,0.025320218193640796,0.027438769504256704,0.02013737863896058,0.013126112381419999,0.03039507242810955
2022-05-20,0.0006980112537449124,-0.0025493954424077314,-0.0031082064865914916,0.0004365604111671306,0.011349901023791187,0.010325839635289167,0.024974311929882927,0.027417849979608142,0.020235242157524234,0.012059985585367092,0.01644612914502027
2022-05-23,0.004650369455528214,0.012097175848579722,0.01662741718976779,0.01871016231610856,-0.016454457214883256,0.009473548236023246,0.02123538420779599,0.025662878618695813,0.019097933812767434,0.013551968296639062,-0.07241058327089296
2022-05-24,0.007521859850632806,-0.014814205401948666,-0.021261746736921494,-0.00763388628224837,0.019732381735850124,0.009232364014711877,0.021903484146161948,0.025942372624413304,0.019214194044376014,0.014575456789763007,-0.0699133584564619
2022-05-25,-0.006029994959596108,0.017998443676148,0.01399501561383798,0.008834994723638578,0.003954256272697743,0.009203229760440983,0.02052370752632128,0.02484800562375841,0.018689755642663963,0.013408427616027315,-0.058883987965201966
2022-05-26,-0.0018488983177334939,0.022324170565916512,0.027707147652017428,0.019981427751864622,-0.004525125999374935,0.007507896233643025,0.021181076101085727,0.026296623358488754,0.019555744166479472,0.013503211371667592,-0.08548986159996139
2022-05-27,0.00052102106703944,0.02692637510719109,0.03263972496789869,0.02454916284713704,0.002441014453231416,0.006731718940828593,0.02058184456478016,0.0256923962230381,0.01963121028952893,0.012314707619496414,-0.04168837402809168
2022-05-31,-0.009893009276743081,-0.012417262558026998,-0.0026529659377474424,-0.0056110313525064015,-0.02116219605962122,0.007228395118696884,0.021137721688230984,0.025294440095889253,0.019703620506091778,0.014453699512820595,0.09360792139037077
2022-06-01,0.006369033199590923,-0.005666256434751049,-0.007395770960566206,-0.008088636093771862,-0.0011428804351854005,0.007022398826865514,0.01922248291104311,0.02419128686877894,0.018990337264824075,0.013777063871724568,0.12753249651827323
2022-06-02,0.012309182073779512,0.02442193032090967,0.027385340788766088,0.019043700712654266,0.0005160384069096136,0.00775050717611179,0.01568986111765036,0.018227112711749188,0.013227698170773405,0.011950441976214362,0.23441007722004037
2022-06-03,-0.010152017266979896,-0.009005952073400159,-0.026019060420225282,-0.016411678811030894,-0.0021499285779651434,0.0075280167711629185,0.016437252836029172,0.02087087107409033,0.014635832903742903,0.011923385646820401,0.3562024325520779
2022-06-06,-0.0044037229040009285,0.0043301310142205285,0.003330996239273354,0.003044921377805432,-0.01844348872811208,0.007678049673917204,0.016184888361177808,0.020664085492669824,0.014560973196759806,0.012282521648095531,0.38886892191533284
2022-06-07,0.006518420844169315,0.016127919040753502,0.008625618817477587,0.009592032198028733,0.01080002126068913,0.007827616150313516,0.0163854144998025,0.02037852951781643,0.013923232977244631,0.01216696088583395,0.4395353223498083
2022-06-08,-0.0009251975242893229,-0.01545317075683339,-0.007196428382531428,-0.01087195553195941,-0.008860597830056105,0.007379604320242175,0.016480997670498737,0.018734920878167523,0.014275912985847744,0.009903034509387879,0.5975266138787128
2022-06-09,-0.0031832564859568535,-0.020729871197749272,-0.026784742114928428,-0.023782961729348906,0.0033304551715276354,0.0072063172060368936,0.018072069147142402,0.021313994938781895,0.016676140141479397,0.009850185259049841,0.5607374396791576
2022-06-10,0.013412283666592417,-0.027128585974121266,-0.03527028929217524,-0.028995823550166833,-0.006201842693369097,0.008398874732168184,0.018966736915537973,0.0224637916869885,0.017690470786190706,0.00987587378973629,0.4617853893843411
2022-06-13,-0.026412288230091452,-0.04697925152109583,-0.04649644388987273,-0.037968031372027644,-0.03137940500962666,0.012095080835673113,0.020812920615969545,0.022321564425184594,0.017623729017758553,0.012761274915927642,0.6660565156573203
2022-06-14,-0.008003209616781914,-0.004817865622380402,0.001815423893998025,-0.00301359156218306,-0.01261319645633896,0.011965808055466083,0.020823162112628857,0.022556217024738145,0.01771459004505368,0.012006055767691986,0.6720822501040199
2022-06-15,0.013050939388113303,0.014641911342639924,0.024971945638692317,0.014256638709765346,0.01865638492986532,0.012619478675126451,0.022081440932534876,0.02525944799639778,0.019286360580367458,0.014402104769193394,0.7298757990397694
2022-06-16,0.011243181594596585,-0.04631710823089885,-0.04034648779295069,-0.033096084446216256,0.007939302495905132,0.012500578318354006,0.022417518915666634,0.02389064072558222,0.018334230074821205,0.014880443560815164,0.5838350092464556
2022-06-17,-0.008222816311715064,0.0078096974748005366,0.012159555341344719,0.002155745247376828,0.0032224889748424523,0.012355726337342807,0.0234038281677432,0.024847751072241832,0.01885221212631117,0.015046393901702402,0.5691760893290128
2022-06-21,-0.0037367862070599722,0.017919969786804657,0.025229687793708377,0.025173496792407102,-0.016952317409387296,0.012335251523360747,0.02480072279809387,0.027069645451085082,0.021743714052859877,0.014886787124571586,0.5238045997820532
2022-06-22,0.003985188163408093,-0.0019031658733252854,-0.0014589102435984547,-0.0018127604236278794,0.027500315991683566,0.012197472851222305,0.02325772445516237,0.026550698355563136,0.020965463175192028,0.017363316323345018,0.49293423663337566
2022-06-23,-0.006129257292171064,0.011977259854029976,0.014893167773021965,0.009802368049211418,0.008215110004385018,0.012310148918696282,0.024431905926137018,0.027644991022718838,0.021848295334069717,0.01740253427595861,0.48647161505185166
2022-06-24,-0.0009984622015154487,0.03097185715931583,0.03426352310456027,0.03179394155705784,-0.013842743221642362,0.012294353064142251,0.02712576891510237,0.02950042931003466,0.024247533882549608,0.017896523001716402,0.44113284720585166
2022-06-27,-0.0011170700540719114,0.0037124399160242127,-0.007331401870305454,-0.0038195697555034602,-0.00852868909068305,0.01118673041630377,0.025981391903990618,0.027123971070334846,0.02238853535913241,0.017978726259402788,0.5009947112102489
2022-06-28,-0.0016480211262837052,-0.018777829126046863,-0.03046686496840567,-0.020432848940827197,0.004659590431396854,0.007457491265581298,0.021639865973318326,0.024279070056434558,0.019562501886357466,0.014698638133086214,0.17115694045796032
2022-06-29,-0.0007663579045243951,-0.01014836789764062,0.0009166962451936378,-0.0008145795906164821,0.01560811104939508,0.00694508484413475,0.021877724182860048,0.02428713819189785,0.019510915704329758,0.01432279776570395,0.1300688018459079
2022-06-30,-0.006077047294322124,-0.007791819052442417,-0.012403040178683211,-0.008124229334064093,0.008782177019669657,0.005634992538350897,0.021468509087562777,0.023439627132360093,0.019271796182831688,0.013570329421538617,-0.0021691793916434167
2022-07-01,-0.0008310541616338707,0.012104590775062096,0.006600455341817524,0.01057655343604691,0.010266551080824637,0.0035427428159341655,0.014737002695397513,0.018805249124380138,0.015496206451628887,0.013671444232849085,0.1261225348325492
2022-07-05,-0.02120964335120412,0.00828406319317021,0.017120064531419343,0.0018885316572143651,0.00785702895685092,0.006765818073051274,0.014749285449378617,0.019100464643482636,0.015500831532475888,0.013724637132646617,0.09982211868678255
2022-07-06,-0.015842188833696924,-0.007406174447798564,0.006411734067273578,0.0033773839994990507,-0.016790939000451588,0.007753589259870856,0.014384504863202524,0.01773529990675045,0.013684902810974342,0.013696864393990824,0.18935129900110173
2022-07-07,0.000555053276362516,0.023666531881370245,0.021399124209559695,0.014977195123017983,-0.008800244813259028,0.007375461293221831,0.015796687279146637,0.018570928394258196,0.014153889412960606,0.011524370776259785,0.17906593434736676
2022-07-08,0.0004315313201161963,-0.00011387110825733515,0.001254221139657563,-0.0008227250396771746,-0.011076050874076704,0.007592623997621884,0.01563623981303472,0.018273529049877012,0.014061957277972164,0.011746995485484609,0.16420803699969802
2022-07-11,-0.005360507452973451,-0.020103627244158817,-0.02136436101977568,-0.011423384630247724,0.017244498612351222,0.007477555659738612,0.013892014901509408,0.016324655884639085,0.010326412511747067,0.012132637248366883,0.13730568929873
2022-07-12,-0.0037167247224720867,-0.0034290617314522986,-0.009687289153373024,-0.008849132458932263,0.0059421548342839525,0.007364694666378595,0.01376830543943287,0.016430228870431586,0.010573538457776725,0.01159888071474395,0.13539895129100155
2022-07-13,0.004787690503602615,-0.0008746532192958067,-0.0020612353217533963,-0.005251560267430788,0.011466186084318153,0.007988303057800822,0.012503860196811371,0.013079971109963862,0.008517184772798055,0.011879338795565872,0.13128690437966478
2022-07-14,-0.014047055610919013,-0.010273164207923235,0.003570872275842296,-0.0024284237850674684,-0.00815909797591663,0.00833892651652152,0.01251452746877849,0.013109078773332231,0.008540190684744669,0.011685935642408767,0.1639450319650005
2022-07-15,-0.0020084561635671516,0.02081846813790844,0.018139290964374277,0.019105037871100627,0.0056285109729956595,0.00844048661555891,0.013881781876373171,0.01317542948884167,0.01007956918880303,0.011514060789053612,0.23356751327952102
2022-07-18,0.0009433945063559435,-0.0028309197089517735,-0.008462739350958648,-0.008257062899842071,-0.010418547755264962,0.008572405168982715,0.013504105237562875,0.013712772269562124,0.01008237600406661,0.011593551969214678,0.19654225002833475
2022-07-19,0.0023874693093759447,0.03528397649785964,0.030753190465864888,0.027019360987109442,-0.005394449258480427,0.006858211687167601,0.017329802931793658,0.01582779939453176,0.013193316139106641,0.011257919228127758,0.3066997631774518
2022-07-20,-0.009402031234323593,0.01566948948195357,0.01585653402176912,0.00637300616153591,0.0026245201555017417,0.005750754426313544,0.017256281572726753,0.016263806987429106,0.013243192987134717,0.010038675647811687,0.24827174120158388
2022-07-21,0.014110421925231709,0.005124422907142101,0.014355017469892983,0.010183273526562342,0.01727588980579231,0.0077960340910458725,0.01607683943822604,0.015611168474243368,0.01284398507073683,0.010877633090025426,0.3381242487825188
2022-07-22,0.00249575020790771,-0.015952349690624756,-0.01753517414750838,-0.00927811270953316,0.01681117702967283,0.007870634559317496,0.01725611137626283,0.017072205125536196,0.013359732734260823,0.01057718597961255,0.2799357323216988
2022-07-25,-0.0027385476219622396,0.005180856494956698,-0.005695397500591226,0.0012149126589082737,-0.009785117396218346,0.007751296964083799,0.0153486127080189,0.015277967635598768,0.012551643166015815,0.010639727167600062,0.3231497344482586
2022-07-26,-0.0011858106875901608,-0.006151825751590345,-0.01964924601621809,-0.011830883505551282,0.0007666980051481698,0.0076835573386311385,0.015535240849273902,0.016536960370694666,0.012894689657512802,0.010584776953300784,0.3311378948558812
2022-07-27,0.010184984698782484,0.022751657740315734,0.04225981675233337,0.02596626486498499,-0.005617924849660505,0.008261420132502277,0.016383633085235116,0.02051282004676279,0.014445426259480351,0.010275982157175099,0.36411953421444243
2022-07-28,0.012185323455280006,0.01373966675387206,0.009777994247330613,0.012542360412468812,0.00796105460104446,0.007399137416075048,0.015300806933048075,0.020479334228632046,0.014271850150715986,0.01005072070766251,0.3278690497272622
2022-07-29,0.0028110896821249565,0.0070992897965687085,0.01823700442212206,0.014578605145039392,-0.002717629436027713,0.007213194690779272,0.01476526227355541,0.02048474277763435,0.013923506176682192,0.010061089236431103,0.33164296269205557
2022-08-01,0.0056672312077465925,-0.0003739442525849679,-0.0006022999204703394,-0.002961168607582665,0.024083687444494073,0.007205179979194933,0.014584502078193643,0.019926484973668803,0.013374913624342167,0.01147011971802918,0.2496523564729211
2022-08-02,-0.005938288400823777,-0.0009615776996441117,-0.002981491390063984,-0.006597301195214289,-0.021159855707730824,0.007822101717690341,0.011235257850320621,0.018604075969563625,0.012049428321362715,0.013836040264248058,0.3889007520290001
2022-08-03,0.002438243761313297,0.014705909942035023,0.02723255095180943,0.01565962826252698,0.015744663802290226,0.0065611596654670465,0.011133564678886147,0.01963368082994227,0.012596452212957548,0.014404318099020158,0.47851047921546475
2022-08-04,0.016539989487255546,-0.0021080469000936963,0.004676450911305752,-0.0006755745850828276,-0.00033491064514890034,0.0070068617121001155,0.011322967640763548,0.0194432544343037,0.012562975854958537,0.013706167946577207,0.4015170000118258
2022-08-05,-0.011246066300201418,0.007657939367439193,-0.00816889176520963,-0.0016903480632193268,-0.023804046554711578,0.008562981680024393,0.008964141091009946,0.01840428326235474,0.011892414841781968,0.014977657618333192,0.49371480145716984
2022-08-08,0.008470017618367853,0.010586866892664526,-0.0032323949520060014,-0.00116082894244951,0.016141540050155,0.008480188737504831,0.009061415855884323,0.018238546876201973,0.011991329329697795,0.015612051049882067,0.4588808895272526
2022-08-09,0.0030595386607856767,-0.013639620946129472,-0.011318738329469835,-0.003971135740646892,-0.0038864480385097933,0.008296412676160627,0.01044470306485415,0.017050051311086337,0.011029509050596792,0.015692434575022167,0.4407418141281755
2022-08-10,-0.0025119508170524663,0.02855033794176598,0.027911025738081685,0.02100416122957971,-0.006531590351711247,0.008287198329654856,0.011580597028427838,0.014168195870189889,0.010058799270499427,0.015735525918951672,0.3649579953978645
2022-08-11,-0.0026382206776995876,0.0037318810571738137,-0.005675894955075478,0.0,-0.023309352750165768,0.007802548378683135,0.011317342737932988,0.014566108345269684,0.009745597190072812,0.017143187899210342,0.35289722777758425
2022-08-12,0.00919802099904432,0.020422637701846824,0.019470483156718732,0.016928944065134566,0.010140826623736388,0.008159993340138182,0.01226763063013735,0.01469896356501621,0.010067666817361114,0.01760744636789779,0.4278454021673184
2022-08-15,-0.012867030834262327,0.0035435504603957835,0.008081333150252501,0.004120888055038963,-0.0008656662734590759,0.009331909918805333,0.012072046226820458,0.014605077033529121,0.009796078267891707,0.015217793876096593,0.47088016077972294
2022-08-16,-0.001750096754401964,-0.0003975719007950351,-0.002341948856192655,0.0019585500059002836,0.004157816047556828,0.00910453747566624,0.012030670897163748,0.014564671275299364,0.009080021147443974,0.014068920284539302,0.4212926108995034
2022-08-17,-0.006468335614034371,-0.016816926844095192,-0.011406129241396168,-0.007098033530467451,-0.010437383221892027,0.009365889835510241,0.013865956822538848,0.01327492392297126,0.009023801891608457,0.012945196983179846,0.43741192306331644
2022-08-18,-0.0026164156896926194,0.006629241645420558,0.0024049782242998585,0.0029064937763001453,0.0014819955623253112,0.007342692634841351,0.013701897846801831,0.01323961387031467,0.008934917262200514,0.013012944946219686,0.48058693727020546
2022-08-19,-0.007320625681104476,-0.021466118592142425,-0.019497221346944094,-0.013438191297132307,-0.016102413608649946,0.006880087542553447,0.01598544741282456,0.014582291579360205,0.010327707793751998,0.01186784269958972,0.5489581813390011
2022-08-22,-0.006637179344595956,-0.020600923626973078,-0.026327197529594115,-0.02082225869645793,-0.0033617993594668993,0.006044669117138022,0.017148851259790737,0.016876767785882835,0.012636279759280587,0.009811469606088802,0.5662568740094696
2022-08-23,0.0069908740848763085,0.0016259334290757987,-0.0008270213977910057,-0.002419275536705068,-0.005503149569674459,0.00658981108285481,0.01656875419368673,0.016546996055466424,0.012589364702745963,0.009806755167736143,0.5741647377431613
2022-08-24,0.0029489200401788818,0.007646217765758356,0.00289716914454341,0.0032009497694491795,-0.007318943816663315,0.006825681388077535,0.013712077405370261,0.01329145892888541,0.01040827532281114,0.009823269895345085,0.6352450116774839
2022-08-25,0.003062787136294043,0.01553964635765892,0.017681856357036008,0.014117723337267352,0.01393642614431001,0.007012737716129299,0.014692534018337644,0.01479878148893123,0.011526623682196284,0.009198003380596332,0.7408485971994344
2022-08-26,-0.012152705301765265,-0.032855817169281876,-0.04098817301765423,-0.033848981933600863,0.007537576664684131,0.006617260197606212,0.01591684198938385,0.01759789101961528,0.014108962336676772,0.00886633955281502,0.548519957252466
2022-08-29,0.0006182375550920494,-0.00920699637554312,-0.009855353003027756,-0.006612357773175703,-0.008273323855207848,0.005869011931539728,0.015600289555427794,0.016781436439853668,0.013729999772540573,0.00910012167284203,0.6162319608045222
2022-08-30,-0.008340578885610683,-0.013992867172984536,-0.011136369010021685,-0.01097790683362998,0.0024845963034176854,0.006159208907069463,0.015554238895047992,0.016633673581564642,0.013482515503360264,0.00898098843972915,0.5893718043603989
2022-08-31,-0.007725314789180926,-0.006066439230619225,-0.005813428726395009,-0.007608823422343591,-0.00956058177215413,0.006250202669598525,0.015272977743087583,0.01666412780264346,0.0134817944209897,0.008899399720189254,0.575936516602437
2022-09-01,-0.008790162100319021,-0.010899492519183318,0.0004341526776496796,0.0031377082577703774,-0.018308017549246602,0.006495344479876925,0.014485489217400921,0.01652339725350722,0.013501903769217005,0.010049513986254682,0.5242018574156134
2022-09-02,0.008804709144487166,-0.007768448076360457,-0.014128086687953512,-0.010544499513224892,0.005656907116831089,0.007439210946083866,0.01381051543812118,0.016241619024577113,0.013391702416447614,0.009590657738219053,0.45213228209897266
2022-09-06,-0.0058394619355668365,-0.009883922375484966,-0.007182270053354034,-0.0037729754538027294,-0.024768813415899427,0.007389525956307292,0.01309164845499529,0.01503001587084369,0.012527471948936839,0.011958078891214183,0.4465816688891314
2022-09-07,0.010168638866495439,0.021759796840714385,0.020201188948174575,0.017964769098521627,0.01581539300267898,0.007873617169399895,0.01576931350475856,0.017275995993931526,0.014580544733021249,0.013537840960004648,0.5928797596514533
2022-09-08,-0.006002292729855863,0.008343048071169035,0.005184524984455985,0.00653629502387032,-0.01025741154569404,0.007791669237564203,0.01583072771389041,0.017403737877412912,0.01478740269760902,0.013690400683780456,0.5691827089888164
2022-09-09,0.005283756568463582,0.02008601957518663,0.021862029917367742,0.015535347613012451,0.0022209493612599385,0.00800049512402267,0.016520539658891,0.01803603975736426,0.014977032065211685,0.01257653110759146,0.5429609317209941
2022-09-12,0.005068186218703863,0.012113038002689036,0.011885883907221784,0.010747586343807125,-0.008217244951827407,0.0075054678421228,0.013684821824503549,0.013112307379135017,0.01084723128074166,0.01197866910642027,0.618246166222786
2022-09-13,-0.01301133993119441,-0.03912066015646343,-0.05483684561947466,-0.043482398899236774,0.002327517624964859,0.008425576382741884,0.018464586750245687,0.022005150145639307,0.01787686658179499,0.012156101548103166,0.5655949974385932
2022-09-14,-0.003847613448870524,0.003895932422905757,0.007933356453414753,0.0038158114366313445,0.0034363544340723085,0.00816802730843671,0.018094897657311274,0.022081848468686834,0.017685115119962153,0.012218347897139725,0.5788714238413558
2022-09-15,-0.018679143196684067,-0.007269617145582941,-0.016653843360597276,-0.011353265228954301,-0.0006480062244144102,0.009677396756079235,0.018138094081710753,0.022580537317249683,0.017884584197454964,0.012105621236200141,0.5465456434190423
2022-09-16,0.005549107201315628,-0.01453481583169458,-0.00611482565591559,-0.00762902503053875,-0.008335776742508072,0.009734354909407064,0.018395944037731465,0.02257998615144962,0.017922388024356074,0.011098421620527908,0.5321008064136048
2022-09-19,0.0007700871329356929,0.008547976370430588,0.007787240724159927,0.007754974221152011,0.0023348860543099814,0.009124681349257984,0.01847578478976645,0.022463075520275353,0.017912004344886854,0.01088216483459293,0.5805298059431936
2022-09-20,-0.005706587274526553,-0.013627308750068567,-0.00797103361946283,-0.01147837393753659,-0.009969902422503507,0.00911865118981846,0.01874314490984167,0.0224885920944378,0.01823658007618095,0.008212624098278401,0.5860369896998272
2022-09-21,0.004642973675810236,-0.015275802427187846,-0.01790582671597818,-0.017443936973688623,0.01675320530197988,0.008438655861107624,0.017593811274723484,0.021697997736972095,0.017534951896583967,0.008430093068060312,0.38789339993089533
2022-09-22,-0.0005776772692025478,-0.022527720380664085,-0.012307906951644298,-0.008399857801763222,-0.02554897350134433,0.008369235510930708,0.01795364931628003,0.021500402919013933,0.01710232473839477,0.011215467760156807,0.4464811728091883
2022-09-23,-0.01727683040546535,-0.023805394509917144,-0.016281552149540635,-0.016754657659380112,0.004085051147625363,0.009174445615950304,0.01590667650807403,0.019137233202237647,0.015518979114199888,0.01131886190465917,0.37817775575112417
2022-09-26,-0.011633219026207842,-0.013691722042401988,-0.004137954702293611,-0.009892769705015403,-0.01911088168540842,0.008790295342425382,0.01364374258912328,0.017674489314963328,0.013817631325639897,0.012414457674467201,0.3684363656127029
2022-09-27,0.002049841746687875,0.003410992735333407,0.0004010616685026225,-0.002552762785700824,-0.026331037609814922,0.008741273052867204,0.011276955766553395,0.009606484410984873,0.008211649852661778,0.0141188917232694,0.3214304770301192
2022-09-28,0.02078665233491006,0.03162755131767825,0.019892185084311453,0.019676283964425334,0.03348203159305174,0.01185354963191927,0.016927847692380062,0.012041992243054248,0.011493216437167407,0.018837435094487005,0.6510929124079794
2022-09-29,-0.00019392836526865853,-0.022419688997763587,-0.028827726809378174,-0.020888914711365003,-0.005175799031230333,0.010304982779387718,0.017645767444476025,0.013800957922890772,0.01236684627880656,0.01882024334578257,0.6449958955955923
2022-09-30,6.462244018679009e-05,-0.007283429207801118,-0.0169566991099398,-0.015463580021995327,-0.012910844653593156,0.010111566825722219,0.017506313502903475,0.014183818375352729,0.012672344744557548,0.018998018606272135,0.6495104663678425
2022-10-03,0.024309785681440932,0.02649769873394292,0.023460185658439547,0.02640115822230471,0.015889479681417074,0.012860185023377336,0.02006790070890675,0.01671657955726714,0.016085726719327918,0.019977474965505074,0.7336350321887154
2022-10-04,0.014328122056449066,0.039636058000339425,0.031440852698202626,0.030986733031865832,-0.0027930802838233015,0.01314480623535916,0.0243454608616016,0.02044669630210496,0.01960508180086018,0.019822937855265094,0.7024010000822449
2022-10-05,-0.005538266375543777,-0.00738615534398368,-0.0005316893699387482,-0.0023280822481372976,-0.00956128044839566,0.013450099356188218,0.023933564175522063,0.019680311915489912,0.018799651951653763,0.018749945025485056,0.7525231115518459
2022-10-06,-0.00112629171222689,-0.0056097602836600036,-0.007872813749170926,-0.010315886335091506,-0.00555848126220404,0.013465755276179724,0.02269840345455662,0.019430148574405035,0.018905129420713276,0.017301376781009088,0.7483863178794625
2022-10-07,-0.010962851258976669,-0.029415224192399836,-0.038104318387136904,-0.0278939262579162,-0.009707959520496523,0.012548150934096473,0.023466060097065405,0.02245875196752009,0.020273289784442382,0.017241332189878385,0.7907158608028548
2022-10-10,-0.015201476317757034,-0.005574991835382459,-0.00999590621605606,-0.0076352417917140425,-0.015545703924113363,0.013057487443937666,0.02301687323816065,0.022593122861654567,0.020178419858627738,0.01693232601411491,0.783462449038548
2022-10-11,-0.002058091550185215,0.0002981381739390887,-0.013738469067634762,-0.006333237293557947,0.0044255654877287665,0.013149806593776035,0.023021953233020646,0.022818153371122283,0.020246014834383944,0.015081469945966975,0.8080305477489651
2022-10-12,0.00534932850905423,-0.0027426023044102577,-0.0003425672205310537,-0.003298401465956169,0.004906457697174682,0.011567750763833966,0.02054590375690629,0.021298443717464866,0.01884634944345201,0.0095789981929184,0.7666903187218017
2022-10-13,-0.006923532232980256,0.024751872815925502,0.023452463403852875,0.026391060001669464,-0.009566011950761122,0.011831027218019569,0.020598771671217986,0.02152774826489938,0.01994703190413482,0.009758015677833414,0.6913190416098733
2022-10-14,-0.012458897998479546,-0.026779329439852284,-0.030057359934310912,-0.022788806625325564,-0.00825037285214747,0.01249403799490322,0.022544281707830495,0.02296294533253078,0.02073964732676396,0.009391802332530688,0.7113088217664074
2022-10-17,0.0028762090057179446,0.03189244180323625,0.03302175943724661,0.02569715688457319,-0.0048696800125350714,0.009019726561882296,0.02326546281024351,0.024310972407071904,0.02064223931831347,0.006442241129683028,0.612450159733448
2022-10-18,0.0021509701146735782,0.011851642807037877,0.007907684178534824,0.011749601665808518,0.0023448358597462082,0.006987775014858487,0.019634875588241174,0.021801955573363015,0.018212736903734362,0.006885241403907014,0.5886015487352376
2022-10-19,-0.013398358104674823,-0.01699498881829531,-0.00364649076960899,-0.007086491924739091,-0.01820622659507909,0.007550761951373193,0.02021564363250765,0.02177506756241697,0.018293660307146277,0.007960974402220029,0.5977242157584162
2022-10-20,-0.0015822103586343728,-0.012732965124564677,-0.005101854846767839,-0.008385302817799034,-0.01709276163617912,0.007524929634686498,0.020487209559042346,0.021737023912257663,0.018207910752400972,0.008691508398075073,0.5907134993355002
2022-10-21,0.017827646105301076,0.021712114268219507,0.023447763510684227,0.024301380560897146,-0.018022838994409374,0.010137919885264223,0.019386390217439698,0.019499572802888117,0.01741084396836491,0.009336545551308069,0.4945860084033712
2022-10-24,-0.003243594030472474,0.004285050522754741,0.01100126161049797,0.012236659410926665,-0.008264385434260446,0.009105191597875612,0.01917580769414196,0.019132166637446508,0.017161247349680088,0.008957868880917489,0.45470506103881086
2022-10-25,0.002277944142005106,0.027271563949873734,0.020685781201970066,0.015968549870653215,0.029112571361192385,0.009160012423172941,0.020517100250187454,0.0185553000875771,0.01693657356544015,0.014328040858948374,0.5539364041465104
2022-10-26,0.006363608620383543,0.004939103533564859,-0.02209628119527296,-0.007533991439220622,0.014407204186673628,0.009239859413198026,0.02028543697221093,0.020787712046112555,0.017285405959168918,0.015322951982572428,0.49773329826131996
2022-10-27,-0.001548523944967184,0.00022336908449593906,-0.018206034703484142,-0.005340057078919824,0.010470699162225205,0.008984660168983898,0.01936515647621363,0.021043393415267564,0.01622115904448905,0.015793910064493998,0.5240770875409406
2022-10-28,-0.010210687443231947,0.02272620569780215,0.030600711836904493,0.023790588790774114,-0.006873856261966016,0.008662667016865263,0.016590452160592132,0.019563945706707483,0.014283642957102839,0.015737703167520562,0.37535457610631784
2022-10-31,-0.008161399648159207,0.0009279946645071036,-0.011627957131239763,-0.007223260522269959,-0.007128164457012809,0.00897446484657394,0.014736352454136436,0.01820633625339541,0.013670432477392663,0.015804318129571105,0.39992984870653986
2022-11-01,0.010203429757038585,0.0013638756324723111,-0.010217764047117717,-0.0043759296287742,0.009345492522529364,0.009621778352784573,0.01468000206201655,0.01859436514007234,0.013768986668571242,0.01616540861167919,0.35889866824408023
2022-11-02,-0.006972548399621914,-0.03317357714443736,-0.03427699754606306,-0.025096264868520568,-0.004339973589898682,0.008819617281205961,0.017946931287141605,0.021782900158549025,0.01627667953992372,0.015107039975479028,0.36174519539205385
2022-11-03,-0.003806036048150885,-0.00670481971540382,-0.019534814570276837,-0.010296733564119531,-0.005397304110435153,0.008905441775811882,0.017425271632648013,0.022508315582904233,0.016420612955365482,0.014037721669650064,0.3615870056214335
2022-11-04,0.030696289684813083,0.013499885583513782,0.016085126350471546,0.014393041066467438,-0.01680028992631577,0.012085865066699987,0.016694678343514652,0.021650314625163293,0.015151363901467861,0.013854569767058747,0.3542816385854905
2022-11-07,-0.003962389674382338,0.004533189048819608,0.01099443445166437,0.009565760133323886,-0.009976569286479609,0.012119697452015226,0.016696099956739756,0.021649797574380764,0.01494662079379011,0.013997844796595896,0.3559206109428962
2022-11-08,0.023099074133724695,0.00038995972154465264,0.007287301728254203,0.005395345972187604,0.010934407092841436,0.013924588436848073,0.014469980867448625,0.020344081785765637,0.014070039624151385,0.010796295316771336,0.2739206866389146
2022-11-09,-0.0050172660211307285,-0.02745599842239199,-0.023076533415152256,-0.020602248647122345,0.0032875417546751606,0.01413440949430297,0.016883412694857273,0.0204372279529101,0.015328768022365328,0.009591657388556519,0.2897681793412208
2022-11-10,0.030444387121793204,0.06155877329960657,0.07378838820477185,0.054954438936683836,0.038473815421770974,0.016548006861822517,0.02639241659743554,0.031591715253178235,0.023526142402710948,0.015678958543176674,0.6775393403568947
2022-11-11,0.006606324071935177,0.008199218502626282,0.018426315198954546,0.009678390580842855,-0.003664101908208761,0.015585713511323445,0.02562141795245644,0.03067405830151571,0.02261612079874271,0.015528520757085891,0.7397509764614985
2022-11-14,0.002187655661719301,-0.011182261034014762,-0.008751061453141529,-0.008506868237421195,-0.0024516598509326526,0.01476607329853011,0.02597792249115727,0.030537048247018608,0.022681863442612395,0.01530956864197277,0.7449869369951471
2022-11-15,0.0035168677995043307,0.014826087437982416,0.0138382820964984,0.00852907327672936,0.01618008161940243,0.014823993500327079,0.026339258393843785,0.030320521767202856,0.022613512716681553,0.015820865078985537,0.7459712561324745
2022-11-16,-0.0022961020109516506,-0.017595432939055855,-0.0136493978782124,-0.007628629280600374,0.02186850833868581,0.014377461986265246,0.024386587392069847,0.027922217906719744,0.02072946788723669,0.016686096986084663,0.6784634045041465
2022-11-17,-0.007267423593311895,-0.009280843145674456,-0.0022072430959502176,-0.0030599362489828197,-0.010552225714064112,0.014734438701386156,0.024525520008836482,0.026559708626458206,0.020235280352518065,0.01712526866568948,0.6784637747949317
2022-11-18,-0.006893636502166456,0.006464316806102488,3.5163375924351925e-05,0.0045404731006490895,-0.006877400847041915,0.01292865694691576,0.024314735052000606,0.02658728506659934,0.02003479054487216,0.0159889073232233,0.7608571493299723
2022-11-21,-0.005589952950737276,-0.005225539247758926,-0.010287218988166869,-0.0036361464026479773,0.004215308296967146,0.013050287713762106,0.02444389171863472,0.02713753332619542,0.02015608570554743,0.01504247215689065,0.7847502679369273
2022-11-22,0.00117372396636517,0.010670038857274688,0.014402477841853667,0.013456945269797238,0.014191523196604994,0.011168531876207824,0.024581176732096855,0.027281319669533555,0.020379564698667512,0.01516846140459496,0.8278758351050396
2022-11-23,0.006231840940288613,0.002598636712030533,0.010037083259280655,0.006301617413545735,0.017441557927340146,0.01098327664899908,0.022147215871761456,0.02526075553684924,0.018330350656798597,0.015393816846730093,0.8304306149327436
2022-11-25,0.000858470616118101,0.0021058341423030313,-0.006578265824096152,-0.0002235468212060665,-0.0033895803948336134,0.0051466141733951965,0.010549868341983803,0.01170354560938945,0.007624477650556563,0.011702010250967822,0.4968797989401283
2022-11-28,-0.007903495498554403,-0.020152906521582636,-0.01467333846498553,-0.015957176904196735,0.002818118365448319,0.005075919291263466,0.011875208750192393,0.01105560006047498,0.008932869072113969,0.0113620420996142,0.5674391593037006
2022-11-29,0.004940425418036076,0.0029146440623548653,-0.007569416757538416,-0.0017175429048386093,-0.011725834310865157,0.005370162250690686,0.011586610201187056,0.010978901867802647,0.008514930047600688,0.012400169145122854,0.5318034933020394
2022-11-30,0.012781920270785507,0.02741666150523936,0.04558564458749936,0.031500704805550894,0.007354293160860337,0.0068838521869346424,0.013968900160501571,0.018185221818641066,0.012980908473816105,0.011767875296177583,0.5685846481575413
2022-12-01,0.01838479961277617,-0.002188016507408519,0.0012270788113470932,-0.0007359318265828252,0.03194605224040492,0.00902368709416287,0.012595773166773303,0.017398837132933987,0.012568165467048555,0.013773050279555828,0.5701751394865531
2022-12-02,-0.0034556830535615868,0.005830025061827282,-0.003983595043103194,-0.0011536918999431878,0.012575487568516674,0.008678016917376716,0.012048949152399114,0.01746681144517313,0.012479391991392646,0.01286889447617255,0.5269017514510761
2022-12-05,-0.017158885635801036,-0.02754589949804953,-0.01678313173212609,-0.017989310319119656,-0.014007087506328952,0.010307954053961177,0.015329440071932078,0.0185413433384534,0.014141117412355762,0.013872594675320244,0.6547567391580134
2022-12-06,0.0027373742314797944,-0.015311297501770627,-0.020720575477709446,-0.014414689716036877,0.012879938768746158,0.010047130671168405,0.016002321112744085,0.019523215008103365,0.014921683589488142,0.014008808034131072,0.6168398900732599
2022-12-07,0.009039101712364994,-0.002943557801163843,-0.004082649836837593,-0.0017011798367274622,0.023562662544819535,0.010292395148243942,0.015433555714210316,0.018882560543503835,0.014141782728036775,0.014831962363866618,0.6047791081183298
2022-12-08,0.0008416965556858891,0.007240964346201029,0.01183472560942822,0.00783395807055487,-0.002740496018117544,0.010224632659830778,0.0156794274982996,0.01901537658771353,0.014244949125348629,0.014769225843963302,0.5679126806609852
2022-12-09,0.003544160110315664,-0.012276247411415309,-0.006376454737624604,-0.007470272792357235,-0.026014343531436834,0.010223478559391935,0.015892289526245683,0.019009582044303502,0.014359164790020744,0.017780917166342742,0.5698363467235732
2022-12-12,-0.008260534556326027,0.01175692867701894,0.012551341535040006,0.014417304258096841,0.00319729424992099,0.010263907115801182,0.015418525301271118,0.018870943304588675,0.014333723638910617,0.017779315047052092,0.5056650247329229
2022-12-13,0.017081132038632596,0.008282827201038456,0.010750149313679902,0.00756969621900172,0.00965593780256091,0.011274074725983706,0.01564284859040941,0.01881759260768135,0.014448793297831605,0.016985665876508342,0.5248821532065604
2022-12-14,-0.0024330212847030186,-0.006560841033007914,-0.007413972191812723,-0.006393366302993142,0.004271312249504389,0.010911097039463304,0.012382764480291537,0.01155162676307813,0.010106241591836646,0.01698312506568342,0.5080410285372521
2022-12-15,-0.01635930934057528,-0.025029275620966573,-0.03357652205356265,-0.024461674141529333,0.0039020479732365665,0.01065405614879462,0.014124374057077154,0.015076223040759222,0.012318392103898545,0.014229018509254373,0.5339499196690559
2022-12-16,0.008708721678036602,-0.0074565922760260195,-0.009534396040531523,-0.01180622705432921,-0.011170844770005073,0.011084397569647804,0.013536580316163957,0.015104888944493184,0.012468429181542217,0.014383686106787471,0.5169805629601373
2022-12-19,-0.0028178306902848504,-0.013534454504346871,-0.014053393345768939,-0.008479793356500065,-0.016805144033900432,0.009458693595976288,0.011783435291803554,0.014918611915166231,0.011746855731757431,0.014717428479051397,0.4644644236675182
2022-12-20,0.016594482836064905,0.005290327674404072,-0.0007784850115755138,0.0013686203206009218,-0.01775702064775464,0.010647904086101842,0.011694240185465977,0.014048980984501273,0.011317783288224357,0.014942501626951765,0.47280526483992497
2022-12-21,-0.0016560135809358112,0.01723337910137257,0.014506090163497465,0.01495239708160545,0.002513313890669888,0.010464131786666284,0.013418799431676525,0.015227190627107645,0.012661297882427909,0.011974260264050733,0.45789313047870744
2022-12-22,-0.012085358459954287,-0.013075583275944158,-0.024465179842270368,-0.014266198284191178,-0.00019256374805687315,0.011321217631651066,0.013485283228070626,0.015822425549734936,0.012827804215831073,0.01205674605013102,0.4614617708135479
2022-12-23,0.002998321039039853,0.004550719780926471,0.0022491571040366143,0.005752168942245284,-0.014660592206626633,0.011304776087854934,0.01332248008411282,0.016023708409336222,0.013047736719333684,0.010238742285143178,0.43709214008307595
2022-12-27,0.008430011409881644,-0.006709086007693599,-0.014138460074412995,-0.003943432415555059,-0.01977303115920359,0.011151693785815622,0.012479324771583538,0.0149677939080939,0.011679905054704554,0.011061847103181944,0.4591481062660188
2022-12-28,-0.004505807286929064,-0.01552947208364408,-0.013202487783332995,-0.012427713594661993,-0.005891903986060321,0.009893229920199482,0.012207496631913393,0.013545892981737907,0.011185949010342857,0.009614562674218053,0.32717896022861
2022-12-29,0.005598251568726287,0.02533281944897947,0.024375216030209534,0.018000271610881136,0.011351402753098316,0.01002704960718379,0.01572737670657884,0.017409848442798796,0.013503268260737243,0.010773199268614565,0.4728082778114008
2022-12-30,0.0046786689817972515,-0.002802383086824678,-0.0006007827993753656,-0.0026340711506304126,-0.011124403104153524,0.008125669693773865,0.01368994388603076,0.01469963139621298,0.011333912343131712,0.010136227878664103,0.5035780197315659
2023-01-03,0.008370656531798915,-0.005505856946801613,-0.006759635985719381,-0.004210017497595531,0.019084014382447334,0.00809806091692916,0.013596071083497061,0.014600268301013263,0.010796967452242274,0.013240869567223207,0.4852122377774621
2023-01-04,0.0094119059589024,0.012456672216787812,0.004763865621143282,0.007720270545689578,0.013699817703397565,0.008119011003478326,0.013303304250870389,0.014267270729412087,0.010696305047649674,0.01380425264764715,0.48399629197756766
2023-01-05,-0.012451461859522062,-0.010708604104477715,-0.015654148073101615,-0.011413534029321326,0.004180774973002288,0.00822159597499063,0.013831765247573074,0.014953669935880752,0.011392582558797926,0.012775315342286953,0.5378474393199466
2023-01-06,0.01870749684189077,0.02245525683082361,0.027601460222506535,0.02293225294345924,0.018396802937819645,0.009878803775504227,0.014609383300000067,0.017070232623384238,0.012771524299008805,0.01405686240079302,0.6813786901728828
2023-01-09,0.0022451175785793698,0.001689425925991861,0.006473250615535386,-0.0005668771017783847,0.005324229591428642,0.00838789415909281,0.013744040401619006,0.01515890683691936,0.011694916504591165,0.014090963603467637,0.6674701848103506
2023-01-10,0.0036760446135073455,0.014785110186769757,0.008464585735340924,0.007012860229280493,-0.016550110972668453,0.008378507207345412,0.014282321173564991,0.01531912247429553,0.011747482336498888,0.014350352011010748,0.6379244115511339
2023-01-11,-0.000686793935011365,0.012464590127306163,0.017299979506598007,0.012647728166962802,0.016251648392560103,0.008389217047664009,0.014037485016220203,0.01482701662710181,0.011976799497171528,0.012745561432340522,0.6403143207773487
2023-01-12,0.011568000967502767,0.016798117661046552,0.005404466353664317,0.003640839538718632,0.01968209942822363,0.008222137588464842,0.012277819670938361,0.013343742053263693,0.01056660077201176,0.012777663012998689,0.575292069869368
2023-01-13,0.012001783992939385,0.006565275878742449,0.006880718133397634,0.0038795319682620732,-0.009372423889336123,0.008508602082978965,0.01079741317591547,0.011901432280251686,0.009580217616254046,0.013817330325098336,0.5571626471592949
2023-01-17,-0.00654507834469964,-0.0012297246551434826,0.002028508893016534,-0.0018320261427525741,-0.006463972345390312,0.009363278256650833,0.010652169420794225,0.011782894561376074,0.009522612826558871,0.013243864546930325,0.5638952956268517
2023-01-18,-0.0028717524486322477,-0.01616535487248827,-0.012999751261573267,-0.015787970915170146,0.024231456834070242,0.009537517649662864,0.012425794690251209,0.012646710151487904,0.011187484674754973,0.013875585278313654,0.524249467450235
2023-01-19,0.015868520044824974,-0.009575638020743793,-0.009824771165872659,-0.007279824836592841,-0.006259959603936327,0.010178777993129657,0.013072679730127679,0.013493438413901904,0.011460226246230203,0.01422600426994306,0.4640481674240415
2023-01-20,-0.003335405556458948,0.016479829224783415,0.0273669707503843,0.018629247936364113,-0.016211136764674894,0.008847840602951424,0.01255841044676816,0.013542211130990382,0.011685904186198958,0.015729334684439877,0.31626710898854926
2023-01-23,0.0018964337632443318,0.012375783455408573,0.022216053535420333,0.011998412674425252,-0.004707962428397217,0.007454642597738914,0.011487869026218246,0.012754506281819325,0.010164185809666127,0.014874240275093549,0.11600822604932062
2023-01-24,0.003618515163479552,-0.002135272055830306,-0.0020417851354820327,-0.0010731924690853267,0.014380500230286586,0.007444020281715106,0.011687755736906178,0.013097750770174192,0.010186460828185176,0.015458573117234838,0.10838581919970287
2023-01-25,0.004603959599926544,0.0027817935586302855,-0.0022193017925493663,0.0003747514345235903,0.0024248660139385425,0.00745197411210455,0.011180675621421788,0.013351128401892799,0.010125299899411504,0.014102114160248433,0.11907201919971185
2023-01-26,-0.009055266877154966,0.005921607756395497,0.019497291575544695,0.010990224770582424,-0.004651972192595499,0.008398155285013845,0.01080474644516073,0.013584575186544361,0.00995318793674948,0.013522048744960427,0.06284700756904495
2023-01-27,-0.0013929904624704337,0.005409467422221148,0.009954525511281176,0.0022979189377283493,-0.00252411199549607,0.007874127164114793,0.009759710652829805,0.013652182791011045,0.009942950572747706,0.01189421705405146,-0.021356871799675613
2023-01-30,-0.002566715270248765,-0.01392553638904137,-0.020218673608007665,-0.012546884131530711,-0.003654644017113684,0.0070113232747213,0.010800279093240717,0.01596975292466302,0.010944683569833417,0.011575670448361828,0.04055339244316668
2023-01-31,0.0036362115419990015,0.024285854633242954,0.014985754906575055,0.014703248036979089,0.00799466122887571,0.006683292436173566,0.013221707798998696,0.01636894467376112,0.011759056367233912,0.011629132281511004,0.0810202797941503
2023-02-01,0.012596814339808304,0.015719738705084474,0.021383530561554176,0.010627778406817612,0.012021218351137453,0.007426105639698121,0.011996000682806865,0.015847432157295564,0.010113486859958054,0.009348102404393707,0.24924695796883353
2023-02-02,-0.02075193653580043,0.01969257226232557,0.03589018753526996,0.01455695744109331,0.0012941316546466464,0.009009410903074116,0.011401481797149619,0.016671235084822572,0.009539294496812097,0.009098596288526101,0.21272555106348148
2023-02-03,-0.024957770292002968,-0.006706480021658412,-0.01777261775434269,-0.010628976420077207,-0.014955765018562439,0.011780625981667165,0.01197770913467338,0.01828599548343636,0.010067484600593727,0.008845452188150228,0.508860525446906
2023-02-06,0.0020754098721176284,-0.014467737704875971,-0.008458829292594117,-0.0061113602965927605,-0.007404074026454377,0.011789424583740361,0.01339887348440133,0.018240299066663444,0.010123494319571198,0.009068970853334921,0.5136437480580852
2023-02-07,0.000920425708082595,0.007417418394488395,0.020718501809454004,0.013078659409026194,-0.008025647401797342,0.011645542863523439,0.013279983929361479,0.01866519533624941,0.010575657198939934,0.007956087677789452,0.5448796365186225
2023-02-08,0.002471594120761589,-0.01462314885262428,-0.017781127411370723,-0.010934839251123485,0.004759330387323013,0.011499493774659723,0.014619622019709226,0.020144205132483013,0.01153596106290597,0.008124600299656596,0.4861924270749798
2023-02-09,-0.007912418174625069,-0.014476916546896978,-0.00883799396487861,-0.00866919290412993,-0.009473492687884222,0.011445939230126994,0.015540950473974314,0.019998867726734287,0.011622697257489734,0.008467306346897617,0.5336910488194203
2023-02-10,0.0019071943211166342,0.0020006977457291963,-0.0065629717608420846,0.002333540916432897,-0.011189660287388659,0.011563239661317703,0.015466611052088589,0.02004146506955074,0.011623268199549714,0.008956551038394642,0.5129056027379227
2023-02-13,-0.005076170279846859,0.012032908797815267,0.016015929482245284,0.01173921650948384,0.008414644564525675,0.011573792895515966,0.014947708916423804,0.018957988105583936,0.011086413694756235,0.009626234798158367,0.5243069722185859
2023-02-14,0.0007537389032514774,-0.0004672697964478445,0.007389107346106538,-0.00046012701529840605,-0.0023018778823730157,0.011410812591395827,0.012965338366119421,0.018661403660895658,0.0103295616410565,0.009010179486290407,0.4843489076042856
2023-02-15,-0.00996466725346834,0.010129294663686172,0.007661017257746483,0.0032471492514987155,-0.009324901429553334,0.009945555412228644,0.0123473425235343,0.017739038462432834,0.009862229907790057,0.007548745124375226,0.3442342060899661
2023-02-16,-0.0008192368783922488,-0.0095649205256646,-0.018764259150550133,-0.013768754234087077,-0.01416819365844113,0.008575464213002286,0.010505613047439426,0.014553588565748203,0.009539321718098716,0.007738268055239903,0.43007703499576627
2023-02-17,0.002986790669610162,0.0027518001242992085,-0.007055788926428774,-0.0024982348458599812,0.0077763354927595785,0.004675093626122673,0.010547778991875926,0.013683997179265233,0.009058146117477463,0.00825642981127359,0.27388163369833896
2023-02-21,-0.003737004613899475,-0.02951387668069072,-0.023675055426353064,-0.020060882549810755,-0.019437149887457816,0.004573766072175004,0.013259940533124159,0.015287474676805314,0.01080370316136048,0.00956556203646105,0.40872944269768974
2023-02-22,-0.005626488586046308,0.002721124773137795,0.0007482854649425441,-0.0013782541991861352,0.009164301569968725,0.004602101304888376,0.012911602782515942,0.012958901076283181,0.009340895631769803,0.010517901101964053,0.3878539332958318
2023-02-23,-0.0005304511136865475,0.007129817735663124,0.008733979014534876,0.005319443820080982,0.009771940683764191,0.0043316043660813425,0.012735697942128706,0.012784251067636948,0.009422638000761959,0.011064628677221966,0.4832643607026735
2023-02-24,-0.00719467575637045,-0.00935121732267441,-0.01674407596958849,-0.010682297251677797,-0.013000735084733428,0.004242545012861786,0.012259735717047767,0.01345130289044255,0.009590993571429167,0.011343900458231155,0.49271718928449076
2023-02-27,0.003920334893926292,0.0035198590540468366,0.007161225978413288,0.0034058262955918295,0.0027729999728260957,0.004525375294373351,0.012313280516109075,0.013769308622008003,0.00965829768439882,0.011140082060799559,0.551512405113576
2023-02-28,0.00455596886271592,5.312252168332421e-05,-0.0012925624615371945,-0.0036958971951801534,0.004542895594948693,0.004929930251699883,0.011450304445634477,0.012280983778794533,0.008259488684238918,0.010798667077679396,0.5860295529459727
2023-03-01,0.005772150633673867,0.0012754602175826246,-0.008039267808419348,-0.0038359797341150914,-0.010742790078103748,0.005423020950826383,0.011493787876796738,0.011704916789594153,0.0081645761083617,0.011113672639383506,0.5590632396370866
2023-03-02,-0.0005855636445488699,0.00238817963804272,0.008275756399169554,0.007777360973698633,-0.008867284880579418,0.004433302851957251,0.010820726063204176,0.011780907183912321,0.00874104272767083,0.011086855553737089,0.6267710681293559
2023-03-03,0.010723085619275707,0.01392504475477252,0.020673705955524868,0.016037901444849068,0.024226101105935705,0.005585526100935505,0.01171586298826543,0.013201000994999157,0.010007920452536253,0.013300726912815974,0.7411585611074656
2023-03-06,-0.005043830646819902,-0.014621509867092652,0.001134657165599684,0.0006926095568684509,-0.00775361286688514,0.005843997448495045,0.01244393118452821,0.013045058644987997,0.010004332825069696,0.01327901810867018,0.7355904819454493
2023-03-07,-0.017480480627863337,-0.011605675660024128,-0.012265829164073816,-0.015328680054371824,0.006132460067944878,0.008071064207284234,0.008855061321191975,0.011132465472195693,0.009050146927961463,0.011686143147113283,0.6598020453893852
2023-03-08,-0.00047445044105887124,0.0004826966256363807,0.0049942517783887475,0.001632083867890044,0.0009830295564108305,0.007916448482354654,0.00879388915688684,0.011209344593347048,0.009055511545852294,0.011382077130943675,0.6763275445315097
2023-03-09,0.009849316056938173,-0.027813471951601,-0.01732566170119243,-0.018449909855967173,0.002455616706755759,0.008583849897450509,0.011780829851796492,0.01225953859685549,0.010540458888240749,0.010969415683289789,0.5174303329803436
2023-03-10,0.021562856843419187,-0.028829949330488325,-0.014043838650644735,-0.014429318714848649,0.03448576660573699,0.010383691402859933,0.014111588859611638,0.011907301329312647,0.010933025120439,0.014416789924492225,0.26686869611054764
2023-03-13,0.022948211912439564,-0.016290022107125268,0.007416356307693217,-0.001425407657731581,0.002273137108417256,0.012113418985880841,0.013997570468183586,0.011927160806117044,0.01074227125221862,0.014425553399532907,0.24896617951784594
2023-03-14,-0.005791064746217711,0.01852172281644493,0.022980066039150593,0.01653009120418547,-0.016441410393571054,0.012604846658607541,0.016233213711079345,0.014136830712034778,0.01239509733544601,0.01591245421131243,0.1710573842321343
2023-03-15,0.007804133170404848,-0.01648542562986466,0.005245838419078108,-0.006254311454852224,0.019310247775850886,0.012650234468173892,0.01628906131241279,0.01377284775477172,0.012478156678107514,0.015934677671549765,0.16764156538930858
2023-03-16,0.002020092008242713,0.013651190121013235,0.026360733275248904,0.017545283350719476,-0.007822948728176682,0.012563789514524935,0.017438513129669087,0.015645191236357305,0.013601346340936654,0.01583183076922472,0.15830309645496538
2023-03-17,0.02912021467748982,-0.026991581686837463,-0.004726229796667147,-0.011692657631121262,0.015009163760602906,0.014720012403640542,0.01679600681354147,0.014767953198256818,0.012686138449779602,0.014878525202194863,0.015605299749794166
2023-03-20,0.0003808677357699519,0.012964986945186663,0.0035489559198682574,0.009615431263642504,-0.008797636106691487,0.014344476686046924,0.018330173135541736,0.014772385759184202,0.013283662558353308,0.014980209064580911,-0.014964471077328146
2023-03-21,-0.018875115806276432,0.01844896095198445,0.014282513297084742,0.01313064938070796,-0.008592009138775558,0.014613131339108508,0.020095812445962678,0.01425667681596446,0.013212954533995592,0.015543253079262603,-0.1037018074749759
2023-03-22,0.01702060989813825,-0.028361003673585627,-0.013598040144455648,-0.017046510028544626,0.013333144537092334,0.014685294289013037,0.02122250305108852,0.0154052079715684,0.014327281697094678,0.01582795013342475,-0.10431597791361873
2023-03-23,0.012538176085624908,-0.004438366045363518,0.01185800791498659,0.0027033123719062413,0.0,0.014735160830423373,0.02006811104915724,0.013805094992739108,0.013005922426223449,0.015882513742897526,-0.15012362159896708
2023-03-24,-0.011252350246951037,0.009045500958381414,0.0036806789708021537,0.006562049860607155,0.00422957611664998,0.01524041219141185,0.0187666191252189,0.0119713956718393,0.011910551275649807,0.011860772121184983,-0.142861015370021
2023-03-27,-0.009256722051406152,0.011118143879200515,-0.006851563312761821,0.001869853957449763,-0.023491249048809615,0.014552289068420985,0.018445332346049143,0.012829127019828468,0.011820777651182852,0.0141845377137652,-0.08286727867239924
2023-03-28,0.008189093257242153,-0.0014392047191494894,-0.005311508958386613,-0.002244695154030474,0.001821237319245439,0.014351197092911603,0.0173560233142188,0.011816186273411933,0.010943785237257654,0.013160962616676146,-0.07334574278843838
2023-03-29,-0.00496077000653139,0.01135770315512108,0.01823396177387404,0.014534785241563375,-0.002008891555414505,0.014519111830508908,0.01686654281322538,0.012715254399405934,0.011293213328064636,0.011381832303501564,-0.06227100309458222
2023-03-30,0.009039576549164652,-0.0013680500358492775,0.00946514650797381,0.005855387347630359,0.004600890912963118,0.014662713370928348,0.01632792186280875,0.010443956140161987,0.010232789916812401,0.011308796483309756,-0.061460158960642816
2023-03-31,-0.005212246135594234,0.01838094597426143,0.016630877753637252,0.014094663674285801,0.014981282767047022,0.011621845489795859,0.014141339850579141,0.010850980196414374,0.009531979007064812,0.01130458086264837,0.038751466158905186
2023-04-03,0.007204410308019105,0.0004484581769756968,-0.0024305679906966304,0.0038104448861935314,0.004702820977836142,0.01186014874128442,0.013867093191128292,0.011113281228866628,0.009389099216557183,0.010991047120651807,0.04216653251632749
2023-04-04,0.018640958960437715,-0.017536860004927712,-0.0033733857370452647,-0.005548024639880578,0.004971851679006711,0.010970484138238357,0.014170556088063956,0.01080150670601773,0.009300651239975194,0.010507918828908317,0.05542472194764162
2023-04-05,-0.0007979247786651378,-0.009808974393714531,-0.009872353051921023,-0.002618152311788191,0.010454761395384038,0.010065614381649289,0.010929347745393801,0.010220520926997654,0.006691704377094105,0.010207674378352904,0.11267538152170684
2023-04-06,-0.007134091065472581,0.0014973254472743225,0.006742181902016142,0.0039006737752487197,0.002586628105695432,0.009785396982336863,0.010725706199434772,0.00986086647439813,0.006678573028524159,0.010183368409723436,0.11972915053485804
2023-04-10,-0.007399886547073353,0.0106964214639238,-0.0005658295266386393,0.0010264024083119772,-0.016124600555385116,0.009339333706392968,0.010855226143955685,0.009904865945297886,0.006674030228834632,0.01167622109922931,0.12676098911339767
2023-04-11,0.006320556237305208,0.00790892374682417,-0.006417697168587866,0.0002685202157306499,0.002060306722057481,0.008750294254940538,0.01061139788704274,0.009861341651075725,0.006735566605683583,0.008174324826712832,0.08627670642037415
2023-04-12,0.004885138866613126,-0.0073387261090602784,-0.008833818798717141,-0.0040759785176844865,-0.0010281534172477125,0.008567423107575606,0.010982209890665007,0.010220196486066448,0.006925525049411727,0.008261608231822589,0.1104339293806614
2023-04-13,0.013515672558895409,0.013250727599088075,0.01958211817219979,0.013282753123802449,-0.007858380609325422,0.008872321113925778,0.01118687798939418,0.010464718519669942,0.0067041094007408795,0.008806955446701497,0.1630520189755027
2023-04-14,-0.017710313033589165,-0.009317010697324934,-0.0018798355388989219,-0.0024427016803765245,-0.009146534044730426,0.01094344066199099,0.01169319048914606,0.010187952953824958,0.00682384861139032,0.009397690641642443,0.2593361625526639
2023-04-17,-0.0044537552497120325,0.012860463198803851,0.000847310108887056,0.0035883539657060037,-0.011896106332997425,0.010896345907259858,0.010873484411880909,0.008586914190340019,0.005455447011871467,0.008626773551235213,0.1452965894161762
2023-04-18,0.003880780603893852,-0.004251076938024179,6.267099099743767e-05,0.0006520135403078609,0.0035637876520122624,0.01074613079382274,0.010965890564226526,0.008564675859840162,0.005373134799382588,0.008533581896142724,0.13590575348720887
2023-04-19,-0.004778520212877502,0.001292124632933156,-0.00047044018899999873,-0.00016885427350910032,-0.0009597938638693515,0.008853563122177919,0.009120243176747275,0.008500556333574934,0.004916485702102389,0.008175086533586378,0.2294722586562143
2023-04-20,0.00393825919904689,-0.005161210939616967,-0.00762438754210637,-0.0054569394951135,0.008549473512440287,0.009012652978122038,0.008571685274052717,0.008238527050116806,0.005241706978747148,0.007846545986377792,0.22093537795709395
2023-04-21,-0.00988766926809792,0.0012968859034083735,0.0010431758229261234,0.0007767747860711882,-0.005619524506958351,0.009263083659455277,0.008573599081729647,0.00792245183299338,0.005145637316969785,0.0076202662027260075,0.22554875305387317
2023-04-24,0.003039335460481629,-0.0006757366246946672,-0.00208417748229206,0.0010432343646618047,0.009674225814960025,0.009069058049129355,0.008048279954427699,0.007939966705185833,0.005145742333999471,0.007364239379039843,0.2482384715121325
2023-04-25,0.005086318131183543,-0.02468452281093647,-0.018863939503610316,-0.015873925641573527,0.01470463744609729,0.008979547780531501,0.010994058239289953,0.009730721740139739,0.007365589897221946,0.008920008698485474,0.1532281611103446
2023-04-26,-0.0054373863086726315,-0.009649847883275608,0.0060648555581783725,-0.004235672553764336,-0.010658082282560044,0.008916936791208962,0.011135762761874774,0.009678305024211678,0.007373487972485684,0.00954132262505419,0.171082717019015
2023-04-27,5.410039265330013e-05,0.013361234262696309,0.027190901631690467,0.019908260171782155,-0.009922796241831011,0.007305498427962323,0.01115317537413058,0.011538240663135142,0.008922753094996053,0.009727568508742903,0.1030965482178197
2023-04-28,0.0002706525128974846,0.008751815066293522,0.006898641247348847,0.008535071431695407,0.016130815891887362,0.005043005902037075,0.01138598397771675,0.011676211034162054,0.009286909489934643,0.010663974417978454,0.10216219634510779
2023-05-01,-0.004491351825477108,0.0005706992156500057,-0.0011472424450315044,-0.0010098456922423837,-0.028834510581381423,0.005046021772756008,0.010380188354134593,0.011701933146808655,0.009251504651175534,0.013867080486136434,0.16822745676333054
2023-05-02,0.019296640909943763,-0.020536056144517922,-0.00872155691098575,-0.011239135651455623,0.024919760243231837,0.008085411625478305,0.011946651782343857,0.012111568841837112,0.009955365087563778,0.016013018578324486,0.08262379099391741
2023-05-03,0.008479075840785555,0.0036691072095698107,-0.006543913761531628,-0.006863990762560057,0.005582039254540705,0.00817209847014186,0.012076495301731145,0.012301310993209445,0.010133817669598116,0.016021441680484153,0.0741930375629146
2023-05-04,0.00703295344911492,-0.011199437599572759,-0.003529844477700328,-0.00708292395354948,-0.009878880148447733,0.008309629112096095,0.012327913399845099,0.012099834670631911,0.01021809664933196,0.01629966801957213,0.08263528857845184
2023-05-05,-0.015647950479605433,0.02376767504599564,0.021254384454742148,0.01851258141475154,-0.0033255757862302726,0.0093821992447636,0.01511521245975777,0.013849287090107533,0.012051952384887564,0.016218196985678127,0.029717751456449632
2023-05-08,0.0012269055761324754,-0.0022929716864353855,0.0024776988870502947,0.0002664020681237833,-0.014014744180455896,0.009372417148067979,0.015112132926413498,0.013772834315923488,0.012048196862595577,0.016511722206218524,0.03225502841621469
2023-05-09,0.007086162362163639,-0.002987605459986886,-0.006333219695497827,-0.0043852954052152615,-0.0035775229806276343,0.009476142365043162,0.012854199098527475,0.012078098626604188,0.010844226644728701,0.015495331302714292,0.0487978851879027
2023-05-10,-0.001428442843921074,0.005071300400088186,0.010881674122678486,0.004672422074053939,0.00970386155372882,0.00921783161949204,0.012417863664452125,0.012274633258370584,0.010709438559636407,0.015764960199011108,0.027712707778466315
2023-05-11,-0.008582755587748347,-0.007683089625190376,0.0032600611212627584,-0.001744057266548804,0.01057202526939971,0.009824627399530956,0.012021047687979233,0.00926810064654061,0.008720007819994057,0.015854498382547526,0.0332276327211094
2023-05-12,-0.0017100802429794726,-0.0020225298259058944,-0.0035868082724808126,-0.0013101369541868024,-0.008368853680947197,0.009868098163649414,0.011596247564235619,0.009226458872459486,0.008184375177565435,0.015084043501662312,0.003533046816032648
2023-05-15,0.0021412620336231925,0.01221643207127232,0.00541506817326165,0.0034499130166834036,-0.010357788497370235,0.009669480487683004,0.01237105114192878,0.009305517216798074,0.008305505262340657,0.012261565401913204,-0.03320207067707635
2023-05-16,-0.0124993937971285,-0.014585742714575578,0.0011322976627021752,-0.0066825561729830785,-0.003004095138313234,0.008419920701373824,0.011388281437785579,0.008603096588287533,0.007762527352567577,0.008629245737182796,0.09777815759832667
2023-05-17,-0.0034618889303412725,0.022289395007484503,0.012103984249849375,0.012138885694766621,-0.0029163360323010146,0.00767887128027515,0.013338324667861551,0.00845855733317295,0.008238638200326942,0.008130662204794704,0.13512171388194483
2023-05-18,-0.012972911279784505,0.006075521061088773,0.018573608539486974,0.009633325194876807,-0.0074088082078799244,0.007498836066746403,0.012493773024957446,0.009050261142789914,0.007929821588469199,0.00795145343027033,0.10852496000545624
2023-05-19,0.0098988291245512,-0.006095127786973964,-0.002253749030128316,-0.0014551569314467105,-0.007071099796603031,0.007660989825566849,0.010676639475936842,0.007757995735134859,0.005994927341530819,0.008042073396773729,0.14214993666439787
2023-05-22,-0.002341497915543389,0.01220810336323419,0.0033581554697923455,0.00040608823511689707,-0.003561102271515182,0.007575042951673508,0.011154009205101895,0.007741671818097253,0.005992003387345136,0.007177187651908038,0.12498084870804857
2023-05-23,0.001200731149241463,-0.004712200016381396,-0.012676477631715422,-0.011222716409839073,0.002878753292244518,0.006960985059751936,0.011260229043439684,0.00888158863184411,0.007034158849737928,0.007367253106822061,0.10717679200968862
2023-05-24,-0.008068450017086337,-0.010596313788163947,-0.005129578618456865,-0.0072447886745624634,-0.0049488995568144345,0.007112056091161097,0.011899937575061541,0.008870398755987456,0.0073072552224997785,0.00614726972575527,0.08963546947874441
2023-05-25,-0.009618027091793824,-0.007804555908166977,0.02433319234445319,0.008659818740202052,-0.0024869655032819793,0.007199009723748039,0.011909514064076638,0.011353430089507805,0.007817917403830968,0.003773834105623392,0.046103540013700456
2023-05-26,0.003995567330169925,0.01136847643228811,0.025550366406339897,0.01295056512234427,0.008077351340183503,0.007593348826002598,0.012315633263523416,0.012800457709471686,0.008676703435369165,0.005288723595532337,0.25062574292856565
2023-05-30,0.006190554546333882,-0.0036902079574870905,0.004535029839911164,0.00038101069712870306,0.009991198420005842,0.008005013673674396,0.011874025017740845,0.01281589157693822,0.008676484566788744,0.0060388847601100595,0.26601044660465495
2023-05-31,0.0015382006614657051,-0.009857339586935576,-0.00568610481372378,-0.005545027655344148,0.008716816570644603,0.007309432757883297,0.011288659389582834,0.013330986051102419,0.008560229872078324,0.006715903201270238,0.15753588053010495
2023-06-01,0.00789813034647624,0.010818703151782127,0.011552085472719797,0.009500850651240178,0.003923550623571748,0.007812587176776263,0.009279890993564015,0.01330527141767936,0.008243400200949267,0.0067198086719868905,0.24209136215270308
2023-06-02,-0.014747450675273721,0.0362653746641568,0.007499820242641286,0.014461176414301669,-0.010958158907042326,0.008147227550641914,0.01481728163723517,0.012604846354888451,0.008882353202069699,0.007273170537000111,0.1418790672664637
2023-06-05,0.006020416015011243,-0.01340512444793962,0.0007049416496998084,-0.0019162342415819378,-0.0018630333885467643,0.007681189659895211,0.015470282096112066,0.012446569953643828,0.008903966327511137,0.006848340200944966,0.15246075812380058
2023-06-06,0.0010980396887689814,0.026339050684996757,-0.0001689969802264324,0.002177511203554694,0.005894079816864961,0.00768116361712564,0.017063609605382408,0.012560447959892623,0.008885381898045558,0.00680475366419682,0.15568629850507237
2023-06-07,-0.012010543410059138,0.01871077344356964,-0.01696550254978879,-0.0034578238827510654,-0.014843772256326049,0.00846227130414549,0.017419175275866956,0.013285374975093491,0.007860226486169845,0.008599261186012043,0.20476867598255635
2023-06-08,0.013211240429905624,-0.0037388336930439525,0.012413263775904682,0.006048753600136125,0.011697147038523648,0.009333274121860509,0.016826211746872384,0.013009943365315047,0.007014298118130688,0.009099127936809623,0.13766830289780269
2023-06-09,-0.0026845203333208945,-0.008094591241520566,0.0038228539080824575,0.001793994153757028,-0.0013720661459906136,0.00874911985337014,0.016853836832870086,0.011379080440005934,0.006877655782862315,0.009047244789685585,0.2091142926368507
2023-06-12,-0.0008788640365902101,0.004161517697261807,0.016896918311461784,0.009072075324609408,0.002943652616421044,0.008702499117282098,0.0167750800813193,0.009805969861774575,0.0063860250246066405,0.008801754548540862,0.15957756081660315
2023-06-13,-0.007367558613950331,0.011463711575070423,0.007683908883133972,0.0065927955085598455,-0.00988055423935108,0.00878418828028135,0.016509816596466158,0.009894470194844606,0.006377879849022021,0.008892605196433243,0.15521040068204559
2023-06-14,0.0005539277015322863,-0.01074852719329289,0.007267640068884695,0.0011908260035669027,0.008002869715908245,0.008760656417487456,0.016614591927259087,0.009351189375259764,0.005578295248204284,0.008812226104803146,0.16768794874371548
2023-06-15,0.007030581691497284,0.008229794177501137,0.011915777762819824,0.012397846194837747,0.009606095761211408,0.00866775491093698,0.01657165980021508,0.009379861371884363,0.0059284231768132484,0.00930883260960748,0.1816994490166563
2023-06-16,-0.0015392159510752013,-0.008002569474201193,-0.006292781294870986,-0.0034063353948320385,-0.0038833902136548026,0.007222090374153205,0.01348660624957242,0.009983562922331947,0.0053715958193595835,0.00863441643775715,0.32594848324767894
2023-06-20,-0.010350739592973501,-0.004356157565925223,-0.0014317443418564446,-0.00518819790601921,0.006920225244752887,0.007635882506366288,0.012574206109653596,0.010077866011886462,0.005790949921539128,0.008797813319483632,0.3207845977373015
2023-06-21,-0.0014464228474878604,-0.002322787154742101,-0.013627650193289376,-0.005123775099760919,0.0024197135616097487,0.007589579547817954,0.009702180083791546,0.011432080691586792,0.006304732432685832,0.008673094125371894,0.2827130949680297
2023-06-22,-0.009916979914319946,-0.007417654764190318,0.011799054215484217,0.0036097372325969435,-0.012070253805101405,0.007291951837192571,0.007539216592209035,0.009546046829411294,0.006015425419277355,0.008131879658082035,0.3417080805259006
2023-06-23,0.0027572461643308177,-0.015054695291464415,-0.009913377394478173,-0.007559919808236448,0.009969855527591331,0.005504515514206717,0.008591243179230141,0.01021841814144126,0.006676383480717273,0.007904938655793418,0.23349041241307752
2023-06-26,0.0017396047357047806,0.00099691055914497,-0.01340556447024066,-0.004085819320631345,0.0010645295383013842,0.0056534747154677635,0.008497939313162912,0.011411750390200424,0.006887334676515873,0.007851976899072199,0.20429070122796839
2023-06-27,-0.004593535884055422,0.01443989545858737,0.017194026432268306,0.010963519790842646,-0.0026101133464087045,0.005697735089428028,0.009876722698226589,0.011457773008368862,0.007161781229070228,0.007935219338758877,0.16564601084567046
2023-06-28,-0.002307409851291853,0.004908365091111255,0.001951584779356308,0.0005042721597399158,0.0042646402360320135,0.005416761578394226,0.009126152212440041,0.011234042812604258,0.0068810318264847506,0.006994254516067877,0.22075279232507708
2023-06-29,-0.001071764681377263,0.011505536951312845,-0.0020025227577341598,0.003941361706741198,-0.018048421303185735,0.005362141991553465,0.009445309539961347,0.010997720806520984,0.006973605582858669,0.00917429761285015,0.1872275329589731
2023-06-30,0.006663323502016594,0.004775123528319769,0.015420074644069803,0.011800683880616614,0.011794697078618466,0.005294478432648478,0.009182264199104465,0.011478415561252266,0.006863084425989658,0.009456946723010952,0.18942739151893606
2023-07-03,0.0011218766110339118,0.0020290596735239586,0.0023551039898754844,0.0011505571420937777,-0.0056687898400380465,0.0053866526125397685,0.008755301851523793,0.011278245074142535,0.0067213543131510725,0.009554385382897294,0.1708936940763389
2023-07-05,-0.00353003237800964,-0.009965136529084595,-2.698639050424667e-05,-0.001487336753995483,-0.009502693311531196,0.0045406553917100335,0.009296000704947027,0.01125561567700794,0.006438630417932411,0.009606515772617466,0.202425867541687
2023-07-06,-0.002980200124891419,-0.0161483166203783,-0.007615881894342036,-0.007830535607813216,-0.014142907945585703,0.004580944106851287,0.010670665681752671,0.010525942580991241,0.006789362020162781,0.010200186577596438,0.2956491928817955
2023-07-07,0.007500997402107412,0.010559248112929964,-0.0033201372575977217,-0.00252485608413211,-0.006019364858083964,0.004198664887219372,0.010977920150751571,0.009965205906844528,0.006814562894050008,0.009806855388228794,0.30754387478575795
2023-07-10,0.0007836956455820054,0.0171078702777967,0.0003276712130659831,0.0025312471188205787,0.0013123144762132721,0.004128133409177968,0.010517017680634264,0.009332077606815543,0.006210952516609591,0.008884196040929002,0.39028285826586284
2023-07-11,0.0037476125602418087,0.010272996443323468,0.004940480739471953,0.006368519659313732,0.005140415970732004,0.004251177419049878,0.010629149603806377,0.007852240782439259,0.006044578211653974,0.009217162187321333,0.4629740308818497
2023-07-12,0.013541420874312982,0.010906249292169656,0.012629921339241124,0.008046033733598357,0.011130994074094458,0.005504402415875484,0.010333164849807838,0.007018959849949169,0.005650487228201588,0.01030005561408385,0.6282078701274784
2023-07-13,0.0007146999149643118,0.008078253578838845,0.016978829240151594,0.00793673154889718,0.01051280803342558,0.005299621178826393,0.010392294523933105,0.008374365892124641,0.005879525083385432,0.010892989530825627,0.6161257899081906
2023-07-14,-0.0031866482531699436,-0.009771370517923095,-0.00021100936894657973,-0.0006227995945932152,-0.005888641344253487,0.005502908103770166,0.011049674681564287,0.008250681549155665,0.005974138649090153,0.009397806716104993,0.7012789386488687
2023-07-17,0.0007165567329587841,0.010703290637643637,0.009338686343702607,0.0034722156665838444,0.0004938951456643359,0.005313585446372078,0.011323963550013761,0.007519209413450954,0.0050479095914353535,0.008434179984099354,0.6911799577251359
2023-07-18,0.011456278139590825,0.012346261386705804,0.008180497167552314,0.007430634657535906,0.0045389689220747265,0.006103941060677036,0.011652711516508459,0.007641896049733903,0.005352848770516643,0.008459410108408923,0.7106447056085441
2023-07-19,0.00016335645500209495,0.00423536525181456,-0.00023322981020246214,0.00222370493812174,0.011296683229945259,0.005776164668790319,0.010516241150495027,0.0076546060755177435,0.005184637877455055,0.008486534789611207,0.63769717401583
2023-07-20,-0.005063389149303599,-0.008739797470582733,-0.023052058721199753,-0.006634503642806822,-0.012141869224692625,0.00605642163825181,0.008938561748447153,0.011073143988693357,0.004921772124140359,0.008081806031094442,0.6577902345976008
2023-07-21,-0.0030645332195952113,-0.0031782275807515914,-0.002999229930779168,0.0,0.0002951095255026015,0.006112557723804939,0.00930542556859416,0.011054665637884748,0.0046755676224323715,0.007615586152431017,0.7339627465314053
2023-07-24,-0.00428147332668416,0.0024684058493948946,0.001597482901966485,0.004467388046417664,-0.00363732288893559,0.006424681016160907,0.008322905737262631,0.011033062766074225,0.0046906042679444185,0.007870156469866905,0.760279607294614
2023-07-25,0.005567859975791123,-0.00010270095461983875,0.006777569306200881,0.0027299754248260033,-0.0018744168737439004,0.006521301574409315,0.00805946363977874,0.011089349230202293,0.004562821137061233,0.007888986657506163,0.7416097964559115
2023-07-26,0.0048791150253855164,0.007900897244546679,-0.003326440106313444,0.000153620734480997,0.0009885487661196457,0.005210834937509948,0.00777006762197264,0.01067407783795924,0.004246356540833913,0.007124201532692311,0.66223766909375
2023-07-27,-0.01571197400361901,-0.012928929104805365,-0.0023839821573796716,-0.006629920143281898,-0.019452941134223245,0.007376442291159708,0.00882998923209149,0.009164396732829361,0.0045174541776323825,0.008578801918532988,0.6970376768073292
2023-07-28,0.007981390400291666,0.012943494970189873,0.018214824027828813,0.009790360110203178,0.005135841807687003,0.007816106158004595,0.00887475090467194,0.010938816625874023,0.005318324816532943,0.008805768864557962,0.7504413805447278
2023-07-31,0.0026944104889450315,0.011607197700654215,0.0005214055829525499,0.0019040350388652705,0.0024046603958489676,0.007853755475094686,0.008970934815721553,0.010559716207471849,0.005283278261557319,0.008872768626794182,0.7442535885294999
2023-08-01,-0.010364679607279714,-0.0045796576974334036,-0.002319662526516275,-0.0028616051753479477,-0.016387066121561933,0.007482314240637052,0.008524974772901824,0.010208530681379556,0.005004125490633085,0.009778581117024314,0.7209329515054016
2023-08-02,-0.004765602229612864,-0.013599591709235304,-0.021944007921742115,-0.013910748112643145,-0.010698980885605391,0.007506771146792265,0.009566229907970092,0.012206547625019217,0.0067040577775911376,0.00851304094370039,0.740764834421403
2023-08-03,-0.0003341470787491252,-0.0028190010724347125,-0.0016025256988335679,-0.0028658426743732868,-0.0230710403422697,0.007456035965914546,0.009197780961642017,0.009945403525354463,0.006459792063909262,0.010022883857337923,0.6869395781505763
2023-08-04,0.003620414278603157,-0.0020044836369991215,-0.00468187353404359,-0.004522749960767625,0.017711890530239582,0.007621916948306727,0.009163385835791382,0.010001826784135477,0.006561136720586487,0.012553669409971437,0.614910089965547
2023-08-07,-0.0022753962847783527,0.0006696378969637262,0.00846671448702363,0.008728560663594953,-0.009841270581565698,0.007554141165596728,0.009124689904042426,0.010420654599009944,0.007085674130554591,0.012638004038068444,0.5900345364355345
2023-08-08,-0.006341080194621318,-0.006278933353316751,-0.00850233178991111,-0.004348682245489011,0.011613130239191083,0.007362588054037521,0.00931749324342739,0.0103995490580704,0.007053074613214087,0.013740548166770521,0.5450387526102113
2023-08-09,-0.00475820704444585,-0.007820572871041431,-0.010994681755263636,-0.006685336771074524,0.00517116724832567,0.006973574776441061,0.008986299421915235,0.010803114791788545,0.00720945859364755,0.01397631072758085,0.5344539078324004
2023-08-10,-0.0010686044760203073,-0.004436986947277788,0.0018484594559482481,0.00035895758098258845,-0.016462895970919433,0.005365696804763641,0.008261281677808164,0.010891695588680032,0.007063130408620065,0.013630544197161944,0.5052823429433124
2023-08-11,0.0,0.0014155775061797105,-0.006375751245567551,-0.0005832288657565687,-0.00230131250517307,0.004270352181354702,0.006648265481976442,0.008251684767168328,0.005895527080339349,0.013309601794249781,0.3578837258814199
2023-08-14,-0.003040588549344525,-0.0017278049926597872,0.011222253327100251,0.005520150303969906,-0.002201718732311453,0.0038838474118378253,0.004397012606916715,0.00957187453789723,0.006291798072055851,0.013134714865476207,0.3284251931994152
2023-08-15,-0.002654474343068869,-0.013217230467201246,-0.010611701541132668,-0.011648955282479445,-0.006095114805346635,0.0028801653660715507,0.005261204351317512,0.009815451023125307,0.006983007678500482,0.012500480667519553,0.3367609306211402
2023-08-16,-0.005776029417432049,-0.012224974558059154,-0.010588738307909296,-0.007338086924767229,-0.007824151444811633,0.002997017187778373,0.005023623189900415,0.008047284953234356,0.006094266688456083,0.012351702048633199,0.2805083661206839
2023-08-17,-0.0015378724223797935,-0.011784350746261718,-0.010923163151026594,-0.0076198614474499715,-0.004262363127467195,0.002934467648403964,0.0054073268248350575,0.008377033858966706,0.006321174236763038,0.010267910296153473,0.29740055965117684
2023-08-18,0.00017112823031739666,0.00544517498631758,-0.001255080782182727,0.00048130676948177076,0.00353139505585065,0.002280142922846195,0.006401146142795639,0.008421199916314343,0.006368756967599792,0.008072025186950174,0.28142456413090244
2023-08-21,0.002737670236275802,-0.0014621119109140546,0.016111690953531044,0.006506319294463214,-0.013330451464440785,0.002866438180664028,0.00622456001445715,0.009876857338683787,0.005966739129067807,0.00847245246008176,0.2967372153345143
2023-08-22,0.0016495566176504273,-0.0029831374784217157,-0.0014288689856279957,-0.00270868529115742,0.007674050468943205,0.002701072105941899,0.0062488333564886785,0.009691106376172057,0.005933820015295236,0.0077687314324317155,0.36608439092682243
2023-08-23,0.01016464068195777,0.01066212713366732,0.01576848538645348,0.011137787855729941,0.024777687329405218,0.004303542708396395,0.007818551649096676,0.010669167410896708,0.0070634104286498725,0.011707046760296791,0.6674462216642988
2023-08-24,-0.00022482031744353037,-0.013832913431190641,-0.021375753990451996,-0.01385908166715455,-0.006594099517445495,0.004287097307609825,0.008537739449790466,0.012655915115109917,0.008192102332696276,0.01069146751256513,0.6854531326414439
2023-08-25,-0.0012932863561120334,0.004257264341570366,0.007751573486511454,0.007049830900273779,0.0032658785656065614,0.004311526614700892,0.008780776669638092,0.012892729497717298,0.008680963827345243,0.010741485461876421,0.6806062365020356
2023-08-28,0.0028713533365909427,0.008912980339836674,0.007526986539302172,0.006341468151845664,0.001050322679159832,0.004250177546981317,0.00964660234356581,0.012567217858606823,0.008755676188903393,0.010720190367718789,0.7183998220978696
2023-08-29,0.009768091768254772,0.013951937550764182,0.021839840997313065,0.014454625287090073,0.010385937574344473,0.0049479330819926556,0.010144355461129597,0.013900627932361177,0.009164654434892542,0.010906817457206694,0.7487282137823389
2023-08-30,0.0025018747942815445,0.00377176680546798,0.005576778819995631,0.00411874030686632,-0.0010381758368447347,0.004159383489100067,0.009203528332821852,0.013149364061437534,0.008646183679318855,0.010437853007739525,0.7107816201809626
2023-08-31,-0.0016637258183913595,-0.001746468655492328,0.0029984339185800124,-0.0014633179276403174,0.004469410745233882,0.004173732292270273,0.008044611145796859,0.01209319306559025,0.008036052276257097,0.01016672117069331,0.6676362656888567
2023-09-01,0.0004999240959600026,0.01187631660405808,-0.0010581210297953003,0.0018653305173277346,-0.015578208211013966,0.004153119065577143,0.00853102072356532,0.012081392283108387,0.007995730760312863,0.01180692377789531,0.6186664005585538
2023-09-05,-0.008161685723844458,-0.02106365570875035,0.0012712049105296774,-0.0043219827727869475,-0.014022520898911539,0.0053888297048443,0.011494401241876905,0.011513592621170014,0.008249132912231106,0.011905185186797873,0.6896861234489565
2023-09-06,-0.004534245193468567,-0.0037467032429465696,-0.008807843822058903,-0.006722522646763873,0.0024595168958465585,0.005728063082260847,0.011529094128891509,0.012112995003392484,0.008607699058858592,0.011714414996396675,0.697654687768432
2023-09-07,0.0010684498647577367,-0.009670636768128182,-0.007151670108607955,-0.0030702093448083945,0.0027732012893018076,0.004748164245880837,0.011488239717582832,0.011618223897188223,0.008061415239490756,0.008305060795590593,0.6112941623219287
2023-09-08,0.0003370270596214642,-0.0022244260588367704,0.0013976142770855127,0.0015061803395124418,0.003829551704076284,0.004747438672949026,0.010566536175158962,0.008621522876463703,0.006306641076164577,0.008218061653867643,0.6154059494339352
2023-09-11,0.001853109993606994,0.002392325721421562,0.01178276272322476,0.0065765525753991305,-0.007205688731299231,0.004746202413361756,0.010507811933595623,0.008949401625790816,0.006265977301939489,0.008387043236930514,0.5947722284216486
2023-09-12,-0.005156651253074851,-0.0009762462629070434,-0.011088381733612263,-0.005485542916166208,0.005763680323479514,0.0049657621140195346,0.010057123957714175,0.009911704644821518,0.006453834766710698,0.008660999181568405,0.5346494331931917
2023-09-13,-0.0023100098564432514,-0.006569842259383063,0.003808941306518987,0.0011658962354463842,-0.0002123247317559196,0.003477488576250339,0.008731707691324973,0.007068214085580727,0.004339137360514215,0.007737052832983257,0.2789214180418852
2023-09-14,0.0005082241752882855,0.014100738351622732,0.00817728479091162,0.008622411670517804,-0.007217838853390002,0.003269916499451003,0.010098816726132366,0.007343846926958017,0.005055895816318644,0.007907594264483401,0.2593961748096395
2023-09-15,0.006603816566220333,-0.01045522504613372,-0.017122972014197768,-0.012048376834307373,-0.006094277605391607,0.004206784043881458,0.01046607001505858,0.009033643638712178,0.006316352439429903,0.0075724765023494865,0.14728179349221096
2023-09-18,0.005887647601878543,-0.006644585556185079,0.001042399825660345,0.0005864854573001121,0.005701373463925519,0.0047234355482808615,0.009171759310763583,0.009079160928004454,0.006260288848965953,0.006763714902218307,0.21516840073916915
2023-09-19,-0.0009476457412548323,-0.0038928808703440065,-0.002131302289708037,-0.0020738661323221885,-0.007380472417450323,0.0038803128620724377,0.007095648933012435,0.009020293370140832,0.006180326861570058,0.0056179891218488915,0.09288808601861757
2023-09-20,0.0007253927124595272,-0.010017531284274517,-0.014410335624485238,-0.009193177942511066,0.003125119800737597,0.0034837766552429333,0.0074594476690060104,0.00964202456954235,0.006472784779386245,0.005664102891657174,0.07162934402179284
2023-09-21,-0.007248413758109917,-0.015511932685375873,-0.01832461243225214,-0.016528368216269684,-0.025674102454251058,0.0043200467391347344,0.008197593783302617,0.010808741774736919,0.00807338875200841,0.009544775719511542,0.43476736955894585
2023-09-22,0.0032013033173832195,-0.002259007720181505,0.00013976221087075302,-0.002248676509530978,0.008048493864080797,0.004436401667250947,0.00819677817617607,0.01075015776716412,0.007942953330677106,0.00998942825832591,0.4391132482562707
2023-09-25,-0.005150588926742139,0.004471406374001008,0.0047496974687499804,0.004205277963149179,-0.024608997783001074,0.004710391545020159,0.008400305847262502,0.009805007730906007,0.007653327146189087,0.012078827090010243,0.3478530061438549
2023-09-26,-0.007990985893820302,-0.012857261585416557,-0.015016225956582363,-0.014691277118039858,-0.003476229454259183,0.005098454944214286,0.008791490268635635,0.010169451613911334,0.008456914251096615,0.011516610351153558,0.41022028768940205
2023-09-27,-0.012366647894697436,0.009348656327138993,0.0023432273864645303,0.0003991573736386034,-0.005176040562798523,0.006306203010746298,0.009846228306947155,0.010039577005044122,0.008405976528529814,0.01135587661526338,0.3395741047195136
2023-09-28,-0.004997187509914736,0.009034547585355046,0.008365239882753173,0.005797449895059037,0.003053901617396493,0.006334408296171202,0.008935544025040147,0.010067240704532233,0.007959148618917989,0.011719869661247573,0.33064835592892755
2023-09-29,-0.01027534966921384,-0.004730233020347141,0.0007263899953195985,-0.0024269459675766436,0.00011294709239506595,0.005957065005449807,0.008646057220921653,0.009234070821645185,0.007525699015917467,0.011833897812192894,0.3731285854860014
2023-10-02,-0.010498705650611395,-0.01510693077390568,0.008345524458676978,-0.00039766337977986677,-0.01674043012705717,0.005161187930219394,0.009391162672986566,0.009877772592416087,0.00747085090163337,0.011785342539419772,0.2990637003243629
2023-10-03,-0.0028882419805683623,-0.01683250268787495,-0.017549569570564194,-0.013386146651100606,-0.02151163754951957,0.0050027603028906424,0.010207442980338148,0.010954751073827793,0.008030118329864337,0.01266733327300143,0.3128743321189521
2023-10-04,-0.00011825651470720455,0.00046766363733175,0.013608565006910212,0.0072819295527912775,0.014107681635767921,0.0048872274531636265,0.010224193928569065,0.011579556561450701,0.00870137394767192,0.01415519157821299,0.45285048823742785
2023-10-05,-0.0018327868021307259,0.0007593131467615866,-0.0029464652206843134,-0.00037663975413804174,-0.004984901210199011,0.005011472035331335,0.009530045890248931,0.009971105533654788,0.0073458076159257195,0.012576759428620353,0.3804950980472451
2023-10-06,0.005153083621109555,0.009629261493225405,0.016755394188941564,0.011872715498425945,-0.012116666611961424,0.005401803168588879,0.010310478972356077,0.011248358086378005,0.008474524007429922,0.011825371085235448,0.4244068217189512
2023-10-09,0.01838544744893622,0.005780281074776905,0.005099966354300323,0.006402286902741583,0.023469390447463656,0.009181036419062778,0.010403743461230588,0.011258626480095695,0.008627713466332313,0.013575292163051594,0.5323816490280644
2023-10-10,-0.0016780958953311886,0.011321889650819816,0.005538119968692579,0.005204727061604242,-0.0013825772729885166,0.008995244473636019,0.010267035470605566,0.009560507814917107,0.006989816644585995,0.01357172930753281,0.5141702544720355
2023-10-11,0.007303045938392039,-0.0017048255615562669,0.007135354662344939,0.004096243605495431,0.020886124240513615,0.008647495385534413,0.009851006728157316,0.00958670610956012,0.006991330329103044,0.015310055476686709,0.5375406327991865
2023-10-12,-0.0030496507265770356,-0.022599200537301467,-0.0034749933133195743,-0.006096374900580348,-0.027128010492681764,0.00854741949385623,0.01151651850326472,0.009786451356834135,0.007352772454722742,0.01755824936754098,0.587627485909269
2023-10-13,0.03214825984540237,-0.008328458966777363,-0.012570034294893673,-0.004980952802409511,0.017892552841846765,0.012477670898074346,0.011621846751617934,0.011005858911276136,0.007535511906140365,0.018717403540672313,0.4259419831682777
2023-10-16,-0.004864928190345896,0.016150841835333107,0.01130635469941299,0.010521598366471707,-0.016094119516350758,0.0118468759870278,0.01238019362631168,0.011233188456759965,0.008087503341093335,0.01865707559989732,0.362700726903453
2023-10-17,0.001854273768354009,0.011154770831896643,-0.0032754256936978754,-4.594996637397042e-05,-0.011020940103406707,0.011594664389452078,0.011412314306543077,0.009144782019382526,0.006118156993327014,0.01762221168824809,0.20403319718072255
2023-10-18,0.014470816805260078,-0.020577180449607657,-0.013117824911307197,-0.013325025580588346,-0.008797358382037213,0.011749761048624026,0.013525025331886653,0.009813925285444152,0.007878118538556127,0.017118561056206887,0.2261038387042472
2023-10-19,0.012274016037125302,-0.01593247504757711,-0.009356911786372768,-0.008786587190422801,-0.020473363926820753,0.011442433084616638,0.014441604114173067,0.010300902493560657,0.008504225892126885,0.01809853783936131,0.24291673341023307
2023-10-20,0.0027308974274993236,-0.012928522296222766,-0.014917961851527162,-0.012287956815625112,0.005678107940711774,0.011539316133176715,0.014268966009978436,0.00955714743361069,0.008340347390598826,0.01802930485967985,0.27291626401294267
2023-10-23,-0.0033770637265356784,-0.008471563430746731,0.0030173976694032323,-0.0017331846967774123,0.012013681515649521,0.011405495339230647,0.013916902788677516,0.009387954775582255,0.007817707543309547,0.01655634927308577,0.17004337487100557
2023-10-24,-0.0001093308866343401,0.008725728023271317,0.00972816196967119,0.007539390856413197,0.013176510812015652,0.011301815028358718,0.013595117526199478,0.009890040814340412,0.008110806980125713,0.017321462504123766,0.20215400849052342
2023-10-25,0.004208823642007475,-0.016519423540675704,-0.024475723587040754,-0.014352133561674751,-0.02226129648788866,0.01130264813528569,0.013944219457161542,0.011387896898285189,0.0085285829900797,0.016511946021369395,0.2285066191999369
2023-10-26,0.0015784524505007003,0.002565435047992004,-0.01906717300360883,-0.011974664661704604,0.015338623344653968,0.01099847622734707,0.013044424591357686,0.012092925893915732,0.008858174780921917,0.015836114498274836,0.1642903912770459
2023-10-27,0.011629799758343662,-0.01175824511438417,0.004801378171366277,-0.004532829033053409,-0.0042488657108870065,0.006652588565255603,0.013202850784082357,0.012488671149574077,0.00885909235384746,0.014304261074185726,0.07230932681196899
2023-10-30,-0.00564054701797434,0.00554832851188114,0.011265090065789796,0.01195574369212693,-0.004504072737700815,0.006771400966365673,0.011674351189868242,0.012482493197313302,0.009143485106716405,0.013639752060706108,0.09754051895131846
2023-10-31,-0.005456562573315948,0.0086445150012322,0.004782266520259482,0.00628031693035469,-0.004881478556950425,0.007390602289847983,0.01128945886241246,0.012898063394021555,0.00970694009314832,0.013349168832428223,0.10556064013820307
2023-11-01,-0.003150642851826202,0.005713523616422966,0.01735695796672787,0.010664874627367649,0.021682072474097147,0.00645434271752444,0.01057438130499564,0.014228683652780278,0.010134714239523522,0.014978491937724686,0.14142865311582054
2023-11-02,0.0033240729584831374,0.026652896676655935,0.018153450661489767,0.01916434155805402,0.02279688995531015,0.0053083348813553815,0.013227224153302086,0.015206773779031282,0.011703069978778187,0.014270447705835755,0.27622564344863265
2023-11-03,0.003638921283475316,0.02719737761078944,0.011748562720598432,0.009123344775336495,0.006778334754182991,0.00535687761108412,0.014608178216767688,0.014409948867208028,0.010919560681345447,0.014276393251656902,0.3016739983868361
2023-11-06,-0.007792560392528847,-0.012493683572347702,0.004079374567591332,0.0023005285533310715,-0.009699785810335149,0.005883158891093185,0.015063382262556574,0.014408018276305149,0.01079026222848894,0.014831135962477919,0.3450944838779008
2023-11-07,-0.0041451308444239165,-0.0035400793445433676,0.009452647275904447,0.002845941151308873,0.014750282016013694,0.006044701317092516,0.015173498398174359,0.014395760021105443,0.010702405470400151,0.014954035939557004,0.32512040155867733
2023-11-08,-0.00996764391222027,-0.010658149993937882,0.00064396432028202,0.000732483939521078,0.017033490095054837,0.006542760779660953,0.01442166660097684,0.010603976347201997,0.008867622160246308,0.012345993076323792,0.2739061454127999
2023-11-09,0.003982968433291267,-0.015482363492997253,-0.007695760025884457,-0.00779875595365398,-0.023001035606726172,0.0067144085679943614,0.01566706020054003,0.007824202710856223,0.008058884361158047,0.015253549424902936,0.41436289646444013
2023-11-10,-0.010909752197912126,0.01118152851045573,0.0224824733675828,0.015604796073638516,0.00559975787891509,0.005552892008825727,0.015100793737977682,0.00905753418794109,0.007906262012586908,0.015001264531778644,0.42682190348336047
2023-11-13,0.005570720464602941,0.00035479645654201697,-0.003118662499632663,-0.0009531646237870284,-0.0022729644486587652,0.00619267116056035,0.015141442496034769,0.009808838814118585,0.008075103960732652,0.014865880935371908,0.39794467782027465
2023-11-14,0.008919177105678688,0.054915142146113594,0.021526624893809077,0.019400666564538538,0.02266789496991395,0.0070384764216569464,0.02221745258422468,0.010633177802103926,0.009156002379744333,0.01539933345226386,0.5194971761134404
2023-11-15,-0.002635601473798599,0.0017370440795281272,0.0007525754483543867,0.002117131969195052,-0.01403454102985513,0.007023289311498272,0.022305970601246762,0.010559700044201883,0.009186046646634867,0.01591235979171922,0.5412939723066434
2023-11-16,0.011286077178189302,-0.01616589540825708,0.0008558344024920395,0.0012229975616628863,0.012427015213149595,0.007957342396747207,0.0224340060808642,0.010081663680612883,0.008068362926568826,0.014858776741960535,0.4405958866133107
2023-11-17,-0.00010890234740634774,0.01370240927814348,0.00023316613355151006,0.001243824077605593,0.004686132157606382,0.007843613473271166,0.021237794060876766,0.010018789274030097,0.007946126172788035,0.014814717434954747,0.41382784193625444
2023-11-20,-0.0016333808174913145,0.005833186543807933,0.012174788860985997,0.007697573424009674,0.006108339127871787,0.007446074905634162,0.020595089182758906,0.010267192462456956,0.008025539934465326,0.01415980016219931,0.38895642112180673
2023-11-21,0.01079790063288577,-0.012881201424554622,-0.005809402362643712,-0.0021792971184443344,-0.000441363428327346,0.007993107469198313,0.02118784664244595,0.010774286340696312,0.00827401785117175,0.013734073863824867,0.3729597418963159
2023-11-22,-0.004262252597287075,0.006270439004835371,0.004092944545484256,0.003860742790668281,0.0035336520420157225,0.007250328307967749,0.020621533361362358,0.010702607592785724,0.008207856747424292,0.012821123363158403,0.3929839027931098
2023-11-24,0.005201596914642392,0.006736611466898079,-0.0014101542829961788,0.0006154339834734124,-0.011774864332255164,0.007295580686363545,0.01933254628679809,0.01006938710591152,0.007235104530002568,0.010760714189266765,0.35854258308698694
2023-11-27,0.006737817869841178,-0.0033456795197980282,-0.0008727464459812317,-0.0018010914088613106,0.016703905384904516,0.005733098788688143,0.01954215665340995,0.008131926076977795,0.006410499467002437,0.011636245081140811,0.4314259401617904
2023-11-28,0.013331852960406732,-0.003860809878836191,0.0026209232981639907,0.0009902040405835866,0.001971503730599178,0.006451575948783723,0.019715352102474656,0.007862522812579393,0.0063017508814446595,0.011467914577872778,0.41416683629810985
2023-11-29,0.0014794398574642376,0.005279739254982374,-0.0009739134345265743,-0.0007032956143462332,0.012570934634299258,0.0063472203587094265,0.009366865254055735,0.00467906761744646,0.0028763943575713306,0.010011795919872418,-0.011861367992149293
2023-11-30,-0.004167950375202456,0.0037994879045926133,-0.002513990720535486,0.003937370901426984,-0.01155131428314693,0.006541269642070543,0.009423807190529297,0.004822978034827266,0.0029887959977248375,0.009558030666026333,-0.022437001968065362
2023-12-01,0.017271494075951965,0.02922176925149733,0.0028546542424190413,0.005915886918999691,0.018834020862155798,0.0074993218108318225,0.011240374089982118,0.0048649554803638665,0.0032952079741173715,0.010405771928193589,0.24056494621575678
2023-12-04,-0.02161342646325959,0.010707846542655997,-0.009283342706886133,-0.0052494458493973495,-0.003978807547447727,0.011150822014359296,0.01102279295381499,0.005867680371761225,0.004013077157957171,0.01070469279664375,0.32519274163488443
2023-12-05,-0.0037794459254785195,-0.013376743987054018,0.0025107125307322065,-0.00019715098996397895,0.021485519250786345,0.01125540127078983,0.012405309550417274,0.004220403198954905,0.003335927381412768,0.012173029537990689,0.3123917863933482
2023-12-06,0.0036868953454944897,-0.001789673892468313,-0.00578377954107534,-0.004029639364692139,0.013317867411564377,0.010862578031540917,0.01128748014254246,0.004217083359653616,0.0035468671907973965,0.012299838735537891,0.292781481147307
2023-12-07,0.0016503277504122948,0.007225916609197691,0.013972285049313138,0.007630304947847222,-0.005737147806662901,0.01068020439623266,0.011313185259354722,0.006201008585288545,0.004117716943126398,0.012852668936147678,0.23838319629968416
2023-12-08,-0.01334039111485108,0.007605541236603175,0.004456707037482577,0.004299174796466021,-0.008182879502766416,0.011626363119264748,0.0113393357791557,0.006317430264720435,0.004270184152397251,0.01236706594087338,0.20413720786078646
2023-12-11,-0.011042895165362276,0.0020879488358482856,0.008542149484268124,0.003889544447922999,-0.0021152528064060094,0.01186007092600421,0.011067342696915233,0.006744335867723387,0.004222604719763195,0.011903218020692557,0.19632161887746302
2023-12-12,-0.0005446421195114404,-0.0010152275794176324,0.007964215315153345,0.00456736141482561,0.002968015134643398,0.010663514354996953,0.01085765283648309,0.007036021904523015,0.004311248492539835,0.011891663907622875,0.21774605045037002
2023-12-13,0.022562533466176538,0.033850312494101864,0.012717178671652896,0.013790078167228437,0.023462023159192436,0.013391589609739334,0.01419342598326102,0.007659703323535374,0.005555776530678935,0.013213447433940833,0.4682211754238928
2023-12-14,0.005862552982469849,0.02782811131826124,-0.0008667773603384665,0.003209343579349877,0.026013027083784834,0.013497491585574476,0.015416223325450965,0.007531599556602818,0.0055535278700800834,0.013371212915008973,0.4401597906716227
2023-12-15,-0.009166511771857233,-0.008404260185087553,0.004833826168813449,-0.0016465299207815143,0.001110383999998632,0.01228926451853887,0.014848347006685378,0.00753267634261165,0.005683600354155614,0.013035361161079659,0.4355598209413629
2023-12-18,0.004545487184575592,0.0003554669992285042,0.006298810042702163,0.005625172647597987,-0.00796731082964075,0.010429201535935509,0.014881056600583519,0.005945562797386498,0.005009655775810549,0.013457171310635974,0.3762908839310251
2023-12-19,0.00681394057869511,0.019379813638268795,0.005109615703731585,0.006080857448069299,0.005388261742740985,0.010535223862154431,0.013849089738844906,0.005858260410199174,0.004856111504527347,0.012376223465280178,0.41901245643822876
2023-12-20,-0.005445982936102989,-0.01956079667372801,-0.014859767182613615,-0.013857392079981823,0.00677504526515138,0.010681163353287376,0.016274295388024735,0.008109704343985913,0.0071779206997094,0.01204593216987842,0.4934603829877896
2023-12-21,0.007070635455129759,0.017016365374750375,0.011635486489847802,0.009481875141871265,-0.006327605970443462,0.010898847640858895,0.016585243391218547,0.007845956996125333,0.007322768184138048,0.012101218022969866,0.4980683250872902
2023-12-22,0.004434417088942322,0.009317829002977174,0.0014957751892912263,0.002009772816320421,-0.004548653691729632,0.009736323661138857,0.016590539337323164,0.007906892361735106,0.007332315060581631,0.011740124477833411,0.5118125696139362
2023-12-26,0.007620733251079592,0.013003813398552166,0.00612183530339383,0.004222531018428288,0.0028431932079968636,0.008568732398164025,0.016510994003040753,0.0077984706538980555,0.0073359693366782655,0.011533716661763201,0.5493736507318305
2023-12-27,0.004537842226414179,0.003527734308561792,0.0020356741597695738,0.0018080590189479828,0.017719639678560384,0.008393422246907459,0.01625998448471679,0.007692044358045583,0.007336915112500445,0.01217454348902901,0.5537862862915792
2023-12-28,-0.005815437657636813,-0.003808340882631711,-0.00048607457376925733,0.0003778149223807592,-0.007263164485630247,0.006284351167953775,0.014266278379074848,0.007029656223693832,0.006314670488944776,0.011244836821887618,0.4287486140106089
2023-12-29,-0.001566841018672216,-0.016320169744650892,-0.004327725485968159,-0.002894942037385384,-0.009019730223007838,0.006221835455070919,0.013526465270360543,0.0072746215353149705,0.0064495048651749196,0.008540013790654045,0.4495311620220808
