Date,GLD,IWM,QQQ,SPY,TLT,GLD_vol,IWM_vol,QQQ_vol,SPY_vol,TLT_vol,avg_corr,regime
2012-01-19,-0.0023515152751236,0.0061763140258224,0.0062195385795773,0.0052765641916809,-0.0137534432768325,0.0067401776788946,0.0071194271591698,0.0053354533592979,0.004804000494564,0.0088066717838612,0.2202583372226229,0
2012-01-20,0.0052723365406257,0.0006393505864989,-0.0015034532554284,0.0037272831869152,-0.0113252187666482,0.0066558985431421,0.0072288341027418,0.0055003509996789,0.0048095420021324,0.009543323158205,0.2392542591379955,1
2012-01-23,0.0067254660864555,-0.0012780018042378,0.0003347077782949,-0.0025768970755037,-0.0063259247853121,0.0063535855329607,0.0071066774757632,0.0056033787943371,0.0048094875169841,0.0091800202527475,0.2566833691100647,0
2012-01-24,-0.00704835210506,0.0057578372329303,-0.0018395930958257,-0.0011394813872249,0.0018071129978132,0.0067654052169166,0.007116816566855,0.0054278341121557,0.0049875381190849,0.0092627331629545,0.251429759325979,1
2012-01-25,0.0272205654690229,0.0085244748069923,0.0125668973784858,0.0083673840272986,-0.0024046012031242,0.0097359409979308,0.0063731253607232,0.0060541925658106,0.0049476825482521,0.0092652141475838,0.2507750187176307,0
2012-01-26,0.0051075959191677,-0.0011356686834396,-0.0034750149628589,-0.0051297845784363,0.0132561884750159,0.0097196778335085,0.0065673563579267,0.0064945451448209,0.0055077689545914,0.009308155408989,0.2036016685529147,1
2012-01-27,0.0101631906786654,0.0068200153772692,0.0029887872245173,-0.000455140017405,0.0031431591849699,0.0098698788115631,0.006653590576757,0.0064943060380229,0.0055624326514205,0.0094381321348473,0.2015303887909333,0
2012-01-30,-0.005563132121769,-0.0077770897861418,0.0008277922171002,-0.0034135159746503,0.0117721811826965,0.0096823144647829,0.007056508589713,0.0061029211194087,0.0053413688634175,0.0096947880683837,0.1844247417757948,1
2012-01-31,0.007617680108289,-0.0010114847924058,0.0013234859675037,-0.000380619851364,0.0115511490249089,0.0096778817907758,0.0070971560224544,0.0058489358227123,0.0053410408789614,0.010374756967072,0.1864455441988685,0
2012-02-01,0.0014765814399912,0.0215132808644549,0.0080950683553691,0.0087575157286112,-0.0114551839042347,0.0097373209471326,0.0079721198204522,0.0050124466172277,0.0049183655351304,0.0102952452652635,0.1563755877059958,1
2012-02-02,0.0087874823933584,0.0056987166254764,0.003113987733609,0.0015848285821438,-0.0004191175167868,0.0094534222323259,0.0079578722243429,0.0048537894754533,0.0047216127453618,0.0091719762376651,0.1744965201167821,0
2012-02-03,-0.0199357123722326,0.0218035126665607,0.0137233523291404,0.0140189841802413,-0.021489563733774,0.0125241051913636,0.0096629091223439,0.0058366880857985,0.0062668605850033,0.0110546658563338,0.0096469394461863,1
2012-02-06,-0.0027440152442257,-0.0032546376033277,-0.0008059184554216,-0.000669175810525,0.0099510100636543,0.0126070800990506,0.0098443775076843,0.0059217189587204,0.0061410673094209,0.0112259626819761,-0.0053503903099595,0
2012-02-07,0.0150735996103796,-0.0006047075441246,0.0020965505715178,0.0025285473913208,-0.0124012559870403,0.0126845060105058,0.0100433838529339,0.0056402739671838,0.006031044335717,0.0120608972875266,-0.0088286229947303,1
2012-02-08,-0.0070712844420862,0.0021783089361693,0.0053113419792647,0.0029680620997465,0.0007743712714405,0.0103454895582541,0.0100003903799921,0.0048308962953849,0.0056810092835391,0.0120279209189963,-0.1035012856040848,0
2012-02-09,-0.002848639332576,-0.0049509067046182,0.0072051062205624,0.0012571369537965,-0.0074768669366253,0.0103252957419209,0.010304185680181,0.0043147623278554,0.0051245229915686,0.0113463028985768,-0.0969340024240545,1
2012-02-10,-0.0052375006572757,-0.0137141013410329,-0.0069945290601696,-0.0073872891570035,0.0129881136311154,0.0098612193625853,0.0116474243797633,0.0056292015054188,0.0059835498792127,0.0121991309948203,-0.0510198805159722,0
2012-02-13,0.0022136838491002,0.0129197494119586,0.0092846608533205,0.0074422673378118,0.0012820175372629,0.0097715151365309,0.0115579170270159,0.0058331219449765,0.0058911428783224,0.0114426371486094,-0.0240928966471083,1
2012-02-14,-0.0023282156434702,-0.0044945863333307,0.002537271983531,-0.0012555585447522,0.0052928407280887,0.0093780751891015,0.011778045915828,0.0057781685805563,0.0059532974940318,0.0107918543407248,-0.0265304894069305,0
2012-02-15,0.0059239200699465,-0.0082976667902358,-0.0069604516481673,-0.0046599797546919,-0.0017827900524237,0.0096245580935735,0.0104712689430956,0.0065989933647831,0.0060043868872182,0.0103020061807046,-0.0281613664018303,1
2012-02-16,-0.0006543371004235,0.0188261600684636,0.0137008642692171,0.0110729083965526,-0.0079970286780283,0.0090219541744684,0.0118903321661508,0.0074413238919012,0.0067126255815243,0.0105044303017488,-0.0183862211620328,0
2012-02-17,-0.0038690112885975,-0.0001205216720536,-0.0031435590650354,0.0026457781980402,-0.0002574654123982,0.0065052607052714,0.0096521377249413,0.0068585335837903,0.0053815726664125,0.0079920026459317,0.0747183358229044,1
2012-02-21,0.0219300749034643,-0.0067642602163046,0.0028379418002124,0.0004399541168267,-0.0110649964775698,0.0094339325372927,0.0098395049608894,0.0067760231379203,0.0053456297122898,0.0078574862895179,0.0600567470102865,0
2012-02-22,0.0112267461172932,-0.0079043321010662,-0.0045588946408938,-0.003223912245414,0.0125766215728957,0.0089202369745911,0.010114865539315,0.0071463362753496,0.0055296151941224,0.0081702414448831,0.0395946746275758,1
2012-02-23,0.0004625987621447,0.0149542193478846,0.0066328900170726,0.004410684217377,0.0,0.0083772960255449,0.0113276513002836,0.0072277348656119,0.0056069731378502,0.0081703212437547,0.0448654887407246,0
2012-02-24,-0.0045659954075473,-0.0019321269529041,0.0034515226970444,0.0021956577556787,0.0065104847442603,0.0085196641785537,0.0112194153818512,0.0070251340322062,0.0056182188886171,0.0078722111317444,0.0380915682637658,1
2012-02-27,-0.0030772733695895,-0.0016942459246584,0.001407077828883,0.00167973028721,0.0088513093283177,0.0083265869368354,0.0101372572715263,0.0063417623281371,0.0047484071840918,0.0073045419659377,0.0277333201443331,0
2012-02-28,0.0104252101149511,-0.0026663628534311,0.0101481140382289,0.0029164207439655,-0.0032906062001889,0.0086683158958381,0.0093634393234911,0.0064490853843139,0.0043814787273741,0.0074503192821684,0.002458861336781,1
2012-02-29,-0.0530290617080748,-0.0149488389193209,-0.0044819588983059,-0.0039253507907909,-0.0060932316001383,0.0199598764670391,0.0104414097655016,0.0068281578664819,0.0046494573141277,0.0075707127486901,0.2650829669121389,2
2012-03-01,0.0141214159049731,0.0051815384168043,0.0079178236347108,0.0051813088480583,-0.0094146489386429,0.0204617164120454,0.0102711633905752,0.0062812253447737,0.0042600067792191,0.0081075083811693,0.2579343000475435,2
2012-03-02,-0.0016205766248833,-0.014975093677671,-0.0007696939439165,-0.0030489607213924,0.0093916229925961,0.0204637425559174,0.0089744307969581,0.0052192780043511,0.0032684373793169,0.0083066278343158,0.2669156753690146,2
2012-03-05,-0.004148145103987,0.0011214565168886,-0.01032868932366,-0.0040786121965555,-0.0079384688815241,0.020468584380168,0.0090284768056133,0.0063660786633206,0.0035547483238634,0.0087504185372245,0.2822164503550738,2
2012-03-06,-0.0178086148924681,-0.0199149514077614,-0.0098129926537615,-0.014625465095915,0.0121321901169251,0.0193884305955674,0.0104841186172046,0.0072110195180862,0.0058917474148242,0.0085781555742324,0.2669686992543779,2
2012-03-07,0.0057160906700333,0.0093979888025703,0.0077079507890109,0.0069758620644793,-0.0061206151845097,0.018955740593823,0.0112209708152351,0.0073977417794555,0.0063754465070927,0.0081074355018428,0.2765688150912521,2
2012-03-08,0.0100836878765973,0.0129589107481979,0.0107713842709979,0.0099494110032809,-0.010008188739896,0.0195194593861784,0.0108879728626219,0.0078388459273657,0.0070305232523637,0.008754584329745,0.2563727376108174,2
2012-03-09,0.0066554096783633,0.0135387682640102,0.0041694645636052,0.0038671147562909,0.0019873459446642,0.0198283441399309,0.0120534194582836,0.0078609336726557,0.0070995475801327,0.0084583434356728,0.2609778032493818,2
2012-03-12,-0.0078735275883446,-0.001960766395668,0.000461754704941,7.29197861113473e-05,-0.0001724822744423,0.0198811507672909,0.0120549281054602,0.0078701634425741,0.0070877809687338,0.0077350389842012,0.2424644432262169,0
2012-03-13,-0.0167807848158647,0.0198919324148609,0.0186007146650952,0.0180258018113936,-0.0175933881050353,0.0195854499744811,0.013747442361773,0.009229368766433,0.0090418694726765,0.0091945720123121,0.1700827539555833,1
2012-03-14,-0.0168206757622084,-0.0081867780182267,0.0034714444743257,-0.0010709436730634,-0.0251960634064775,0.0118344088797499,0.0130213284306514,0.0089051619706643,0.0088833277038339,0.0115124785872165,0.2054255489657252,0
2012-03-15,0.0094628967696159,0.0083757142170683,0.0028576761433261,0.00578940722323,0.0015316370502409,0.0111649750556529,0.0131545719118832,0.008750920210155,0.008908620470241,0.0115971545143595,0.2262616856342854,1
2012-03-16,0.0013657885411118,-0.00084246119686,-0.0007063976745279,0.0013849841309236,0.0019776247408709,0.0112548630076841,0.01181636739119,0.0087481437771694,0.0087276417005523,0.010844354295886,0.2526543458115997,0
2012-03-19,0.0017978504689784,0.0084341554791897,0.0070659349707693,0.00391988085608,-0.0119353823839155,0.0113450379259872,0.0118831662273277,0.0075067265484449,0.0084051672084711,0.0110390563275351,0.2425047274851378,1
2012-03-20,-0.009035159899535,-0.0089610636866406,0.0017907542316948,-0.0029109275581646,0.0039959235520508,0.0103152841721759,0.0097253639888397,0.0057458262444206,0.0061131176014232,0.00984329098388,0.2332961991032536,0
2012-03-21,0.0004996054993768,-0.0002412733461649,0.0001492774924556,-0.0016378529702267,0.0113083540510219,0.0100355152680847,0.0097478391658243,0.0059345738168771,0.0063437142052089,0.0112868992200741,0.1964013451131064,1
2012-03-22,-0.0039947529044891,-0.0096466024366496,-0.0020856047764228,-0.0072027179253383,0.0032202795260343,0.009084366998958,0.0101305130448691,0.0059050030328579,0.0067816428763708,0.0113330454827077,0.1631974827071624,0
2012-03-23,0.0122829564775024,0.0097829355823542,-0.0005973065470454,0.0032322270008509,0.0094524488910392,0.009917563449276,0.0097180680737099,0.0060426993807923,0.0067654207132719,0.011934387657186,0.1565076864073319,1
2012-03-26,0.0177675672560913,0.0208034849747429,0.0174783052564742,0.0140348409129398,-0.0051240255914393,0.0116541822150925,0.0113102760085006,0.0074492273825723,0.0077076995046431,0.0119371335883912,0.262910703247827,2
2012-03-27,-0.0070558907931025,-0.0069910823492976,0.0014681451852223,-0.0031069651128075,0.0071921511191497,0.0104766009222143,0.0102421235769319,0.0056842170028289,0.0059311325314767,0.0110745969964393,0.4321712105865526,2
2012-03-28,-0.0105979596184255,-0.005846239531013,-0.0039579981730668,-0.0049584198448895,-0.0014107289101348,0.0094606693456412,0.0100269261368012,0.0060990935189019,0.0062200261381527,0.00692347774428,0.3554959683821579,2
2012-03-29,-0.0014240340248994,-0.0028804425769728,-0.0038269047534288,-0.0017082605019259,0.0075038439401931,0.0090269299757558,0.0097968125124815,0.0063959082319833,0.0060073162959169,0.0071310613573356,0.3489288919068752,2
2012-03-30,0.0052083106662228,-0.0032497760794033,-0.0019211522114672,0.0041357869104061,-0.0169105222394589,0.0091646640921136,0.0098590531802192,0.0064574618721698,0.0061340995937435,0.0094454401844546,0.3653731559309788,2
2012-04-02,0.0050580270720217,0.0123173286454085,0.0103623420529992,0.0073147129454813,0.0055403013823029,0.0092715544527473,0.0102899461543928,0.0068426172422534,0.0064381953493931,0.0084007999921121,0.4226136630103674,2
2012-04-03,-0.0187185651531741,-0.0066803984569362,-0.0002925610560698,-0.0040894591929836,-0.0173296363546181,0.0108006951763392,0.0100798664723689,0.0068774645966894,0.0065222679898469,0.010433228478914,0.5081242900678544,2
2012-04-04,-0.0167614778035627,-0.0159719749230051,-0.0136303587931321,-0.0099102497991425,0.0137464244648846,0.0120066332650065,0.0113915865705523,0.0084242188139263,0.0073143459643116,0.010741832086235,0.4544187807355359,2
2012-04-05,0.0069969518335344,-0.0043933184910612,0.006240844909674,-0.0005005832279936,0.0072255360917046,0.0122856703130527,0.0110563466389425,0.0085724485506297,0.0068993063217776,0.0109240100564639,0.4572030993504729,2
2012-04-09,0.0066957082618956,-0.0164261432740844,-0.0075311860921885,-0.0112312357224175,0.0233825027226939,0.0117434808284096,0.011495441819843,0.008997770988159,0.0077174556414561,0.0128428624354826,0.3601828554865516,2
2012-04-10,0.0108553117859859,-0.0235541674020278,-0.0160690210548323,-0.0167848471385003,0.0113361857698619,0.010650084856489,0.0097437148365718,0.0081531858563853,0.0071805252658042,0.0128288255274844,0.1993295937051247,0
2012-04-11,-0.0001862121549368,0.0141670233519324,0.004838703181295,0.0080943745520358,-0.0119804287634804,0.0105064798023187,0.0118944076983531,0.0084198649595535,0.0081571347268736,0.0137060121489857,0.1764988842142175,1
2012-04-12,0.0101197587999262,0.0143470440399908,0.011437406098157,0.0130654669132084,-0.0041566867984411,0.0105091979510314,0.0134009838312706,0.0094803595333409,0.0095412735882366,0.0138114953502804,0.2091926240453552,0
2012-04-13,-0.0113705647168209,-0.0131510746409513,-0.0151764148447602,-0.0118883563751343,0.0161764515517408,0.0111900817901703,0.0137597773646566,0.0104780384860847,0.0101309625379833,0.0144638385063338,0.2072437333310137,1
2012-04-16,-0.0024246153239028,0.0016343198868484,-0.0111800814122287,-0.0006563116220188,-0.0014550273470956,0.011038706891944,0.0138857074235723,0.0108554841214657,0.0099099783342089,0.0128734650798278,0.2003061547926872,0
2012-04-17,-0.0013087791666472,0.0144346708573874,0.0203210278836289,0.014812086838331,-0.0006003440346533,0.0108338772026227,0.0141714902819019,0.0125519667434104,0.0109747520041358,0.0129512225003464,0.1686937679911191,1
2012-04-18,-0.0058658498683696,-0.0075483161046868,-0.0025454323227255,-0.0033792020838424,0.0029161395639671,0.0092210656708413,0.0141953659112987,0.0125360462100697,0.0109613622104695,0.0106959984965982,0.0988994231383715,0
2012-04-19,0.0007532177454423,-0.0057345880514655,-0.0112598530163204,-0.0064208954246555,0.0009402705025436,0.0071924339290223,0.0135627423431501,0.0123191437556423,0.0107289147770483,0.0103821513473343,0.0796477670967024,1
2012-04-20,0.0006899618353195,0.005767663224075,-0.0027331003361111,0.0016700597346126,0.0001714776719055,0.006921099809279,0.0137939817385025,0.0119664627222477,0.0107730002867635,0.0104068272588662,0.0704440921551009,0
2012-04-23,-0.0029458817957397,-0.0138382779347199,-0.0091349097131017,-0.0084089186118153,0.0072604697495695,0.0066750757074809,0.0135063339408048,0.0120445795967945,0.0105170224821701,0.0079800701274936,0.0688549281175551,1
2012-04-24,0.0014458773932806,0.0075856357219419,-0.0053781093029838,0.0038016307002308,-0.0070382940888761,0.0055099939401763,0.0112125425226178,0.0112164782956821,0.0089849123292481,0.0077181900624607,0.1824927812633263,0
2012-04-25,0.0020087386020055,0.0155577429665192,0.026571650557035,0.0136915381033297,-0.0051245292287998,0.0055939315329833,0.0113906503164306,0.0143687460975423,0.0096228759610601,0.0067585390997402,0.1720562380226476,1
2012-04-26,0.0088335027267367,0.009883956939112,0.0058688490252309,0.0069686105296464,0.0060086769139018,0.0053207704154553,0.0109269997577947,0.0139829383097611,0.0089900910687968,0.0066759340929689,0.2107062274910579,0
2012-04-27,0.0021735459614287,0.0078297314667312,0.0059844871101153,0.0016414017633323,0.0008535623246181,0.0039366279283255,0.009762167097177,0.0130812822425736,0.0077665742654775,0.0044183216209745,0.2556599870479089,1
2012-04-30,0.0030982772640457,-0.0110461827161681,-0.0071381777381211,-0.0037041452471412,0.0002565034686285,0.0038934790333451,0.0108073140304979,0.0126975725669334,0.0079561089257798,0.0043716735130561,0.2180484065922016,0
2012-05-01,-0.0034593374209442,0.000981987950511,0.0016477004585324,0.0062202383964844,-0.0051865899038923,0.0040830917969829,0.0099290891385473,0.0109682773199574,0.0068079276529831,0.0047330703358159,0.2425027275028689,1
2012-05-02,-0.0045252352664536,0.0026977332333364,0.0028413113357195,-0.0029845125316868,0.0070423400275665,0.0038604772996422,0.0094735926525109,0.0109513638394532,0.0067794628240914,0.0051654071326969,0.2203166012031915,0
2012-05-03,-0.0100877710575379,-0.0140639641895536,-0.0105877024627361,-0.0076252481667843,-0.0002555064479529,0.0051755384857076,0.0105330473721807,0.0108713896578116,0.0069396315345997,0.0051683956130437,0.300713156234193,1
2012-05-04,0.0031452475068289,-0.0189781171468333,-0.0248681725733559,-0.0161579842271757,0.0078479340647243,0.0052836107548063,0.0121123268596235,0.0135843185296891,0.0088199304452407,0.0056760292643268,0.2163017482462475,0
2012-05-07,-0.0024455972073937,0.0026556222487881,0.0009275665474219,0.0007296027614487,0.0001689312198571,0.0052552397405941,0.0113181051065419,0.0133193899729551,0.0083903163537839,0.0052576382940326,0.227040062114474,1
2012-05-08,-0.0193613389213164,-0.0006306383775569,-0.003706031834142,-0.0040115870488502,0.0053323539195033,0.0080195177529619,0.0110257353089625,0.0132604998518545,0.0083874632872714,0.0047265644146795,0.1963320899316059,0
2012-05-09,-0.0098076844826723,-0.0056785163454508,-0.0030996704444552,-0.0059316881205605,0.0006735896871019,0.0082210839435784,0.0095306136509316,0.0093303258055267,0.0068461780984753,0.0041129404913578,0.2564878003308732,1
2012-05-10,0.0019421444253708,0.0038073750100162,-0.0020213776465086,0.0020627509189152,-0.0029442938176902,0.007337588955758,0.0088102387253817,0.0087952606097276,0.006242602018461,0.0041835250978718,0.0983955379551046,0
2012-05-11,-0.0078180957579936,-0.0025282358343955,-0.0001558003819652,-0.0030145064165464,0.0082683119218576,0.0070897984459512,0.0079286396273596,0.008215854684735,0.0060299526842534,0.004704694655251,0.0755424159889261,1
2012-05-14,-0.0145219833484835,-0.0133078697963026,-0.0093486094155176,-0.0110608687792758,0.013974821895526,0.0070618253365526,0.0081716810275243,0.0083203222927543,0.006496268710199,0.005938972196536,0.0853479467603982,0
2012-05-15,-0.0105068150310716,-0.0017984165446305,-0.003302995459116,-0.0057419262567531,0.0040440585505938,0.0070548069295272,0.0080099647631765,0.0080339555756461,0.0053732005262551,0.0050979885104265,0.1021591494040559,1
2012-05-16,-0.0018698996195085,-0.0072065085925028,-0.0067854958306434,-0.0038245075373851,0.0028764145048538,0.0072229459150923,0.0075832292478502,0.007505103567354,0.0053381535490792,0.005029207304141,0.0611123427162606,0
2012-05-17,0.0223470907791731,-0.0226832304963914,-0.0211312066665838,-0.0148310726956826,0.0177032850608118,0.011665205707025,0.0089897236681528,0.0088034842134702,0.0060958447087222,0.0063692252795142,-0.064064845965443,1
2012-05-18,0.0114528793524122,-0.0094162156852494,-0.0129847916804958,-0.0085586994511539,0.000241443059268,0.0124886423254819,0.007983128101299,0.0067349464882263,0.0051069598784644,0.0065484338629535,-0.088005331959566,0
2012-05-21,0.0006469805419095,0.0235640792787106,0.0279558311347025,0.0171882578034627,-0.0020923823323922,0.01254368755016,0.0120900984961803,0.0126880724406061,0.0086980120995684,0.0067703804363732,0.033112469190603,1
2012-05-22,-0.0166181194106604,-0.0060171064119182,-0.0011197758084304,0.0017425312531411,-0.0111348215878385,0.0121642952377708,0.0120636711969124,0.0127087966802887,0.0088690775136815,0.0084282355562954,0.0741594652034517,0
2012-05-23,-0.0030247679400885,0.0064483476675238,0.0019218659065431,0.0005299552336361,0.0069356180662081,0.0118961648655307,0.012492225004678,0.0128119620539721,0.0088830729564685,0.0084554721805591,0.0738161288060798,1
2012-05-24,-0.0013849852383639,0.0020922368652136,-0.0065536309136855,0.0019654773903385,-0.0038082294983986,0.0118262881965726,0.0124011347455099,0.0128654499168375,0.0088775110866911,0.0085359245323712,0.0728423074940604,0
2012-05-25,0.0083877483848822,-0.0006523466546771,-0.0012871761807017,-0.0032446879265211,0.0037410869781631,0.012068085036263,0.0124246632061576,0.0128411407041107,0.0088791172248938,0.0083854928989305,0.0777696637444643,1
2012-05-29,-0.0108723374571109,0.0144925678002638,0.0127275065324188,0.0121122379378981,-0.0030789830234355,0.0116449918824376,0.0129362274118509,0.0135564934979764,0.0094277996492707,0.0076647506033396,0.0490325916413667,0
2012-05-30,0.0058932549627184,-0.0191765599270598,-0.0084315831182998,-0.0145103104746764,0.0253615628813634,0.0111685277361585,0.0142841426417997,0.0137466229172188,0.0103557420652894,0.0107722450121064,-0.0002498347244498,1
2012-05-31,-0.0019090812845146,-0.0013120552770875,-0.0043319333505453,-0.0022006419998803,0.0115742708198998,0.0111698464827458,0.0141598722894408,0.0136648209825433,0.0103216990382169,0.0110482554769611,-0.0087511901172421,0
2012-06-01,0.0387811968881006,-0.0300882529102406,-0.0265868810115867,-0.0251769607369136,0.0237398112985409,0.0150975900884976,0.0155315395794869,0.0146191003156749,0.0122100132251286,0.0119733060672573,-0.0504340082930047,1
2012-06-04,-0.0011428106398809,-0.0023027088329954,0.0076144075832889,-0.0004682746391035,-0.007900516460043,0.0148499510647207,0.015315868984783,0.0143271563516502,0.0119944026900667,0.0126042313833992,-0.0550436736097387,0
2012-06-05,-0.0011442151423203,0.0128987755069998,0.0041069589215889,0.0075721321072905,-0.0133771566802592,0.0148771963667567,0.0136759859235638,0.0107236611025151,0.0106679505061691,0.0137009572956904,-0.1265788912111451,1
2012-06-06,0.000445509256018,0.0246651777201303,0.0229059688247272,0.022468595152153,-0.0199837887126029,0.0134536186091175,0.0160077891218496,0.0133587431378082,0.013220157425652,0.0149581258906098,-0.1475260629971357,0
2012-06-07,-0.0172381311502618,-0.0065413157119685,-0.0039985696866187,0.000606046712035,0.0015188780254602,0.0148830082845796,0.0160171198976027,0.0134054856792938,0.0132205791493522,0.0148702443844568,-0.1201896978072394,1
2012-06-08,0.0014886454856897,0.0135635468536945,0.0096352180205654,0.0079514545710894,-0.000239060793821,0.0148384585438934,0.0166298217194155,0.0135542511170916,0.0134572655280538,0.0147636988714755,-0.1144817580037131,0
2012-06-11,0.0040716402779579,-0.0220867822473936,-0.01685987342881,-0.0126968147625378,0.0045522037660903,0.014702856972464,0.0181174999890433,0.0147206728789025,0.0140684362809323,0.0147757226432191,-0.0924254110732002,1
2012-06-12,0.007080368815616,0.0126214061609044,0.0121338462264484,0.0114903122575038,-0.0091429281225402,0.014060537916369,0.0179417695273737,0.0146632847466753,0.0140080541765703,0.0151372162207315,-0.0754885826365534,0
2012-06-13,0.0042182562635786,-0.0115454727275857,-0.0068735563783998,-0.0063948306172733,0.0098688696564384,0.0140405782377971,0.0172691173521175,0.0145762618731171,0.0133243581522021,0.0130906999195703,-0.0760244817953056,1
2012-06-14,0.0040097053359924,0.0114150082224044,0.0037020137845926,0.0106008735357094,-0.0012711339875985,0.0139130300792731,0.0177080143979097,0.0145461483623753,0.0136663696501526,0.0124499801438171,-0.0746919668764857,0
2012-06-15,0.0005704997647584,0.0133853181605598,0.0124241107010714,0.0102269633773928,0.0055691126603789,0.0066877418105366,0.0144700139070601,0.0113261318556381,0.0100738281412649,0.0093391288193424,0.1139807572635598,1
2012-06-18,0.0005701744803514,0.0011658210136118,0.0093668852189297,0.0019385875653517,0.0053800996392006,0.0066704182684958,0.0143268366686754,0.0113933933334511,0.0099530904157991,0.0095138763494831,0.1084183518206583,0
2012-06-19,-0.0048755084491937,0.0173329240082236,0.0103804567573546,0.0096723891350261,-0.0130631543976594,0.0068682726429056,0.0146646781216502,0.0115317836797803,0.0100264624331271,0.0094715237703361,0.0914968903630478,1
2012-06-20,-0.0075719166052243,-0.0015260872467276,0.0007783452164529,-0.0016209937241765,0.004943400986213,0.0072710468285083,0.0130961096301012,0.0097612515192273,0.0082574860573735,0.0071035710590806,0.1342698135158294,0
2012-06-21,-0.0253253633219685,-0.0243216600148424,-0.0248870757181026,-0.0224390300172074,0.005315681129669,0.0094344385603508,0.0154901982547546,0.0131042497217073,0.0115957688727952,0.0072456209847675,0.2641058856592222,1
2012-06-22,0.0040783785012681,0.0113545158523917,0.0105278263784451,0.007701722524277,-0.0133379387008049,0.0095625935746611,0.0153057841715902,0.0131726176230876,0.0115790871976404,0.0085918969142207,0.2531317004365206,0
2012-06-25,0.0073374942457151,-0.0156151677917688,-0.0192580022525538,-0.0160347890148687,0.014558001894414,0.0098194108694302,0.0143377255371137,0.01355166877813,0.0120514136829614,0.0097065867870072,0.2213151140507109,1
2012-06-26,-0.0074141482204446,0.0039134245948375,0.0062768726605906,0.0050258403048517,-0.0039415594048328,0.009562044530307,0.0138379997521464,0.0131287833726928,0.0115606085777247,0.0092377399238634,0.2178381853144973,0
2012-06-27,0.0013760104873934,0.0162729936235579,0.0060781926141684,0.0090164039872921,0.0015827074827492,0.0093826944937172,0.0139308264446693,0.0129867175351308,0.0116598014974735,0.0087527999410868,0.2538555139123842,1
2012-06-28,-0.011646919832302,-0.0016789515002717,-0.0111286353287682,-0.0028535791947186,0.0024494793274327,0.009440237097711,0.0137007310093459,0.0135469878598953,0.0112503337350194,0.0087447490728489,0.2533388725258856,0
2012-06-29,0.0274081384045377,0.0291033210244924,0.0315113891751415,0.0249268690084567,-0.0130068882328012,0.013788849343144,0.0158771645993063,0.0165049849530572,0.0134677262638155,0.009586004702914,0.2318796392469055,1
2012-07-02,-0.0006444107348563,0.0115638121162331,0.0029612120501183,0.0030120898247076,0.0103176154380202,0.0137728872287431,0.0160396803038672,0.0163089178920275,0.0134755914600397,0.0100614742812867,0.2524802411289321,0
2012-07-03,0.0152815167447233,0.0130469244233382,0.0083915050838976,0.0065933413612386,-0.0076856946251214,0.0147045382810375,0.0157168360791622,0.0161979493998925,0.0133057907687397,0.0094347465687514,0.2518922587518707,1
2012-07-05,-0.0113045469464544,-0.0011043340884488,0.000616253925151,-0.0045122346766414,0.0051107354957631,0.0149711786304207,0.0157002865588616,0.0161984161137995,0.0134081241755741,0.0094443963563988,0.2491462977355652,0
2012-07-06,-0.0126540728070095,-0.0111736297717358,-0.0124749879416019,-0.0095034665127561,0.0092929505774415,0.0130046357338232,0.0134274213444321,0.0143558818380726,0.0113581704504972,0.0097650549339165,0.1921612767024555,1
2012-07-09,0.0021468125551507,-0.0038494905336213,-0.0018711639484667,-0.0012544756421399,0.0088157596838507,0.0129711334476292,0.0135595756283486,0.0141043492420886,0.0112406670485061,0.0087259989758668,0.1759485507434882,0
2012-07-10,-0.0122695369516,-0.0110943573648083,-0.0098437512347465,-0.0087204280968538,0.0020283000184306,0.0133802441506933,0.0128899912073732,0.0128523901052218,0.0101634749992747,0.0076787068536986,0.2605060122905147,1
2012-07-11,0.0055209440051058,-0.003403498079985,-0.0055230136842692,0.0001491553127519,0.001245208790221,0.0133133466149953,0.0131323769309051,0.0129625768520873,0.0101283179029318,0.0074421092070411,0.2514307508084466,0
2012-07-12,-0.0026146097190075,-0.0034146593900071,-0.0093624907046359,-0.0048450989904899,0.007076376509727,0.0133380082458935,0.0125104412484689,0.0131910963823382,0.0099606681114616,0.0076075790376685,0.2504279020158654,1
2012-07-13,0.0101579598201544,0.0124375182917464,0.0152170438580399,0.0167778663958699,-0.0026250579328485,0.0130149376145207,0.0128657176340566,0.0134980477157024,0.0111355315699658,0.0077833108065828,0.2407746175578406,0
2012-07-16,0.0004541801251847,-0.0040115262689714,-0.0028397529435902,-0.0023573284047271,0.0046446377428326,0.0095114239314389,0.0092005080737729,0.0086389279195385,0.0078118107003443,0.005713913802568,0.2746766083987492,1
2012-07-17,-0.0047986866023365,0.0035246827796993,0.0052215036104763,0.0068671649562743,-0.0078598996080229,0.0096042093916359,0.0083829852879025,0.0087959747385862,0.0080926026820851,0.0062811346757899,0.2287592015895538,0
2012-07-18,-0.0027366792572139,0.0061452703376021,0.0135370049225655,0.0074067413479186,0.0005437153839535,0.0077124850908417,0.0073239890979484,0.0095413705601005,0.0081708459245397,0.0053389381678634,0.2416450357254584,1
2012-07-19,0.0021561700390366,-0.0033655107720137,0.0110264066103591,0.0026208952083637,-0.0025616438541139,0.0072243685906668,0.0073420608114992,0.0102466903186966,0.0080434508875805,0.0055224594472783,0.2438979260366967,0
2012-07-20,0.0018906850756352,-0.0127578347331019,-0.0132104713586141,-0.0091486289384015,0.0122186244334074,0.006097335305379,0.0075795480151521,0.0103507549697894,0.0079939983286957,0.0060046643117352,0.2018958832296908,1
2012-07-23,-0.0041647647379081,-0.0159639415364347,-0.0121420786260773,-0.0101120447070426,0.0056130161052911,0.0061755183973856,0.0087841475618785,0.0110677350760371,0.0087002502816308,0.0056992794716731,0.1995189629103278,0
2012-07-24,0.0032020224601241,-0.013132461966831,-0.0078789184545413,-0.0085868863992477,0.0078754066005022,0.0047001744985737,0.009008686924838,0.0109054361369659,0.0086857004583766,0.0059912785414812,0.1287647191149483,1
2012-07-25,0.0140046497957924,0.0022181080397449,-0.0066709268342427,0.0002241558142215,0.002578891064471,0.0061634415191469,0.0091817789795376,0.0109689234721049,0.0086859937746188,0.0059721616680972,0.1058976479724207,0
2012-07-26,0.0070662691363418,0.0085916151656373,0.0132717041415009,0.0164971808209408,-0.0091557855680469,0.0061611187350514,0.0098572639242411,0.0113149824395842,0.0099279253694656,0.0068125335804677,0.1059215832962447,1
2012-07-27,0.0049115838023048,0.0237475449598112,0.0236703871601549,0.0184332045354445,-0.0188620158426586,0.0056607339222404,0.0120547628492242,0.0126823749360835,0.0102111136116616,0.009290500786059,0.0479100386537407,0
2012-07-30,-0.000698239272816,-0.0034033526708086,-0.0007707200639675,0.0,0.0074716384396495,0.0057116928358337,0.0120366011802276,0.0126040572702598,0.0101214292100894,0.0095048608241806,0.0502156194071454,1
2012-07-31,-0.005970826566403,-0.0088552520779533,-0.0003083274462605,-0.0069942177673554,0.0020091459353368,0.0058782153551035,0.0122188360562003,0.0125978310434568,0.0103903338208712,0.009127615980044,0.0706271672314988,0
2012-08-01,-0.0086267880128267,-0.0164646659382502,-0.0029322960599764,-0.0008720113837835,-0.0049988369631956,0.0066466733104304,0.0126931281646391,0.0119915506266895,0.0101532658499062,0.0093095590274534,0.1227506019070688,1
2012-08-02,-0.0065102134253541,-0.0036337624432839,-0.0035598442300313,-0.0069040732068743,0.0056683301125604,0.0070843812915983,0.0126920659186181,0.0114300738857968,0.0103465041033832,0.0093997845248855,0.1212507490040392,0
2012-08-03,0.0092129898394861,0.0238348868809281,0.0189500304010292,0.0198329229655909,-0.0161378009560361,0.0076023668751694,0.0149497052129498,0.0121322170941959,0.011701687616251,0.0099163977008165,0.1404447679601844,1
2012-08-06,0.0048216006768604,0.007759461345238,0.0076217604904478,0.0019374815204746,0.0003921676474973,0.0074211169230505,0.0140437799732536,0.0111096654405419,0.0108908209000819,0.0096159952542165,0.1338950403928383,0
2012-08-07,-0.0001279863856068,0.0090884819437331,0.0083207464784147,0.0050136018530468,-0.0128651374265793,0.0074429120077673,0.0130978596541046,0.0103151802382932,0.0100503537785321,0.0094081142794114,0.1574290516834894,1
2012-08-08,0.0012797347696722,-0.0015010090313013,-0.0004502106620636,0.0012115699672545,-0.0053247756182025,0.0060910557356004,0.0132154481039646,0.009648286245557,0.0100060633750026,0.0090840277383031,0.2284889636181418,0
2012-08-09,0.0032592649511125,0.0047610461235567,0.003002477499111,0.0008542757700515,-0.0007196187736766,0.0057467830684427,0.0131200484495727,0.0093760829938973,0.009164262617023,0.0090655174427666,0.2273635707026439,1
2012-08-10,0.0012101864830207,-0.003491378137284,0.0005988390373778,0.0016358099609115,0.0050379229937436,0.0055211589458434,0.0111343194052853,0.0068727218316305,0.0074517477035679,0.0078840911920648,0.2639931427007525,2
2012-08-13,-0.0075708565852385,-0.0016269660887612,0.0023924481691788,-0.0004974828927325,-0.0016710049272248,0.0059953704669006,0.0110736448646217,0.0067491570112577,0.0074650538389299,0.0071681566363774,0.2475965639542702,2
2012-08-14,-0.0055131776400203,-0.0023809033285948,0.0004477891704728,0.000142541573826,-0.013546806972892,0.0059539854107479,0.0106139872702373,0.0067075568541214,0.0068785487571052,0.0076645854267604,0.3059454170983125,2
2012-08-15,0.0032231031023153,0.0087936075027035,0.0025353773773357,0.0011359903589849,-0.0140564957372596,0.0053879892723723,0.0086524533469813,0.0063434440572596,0.0068066889529224,0.0082536059126146,0.2876794956720406,2
2012-08-16,0.0059756643744985,0.0104607542592771,0.0119010516028066,0.007378741326762,-0.0085207164128902,0.0050641165714369,0.008385609396511,0.006182050200666,0.0060897494975545,0.0073212057662655,0.3178227993312982,2
2012-08-17,0.001021995813774,0.007024883382884,0.0044106106701782,0.0013382972670894,0.0048757702860866,0.0042959774218979,0.0055087020994159,0.0040004875245067,0.0023793828369473,0.0073401670811087,0.348485409534028,2
2012-08-20,0.0034455926616052,-0.0022026855148951,0.0014638520941008,7.00211644397708e-05,0.002055311495184,0.004171592190936,0.0056303925757449,0.0038660882769197,0.0024581308542337,0.0074842792345505,0.2896614664475602,2
2012-08-21,0.0099835137928261,-0.0006136060590854,-0.0039463853376731,-0.00302399692037,0.0044317987256798,0.0050936144596937,0.0052683861539597,0.0040927519333432,0.0026102488746235,0.0073264982848558,0.2059745469925345,0
2012-08-22,0.0107661741192763,-0.004786331070556,0.004108809103831,0.0004235494299673,0.0165052303659505,0.0058482990166646,0.0055977264660865,0.0040134851842663,0.0026158653218534,0.009424021892411,0.1862767062603101,1
2012-08-23,0.0084091575929587,-0.0070287644281069,-0.0081838038462581,-0.0081798044157965,0.0041792769046946,0.0061344876229793,0.0060775458606315,0.0052771469081656,0.0038971659813121,0.0095414504026393,0.1389606733275657,0
2012-08-24,0.0004941740154198,0.0027315540426127,0.0061881983754865,0.0060428646292018,-0.0009603611145364,0.0061630452956549,0.0059503963127866,0.0054555075788403,0.0043232681206883,0.0093716223773498,0.1366254914571109,1
2012-08-27,-0.0037661332700761,0.0029728392905679,0.001611045360633,0.0002120807204717,0.0058489790124667,0.005520255858731,0.0058991380234315,0.0054569552677996,0.0043111924787328,0.0095817989644302,0.1090022390046389,0
2012-08-28,0.0017352428001844,0.0045693594664275,0.0,-0.0009890912342607,0.0023897114423216,0.0046220926328258,0.0058000692912611,0.0054734093473115,0.0043379624386368,0.0083033278102511,0.006405046986193,1
2012-08-29,-0.0064959357567595,0.0030724606313268,0.0,0.0007778248221972,-0.0043705923688953,0.005724153085402,0.0053405151063348,0.0055049417380639,0.0043330612432496,0.0066683141899366,0.0508119457711828,0
2012-08-30,-0.0004358432469381,-0.0099265680627871,-0.0100875993072663,-0.0072077449615831,0.0051876206797212,0.0057324181191837,0.0054801846416942,0.0053924744457295,0.0041769799999992,0.0054082274843448,0.1558073064697895,1
2012-08-31,0.0230500675913385,0.0040854496747138,0.0066457920512557,0.0047687278899237,0.0141337118816748,0.0086065022462195,0.0051023774449455,0.0056559233024622,0.0045218727810897,0.0062922369241042,0.3600291194071275,2
2012-09-04,0.0015832085306497,0.012203778170478,-0.0010270515170122,-0.0009207484544335,-0.0010034292255366,0.0086571115055865,0.0064821720669403,0.0056283082542118,0.0045137163425736,0.0065183328098256,0.3097860093324975,2
2012-09-05,-0.001033549205746,0.0002434640361133,-0.0010281703829522,-0.0008507312444439,-0.0047130233140285,0.0085870508075589,0.0064681130194579,0.0055022230851744,0.0044470801133032,0.0071598006316176,0.3293525697194303,2
2012-09-06,0.0035299241657396,0.0183854557584854,0.0221994288896543,0.0202967107469689,-0.0166514785030174,0.0081962096624944,0.0081666009241734,0.0089572413079446,0.007984801876652,0.0081849721533332,0.176691907883736,0
2012-09-07,0.0215295231056971,0.0074123814842779,-0.0014380075606353,0.0038948629893404,-0.0046547166819788,0.0100507502722222,0.0074124361434723,0.0083706950849846,0.0072556951687572,0.008208928816093,0.1714250492370377,1
2012-09-10,-0.0068274111767094,-0.0045093026789625,-0.0128190929901245,-0.0056815379126338,0.0024188050219879,0.0105883526124305,0.0079469169457447,0.0094762856579323,0.0075781004136901,0.0082563424648711,0.212033664432827,0
2012-09-11,0.0036463663986656,0.0021460276495808,-0.0016044188585657,0.0027875280236711,-0.0062728300110173,0.0102951346836281,0.0079613559035239,0.0094853881001249,0.0075758720289363,0.0081685010658888,0.2218307967352813,1
2012-09-12,0.0001191439737231,0.0051151664800206,0.0029223710201109,0.0033352927465979,-0.0124645040450142,0.0103476778965527,0.0079693252665134,0.0095274343111117,0.0075293860686132,0.0087425782273333,0.2280664838436624,0
2012-09-13,0.0201881814352913,0.0131376267054892,0.013551008804955,0.0152366937239827,-0.0039344948269418,0.0108088456638818,0.0084830740434422,0.0103923889148682,0.0085606638386652,0.0087351742350571,0.2739524054427057,1
2012-09-14,0.0028603438220029,0.0093460985002373,0.0089133048657359,0.004433998105102,-0.0265777407446107,0.0106212811262775,0.006775637064264,0.009705681695345,0.0076789301479181,0.0109934048910365,0.2894088445413074,0
2012-09-17,-0.0081490636228432,-0.0046300431284014,0.0004276264521099,-0.0033960085482999,0.0120035374608835,0.0098961575809395,0.0076602015417531,0.0096902861424199,0.008097044987355,0.010573137976002,0.2155758866964002,1
2012-09-18,0.0077465221332146,-0.0032557025766657,0.000854337918331,-0.000817364441787,0.0050117635016224,0.0099384199242106,0.0078019665570132,0.0096212211655649,0.0080902497368827,0.0110605487721255,0.2175243657833257,0
2012-09-19,0.0001164935494917,-0.0017497738206392,0.0018498208702708,0.0005452457231076,0.0065653812786985,0.0098755148035393,0.0079424251740576,0.0095233093321261,0.0080103576648109,0.0117148447181178,0.2044284732930523,1
2012-09-20,-0.0015721687657199,-0.0044404804645327,-0.0009940075233346,6.845559122714562e-05,0.0024772116284941,0.0100599000916762,0.0065516658409816,0.0069306764803593,0.0056668548117995,0.0110447226651909,0.2578604418927456,0
2012-09-21,0.0028576747517099,0.0036388097541626,0.0002852075634607,-0.000418069986941,0.0011528425428768,0.0079491007919573,0.0062999914802736,0.0068799666253927,0.0056741795753868,0.0110739805994748,0.2974946093834639,1
2012-09-24,-0.0052919494451031,-0.0032644864188371,-0.0058446005923558,-0.0015081285404938,0.007816657503413,0.0077703466716054,0.0061796518570885,0.0055004948450111,0.0052130829453817,0.0114368529863454,0.2781283502184739,0
2012-09-25,-0.0016369410950092,-0.0143715414951992,-0.0140526478672129,-0.0106417573683536,0.0098770005711592,0.0078442795128443,0.0079676060043125,0.0074714026022957,0.0065528976774596,0.0118099611575436,0.2605830711460014,1
2012-09-26,-0.0056216354737306,-0.0063343732791018,-0.0081440573138359,-0.005621366159052,0.0107508787036709,0.0081777449211667,0.0079659602592545,0.0079263834703925,0.006759087577205,0.011316892614115,0.2589306961952695,0
2012-09-27,0.0148989977956031,0.0108249682088432,0.0137831610999581,0.0094213718557283,-0.0071174531278638,0.0068771922553324,0.0075250795632468,0.0079717190190521,0.0053947224990415,0.0115605610261036,0.2150916714029493,1
2012-09-28,-0.0026110999060248,-0.0071393260229434,-0.0082444339222597,-0.0046322544332619,0.0005637430304923,0.0068968447707623,0.0066595450951106,0.0076084247220212,0.0051760063828342,0.0058108022280912,0.1990518859432352,0
2012-10-01,0.0023270341375569,0.0033564056695847,-0.0014581073674124,0.0026393640892121,0.0037105898528,0.0062768302084316,0.0069255368503756,0.0075645944344933,0.0053064980373796,0.0052507608795247,0.2040626880566567,1
2012-10-02,-0.0011027174532514,0.0019104436353931,0.0029209724523759,0.0010392061164588,-0.0013659768101732,0.0058481623931463,0.0070359380551411,0.0076844847315579,0.0053496494903308,0.0055062421228265,0.2063010102827639,0
2012-10-03,0.0018012640766977,-0.0028615026223662,0.00640734880275,0.0040832475421259,0.0003224852562331,0.0058685575772333,0.0070445900610786,0.008063323653829,0.0055691351384508,0.0054666705884334,0.1818737437483958,1
2012-10-04,0.0069601352749457,0.0068150956653012,0.0034730042562853,0.0071680946772612,-0.0124713494382012,0.0061620967170823,0.0074740170322504,0.0082188051034623,0.0060862568656799,0.0073051455457422,0.1987123467757143,0
2012-10-05,-0.0057024681163732,-0.0011876475579712,-0.0053348828879595,6.842334746459677e-05,-0.0129547727167307,0.0065004767496375,0.0073137670658527,0.0083062035839428,0.0060831287349195,0.0085909273571448,0.2678799929812325,1
2012-10-08,-0.0033020048751752,-0.0063009134475042,-0.0091337494952766,-0.0034215899105973,0.0084200221840944,0.0063351588507168,0.0074692176368922,0.0085522637096324,0.0061723250960756,0.0086544869400862,0.2681372607642037,2
2012-10-09,-0.0061609854100082,-0.0117253463678571,-0.0159473011663136,-0.0098872342046055,-0.0018013459647144,0.0066656500746658,0.0069955257913909,0.0088647549847242,0.0060306286730403,0.007926986718075,0.3577446806920604,2
2012-10-10,-0.0008772977978495,-0.0015739031851853,-0.0050548454961892,-0.0063799996632859,0.0070526412302192,0.0063716690615855,0.0067705216279988,0.0086853645342852,0.0061145863413607,0.007374814368952,0.3651452614896759,2
2012-10-11,0.0028097108207538,0.0036373431543987,-0.0031381997036407,0.0005578731064377,0.0069209134968941,0.0041062023375249,0.0056971106015375,0.0067268108978279,0.0051678616814422,0.0075346628732799,0.392211175528255,2
2012-10-12,-0.0073547146378558,-0.0080943805119392,-0.0004493594801524,-0.0032781703878858,0.002506664593286,0.0046093365283588,0.0058089300934851,0.0065723807655273,0.0050754319878397,0.0075803201949375,0.3491082904523225,2
2012-10-15,-0.0100552245068035,0.0065773888339182,0.0073481576246949,0.0083280141480814,-0.0022585748373604,0.005220885599962,0.0061911675365341,0.0073158378556181,0.0057679677193866,0.0074931570920937,0.2237688119603696,0
2012-10-16,0.0063557589939839,0.007381358599291,0.014143211774366,0.010132947694311,-0.0138245821200301,0.0058993520689831,0.0067233081726981,0.0088382865665174,0.00663228016001,0.0085960681867015,0.2141680912249647,1
2012-10-17,0.0007082700890355,0.0090091970366148,-0.0005868698873572,0.0045351737051437,-0.0092637826210485,0.0058401379096208,0.0073266661868841,0.0084766594483162,0.0066590993973416,0.0088623825818419,0.1992752965409248,0
2012-10-18,-0.0044237349870258,-0.0054764669169696,-0.0116040466700562,-0.0025994336706635,-0.006123231440681,0.0050254275293241,0.0071702668581561,0.0088334934259335,0.0063264064863549,0.0082995431333014,0.2299462866501346,1
2012-10-19,-0.0107825827230435,-0.0202296471945173,-0.0239263030994061,-0.0166642033649272,0.013570150023219,0.0055778143116632,0.0094560677175134,0.0110607921085276,0.0081880539833574,0.0086861434033888,0.1994218548674949,0
2012-10-22,0.0036533545301065,-0.0002448450013331,0.0051765086507988,0.0001395955476648,-0.0064070726002672,0.0059966169441065,0.0093920812470154,0.0113643732809708,0.0081904025192679,0.0084500371984385,0.1897380067482984,1
2012-10-23,-0.0128297477728933,-0.0050100463285044,-0.0095425526522551,-0.013876309646352,0.0143026299055297,0.0067575853289977,0.0088497465699327,0.0107423613409795,0.0087234563357027,0.0097126793089537,0.1475182046509902,0
2012-10-24,-0.003445518289702,-0.002702156440389,-0.0035173131348557,-0.0028284953776566,-0.0098619384963936,0.0067047365167671,0.008859362823512,0.0107168937172628,0.0085925861953657,0.0099433952007059,0.1668732247713124,1
2012-10-25,0.0070362953889042,0.0040643848572172,0.0,0.0029075573014356,-0.0051038275683167,0.0072595083363042,0.0088879421331902,0.0107456065669969,0.0086883851889987,0.0095941284946453,0.1385619405917575,0
2012-10-26,-0.0005421731981886,-0.004783565208824,0.0029157398793249,-0.0005653740455114,0.0147276845179558,0.007135908991795,0.0086729303061424,0.0108619178882631,0.0086627763120272,0.0109494659469365,0.1868591964309269,1
2012-10-31,0.0054240293798601,0.0060388042757195,-0.0061208567054288,0.0,0.0058708973396328,0.0069757524928476,0.0086211887750586,0.0104050117976561,0.0080389937640013,0.0111476354318992,0.2430370702230332,0
2012-11-01,-0.0045555025984209,0.0105355372534474,0.0141648940671357,0.0104702584052687,-0.0081872044596877,0.0065582616608654,0.0090183925492081,0.0104090534647751,0.0080955174841892,0.0105068425485417,0.2087757036433857,1
2012-11-02,-0.0208948098251638,-0.0157594666803707,-0.0106273264227249,-0.0088916792046122,-0.0007353365131398,0.0087632790596561,0.0093941010112526,0.0106003206336212,0.0080323913433227,0.0099720827353439,0.2607477089857729,0
2012-11-05,0.0038744747870573,0.0066511088318648,0.0065982662877279,0.002048674716305,0.0056429655691798,0.009118693087776,0.0098612505090114,0.0107697502198699,0.0082030872533853,0.0097017962643142,0.2825554283478346,1
2012-11-06,0.0188078625532965,0.0074634316447765,0.0018294806264704,0.0078251673731575,-0.0094340012236224,0.0110248817511651,0.0079142571844151,0.0077214419618025,0.0071701258100404,0.0094788823880127,0.2730885166558864,0
2012-11-07,0.001142528189534,-0.0242899628819563,-0.0235851725334952,-0.0226640321044646,0.0181455016160332,0.010951999920536,0.0111848931056357,0.0104794537963528,0.0100647828781102,0.0107111965889034,0.1896562625608343,1
2012-11-08,0.0090095498258697,-0.014064825650354,-0.0157395772413344,-0.0120240040541987,0.0148388791999551,0.010405777114575,0.0118237799763716,0.0110887511946454,0.0098480373044597,0.0107777821967976,0.1598018651702079,0
2012-11-09,-0.0010119540650425,0.002146354774333,0.0042752023108558,0.0008689922421882,0.0011122480261589,0.0103029894814394,0.0119219855475198,0.0113509365892867,0.0098982853451664,0.0098912253934646,0.1288815825725969,1
2012-11-12,-0.0022048049089982,-0.0028976588383464,-0.0001579362848372,0.0007964923222667,0.0016671187264485,0.0101979341528448,0.0117170501006944,0.0113469814592235,0.0098039943529621,0.0094441821375532,0.1276086424821706,0
2012-11-13,-0.0020901215354142,-0.0056853882866082,-0.006937692380473,-0.0034717137841041,0.0033281744745556,0.0102340245672313,0.0117366462176023,0.0112377716735054,0.0097927782687663,0.0087141343457232,0.1105919113048169,1
2012-11-14,0.0002393374307121,-0.018551174869597,-0.0117497566356442,-0.0134985221007979,0.000947716138069,0.0101014011689331,0.0122024154739983,0.0115139742646556,0.010325104615194,0.0086870655363084,0.1231717811728307,0
2012-11-15,-0.006282176951012,-0.0051788018679584,-0.0033740326247585,-0.0016921108033968,-0.001972659977814,0.0102065324504901,0.0108529735275351,0.0095803201499847,0.0090931368542303,0.0080154100047095,0.1680396684765572,1
2012-11-16,-0.0012643233169258,0.0083289579065195,0.004352944734937,0.0049376425254861,-0.0008691700860629,0.0071625075517353,0.0113583467518254,0.0099318846916034,0.0094903253041669,0.008023104798224,0.088229234655659,0
2012-11-19,0.0119965648408368,0.0211665923851505,0.0237559349362705,0.0202386839592119,-0.0056188717905228,0.007825715954488,0.0136528165532701,0.013046126632539,0.012097114592507,0.0084434194282968,0.1302715038789685,1
2012-11-20,-0.0028593300857844,0.0017696038150132,0.0003136030972192,0.000431402516825,-0.010027066278639,0.0055925559641483,0.0132741982652244,0.0129959325690678,0.0116567557007867,0.0085359056582786,0.1631327016310119,0
2012-11-21,0.0010155813941403,0.0052987449066421,0.0020375801128644,0.0018680532695414,-0.0005630826220406,0.0055915019258085,0.0113374378340571,0.0108018128715414,0.0093125602180842,0.0064330128127638,0.2298390597960005,1
2012-11-23,0.0122344418812787,0.0099148474395149,0.0151727933279579,0.0136252550477644,-0.0009648352985133,0.0061880719000117,0.010732055641185,0.0103116168531835,0.009211843247841,0.0039044506246964,0.374112528864474,2
2012-11-26,-0.0010613049579774,0.0032309012530085,0.0043142153834807,-0.0021225230612069,0.0047502103918071,0.0061898540780209,0.0107433141138479,0.0103122574461807,0.0093154539833713,0.0043029246974298,0.3776766688438622,2
2012-11-27,-0.0042494599128727,-0.0012382796420584,-0.0033750810526308,-0.005104387170124,0.0039260013580082,0.0063384515667122,0.0106763353054925,0.0104629286536719,0.0095908181153082,0.0045089055922498,0.3666729326554864,2
2012-11-28,-0.012803055990465,0.0084336520214545,0.0086203289336039,0.0080523594828738,-0.0014364220906352,0.0076456961361037,0.010492933291399,0.0100607166343401,0.0096165428351151,0.0042811922857269,0.3162705233620402,2
2012-11-29,0.0037825854847186,0.0114376867482173,0.0059528608564762,0.0046653635910078,0.0001596593427439,0.0077549631636841,0.0073687017678431,0.0084006620425175,0.0077584256071237,0.0042447147894888,0.3745687286672834,2
2012-11-30,-0.0067591199517209,-0.0019457097211263,-0.0016691411013983,0.0002111969207381,-0.0027173152918009,0.0077995790019814,0.0068617899812221,0.0082094299918691,0.0076118767878756,0.0042650576009873,0.3782408469162726,2
2012-12-03,0.0004817936138774,-0.0010965538130958,-0.0019753879637148,-0.0049244124625774,0.0009237069963317,0.0077875843865103,0.0072408521133166,0.0085814965682466,0.0081916242482733,0.0043241398856434,0.3597073334742297,2
2012-12-04,-0.0102931840342351,0.0012196936419821,-0.0006094802984598,-0.0014140831693915,0.0057754088582966,0.0071964215885852,0.004862846519521,0.0057583911083961,0.0058633549427597,0.0045147434826198,0.3349194301495783,2
2012-12-05,-0.0018246141290523,-0.0012182078016718,-0.0111228798038054,0.001770022122729,-0.0004781262815783,0.0071909461614333,0.005081664373356,0.0072633482023597,0.0058507837752818,0.0028741432698928,0.2353783325135778,0
2012-12-06,0.0023154088113466,0.0015855018779153,0.006471092590373,0.0033923292832531,0.0021539740416705,0.0072618584458974,0.0050634362508009,0.0074175705493909,0.0058765276047521,0.0028448004308751,0.2400433632483894,1
2012-12-07,0.0040121803167743,0.0007307906574445,-0.0059704340181655,0.0030285409111534,-0.0092357593699217,0.0058154617132908,0.0044751071158332,0.0062183332972015,0.0042369549771968,0.0043508155956246,0.113506883686207,0
2012-12-10,0.0038750264922358,0.0043805456969077,0.0029264640021231,0.0004210619939499,0.0044201253259896,0.0061634378591414,0.0045215160522612,0.0061277576166942,0.0041197119479221,0.004315099509065,0.1489574402825955,1
2012-12-11,-0.0009047596653337,0.0105402849368465,0.0130529552815883,0.0068083113326913,-0.0076014304799478,0.0061272683774645,0.0050241750162281,0.0072450351190361,0.0038700627242949,0.0047692286832751,0.1146621662767819,0
2012-12-12,0.0007244816202742,-0.0056348473636481,-0.0021222173835245,0.0004880127805162,-0.0116104451845656,0.0047751165518821,0.0054146919601638,0.0068698144469905,0.0032959823457644,0.0058759952388946,0.2298965177193287,1
2012-12-13,-0.0084454914591929,-0.0063900153432757,-0.0078996381480367,-0.0061315190475534,0.000734567228029,0.0051213665921206,0.0048694834874662,0.0070411243852114,0.0038461991653741,0.0059002896743967,0.2288054651031948,0
2012-12-14,-0.0014600610908572,-0.000606793906098,-0.0094927095890887,-0.0037161665996029,0.0074986518211137,0.0048018265592298,0.0048215774430951,0.0075531186659504,0.0040583063729348,0.0065638950118395,0.1977581045534759,1
2012-12-17,0.0018887317941354,0.0140849068524404,0.0132940501425551,0.011752589822656,-0.0149669816743974,0.0048750663345331,0.0064351843773835,0.0089074834770383,0.0051122604456161,0.0079028034651521,0.1747533970504026,0
2012-12-18,-0.0143517427348158,0.0136493284963006,0.0152551265472975,0.0111287780629718,-0.0101847687994517,0.0058124758589681,0.0074207271151258,0.0101430943751678,0.0057753909848554,0.0076925921509392,0.0592780959165637,1
2012-12-19,-0.0024062153581103,0.0022276003454386,-0.0043576567924794,-0.007429279758556,0.0033189434315008,0.0058199117455427,0.0072758946936714,0.0094113548709285,0.0066419871507101,0.0079704391716637,0.0529952322621744,0
2012-12-20,-0.0121220031187608,0.0049930536182618,0.0,0.0057521573333239,0.0001654160588406,0.0065233162623572,0.0072582936891057,0.0093004282143657,0.0067391775048376,0.0078360658685901,0.0277196152599131,1
2012-12-21,0.0037563771336919,-0.0041405080091391,-0.0105168565184302,-0.0090766915670499,0.0109152084673309,0.0064935502941622,0.0076403869385456,0.009802077870948,0.0076071630986236,0.0087993027332541,0.0008870982795216,0
2012-12-24,0.0018087275171267,-0.0048695665960393,-0.0019934111828411,-0.0030817036830772,-0.0017991913693142,0.0062818588778667,0.0080456266549132,0.0098188740407115,0.0077166245442548,0.0085319594383424,-0.0351092656146195,1
2012-12-26,0.0009961627877814,-0.0071615572918124,-0.0087600501582042,-0.0042155265244837,0.0035971817349438,0.0063853000884944,0.0079992619515577,0.009124094602457,0.0075240396050497,0.0085014168992469,-0.063422958611941,0
2012-12-27,0.0023635084320041,-0.0007214624675252,-0.0015503587873411,-0.0013399181610735,0.0033550376186091,0.0065102297958615,0.007718689854283,0.0091226630847218,0.0075208434171997,0.0077562390785882,-0.0757333237254744,1
2012-12-28,-0.0038471727592938,-0.007098309415329,-0.0096273084097914,-0.0108081701576364,0.0057092096245199,0.0062230095118589,0.007797966563821,0.0092703419590535,0.008028805950322,0.0079469999568,-0.1019031312294289,0
2012-12-31,0.0092189550780052,0.0216893299306655,0.0211664486935541,0.0169964092169871,-0.0172736390669762,0.0072257828433853,0.0101184037341639,0.0112851757640681,0.0097640537159555,0.0093504158131398,-0.0045623339565888,1
2013-01-02,0.007097851290946,0.0294116105583979,0.0317821550161181,0.0256300821928954,-0.0133685170367314,0.0076538424899086,0.0127563243205593,0.0145206868081663,0.0121595271639842,0.0091092795038607,0.0588228520116809,0
2013-01-03,-0.012073305404241,-0.0023042681275776,-0.0052078593125349,-0.0022592565556635,-0.0135492959140565,0.0072258476783369,0.0125217909139247,0.0140581426379719,0.0118184957445926,0.009516411581537,0.1910582046551563,1
2013-01-04,-0.0047146062110655,0.0073907506214501,-0.0032909775919413,0.004391573420049,0.0039002014728581,0.0073289125578606,0.0125834171230531,0.0140161696341335,0.0114657504886285,0.0095534857296707,0.1909557466550264,0
2013-01-07,-0.0062952490043364,-0.0037828601863476,0.0003001212349456,-0.0027328625847014,0.0004222425029467,0.0065103927840473,0.012789026886747,0.0140136352983774,0.0114875194166395,0.0095598036174031,0.2222038193498045,1
2013-01-08,0.0070877810620646,-0.0006904988028864,-0.0019508085314458,-0.0028770362688294,0.0065851838268451,0.0068118243294614,0.0126252413487288,0.0134669376842008,0.0110200393589886,0.0090011677256017,0.2337120349034857,0
2013-01-09,-0.0004359246792099,0.0048361045406899,0.0037585191236584,0.0025420506713338,-0.0009230623473123,0.0067885580357571,0.01230616380639,0.0133959521374551,0.0108761320686187,0.0090102177719153,0.2396186636317658,1
2013-01-10,0.0092840063765744,0.0022917545305194,0.0059907309616029,0.0079494273732509,-0.0027704811358286,0.0074093794626555,0.0116876482478943,0.0127972341582338,0.0107166286306011,0.0087806511582348,0.2420427109236626,0
2013-01-11,-0.0056797023904903,-0.0014862962250756,0.001339909706689,-6.789134094531413e-05,0.0089232984316189,0.0076496727040916,0.0117324093297578,0.012686671636631,0.0106568931483394,0.0093704763572296,0.2459543666068356,1
2013-01-14,0.0029802293233267,0.0005722729521002,-0.004460031092131,-0.0006798665118967,-0.0027531579496347,0.0075760228215027,0.011084533749254,0.0121443163145422,0.009527669612572,0.0089458742755071,0.2497262593543113,0
2013-01-15,0.0063142522895505,0.0043484174794514,-0.0049285147332739,0.0006803290448313,0.0046015946349953,0.0072599412420485,0.0095749528630714,0.0110227150384727,0.0085732081461404,0.0076737976952514,0.2630922706389781,1
2013-01-16,0.0005536192128581,-0.0029622270834568,0.0040526253814665,-0.0001364397631079,0.0020822079235005,0.0068691864174633,0.0037540234115096,0.004114093872716,0.0034335290196318,0.0063186808269136,0.2686733395131112,0
2013-01-17,0.0043037948558224,0.009256069155241,0.0047830025556316,0.0064606499319619,-0.0099734549071404,0.0055813742904846,0.0044076435456098,0.00403993995036,0.0037007148503641,0.0054698900681172,0.0106885231356222,1
2013-01-18,-0.0015917340429129,0.0028306363489039,-0.0022315633627043,0.0022298996471121,0.0077236780133023,0.0052844462499362,0.0040026326036809,0.0039404137403117,0.0035775689419294,0.0058170223125513,0.0490170460005435,0
2013-01-22,0.0035563299042145,0.0072258527533684,0.0016402497154086,0.0053933089207003,0.0019155822768757,0.0044980067228467,0.003894118357008,0.0039493889162652,0.0034717945673487,0.0058085284270936,0.0030767067375336,1
2013-01-23,-0.0028104812135655,-0.0023540334951114,0.0061025250012527,0.0016092939858356,-0.0014960634076844,0.0044989118446659,0.0040823419228217,0.004142633786265,0.0030091299468576,0.0055867161390627,0.0275417955581026,0
2013-01-24,-0.0109675171330643,0.0032584304731702,-0.0137591542455834,0.0002678485086087,-0.0034980157873415,0.0060172634917858,0.0040099774790604,0.0062820424193146,0.0030984474607138,0.0057290542309152,0.1310802812799711,1
2013-01-25,-0.0047701913095986,0.0072799056765668,0.0051002109977029,0.0056221645968224,-0.0137041472398197,0.0053684395841468,0.0043082553778995,0.0061910208522472,0.0026938488125438,0.0072569542861359,0.0859007195052528,0
2013-01-28,-0.0022409002429438,0.0006670358828604,0.0022389552328847,-0.0011980367720937,-0.0036432899151299,0.0051266197553711,0.0041200921628751,0.0062228956239955,0.0028175382437866,0.0064661372969093,0.1072259490584388,1
2013-01-29,0.0043671609978899,0.0005557599265426,0.0001489935278324,0.0039314956470504,-0.0055276856786523,0.0052475831092134,0.0041211819048004,0.0060357571346017,0.002700605589946,0.0065667704937495,0.0966902065849032,0
2013-01-30,0.0074538599123976,-0.0119938806220533,-0.0020846493838826,-0.0039160995188387,-0.001709452343278,0.0054174964043099,0.0062315895541929,0.0058245639767182,0.0033541619643802,0.0061346435316499,0.062768247382138,1
2013-01-31,-0.0061039859316959,0.00685661921232,-0.002237969676367,-0.0024651687847295,0.0048821662066964,0.0057135867528939,0.0062455620186884,0.005749348984417,0.0035933221775527,0.0064377840263868,0.0475864405793836,0
2013-02-01,0.0015508685157126,0.0088188744895576,0.0118137979378607,0.0102869169055641,-0.0129849872518736,0.0054983146617767,0.0061932224693057,0.0067466998279694,0.0042830313283896,0.0068812352315876,0.0348322096015291,1
2013-02-04,0.0034066464054138,-0.0120613914716281,-0.0174399829038127,-0.0112405724551102,0.0128088101959868,0.005678509840532,0.0076697620432954,0.0088580153996493,0.006027342684495,0.0078634655816716,-0.0236638302185982,0
2013-02-05,-0.0002468721366223,0.0089603332438656,0.0147411669801236,0.0100971588149385,-0.0088863840111501,0.0054892607816977,0.0078481281301652,0.0101425367764537,0.0065812181174203,0.007961997300689,-0.0508429332545872,1
2013-02-06,0.0026549312049666,0.004218563119456,-0.0032613455795867,0.0007286910231472,0.0081905513089286,0.0055645356723391,0.0078112737012588,0.0099951451255728,0.0065825036756677,0.0087648709461601,-0.0178311150480753,0
2013-02-07,-0.0033869268663404,-0.0033165063713511,0.000892827908669,-0.0013225642239759,-0.0022236261796317,0.0043657471736008,0.0079371094439019,0.0088382445765924,0.0066268985736829,0.0087565098859991,-0.0520883453460978,1
2013-02-08,-0.0016682465384403,0.0070985232574842,0.0102523940703935,0.0055638049152044,0.0038572809720598,0.0040680101657445,0.0079213516298111,0.0092451930137589,0.0066224512701859,0.0079330253658669,-0.0340797289100853,0
2013-02-11,-0.0115739944990165,-0.0011010315926042,0.0002946179986655,-0.0001972155697361,-0.0007680519709056,0.0055773815661984,0.0079488072789146,0.0092485203118472,0.006592254217473,0.0078591558071172,0.0010151169905711,1
2013-02-12,0.0011897460553353,0.0044100745907273,-0.0041171878061198,0.0016467797705306,-0.0024784587528915,0.005364955133563,0.0080285020049748,0.0094051964965921,0.006524254649003,0.0076883368833189,-0.0033910036260772,0
2013-02-13,-0.005253588974277,0.004171131115759,0.0035430878755697,0.0008557248954459,-0.0081374164748638,0.0046886153510132,0.0065750794590445,0.009376061901533,0.0063021139825692,0.0081106408586661,0.0535786795989373,1
2013-02-14,-0.0044011124477274,0.0025140906792018,-0.0002944545927444,0.0009196829241884,0.0090679163890903,0.0045495670711889,0.0064193526050493,0.0093110826120009,0.0061610484333586,0.0085211325853792,0.0701529698328134,0
2013-02-15,-0.0163562456384533,0.0003271794681165,-0.0029431614685658,-0.0011817383879719,-0.0029095139240301,0.0062879842924958,0.0060209683486048,0.0086670660703013,0.0054141701282633,0.0073509134737372,0.123273242982384,1
2013-02-19,-0.0027606104965699,0.0088296783207488,0.0072327646106311,0.0074942003571083,-0.0049786385603125,0.0058128792322773,0.0041030403528956,0.0062815169629262,0.0038949946413268,0.0061978401508975,0.2875013666582062,2
2013-02-20,-0.0250434516435492,-0.0185848120918264,-0.0153867042522302,-0.0124630805114528,0.0030190016903519,0.008579165240509,0.0077437493201297,0.007012011942232,0.0052708312805238,0.0056150156384628,0.4446439106327272,2
2013-02-21,0.007791816275477,-0.00968855719585,-0.0107162710506653,-0.0060786869215273,0.0058480163847491,0.0093206250604121,0.0083016069620115,0.0077137157872245,0.0056233996292347,0.0052868540768289,0.3135739061813793,2
2013-02-22,0.0022933174860009,0.0120069174731971,0.0100798287499488,0.0097724212955765,0.0006848171512505,0.0096738623312971,0.0091061782764416,0.0084887809668514,0.0064688490391108,0.0052288039304921,0.3551345021307893,2
2013-02-25,0.0089559724537813,-0.0220812028847549,-0.0123624144971875,-0.0190271719510164,0.0196528451690187,0.0106818658828693,0.0113363161044626,0.0084051194545909,0.0086817899442529,0.0080439378756891,0.1495535988741234,0
2013-02-26,0.0121809312389555,0.0039320343939286,0.00377029281285,0.0068458514159603,-0.0057825223930837,0.0115443787325823,0.0114874206394991,0.008601572725388,0.009104013697133,0.0083781004554121,0.1564186255706084,1
2013-02-27,-0.0105619887568257,0.0105184295035136,0.0102160661367185,0.0125986718444397,-0.0029502403115364,0.0117637810442624,0.0119833588014288,0.00938978441093,0.0100804274875961,0.0084036478803436,0.1322735552696163,0
2013-02-28,-0.0101572572286005,0.0018820584682444,-0.0020819798694328,-0.0019754306479582,0.0018606655182398,0.0119542079793408,0.0118993000282284,0.0092760792242943,0.0100926492841598,0.00771590491598,0.1284004360193714,1
2013-03-01,-0.0036601147620506,0.0045316401441337,0.004172710447073,0.003298230804386,0.0054449110918743,0.0119524047251436,0.0119829606379182,0.0094333657183994,0.0101526862429347,0.0074458124107233,0.126412339527665,0
2013-03-04,-0.0009183901036885,0.0026401561529272,0.0044526566035407,0.0053250540501348,-0.0052980406888804,0.0111077779483364,0.0120300658772021,0.0095361933718911,0.0102813311284146,0.00765575894351,0.1103515620410318,1
2013-03-05,0.0005252910666555,0.0116318403233437,0.0147753269002535,0.0089589264516283,-0.0028751476246023,0.0111375180845675,0.0123036755691086,0.0104333818523623,0.0104005370563909,0.0074771534124649,0.1160444525809252,0
2013-03-06,0.0055780996028989,0.0026033185634877,-0.0024753501537502,0.0013611318520601,-0.0090730291103159,0.0077491664038557,0.0105014356147177,0.0089102777247684,0.0093148365459221,0.0082270917494763,-0.0478670886331095,1
2013-03-07,-0.00352407035952,0.0047605693831838,0.0026276526381678,0.001811943893075,-0.0077010915425116,0.0075023605772975,0.0097096124731389,0.0077163116741778,0.0088677743723745,0.0084081439099438,-0.0119424512355092,0
2013-03-08,0.0001310123265509,0.0092601467581037,0.0011645443427128,0.0042642575241944,-0.0104350100832598,0.0074622520623437,0.0094700238863734,0.0073547468885812,0.0085589484070443,0.0089374471485851,-0.0435762899096087,1
2013-03-11,0.0018335326238412,-0.0003200320840343,0.0029080052930356,0.0037954903795147,0.0009588443685069,0.0068083290205894,0.0039879025158969,0.0052180113339384,0.0041162934232394,0.0051044079364456,0.1331153874998587,0
2013-03-12,0.0078436296826971,-0.0020278395769834,-0.0036246361128845,-0.0022428281618561,0.0072262226983668,0.005972247121247,0.0045891769224595,0.0057442469730932,0.0045525493691028,0.0060518796830881,0.0450078775170405,1
2013-03-13,-0.0034373096238732,0.0037429421987027,-0.001309687625029,0.0014129974095762,-0.001037899920153,0.0051054360238793,0.0040818930792064,0.0053240162858142,0.0033416676531426,0.0060587049097808,0.103253923863157,0
2013-03-14,0.0001300859898183,0.0100150646835888,0.0033517127814626,0.0053238848383387,-0.0030280516719765,0.0038406747186909,0.0044365174178257,0.0051278793933175,0.0030118912225087,0.0058993828013476,0.0449192275064152,1
2013-03-15,0.0020822965868685,-0.0005275250086811,-0.0027805129181918,-0.0013199408458345,0.0046867206946319,0.0035781564450075,0.0047342631242344,0.005357837465245,0.0033522792118075,0.0057885925121742,0.0233251489463975,0
2013-03-18,0.0089610706676135,-0.0054881087170378,-0.0021895025437841,-0.005519156585508,0.0076020693262606,0.0042776475101811,0.005638940428395,0.005418826484123,0.0041326780646712,0.0065253274000617,-0.0299375999069512,1
2013-03-19,0.0045050645272544,-0.0042447714178627,-0.0019014018938838,-0.0023230313027412,0.0067726748695469,0.0043089406466257,0.0052761658010474,0.0026517024256865,0.0034381239134795,0.0069753783313771,-0.1222960324754326,0
2013-03-20,-0.0045489922189757,0.0092717101966031,0.0070345996826721,0.0069853210276304,-0.0111556078684342,0.0046576645909329,0.0057886617422715,0.0034260748872842,0.0039830315910527,0.0072871209629361,-0.1494207147598519,1
2013-03-21,0.0056639306846135,-0.0087645457126342,-0.0113518426941925,-0.0085431164291459,0.0096460628905847,0.0044818246362999,0.0066962294987662,0.0049757585406523,0.0050222092763222,0.0074741678775702,-0.1359494767103923,0
2013-03-22,-0.0044799804687499,0.0030894785270385,0.009715941302351,0.008033661637127,0.0007664430073472,0.0049449166673665,0.0061193258384743,0.0059947339372112,0.0054828595045722,0.0062959197668622,-0.1435889517076725,1
2013-03-25,-0.0019929125844543,0.0005751703600969,-0.003645079170939,-0.0041770970132885,-0.0009370301839843,0.0050926325539733,0.0061129535247842,0.0059979093052185,0.0055395190667662,0.006367053995808,-0.1115119217139698,0
2013-03-26,-0.0033496795546289,0.0031931605080797,0.0054140636221968,0.0080023924470178,0.0011944998908941,0.0047557156018023,0.0060898926316912,0.0061814339430031,0.0060511046462135,0.0061028682587192,-0.119493102130903,1
2013-03-27,0.0041365006760534,0.0006366565910418,0.0013100012768609,0.0,0.0085207369755699,0.0046875512948193,0.0060181244506813,0.0061642387674982,0.0060513755888668,0.0064105385493949,-0.1054216945496255,0
2013-03-28,-0.0058573870914927,0.0012723123117623,0.0024707507438508,0.0030732217150122,-0.0050694475490414,0.0051829458050787,0.0050902559181504,0.006125059054926,0.0058979834810673,0.0066315339846423,-0.0882543471022954,1
2013-04-01,0.0014244171256077,-0.0134490680311675,-0.0068145840460037,-0.0039571788887409,0.0075317187114132,0.005164943006962,0.0066210904229951,0.0064808818169217,0.0060416990288788,0.0068086040150236,-0.0774058638251363,0
2013-04-02,-0.0144824821858297,-0.0062256789054142,0.0078832997529569,0.0049339535783943,-0.0040546342830378,0.0061054837609168,0.0066756877218763,0.0068729445674338,0.0058517085564548,0.0068334139123989,-0.0550153461070009,1
2013-04-03,-0.0111526407526508,-0.0156624305667539,-0.0091249491374478,-0.010139022998549,0.0089898326618802,0.0062859666532585,0.0080408469280254,0.0075585273765057,0.0068172911317223,0.0070620752859426,0.0245243170522138,0
2013-04-04,-0.0029191431956356,0.0085594054178348,0.000292443043649,0.0040585417530847,0.0119359768286142,0.0062758280440927,0.0079262717442851,0.0071812736600062,0.0065622249860708,0.0061669502147741,0.0996650998638925,1
2013-04-05,0.016767611850665,-0.0019585968516651,-0.0083295874635498,-0.0044909315002245,0.0201843440627516,0.0085927799271796,0.0076322807897296,0.006717039890566,0.0060742176284258,0.0079186241069449,0.1181658993687967,0
2013-04-08,-0.0042536084475437,0.0082850754616994,0.0053052632157772,0.0067674894927993,-0.0076532596907785,0.0085863742485922,0.0081745836071189,0.0061204427452881,0.0059115292513018,0.0088056516654385,0.0881655797823939,1
2013-04-09,0.0077549464207531,-0.0029189864809084,0.0067423098403152,0.0034567328166694,-0.0024618448252895,0.0091436876926151,0.0081517453621454,0.0064066228207928,0.0057443005795093,0.0089144089846089,0.0797770824295749,0
2013-04-10,-0.0168905464963196,0.0181088801183535,0.0195109172365504,0.0122483002054465,-0.0137353624088408,0.0104130550818419,0.0102634328796277,0.0087329392506297,0.0064222950514756,0.010524830427286,-0.0018922430510688,1
2013-04-11,0.0019900699950767,0.0013845200239583,-0.0004284570580048,0.0032775959481778,0.0019178313210483,0.0102812642461216,0.0102740209400191,0.0087637823307135,0.0064154758985209,0.010304292945911,-0.0067066730993559,0
2013-04-12,-0.0470043426684525,-0.0040417352955609,-0.0007144213819921,-0.002449570419429,0.0148996862933632,0.0174159760638121,0.0103232441753025,0.0087925410534272,0.0065419142988517,0.010758969067197,0.0128952762289241,1
2013-04-15,-0.0878082643808128,-0.0376973699375331,-0.0197312662708146,-0.0231739464690952,0.008693348663038,0.0305770998115027,0.0152830261456609,0.0108473160920989,0.0101230790010574,0.0108104192898872,0.2600749939826598,2
2013-04-16,0.0113472357083792,0.017311883784068,0.0132733992445028,0.0147621818683487,-0.0082119806136912,0.0317685066806745,0.0165297869693286,0.0113949042221567,0.0111407243826038,0.0112212387761011,0.2577494628591194,2
2013-04-17,0.0005270486733528,-0.0173448643969172,-0.0195771382572633,-0.0146114288451925,0.0066406462895289,0.0320661379928021,0.0167047916713936,0.0127883422884699,0.0116885380173118,0.0111166138261642,0.2425076132435003,2
2013-04-18,0.010762459449999,-0.005550175872215,-0.0138011947849328,-0.0062531487740467,0.0024427288753741,0.0327828238684431,0.0163977796027426,0.0134663898246377,0.0117439088997898,0.0106867179758975,0.2029192227565911,0
2013-04-19,0.0087118253340203,0.0114980310201668,0.013696680926625,0.0086933922846035,-0.0021121103007143,0.0321257803790409,0.0169835573148442,0.0140633025679236,0.0120503474850052,0.008669816181089,0.1744706982254358,1
2013-04-22,0.0179374965223657,0.0028692764099385,0.0102804966374157,0.0044376004195083,0.0007326759553503,0.0334212110431764,0.0167356956764351,0.0143403118621839,0.0119327502471636,0.0082375803087128,0.1828053221033015,0
2013-04-23,-0.0073965849080278,0.0158467177399033,0.0095942899658316,0.0103092019546446,-0.0034978357537993,0.0329031993610463,0.0176055953214555,0.0144963683497756,0.0123406213293893,0.0082906300505196,0.179327038828348,1
2013-04-24,0.0108853753742237,0.0051997089643878,-0.000431851506092,0.0006334367297349,0.0025301228683718,0.0334972891100869,0.0165938801999223,0.0129928020557347,0.0116634615986758,0.0065372463179668,0.1938355352025615,0
2013-04-25,0.0235600916431633,0.0065742299954076,0.0053299560289927,0.0040546492017057,-0.0043159253528649,0.034878411657515,0.0167588959646176,0.0131371130081551,0.0116935122783586,0.0068770898012029,0.1927385882717796,1
2013-04-26,-0.0050836771579502,-0.0053530805995242,-0.0031523528875656,-0.0017673887777783,0.0091602750486419,0.0317621686226005,0.0167944905298415,0.0131701325916601,0.0116819501940074,0.005818543555898,0.1826926599595085,0
2013-04-29,0.0098644478995368,0.0072118665874383,0.009199337072353,0.0066993138950621,-0.0036469273324911,0.0096377248585995,0.0106844628942993,0.0115413548890931,0.008590940241336,0.0053433875707234,0.0595272377342997,1
2013-04-30,0.0033028897443676,0.0056643808453904,0.0072639987070548,0.0023851158860008,0.00056918501695,0.0096732989713563,0.009634268972158,0.0110611279197624,0.0074789897908788,0.004504706039253,0.0568666867134581,0
2013-05-01,-0.0116271178289064,-0.0242293108782306,-0.0046660172213144,-0.0087672888752863,0.0102727805592826,0.0112542261446537,0.01132104864787,0.0085798901016232,0.0062033263211878,0.0051269147960636,0.0501495326900465,1
2013-05-02,0.0057401853524925,0.0159001006703718,0.0126432514887648,0.0092871267369201,-0.0012895638472142,0.0111340514090908,0.0117607763827561,0.0065471622584093,0.0058295081688055,0.0051632095888887,0.0744214762352007,0
2013-05-03,0.0011978450615743,0.0158667305701534,0.0117847361194725,0.010141117247286,-0.023577114159229,0.0111534525419435,0.0121403840798745,0.0063206373219523,0.0059860259163225,0.0093175220875647,0.1315789840441543,1
2013-05-06,0.000422250405659,0.0064369822916787,0.0038826480275728,0.0025406294976841,-0.0024813000692954,0.0102025188447534,0.0121377612279785,0.0061360953414455,0.0059915629392955,0.0092947812794842,0.1274559365851865,0
2013-05-07,-0.0124515588439687,0.0081787715566221,-0.0005525355018994,0.0050684993836322,-0.003895837387537,0.0108822187159821,0.0116005204202702,0.0061574782895666,0.0055475585285615,0.0093045262923292,0.1467825718372404,1
2013-05-08,0.0148169380161444,0.0029119787724491,0.0048369189470915,0.0045516082485268,0.0015810990275881,0.0112793488416994,0.0115999683881947,0.0059455199545206,0.0054978242723668,0.0092616971745251,0.1646912643854912,0
2013-05-09,-0.0115822622315854,-0.0034225431033196,-0.0013757410718836,-0.0028170856114571,-0.0025760307025142,0.0094846578772009,0.0117748940939304,0.0062324174550617,0.0058290644773629,0.0092246641441855,0.224691298758998,1
2013-05-10,-0.008593079156717,0.0075966873449468,0.0060604319249089,0.0032543798723243,-0.0107456633116121,0.0097331282236256,0.0114725733283709,0.0057197423431626,0.0056105737936631,0.0087847654049491,0.2370207069879037,0
2013-05-13,-0.0083811846459862,-0.0007228823230612,0.001231649193246,0.0007956306606544,-0.0076632719350078,0.0091877873392896,0.0115163187464888,0.0056093762122195,0.0055152593919616,0.0088795207202194,0.2454583101156344,1
2013-05-14,-0.0044787629125979,0.012814859746006,0.0051959222486606,0.010333467669805,-0.0108619172546546,0.0089478206434861,0.0118872990463927,0.0055175840334391,0.006023163272517,0.0089641174503288,0.2166512276411214,0
2013-05-15,-0.0230751957921571,0.0020407992833801,0.0020398949184192,0.0053869335286205,0.0066911990501326,0.0106705652831252,0.0066891989375192,0.0047084400985129,0.0042331842434876,0.0083297071971161,0.223315235614568,1
2013-05-16,-0.0040110564163755,-0.002545574670236,-0.0010864812856533,-0.0046959058891031,0.0103974709615963,0.0100438865714458,0.0064268698558375,0.0040499938513386,0.0048680438880354,0.0096917769170935,0.0906101053686156,0
2013-05-17,-0.0225221052736989,0.0112303067241543,0.0096482554521442,0.0096772009702787,-0.0126522541289061,0.0110108772683218,0.0056719617051047,0.0035754619667719,0.0047989769908659,0.0076875053814402,0.0344602133608223,1
2013-05-20,0.0308994244804654,0.0016151138628941,-0.001479846972523,-6.000438441122746e-05,-0.0011957480787305,0.0164641773864828,0.0056893905210621,0.0038201514419513,0.0049202303793404,0.0077119530417554,-0.0098393550620627,0
2013-05-21,-0.016577785045302,0.0002017903133941,0.0010779513118084,0.0014380322654299,0.0078688743519685,0.0167230766814668,0.0055920672256097,0.0037109064552212,0.0048967828080015,0.0084388255461705,0.0078069099251336,1
2013-05-22,-0.0070740698891096,-0.0146125261125706,-0.0087516925480839,-0.0074180484054782,-0.0148508049910695,0.0151484317324197,0.0079369302211516,0.0050523299244148,0.0057974562612362,0.0092437069952216,0.1516862433210488,0
2013-05-23,0.0202364568708497,0.0012270686882533,-0.0023088718253012,-0.0028924832708636,0.0047378813319207,0.0173819781308502,0.0077558762856303,0.0051145715557721,0.0058038693481678,0.0096121164246612,0.1276627902055502,1
2013-05-24,-0.0063145836094012,-0.0002043067382732,-0.0005449830385575,-0.0008462506966088,0.0013719596107673,0.0173351615682506,0.0075057906095113,0.0048304027101644,0.0058174208772826,0.0092603554965726,0.1470334226149791,0
2013-05-28,-0.002018458618119,0.0129750263911845,0.0065386259400885,0.0059885647918618,-0.0253431911392976,0.0172784599345196,0.0083389300979851,0.0051970640199591,0.0060087338251439,0.0118647553969415,0.0922319342814923,1
2013-05-29,0.0100381772623363,-0.0092787199803784,-0.0047367641186731,-0.0064936642823137,0.0112443280872669,0.0177887957544608,0.0082207834011903,0.0052617832342925,0.0056659828502361,0.0123654382725232,0.0674967374826231,0
2013-05-30,0.0138692805146636,0.006718922511375,0.0053033934775916,0.0036913661051591,-0.0024321671617409,0.0167406671794749,0.0084626213629189,0.0054956397630064,0.0055103791309193,0.0120533644323502,0.1086083658744987,1
2013-05-31,-0.0203364948160857,-0.0110219720066248,-0.0091977933371777,-0.0143518128163094,-0.0033964515528055,0.0180955439005125,0.0092182434587585,0.0062768971408796,0.0070298280609488,0.0112270648609763,0.2123063873129857,2
2013-06-03,0.0193398773394788,0.0095090532613102,0.0017742944617931,0.0055060705248741,0.0052993972607744,0.0171169451349681,0.0089962615666529,0.0052856594040327,0.0064143571224384,0.0110282314456187,0.3708282689705756,2
2013-06-04,-0.0093765938817965,-0.0106353819519879,-0.005178235669185,-0.0048062776663118,-0.0092351388756278,0.014706971793337,0.0095269014410006,0.0054322400911498,0.0064677402652326,0.0112800058447719,0.4168209412560698,2
2013-06-05,0.0021445578206344,-0.0127967335998433,-0.0130136123747002,-0.0140011815059177,0.0138056549705261,0.013477107495662,0.0101344621853312,0.0064010168230092,0.0073355043687516,0.0120169731877899,0.3738927485975535,2
2013-06-06,0.0074527337292977,0.0105773621395124,0.0048577298405387,0.0090533561931811,-0.0006074398927982,0.0131635280662253,0.0100051836585247,0.0064911239970595,0.0081748003733638,0.0111193270329875,0.3206902675840114,2
2013-06-07,-0.0238042923098071,0.0076962363537229,0.013673643037467,0.0127200944989258,-0.0178789327751315,0.014264449747168,0.0103186194364793,0.0080833706799837,0.0093708100591802,0.0121938368674035,0.1955253400373102,2
2013-06-10,0.0049520083144831,0.0061105697993459,0.0004087250136934,0.0,-0.004771403098657,0.0142342250974038,0.0104727394019774,0.0080825389258496,0.0093696915450151,0.0121194580655314,0.1955742450343436,2
2013-06-11,-0.0051515785338894,-0.0108302907332916,-0.0099425027061049,-0.010315132875415,0.0118984005215074,0.0143233224259506,0.0101450385097253,0.0082885549461476,0.009575984595586,0.010168992334561,0.2159619256779206,2
2013-06-12,0.0075046904315196,-0.0099251915854429,-0.0115561388006022,-0.0082774656840707,-0.0143033456167562,0.0141456298845378,0.01020275272824,0.0088372103875699,0.0096870386281884,0.0103474063435658,0.2617154843364495,2
2013-06-13,-0.003798841764141,0.017672726366918,0.0126656131759674,0.0152089060561397,0.0156673353576239,0.0132485334505661,0.0116620357121633,0.0097946337833666,0.0110395092705499,0.0117788772101275,0.3245159398599689,2
2013-06-14,0.0051591681940856,-0.0077185300250909,-0.0065970375514441,-0.0062728020757297,-0.0023663484987666,0.0117151973538916,0.0113697237201552,0.0096016515713687,0.0102124719461919,0.0117537735533477,0.2529958876362078,2
2013-06-17,-0.0049095323906777,0.0065503449502257,0.009684192790728,0.0077213931875299,-0.0052705890623171,0.0097063940679684,0.0111297588480597,0.0101899933091171,0.0103708371246519,0.0116743596983938,0.1749756784896939,2
2013-06-18,-0.0122598440402835,0.011794471503796,0.0082213541621274,0.0079060120695728,0.000529456839682,0.0099891334827122,0.0110821722724791,0.0103855590548002,0.0104807329048259,0.0113410881494748,0.1154431918536607,2
2013-06-19,-0.0116552523122036,-0.0122599870650683,-0.011143891934469,-0.0138170239902052,-0.010328525346003,0.0102608537979231,0.0110040359614391,0.0101219195651427,0.0104508338583502,0.0105383104603883,0.2777422920722581,2
2013-06-20,-0.0535262888413251,-0.0264521967323514,-0.0237767961305709,-0.0247778396824291,-0.0164128205218243,0.0180738130627976,0.0136876907546981,0.0126519614913812,0.0128872811990432,0.0113373613323213,0.5498069725074192,2
2013-06-21,0.0117314287664842,0.002925882988177,-0.005310630514246,0.0032097390968193,-0.016958700093836,0.0184918649257714,0.0134025892385592,0.0114315457931691,0.0120015579160749,0.0112182194311818,0.6133387475752423,2
2013-06-24,-0.0089564391783218,-0.0131291399603186,-0.0099387995610603,-0.0126358169995433,0.0041519157508567,0.0180787033477539,0.0134557702261914,0.011483019706506,0.0123184572042564,0.0115213153895362,0.5885067209856405,2
2013-06-25,-0.003711765378358,0.0096083001492275,0.0073140930624018,0.0096139438774265,-0.0089114096384411,0.0181059607416175,0.0138719826179861,0.0119080303258872,0.0128219095921313,0.0102752211388874,0.6166791597082381,2
2013-06-26,-0.0420345216659477,0.0047060410292285,0.0089692332467634,0.0099015733834206,0.006488972849044,0.0202161416742808,0.0137249702136844,0.0120459066901396,0.0131509053317178,0.0103811361127724,0.5690468217861848,2
2013-06-27,-0.0197835336662195,0.0155094768694661,0.004233192393924,0.0058697093746711,0.0102226419731359,0.02009239465402,0.0134180530122912,0.0112526976565122,0.012218267474047,0.009366620457234,0.4999105270093483,2
2013-06-28,0.0273417121113772,-0.005739972056976,0.0014049972192269,-0.0040978713727417,0.0068378930280146,0.0233950584034753,0.0133196899187471,0.011160537159968,0.0121395730828414,0.0099655767886343,0.500481982050302,2
2013-07-01,0.0169590851541885,0.0162889658933522,0.0061738836465863,0.0058601741323673,0.0020143914002279,0.0250703666868697,0.0142294726534349,0.0108364501426176,0.0120026118408028,0.0100442780095401,0.540387940313371,2
2013-07-02,-0.0089159929509506,-0.0007133338509162,0.0004179242709432,-0.0009296810710899,-0.0006338023361653,0.0250530871750732,0.0136471017619408,0.0103372667690275,0.011567201515439,0.0100153782674683,0.5453518935746223,2
2013-07-03,0.0057475618031783,0.0020389125264255,0.0040423321250213,0.0004344265797422,-0.0029902463189068,0.0254688260558899,0.0130642196831497,0.0099810972780288,0.0108285358064805,0.0096273998070488,0.5276097808632956,2
2013-07-05,-0.0219480004370125,0.0141435810913925,0.007635695025707,0.0107883144477081,-0.0340887225628449,0.0206276405895483,0.0096069453518746,0.0060694628737473,0.0073407729251826,0.0134922172428662,0.0783215735821222,0
2013-07-08,0.012024776377135,0.0040131320244971,0.0009645552446366,0.0057043114175483,0.0096940163438108,0.0206532550185345,0.0095924894670156,0.005467399885047,0.0073983491691387,0.0131412366696569,0.0956383410437264,1
2013-07-09,0.0092879306376905,0.0092935277814838,0.0060566108323825,0.0071978311772415,0.0010246548419097,0.0210018183974059,0.00732056673105,0.0030089412998199,0.004993399972079,0.0130492665493888,-0.013341218174076,0
2013-07-10,0.0027358165656277,0.0027722002984531,0.0057463692941859,0.0003635424832133,-0.00782155174953,0.0210594868608077,0.0073601789065746,0.0028976199755247,0.0049068176918641,0.0129805369921354,-0.0121203933304371,1
2013-07-11,0.027201331116488,0.0117496998653583,0.0198608123869936,0.0136205200618289,0.0117304749272817,0.0174563612020321,0.0075330071525114,0.005560566637901,0.0054997177337216,0.0134118422814488,0.2271761087494303,2
2013-07-12,-0.0008853880573321,0.0020494326331927,0.0044021150179127,0.0004178119300803,-0.0008337113605998,0.0153650462781009,0.0070155562968665,0.0055560267861509,0.0056157725698948,0.0128840911466074,0.2818407183570645,2
2013-07-15,0.0004028281065351,0.0087648952115912,0.002257313534181,0.0038207009368957,0.005291049090174,0.0136605600650731,0.0058084806436481,0.0054894599623676,0.0048652157900182,0.0127816546134413,0.3683548518419812,2
2013-07-16,0.0057174994582687,-0.0050203084196432,-0.001325058355664,-0.0037465630037509,0.0034165224326674,0.0129432122692133,0.0059455819047725,0.0059212170413608,0.0055210350017336,0.0128340404727871,0.3429349837534062,2
2013-07-17,-0.0125710601529104,0.0038812140499409,0.0025215008987333,0.0025669590930184,0.0018405864553938,0.0133660933407088,0.0056320769657324,0.0057756928828942,0.0052966890455715,0.0128768305672938,0.3140193844888927,2
2013-07-18,0.0055952192921973,0.0066696877866379,-0.0025151589232479,0.0054777622449599,-0.0124927009135705,0.0133624105225464,0.0055170841279373,0.0062744973526785,0.0051450429271961,0.0133591617004739,0.2986172966031438,2
2013-07-19,0.0088702399417162,0.0015354289988966,-0.0103488094937649,0.0017764494390259,0.0158136013877907,0.0102149137150046,0.004800672868888,0.0077086489428213,0.0047161622351377,0.0086098714361364,0.4310943047200443,2
2013-07-22,0.0298137295926961,0.002109426827878,0.0029495429137866,0.0019513431492483,0.0014648960112424,0.0126667445255386,0.0048625946604067,0.0076827343539595,0.0046899579263649,0.0082603297985264,0.3760538451386186,2
2013-07-23,0.0067526420421102,-0.0006697100296058,-0.0073516067083085,-0.0021243492510333,-0.0042058644862852,0.0126549469848465,0.0047637988883324,0.0082326984614263,0.0047648449354373,0.0084874467834178,0.4045366110178328,2
2013-07-24,-0.0171922229705288,-0.0083287251698134,0.0032316598154082,-0.003665497572439,-0.0126724451716911,0.0148442881338821,0.0060437200063681,0.0081304131681299,0.0051148321730273,0.0091843562341469,0.4690639522009849,2
2013-07-25,0.0093347566730119,0.0091711889871393,0.0063083707559037,0.0024329082845651,-0.0003722178198936,0.0128684975307488,0.0056357682807074,0.0053644417182969,0.0031322888684427,0.0083645843811837,0.1901256980753224,1
2013-07-26,0.0008549048878288,-0.0040178750385015,0.005335469851748,0.0010654238620759,0.0061414116831812,0.0128129896679437,0.0059496529884465,0.0054566206317313,0.0031281162088829,0.0086003216341361,0.1739562399244235,0
2013-07-29,-0.0024071871527582,-0.0070112281474244,-0.0018570270853838,-0.0030752477651808,-0.0073059603678767,0.0129250671668685,0.0058737103302865,0.0054314677489852,0.0031858773191632,0.0087295618327324,0.2040761291447745,1
2013-07-30,-0.0027244189319679,0.0008708346519268,0.0053164656819386,0.0,-0.0003724117457833,0.0130376587692998,0.0056230581018452,0.005692670074676,0.0028658013698604,0.0086057693184928,0.2218520392498936,0
2013-07-31,-0.0012487983048118,0.0017394616633534,0.0018515374165597,0.0007123869698557,0.0036348898379285,0.0120227476944328,0.0055163967241304,0.0056682827160124,0.0027861884654119,0.0086948276169415,0.2500577912650964,1
2013-08-01,-0.0105501600795565,0.0136022378340492,0.0101625156775742,0.0115580917548676,-0.01926826049257,0.0128080758910549,0.0067225807415816,0.0063476883752464,0.0042715811092364,0.0098711675250657,0.1367630250087034,0
2013-08-02,-0.0019745675601834,0.0008564841131144,0.0056179080303513,0.0016990973275903,0.0110091944125179,0.0126338094911689,0.006718878831296,0.00485108926822,0.0042702157279768,0.00900192509648,0.2045095956150825,1
2013-08-05,-0.0052232008461647,0.0034232601514228,0.0006494527100564,-0.0014625096126226,-0.0076981980311738,0.0076512341708245,0.0067593526821918,0.0049160840547009,0.004326719361834,0.0090542313144908,0.1978142770013335,0
2013-08-06,-0.0137628939501995,-0.0100455938258717,-0.0059728871142337,-0.0056824903147033,0.0029328624350672,0.007663595257212,0.0076080617503831,0.004605317441398,0.004714959000061,0.0092378758271595,0.3077872621638529,1
2013-08-07,0.0014519666322767,-0.00708389954955,-0.0018283836968863,-0.0032403595606061,0.0074522543601336,0.0063922955901368,0.0074650124728617,0.0048560494960477,0.0046764058613461,0.0089378869139944,0.2022641832272743,0
2013-08-08,0.0218284257041088,0.0041461589669429,0.0049724941390745,0.003664743103215,0.0027153641604054,0.0094697005449399,0.0069410609121848,0.0047588269938284,0.0047515054578396,0.0089915329287833,0.2112994157991507,1
2013-08-09,0.0,-0.0010566337642892,-0.0040362257508054,-0.0028857016948662,0.0015869159575281,0.0094511675046171,0.006829559994854,0.005036610902573,0.0048644097579048,0.00875382305127,0.2010072592091755,0
2013-08-12,0.0178937747244163,0.0052863472521313,0.0023531661252833,-0.0011811847315181,-0.0068057499297093,0.0112369609482917,0.0065389923246198,0.0049000824533193,0.0047615791872276,0.0087121401558126,0.1402636300158208,1
2013-08-13,-0.0107643999572711,-0.001338566140963,0.0056086044250691,0.0029567329367661,-0.0144558318435041,0.0117736006191889,0.0065875145082185,0.0049234723479995,0.004830919647296,0.0097670278355263,0.144142462272606,0
2013-08-14,0.0098638027031612,-0.0039252367855562,-0.0037615271811319,-0.005129626491491,0.0015236501117599,0.0121845428377557,0.0067538225866422,0.0052439347355152,0.0051597299674442,0.0096565338479216,0.1178873247432502,1
2013-08-15,0.0208527321039244,-0.0185502402231795,-0.0169242502003982,-0.013985890413885,-0.0135039752317017,0.0129359491772564,0.0073868535955899,0.006926955377647,0.0051412030234639,0.0086360072362586,0.2807446306761808,2
2013-08-16,0.0067582912381252,-0.0042114440434353,-0.0003978999748429,-0.0033057157554038,-0.0034701858928991,0.0127803936621061,0.0072789844502611,0.0065046542348797,0.004923325812089,0.0074308429749177,0.2625370909536732,2
2013-08-19,-0.0042993461785066,-0.0101296939340105,-0.0017221568311865,-0.0063919829759553,-0.0087070067341574,0.0127022672428338,0.0071411344348517,0.0064429474216934,0.0049957258016215,0.0075085717453297,0.3120080674355573,2
2013-08-20,0.0033330994600069,0.0144061599231344,0.0043793517374637,0.0049157398280641,0.0077092908202676,0.0109252043827854,0.0090381743897303,0.0065940889941535,0.0055760331966998,0.0080644312212538,0.3334817436824348,2
2013-08-21,-0.0028689288998015,-0.0060720917503622,-0.0034353232508146,-0.0061600074676427,-0.0109433009544662,0.0112364772365253,0.0089834916492552,0.0066323146070102,0.0056966633413472,0.0076026546311785,0.3967815123438971,2
2013-08-22,0.0056030150173187,0.0140910316202238,0.0098120856028693,0.0091153404100963,0.0101838139960412,0.0098208783795054,0.0102222992945249,0.007285033377265,0.0065721414261421,0.0086744112625637,0.3788519710256301,2
2013-08-23,0.0157367395249634,0.002526540552816,0.0066959129533537,0.0033719766026576,0.0108552329409374,0.010246833654488,0.010288522239083,0.0075432796349079,0.0067943090545593,0.0097314143312497,0.4343901405334341,2
2013-08-26,0.004077116950649,9.712001403938686e-05,0.0005216614083358,-0.003721162660023,0.0049861410904914,0.0093923802207176,0.0100765819966059,0.0075089887406769,0.0068251725976792,0.0098998694104808,0.4239766361923244,2
2013-08-27,0.0095976602513661,-0.0234541583376334,-0.0204666562043467,-0.0160840471813269,0.0125945556514559,0.0076888610857261,0.0122712950209988,0.0096087294258028,0.007910084983856,0.0096847263231725,0.3370786673182774,2
2013-08-28,-0.0002924554744629,0.0019848596135054,0.0038598709446011,0.0035512783331004,-0.0081030320469559,0.0079162080667298,0.0123914598357397,0.0098005245039851,0.0082109555244199,0.0101095869037707,0.3067418382943592,2
2013-08-29,-0.0061444777662679,0.0100038846937744,0.0070260023392736,0.0015862315515813,0.0079790139349837,0.0067485515676533,0.0116607709332903,0.0085290431041767,0.0072938846419726,0.0091171877625802,0.3546990415473114,2
2013-08-30,-0.0091999708907171,-0.0155923691763845,-0.0064510011388833,-0.0031677836733783,-0.0011308504320572,0.0076297969676663,0.0126248014494362,0.0088197273324777,0.0072898252634593,0.0089814432721192,0.4030406091931004,2
2013-09-03,0.0133709932925707,0.0067738893625128,0.0056978965524734,0.0045218953628431,-0.0141045782258656,0.0081518309441907,0.0124285059075924,0.0089675754557859,0.0072594372188511,0.0098525581034149,0.311348626566272,2
2013-09-04,-0.0129012940218363,0.0088066050290851,0.0106718407844936,0.0082729513728767,-0.0022067706727808,0.0096314722365788,0.0118435608622725,0.0094568724891986,0.0075926517505844,0.0097123994812772,0.2349676545337037,0
2013-09-05,-0.018268280461657,0.0015696168689152,0.0016947635794888,0.0012675823971255,-0.0139432441350414,0.0114937852581242,0.0116593258905027,0.0093037397658544,0.0072653518238203,0.0101587434084773,0.2169816817761999,1
2013-09-06,0.014750355470928,0.0027418890350043,0.0011712789120286,0.0004813512495005,0.0049731198161908,0.0123102798347704,0.0107237543708839,0.008879486607396,0.0066650289245542,0.0097440422235135,0.1546452633025633,0
2013-09-09,-0.001788969402117,0.0151381070230058,0.0116988664436008,0.0095764748965898,0.0004851661524971,0.0111869209677226,0.011800755823381,0.0093612979097162,0.0072739485627037,0.009006802835631,0.107735271798587,1
2013-09-10,-0.0162048996311044,0.0098131268242551,0.0048828445347399,0.0073969181815489,-0.0069836602673,0.0120350593586058,0.0121311716670984,0.0094099197118998,0.0073840985627925,0.0089405864789657,0.0929551980457595,0
2013-09-11,-0.0003036932082407,0.0004768921442299,-0.00191833183498,0.0031386249682336,0.008888554204439,0.0112946839507395,0.0083813509543827,0.0055167714661225,0.0039160867540919,0.0083217690212527,0.2426782676305737,1
2013-09-12,-0.0305998395799557,-0.0073327933974332,-0.0006401675633994,-0.0026564483180153,-0.001355186179105,0.0140173310900929,0.0091354723587304,0.0056950271296422,0.0043980478134382,0.0080793130416781,0.310669647111969,2
2013-09-13,0.0011749160180953,0.0054681924495874,0.0006405776404265,0.0022491110230902,0.0038779754420825,0.0142405645923931,0.0088711023198808,0.0055983842357786,0.0043786246355589,0.0076223322511467,0.2996099689470227,2
2013-09-16,-0.010718218978665,0.0021944503797144,-0.0026900900198407,0.0057874223424059,-0.0066635539144592,0.014286525471259,0.0061391753163709,0.0050070789109938,0.0038344091508923,0.0077400297483504,0.2831360754303764,2
2013-09-17,0.0003954373504515,0.0099009715304339,0.0066795668130972,0.0044627457576822,0.008263879854937,0.0128318574161081,0.0063405293587395,0.0050724121978457,0.0038335663019877,0.0072985840581289,0.363379388728807,2
2013-09-18,0.0435572688287426,0.0095212956869747,0.0119941433784913,0.0115741580888546,0.0123415742538757,0.0203709379285519,0.0063935419897301,0.0053003924670307,0.0043499859173168,0.0082950656557342,0.5456238222235376,2
2013-09-19,-0.0019695062317609,-0.0010273747243743,0.0023959164212425,-0.0016758491026949,-0.0059051381562316,0.0195421333565368,0.0065956189897964,0.0052806445599044,0.0046680218773173,0.0069711929469284,0.5291875644260058,2
2013-09-20,-0.0287666103645338,-0.0036455031512501,-0.0034316773885095,-0.0069916770379164,0.0052698369203081,0.0206633573877612,0.0070955276164637,0.0056838007972879,0.005768354986921,0.0069868498712135,0.5422905208326749,2
2013-09-23,-0.003204095308286,9.358381312529752e-05,-0.0020258045997555,-0.0046276754728579,0.0073389347960268,0.0206473970393327,0.0059927188516,0.0049490301962682,0.0057960702807072,0.0071747816589423,0.5351002943401413,2
2013-09-24,0.0008624116638156,0.0033202345054743,0.0,-0.0023533853316478,0.0107864565393585,0.0202897127742087,0.0054445726780049,0.0048272886254761,0.0055782313530481,0.0067510086217241,0.6071493766757036,2
2013-09-25,0.0088515556290778,-0.0018748520751424,-0.0034248230438594,-0.0028903456627865,0.0020590382863676,0.0206265083615566,0.005562247872993,0.0049538136758828,0.005633809729994,0.0065766752553451,0.6062610248911636,2
2013-09-26,-0.0077645191609241,0.0055415129070044,0.0077643328427696,0.0038451894080753,-0.0070057605243764,0.0182394940984424,0.0046669234487508,0.0053511092317799,0.0056314348616002,0.007257371116214,0.5232249241040099,2
2013-09-27,0.0092339016880969,-0.0044832863575079,-0.0012629702509449,-0.0045969953738971,0.0024457493121361,0.0184619841726171,0.0051100763792755,0.0054298276187662,0.005865599835134,0.0072530468295999,0.4995829237159583,2
2013-09-30,-0.0061255217294288,0.0002813730300013,-0.0024027099668971,-0.005328037317609,-0.0015021058322559,0.0181919155911529,0.0051358240556499,0.0054053048891232,0.0057524693341483,0.0066565283120257,0.5607903352835868,2
2013-10-01,-0.0280074624982322,0.0116309742594318,0.0101420799454272,0.0079163774781856,-0.0030340420771718,0.0204605566888438,0.0054593645387217,0.0058568486186601,0.0061941372956765,0.0066996560626132,0.3963013275854501,2
2013-10-02,0.0198250364660452,-0.0040794797185286,-0.0003764763527046,-0.0009453432142623,0.0015128266192172,0.0154340949148284,0.0050374990716982,0.00469708329012,0.0045181630521676,0.0056919417292146,0.0124342310389111,1
2013-10-03,0.0009444573342345,-0.0102414728391487,-0.0116762205697632,-0.0092203784795522,-0.0016050807476101,0.0154979088200336,0.0060949827054933,0.0060563924262673,0.0050947719609253,0.0052403314375854,0.0804760903528195,0
2013-10-04,-0.0051108784739675,0.0066790450380234,0.0086381026239912,0.0075763729564011,-0.0007555390180442,0.0127622842548632,0.0063433067601454,0.0066211036595935,0.0057184480801161,0.0051198999655103,0.039038478114999,1
2013-10-07,0.0087726280017412,-0.0116803749789816,-0.008312326231629,-0.008645072962263,0.0040675305734909,0.0130952540004869,0.0074600379921141,0.007167431149078,0.0061235197778218,0.004763695595623,0.0294016563532997,0
2013-10-08,-0.0018802715834939,-0.0161671689900531,-0.0193039484483013,-0.0116459400901209,0.0002826408219687,0.0131073484437749,0.0087820821138738,0.0093939081012127,0.0069259590796938,0.0031898234054942,0.0462776951534402,1
2013-10-09,-0.0101255957619851,-0.0040359061509142,-0.0031079768166802,0.0007249782353317,-0.0080058607587615,0.0130367061038528,0.008793229182905,0.0093891820689282,0.0069911895266429,0.0038612511402531,0.0657115695825277,0
2013-10-10,-0.0145904683084595,0.0241219247320603,0.0211738319672603,0.0215578076200708,0.0016137343142224,0.0135396823527079,0.0120701808698499,0.0116277457196715,0.0101677621629874,0.0033947940580218,0.1637110138812886,1
2013-10-11,-0.0134384663559776,0.0145093022208966,0.0078877426205941,0.006443099113133,-0.0002838831743351,0.0132124058183589,0.0128920403590823,0.0119301818873784,0.0102436857805655,0.0032379118233232,0.1604885207051536,0
2013-10-14,0.0018760469803933,0.0050148003206964,0.007067826474743,0.0039939045744921,-0.0080605563013391,0.0133761732873132,0.0129453555559608,0.0120698564290054,0.0100418420209972,0.0039813277290458,0.1288310131890608,1
2013-10-15,0.0073272125088528,-0.0097952009308486,-0.0038851744451671,-0.0072541016431182,-0.0006692082348258,0.0107994476095337,0.0128689888719407,0.0117271140161942,0.0101563267073374,0.0039453251846795,0.133215257792757,0
2013-10-16,-0.0015356214034694,0.0124117478078054,0.0113235599784511,0.0139659203036388,0.0125314210005489,0.0080692006318215,0.0134140355140821,0.0122771352164556,0.0110180020978744,0.0058587918859391,0.1786032967123356,1
2013-10-17,0.0314068093302912,0.0087562701629515,0.0057226457762586,0.0066833351669557,0.0090699831553049,0.0135312025515679,0.0129701437209188,0.011491902011021,0.0103884228333738,0.0064902547041805,0.3213444402602227,2
2013-10-18,-0.0044733927406627,0.0114218502108027,0.0162051749793974,0.0067547568549908,0.0021531549691695,0.0135045098940583,0.0132049672365983,0.0121548699472986,0.0103543883008922,0.0064690241983197,0.3202545536546461,2
2013-10-21,0.0010248709844409,-0.0019875667954759,0.0021908384109696,5.664607018429635e-05,-0.0031769846337822,0.0131850438803056,0.012294864773884,0.0114566781818124,0.0095795849374713,0.006526307017205,0.3634848562556413,2
2013-10-22,0.0185855482640304,0.0026251590855459,0.0014577414681837,0.0057915710683769,0.0111530094170986,0.0144631981164308,0.0100241926511997,0.0080255285128262,0.0078135083506977,0.0073330987406088,0.3266102016389883,2
2013-10-23,-0.0050254671013467,-0.0033404045510583,-0.0060643488318292,-0.0047887395723099,0.0038935700249,0.0140886278058483,0.0099465913832688,0.0084654217286458,0.008390307535622,0.006515147148207,0.2656163427829577,2
2013-10-24,0.0094023733943826,0.0053448109738394,0.0043928852763828,0.0033227512931521,-0.0038784689345141,0.0129221534975063,0.0077546872274697,0.0066623688661019,0.0061523395629122,0.0068511871442165,0.3441121988551415,2
2013-10-25,0.0043111073417685,0.0009009394683909,0.0071682103016359,0.0045671359005468,0.0037076784168907,0.0112992066893608,0.0069550792212188,0.0066270667431136,0.0060807070539729,0.0068017534942792,0.399752069359511,2
2013-10-28,0.0007664482567892,-0.0004502250482062,0.0002412693880999,0.001591454349116,-0.0034168558273018,0.0113526896187991,0.0070055082410045,0.0066910885512195,0.0060980889951121,0.0061110220827598,0.4551354380655554,2
2013-10-29,-0.0060508065326692,0.0028817729869414,0.0016879700975376,0.0053340372490635,0.0012972680263498,0.0119736024158113,0.005500986474659,0.0061859129285871,0.0049147873167043,0.0060056738907164,0.4537162952510029,2
2013-10-30,-0.0013099958645943,-0.0136503713532361,-0.0009627114956499,-0.0049670587058043,-0.0060150109156471,0.0119604564565784,0.0069739131220471,0.0058776256379819,0.0044102754339068,0.0057057906284782,0.5020386541614892,2
2013-10-31,-0.0143519147542358,-0.0058271691109298,-0.0022900016668409,-0.0028357622872912,0.0021421086005812,0.0090847510543914,0.0067511337160828,0.0060400336082494,0.0044186247366756,0.0050664241490967,0.430209978541637,2
2013-11-01,-0.006184444408476,-0.0043043076036988,0.0002414882026089,0.0023888187045786,-0.0108249447954041,0.0091997753656133,0.0054466257331314,0.0036058091154105,0.0040392291023626,0.0062103705740939,0.4668532536388575,2
2013-11-04,-0.0011027915952256,0.0114974073354261,0.0014489865338707,0.0035187343427511,0.0009417119014518,0.0092010434046784,0.0068724364988116,0.0035817104845516,0.0040930122391727,0.0061502661647542,0.440045370370858,2
2013-11-05,-0.001971453393369,-0.0034558420052864,0.0010853707792859,-0.0031669613887517,-0.0119489536462118,0.006448006411457,0.0068408096351575,0.0035752585781348,0.0040025323581679,0.0057814807931804,0.3729834155381757,2
2013-11-06,0.0050568852875658,-0.0042885981164622,-0.0002408191995035,0.0051056747132991,0.000476952147735,0.0067307812826021,0.0068826760544303,0.0027251687592972,0.0037668782546392,0.005459553858078,0.4198289546411403,2
2013-11-07,-0.0081760480431142,-0.016861791661323,-0.0187953275914787,-0.0126433257944452,0.008470563345104,0.0059167688238105,0.0080440781835226,0.0067187255460579,0.0057587925212674,0.0064780314509479,0.2872150790574815,2
2013-11-08,-0.0149017503823768,0.0181764011960989,0.0135072995884915,0.0134913625862878,-0.0240665132109435,0.0064131109341949,0.0105305749744212,0.0077926032839824,0.0070996357405751,0.0093198092851713,0.052230235816745,0
2013-11-11,-0.0032989703632274,0.0013733061882499,-0.0015751419823282,0.0001692770967558,-0.0037711985151706,0.006142594956755,0.0105689599784917,0.0077969652825361,0.0070958559288846,0.0093167753674574,0.0460299858866809,1
2013-11-12,-0.0114636777819804,0.0008229190004069,0.0015776269687992,-0.0020303458864207,0.0046591864748375,0.0064536620284918,0.0104950837926048,0.0077934616961459,0.0069348253662461,0.0095987758155083,0.0300594774096334,0
2013-11-13,0.003266651987325,0.0095913319224929,0.0121153692194075,0.0080245614493115,0.0036718989399544,0.0069484327797966,0.01010910421654,0.0087629034394531,0.0071351183187011,0.0098574214292995,0.1538052898218087,1
2013-11-14,0.0115587967975794,-0.0009948678491146,0.0031115650435644,0.0049891647697248,0.0061610192005723,0.007960545955032,0.0098767206310147,0.0087239980101322,0.0070718705894244,0.0101685076818007,0.1739522445049828,0
2013-11-15,0.0004023742907262,0.0038040310110625,0.0019096279102186,0.004351127868621,0.0020090015087612,0.0079145645589604,0.0097101072286598,0.0087185682005781,0.0071114446209556,0.0098223111787129,0.1642889198803027,1
2013-11-18,-0.0114221217216141,-0.0070380639973582,-0.0097663573309219,-0.0034989707529019,0.0060151211595624,0.0084313260186588,0.0094543384745045,0.0094077502191481,0.0073082943180072,0.0100808625068743,0.1717345012120538,0
2013-11-19,0.0004067975731696,-0.0061791526612229,-0.0028865712241908,-0.0021740586755094,-0.0075926484481525,0.0084998014406751,0.0096065539784749,0.009454307908164,0.0072446261824991,0.0096311913181196,0.1630302530645626,1
2013-11-20,-0.0230174401944189,-0.0003654033048136,-0.0024127955537295,-0.0031277307063304,-0.0170239666786797,0.0100841495490803,0.0094986917761218,0.0094826996050618,0.0072670439441515,0.0109540173664787,0.2350052208723322,2
2013-11-21,-0.0014985040048286,0.0180190482694095,0.0101575172945738,0.0080687372184748,0.0016543012291911,0.0101203856796046,0.0089099172033309,0.0074086540431852,0.0058343962146109,0.0104189406779667,0.3030463925116423,2
2013-11-22,-0.0001667856599445,0.0049412410200193,0.0053868213113148,0.0050020611398056,0.0093249108244559,0.0095760608598551,0.0073748208813698,0.0064616052249835,0.0045964403804944,0.0079031243346486,0.5569484734761543,2
2013-11-25,0.0045030097045746,0.0012517921954693,0.0023804788093129,-0.0009952668217698,0.0028869230021086,0.0099084280624986,0.0073767956706631,0.0063548252403133,0.0046616301367388,0.0077818325298007,0.5363567753527216,2
2013-11-26,-0.0053129619335264,0.007411092763778,0.0052266986820774,0.0002767730919162,0.003742246874379,0.0094889700808387,0.0075146623223368,0.0064222498946936,0.0045020046705711,0.0077415349385623,0.5402459988187324,2
2013-11-27,-0.0030045118616964,0.005584396555798,0.006971505059891,0.0024349708631923,-0.001720627778055,0.0092981360282957,0.007228129430482,0.0057380745293126,0.0040028653593329,0.0077291119909022,0.5066414158752097,2
2013-11-29,0.0103800257263748,0.0005289049840577,0.0059843360454028,-0.0006623756036737,0.0002870308245752,0.0091019097922069,0.0071586355675202,0.0058698710238417,0.0038569328643691,0.0074739282455832,0.4903088780352608,2
2013-12-02,-0.0258491731240506,-0.0100434890566125,-0.0029158700983705,-0.0025964736144679,-0.0077776812230904,0.0115174472352044,0.0082048067740441,0.006098959856262,0.0038051106814497,0.0078088067015364,0.5608882859070022,2
2013-12-03,0.0032318187404347,-0.004805260696698,-0.0008191033800758,-0.0043207589821884,0.0036781736893503,0.0116118230864494,0.007976536407699,0.0047096178253313,0.0039032286739614,0.0076072252271961,0.5858318119677053,2
2013-12-04,0.0169549000976829,-0.0026827543551635,0.0009367163807931,-0.0001112721393683,-0.0095463236509024,0.0133620464481722,0.0076665979297571,0.004346215542244,0.003817951812861,0.0078104690493514,0.5296125563129668,2
2013-12-05,-0.0138379130158705,0.0007173736134467,-0.0012868289722266,-0.0043956863820346,-0.0028232938053845,0.012036124410296,0.0076373207471137,0.0041999501441336,0.0039661877969775,0.005658702870866,0.4714445702126351,2
2013-12-06,0.002113271289525,0.007795115370428,0.0072623006976508,0.0111774804295172,0.0047836771907019,0.0120889158567135,0.0057092963891588,0.003742045474648,0.0046994298563594,0.0058456065102709,0.5016034351577574,2
2013-12-09,0.0098692377800657,-0.0002666933439406,0.004069183668969,0.0025421153322395,0.002331856107798,0.0125814442160804,0.0055522859929847,0.0036677076506923,0.0045025493712015,0.0050010938931675,0.4880880508290242,2
2013-12-10,0.0175409159096964,-0.009070866196762,-0.0006946943003441,-0.0035835017084605,0.0071732221097571,0.013733680305213,0.0063143934853072,0.0038303281081913,0.0046591779409908,0.0054766830857301,0.383887247554512,2
2013-12-11,-0.0078804719001607,-0.0164228741628673,-0.0128635627007962,-0.0112307552438469,-0.0076988681040843,0.0138922313193622,0.0074071345657106,0.0060273415766344,0.0058683185280112,0.005796726085912,0.5135252809607448,2
2013-12-12,-0.0212642700798075,0.0021897740631309,-0.0025831230288906,-0.0033011828354044,-0.0037837019608321,0.0155688673404805,0.0070457702990808,0.0056627174915056,0.0057666127528784,0.0058564368147798,0.509610968529162,2
2013-12-13,0.0092146109515123,0.0032774028399658,-0.0012946583981812,-0.0001121786474481,0.0048684349806944,0.0154793677825421,0.0072580676048863,0.0052166985748998,0.0057796740503961,0.0061685321899522,0.5109939068239224,2
2013-12-16,0.0025967933918629,0.0118875014860593,0.0055389835269874,0.0062323073423995,-0.0036817395501375,0.012782396669325,0.0081310756731402,0.0055496292614175,0.0062634684796935,0.0057835654816556,0.4386428632386746,2
2013-12-17,-0.0086891210152365,-0.0014350847015518,-0.0019918817211683,-0.0031808945549435,0.0044732424906699,0.0131890210166534,0.0080127530086609,0.0055771127733962,0.0062005190601825,0.0058519847207419,0.4381716350386521,2
2013-12-18,-0.0087652836253905,0.0137406792759839,0.0116263162927399,0.0170723794798413,-0.0050344763316132,0.0121234586582617,0.0091021932670398,0.006741421390714,0.0083562290620876,0.0052058930343907,0.3794388581289886,2
2013-12-19,-0.023722480240186,-0.0074414287530547,-0.0027861383891004,-0.0011554569734655,-0.0009726087766552,0.0135258540818973,0.0095108527391073,0.0068087871529067,0.0081794529965917,0.0051242257190497,0.3896692126199773,2
2013-12-20,0.0097544221351579,0.0168689415090517,0.0101832857998198,0.0058163569724933,0.0153890759158161,0.0140462773768643,0.0106559928860372,0.0071776735297697,0.0076278403915832,0.0069425902052189,0.4635388504703237,2
2013-12-23,-0.0031913294703355,0.0113397357069084,0.0105208375019474,0.0053424957579684,-0.0056596664744309,0.0133983780537576,0.0110858399541194,0.0077585975740501,0.007744926659284,0.0072639506060705,0.4244412521715092,2
2013-12-24,0.0045859546655395,0.0038335866399803,0.0004568653901348,0.0021917908029929,-0.0080068879323663,0.0116574569542639,0.0103143618841586,0.0077298154809621,0.0075626080426583,0.0073021903103912,0.4869451235069253,2
2013-12-26,0.0055124840487494,8.678546186002833e-05,0.0033167903745632,0.0050840694120981,-0.0038536338270679,0.0120197821503272,0.007714165376048,0.0057995354509694,0.0060568185318378,0.0070061092229101,0.3980094143648381,2
2013-12-27,0.003255138682253,-0.0006075227201453,-0.0025076663037044,-5.465743301469317e-05,-0.0028408980522214,0.0103556704926193,0.0078935420233438,0.00579107528852,0.0057363070471925,0.0069651216120271,0.3403759965535639,2
2013-12-30,-0.0147712031793312,-0.0006075830223767,-0.0014856109340964,-0.0001629652688907,0.0068763214771812,0.0105175999597681,0.0080893976922968,0.005808221306919,0.0057401016526136,0.00716419571075,0.3561715316972882,2
2013-12-31,0.0063264005615297,0.002345931024418,0.0065227622230885,0.0047328600473286,-0.0063416291472959,0.0108136117644699,0.0077099697094589,0.0058587115338304,0.0056864741583973,0.0073494015735797,0.3456664716912677,2
2014-01-02,0.0161901240867246,-0.0108356326573388,-0.0078443329465709,-0.0095839620695095,0.0030436645327396,0.0121332284184649,0.0089018381817937,0.0066890371220095,0.0067852630523764,0.0072530890704075,0.2401366729486229,2
2014-01-03,0.0109322111485368,0.0050824416457877,-0.0072194258945239,-0.0001636917252862,0.0,0.0122376110835428,0.0081134450145119,0.0065800161515322,0.0046446511399625,0.0070948880746172,0.2727454698771214,0
2014-01-06,0.0017604081051298,-0.00810865737401,-0.0036929357971653,-0.0028979098056979,0.0042089210733802,0.008481630116616,0.0082020354900012,0.0066426506407404,0.0047739158638251,0.0072232135543428,0.1852672986303932,1
2014-01-07,-0.0056903791228098,0.0083511347608467,0.0092676796606969,0.0061414625956985,0.0025338980860531,0.0087271842753077,0.0068022150339178,0.006504194077396,0.0048110917712077,0.0050539632607403,-0.0634290921873164,0
2014-01-08,-0.0058912384282111,0.0013075694076221,0.0021808310419642,0.0002181663661577,-0.0027221661053171,0.0089611365074349,0.0057861644780887,0.0055786101923353,0.0045715630772477,0.0048338714947613,-0.0391744740825689,1
2014-01-09,0.0028783976463331,0.0002610949272532,-0.0033213377425372,0.000653745648057,0.0058487864592471,0.0089272694567749,0.0056373628706699,0.0056639567065583,0.0045359430810842,0.0044830376089642,-0.035151412024342,0
2014-01-10,0.0151950284118629,0.0054835755232305,0.0032174120085175,0.0027229234657109,0.0119208596172697,0.0098245075132888,0.0059264840644917,0.005656640482762,0.0043212068133727,0.0053949122794152,0.1321954657905273,1
2014-01-13,0.0063195949886565,-0.013677185281922,-0.0147764211308414,-0.0133051805542946,0.0049810462266888,0.0098803437896696,0.00739901624274,0.0072495171147417,0.0060715973928902,0.0051351227573081,0.1341247416685537,0
2014-01-14,-0.0093372771836274,0.0122867672319559,0.0190672502303437,0.0108979679243783,-0.0045745949098602,0.0088725506298106,0.0085211589675046,0.0097900882486235,0.0071805547433798,0.0054504079869057,0.0480325362836781,1
2014-01-15,-0.0019183895963796,0.0074563261417464,0.0082142924586043,0.0053902412855546,-0.0010534997982957,0.009000899333574,0.0088092184877579,0.0099224983164131,0.0072321162693652,0.0047780964432715,0.0505265897163308,0
2014-01-16,0.001086388512782,0.0012051324355641,0.0001138075784818,-0.0013000258852026,0.0067091859605084,0.0077268686294784,0.0078148328627318,0.0094876748551811,0.0064427799406327,0.0049681876546655,0.081215736050445,1
2014-01-17,0.0095166489768401,-0.0035245602787592,-0.0056579791709248,-0.0042296724282786,0.0041884411904233,0.0075464114482854,0.0079067495495641,0.0093435470188949,0.0066381999154722,0.0048831123299579,0.08091160194834,0
2014-01-21,-0.0101712011397469,0.0059520612090104,0.0076241219171133,0.0029405945981959,0.0007585563753673,0.0083789985254156,0.0073144232651827,0.0093352640453329,0.0065694599933509,0.0049259348406795,0.0729790927413103,1
2014-01-22,-0.0042606058466021,0.0050592550206742,0.0025975460325273,0.0006515044489214,-0.0024632417590786,0.008278943258426,0.007093068208255,0.0090389499096786,0.0063178413393294,0.0052079793983699,0.0815017093898631,0
2014-01-23,0.0218138973140742,-0.0067402556081258,-0.0033789634728597,-0.008192928948028,0.0141503803231357,0.0103403979914328,0.0076387446599976,0.0091912372287393,0.0068883464429726,0.0060447054911686,0.0273612091338329,1
2014-01-24,0.0041054273441281,-0.0255110586867368,-0.0196653641443947,-0.0213360281108155,0.0064613115625626,0.0103445940477426,0.0114523927593866,0.0113238875554958,0.0095271752020125,0.0060680550362797,0.0939790948459331,0
2014-01-27,-0.0108758019551687,-0.014631778181515,-0.0096842651371976,-0.0049192595925405,-0.0069786473497992,0.0102804924280369,0.0119054396463863,0.0116143522955188,0.0093599303292413,0.0063029057361084,0.1130777512685284,1
2014-01-28,-8.268961893331817e-05,0.0105552913931923,-0.0005818787749617,0.005954602647509,0.0024364358078201,0.010084129081961,0.0120045270272554,0.0106459156021184,0.0090583067360812,0.0062298995125776,0.1282348293682519,0
2014-01-29,0.0125672121605044,-0.014428484107098,-0.0107163654122255,-0.0096051962064889,0.0082248914377562,0.0102117461668119,0.0117409649950792,0.008657326005981,0.008245787725733,0.0060496299778609,0.1589432611310235,1
2014-01-30,-0.0220462525575634,0.0149092222097664,0.0184853445652557,0.0106005474267278,-0.0028731185143482,0.0127716801416025,0.0127077052010052,0.01055243781448,0.0089977944282715,0.0062182481247913,0.0783789747391853,0
2014-01-31,0.0026717851197564,-0.0074336705391737,-0.0026587178398296,-0.005858105654755,0.0066939146962414,0.0127942045507093,0.0127051980809366,0.0105245925825894,0.0090207062124409,0.0062172545347828,0.0672259272043359,1
2014-02-03,0.0102423465271228,-0.0312945146279047,-0.0229510345724933,-0.0225055094631095,0.0121839375695529,0.0128540585853721,0.0154337515567988,0.0123827217859701,0.0108694879894675,0.0068594627872659,0.0238840626091466,0
2014-02-04,-0.0027200942291856,0.0075473060723081,0.007355345942982,0.0070043405655357,-0.01061023875752,0.0123806644373135,0.0155826345901292,0.0123547231947184,0.0112770978832894,0.0082347588995157,0.0094935582442708,1
2014-02-05,0.0024795690309509,-0.0074907709313716,-0.0025908502012033,-0.0012537179147471,-0.0092460593648326,0.0122365211572758,0.0150723811191856,0.0121485038176851,0.011190135293477,0.008957033048474,0.0201659583431582,0
2014-02-06,-0.0004122602966475,0.0079154393850404,0.0127523793707116,0.0131871741008113,-0.0042923839265376,0.010017876450164,0.0158421342370477,0.0133463069332126,0.0124825011141822,0.0080390580292893,-0.0320767071634635,1
2014-02-07,0.0076707383830605,0.0113231599499514,0.0178382174438915,0.0123955330320215,0.0008437125264031,0.0102569103564666,0.0150609293024865,0.0134200347294447,0.0114541896843202,0.0077437626220269,0.0441477342324371,0
2014-02-10,0.0061389867499452,0.002618358293527,0.0057273032186906,0.0018368194508044,0.0028087690855196,0.0096552328557609,0.0144681429971398,0.012969195152651,0.0112971965581472,0.0074265466326149,-0.0328450167149207,1
2014-02-11,0.0117149565803529,0.0089157511470068,0.0113900458893729,0.0109435349995341,-0.0057894772667381,0.0101290141264137,0.0143366555021662,0.0132271014781046,0.0116367430867608,0.0076546874839531,-0.0132239131488491,0
2014-02-12,0.0005628794988796,0.0039275302807511,0.001914004802185,0.0004945354246153,-0.0051657366593207,0.0095411695939195,0.0135426936500421,0.0122926991184374,0.0109680524450439,0.0071720669681921,0.0167591541161955,1
2014-02-13,0.0085188262958613,0.0127143982610842,0.0074180521075877,0.0051627656698602,0.0056647629114987,0.0048620710509202,0.013309693905512,0.0113806739812028,0.010662524102007,0.0074971733472232,0.1294790105062185,0
2014-02-14,0.013228175076642,0.0014052065515381,0.0020084893499725,0.0055190965804137,0.00056231758528,0.0054823883967507,0.0129862256156124,0.0111886795622269,0.0103155359537761,0.0070643403242575,0.1407766310652168,1
2014-02-18,0.0019661816515914,0.0104329654941222,0.0048992693054497,0.0011956321817612,0.0022528915185542,0.0053507036211609,0.0060224670639498,0.0059513238369261,0.0051751902558173,0.0054773046965753,0.3760721578126242,2
2014-02-19,-0.0088697399472398,-0.0102387885065157,-0.0068700743675426,-0.0066222124037268,-0.0042127510441947,0.0065456544520339,0.0078432118780347,0.0073569090444629,0.0064222623086268,0.0047196636491745,0.552267295589807,2
2014-02-20,0.0105329996548131,0.0107829297146957,0.0046863814091842,0.0059010101189478,-0.0024448120848687,0.0067877634046797,0.0069013217400125,0.0068131261038046,0.0061283589304398,0.0039282952667239,0.478251070313056,2
2014-02-21,-0.0001567135055292,0.0031218770427496,-0.0013329337455606,-0.0011405267790939,0.0052777711807137,0.0067651265623502,0.0069183842810279,0.0067583311785351,0.0056588062804002,0.0041880825677478,0.5053158987493389,2
2014-02-24,0.0110519175566132,0.0073493186988964,0.0053375433249129,0.0055469265742253,-0.0025314597153687,0.0069870358151657,0.0066559139018123,0.0049993261930382,0.0048247940980529,0.0042463166954328,0.502529093206204,2
2014-02-25,0.0017055679613471,0.001030124046299,-0.0011057978788456,-0.0003789141881088,0.0089287409545482,0.0070798280473498,0.0067402043344914,0.0051290685570784,0.0049279897358322,0.0051071604377967,0.4605776914602613,2
2014-02-26,-0.0085133197613058,0.0061737736739635,-0.000885971149698,5.426660851282072e-05,0.0053099314410722,0.0078084597076027,0.0066152987855676,0.0042470974457598,0.0040128765724823,0.0048472436453382,0.4926099464547596,2
2014-02-27,0.0007024926817724,0.0054532249859942,0.0064882326638255,0.0052475084944865,0.0054669569794476,0.0078037360980311,0.0066138676758351,0.0045213235929742,0.0041500469164307,0.0044013860773105,0.475970534186628,2
2014-02-28,-0.0045241358460742,-0.003983459654917,-0.0011059494789992,0.0025296402161025,0.0005531567940397,0.0078716227452658,0.006507007608439,0.0041913083182275,0.0040117301075894,0.0042787533154625,0.4268245987528608,2
2014-03-03,0.0209214110804607,-0.0053607828184245,-0.0074165095067472,-0.0070322323181479,0.0066749754171224,0.009357809149846,0.0070389263708773,0.0049781275096979,0.004629595882311,0.0044949990437063,0.2638913686806791,0
2014-03-04,-0.0123570549797773,0.0251519975158296,0.0127133301103512,0.0140557196009405,-0.0150412331932326,0.0104749634768901,0.0098609073935505,0.0062391704921437,0.0063145285440853,0.0071532652791333,0.0696233220067704,1
2014-03-05,0.0016320075055982,-0.0005839785853731,0.002753148452842,0.000906069049452,0.0021417758698927,0.0098795319882252,0.0087247372666661,0.005590088945972,0.0056056984361451,0.0069376694863156,-0.0857864579067468,0
2014-03-06,0.0099309394472668,-0.0001671395353639,-0.0008785334876916,0.0022903322727825,-0.0098499742852774,0.0098241068084199,0.0085923849264795,0.0055713618976009,0.0054821526064713,0.0077457827660643,-0.0826155262968065,1
2014-03-07,-0.0082968567738087,-0.0003341120613488,-0.0049461306673896,0.0004248391542087,-0.0062871303537412,0.0103494783664062,0.0086924372940151,0.0058809391446118,0.0053976162200677,0.0078478817934949,-0.0160273203147195,0
2014-03-10,0.0003099275393667,-0.0033417913663552,0.0008836767682107,-0.0005310218668493,0.0014166184650135,0.0097567168568344,0.0088192311072547,0.0056895009841553,0.0053413417309321,0.0078315764659979,-0.0459653779612367,1
2014-03-11,0.0056531843873277,-0.0103941098105568,-0.0043040399928784,-0.0049423581816895,0.0026412341708164,0.0099053292363942,0.0097117191825135,0.0058856726354185,0.0057252141162429,0.0072605468385795,-0.0496594794377431,0
2014-03-12,0.0146310941595122,0.0030494226043236,0.0037683216695467,0.0002668717039473,0.0069590780921628,0.0102512798181149,0.0095855598694307,0.0059623479735111,0.005720465743523,0.0074289330634014,-0.0028480930000775,1
2014-03-13,0.0034153933347949,-0.0115688492460133,-0.0141341463313225,-0.0112135004445345,0.0134504337461416,0.010223690621859,0.0101891966050821,0.0072103897045543,0.0067423287994957,0.0084974247661027,-0.0439908710208138,0
2014-03-14,0.0067317097379369,0.0041863067638647,-0.0068325027471433,-0.0028074029011511,0.0001850729166228,0.0099017167148766,0.0102288725370214,0.0074205469052818,0.0067024090384995,0.008496839360559,-0.0498414442980555,1
2014-03-17,-0.0109692460324284,0.0044236936869703,0.00879669869724,0.0090436363419343,-0.0074653004628838,0.0090359879986509,0.0101197249905874,0.0078266942683479,0.0069792320000178,0.0084815213431521,-0.0595430340683677,0
2014-03-18,-0.0077484372317699,0.0145691537656353,0.0120738128797066,0.0071374853363717,0.0036214569176442,0.0083680226533983,0.0075437597710866,0.0077110507501554,0.0057479395550058,0.0070214031689377,0.0370059035934806,1
2014-03-19,-0.0193691538345798,-0.0065119326633616,-0.0054125086521484,-0.0053284900176289,-0.0077702078064751,0.0106605731604201,0.0078211509282311,0.0077859234009237,0.0059791402833127,0.0074771630094561,0.1647188593167655,0
2014-03-20,-0.0017955791561766,0.0013444599153358,0.0027763203551787,0.0058392711398387,-0.0017714960846653,0.010001581705407,0.0078452086873254,0.007882580921844,0.006265958794708,0.0067310912943456,0.1764970301800204,1
2014-03-21,0.0047708478604697,-0.0046154504295428,-0.0120333073793226,-0.0038786713864166,0.0108337343599616,0.0099034574674481,0.0079537808868166,0.0085902962144261,0.0063644418606766,0.006986066635114,0.1267579936196647,0
2014-03-24,-0.0178251801492028,-0.0113819289320608,-0.008763879519356,-0.0041352747404866,0.0071146231401668,0.0113117833504003,0.0086090027662697,0.0088382803828122,0.0064588515088591,0.0071447306143313,0.1488050406924589,1
2014-03-25,0.0018228194355469,-0.0002395911382536,0.0032870282751049,0.0047456671804906,-0.0037618656688395,0.0110768238366321,0.0080489028653418,0.0089820210934909,0.0065283254723842,0.0074393817390737,0.1589574054452681,0
2014-03-26,-0.0079107663241033,-0.0191568590103076,-0.0128795201359398,-0.0071925311946356,0.0078279423494866,0.0093287531509231,0.0097836763114104,0.0093997943375122,0.0069055162138504,0.0075066937895625,0.1140249626856923,1
2014-03-27,-0.0065386117556306,-0.0025280870189277,-0.0056084671352348,-0.00210782916017,0.0050253340738475,0.0088638182633567,0.009298805950675,0.00866727440076,0.0059045246803521,0.006514186192181,0.1722216463373711,0
2014-03-28,-0.0002407799998285,-0.0009617210362108,0.0019566476149039,0.0049302352667484,-0.0056363060581152,0.0079926731980351,0.009058206618325,0.0086200762430573,0.0059830592227349,0.0068829031270873,0.1964785334689642,1
2014-03-31,-0.0076268221488628,0.0179369544351046,0.0071225474226725,0.0081941236313092,-0.0024691578477256,0.0078574899300991,0.0110054944823787,0.0084098302602742,0.0058594209804546,0.0063790225249207,0.217994324574933,0
2014-04-01,-0.0017798011456744,0.0131509510650595,0.0175656956732512,0.0066306011236529,-0.0085464217803926,0.0079567614185396,0.0107873366662492,0.009518922169517,0.0058005986607884,0.0070160031159277,0.1711076843349632,1
2014-04-02,0.0075370800695035,0.0044966084787316,0.0025781876027084,0.0033465617821775,-0.0057462482952035,0.0073260744734596,0.0107576138868865,0.0094611274427373,0.0054237028095217,0.006789778020688,0.0633147369202484,0
2014-04-03,-0.0032175154992021,-0.0101351255139471,-0.0079384043293938,-0.0013230930643063,0.0043808861456431,0.0073147819027553,0.0111792648918094,0.0096659601658096,0.0052781012647213,0.0068608949612711,0.06267907581782,1
2014-04-04,0.0133150544727203,-0.023123150088181,-0.026597351131701,-0.0118226579616065,0.0066835582888875,0.0087035921498534,0.0131410318166716,0.0121993943716148,0.0065300852696514,0.0062956217747081,-0.0405956814296294,0
2014-04-07,-0.0052560009103993,-0.0145864609208186,-0.0094942052456047,-0.011051019100985,0.0059930929396085,0.0069308877231362,0.0133994124622358,0.0122403322130799,0.0073467354083884,0.0061732406004143,-0.0684173445892628,1
2014-04-08,0.0094467427842945,0.0070023499254312,0.0092344986732719,0.0041221171661867,0.0023824620857768,0.0076559995938473,0.0137862047269483,0.0127150825326361,0.007299145290217,0.0060195982260371,-0.0038029362204417,0
2014-04-09,0.0018241205774742,0.0144356880556741,0.0171415708982856,0.0107511703221925,-0.0049375810665489,0.0071741957507304,0.0134435850053316,0.0134880542008026,0.0077004267229403,0.0057560650613073,-0.0174203991081871,1
2014-04-10,0.0054623372630875,-0.028546837216006,-0.0309725024111936,-0.0210057383260119,0.0092807437848065,0.0068149299573935,0.0163197287684369,0.0167699917553131,0.010428926976506,0.0063219271521043,-0.0438730007229746,0
2014-04-11,-0.0006298860696725,-0.0138440735900032,-0.0116332715805045,-0.009008493107067,0.0081030261026338,0.0068299001005972,0.0167290775791233,0.0169685711486303,0.0105205121720737,0.0064196673068531,-0.0428084066376729,1
2014-04-14,0.0072480750550174,0.0028074755536331,0.007846533648653,0.0078781140230266,-0.0026191608223696,0.0061039066216828,0.0152078796691975,0.0170194463410279,0.010486519709912,0.0064301711367579,0.0025628850543431,0
2014-04-15,-0.0184591367893466,0.0038836222842133,0.0033034173687231,0.0068875001321528,0.0062474205196367,0.0091792306489246,0.0142418077824664,0.0156237889403438,0.0105107025407288,0.0054966799292314,-0.0194202742681053,1
2014-04-16,0.0003984624480757,0.010886344772331,0.0132862813322147,0.0104776963283337,0.0012602995479442,0.0089519564385205,0.0148821084212976,0.0165159509105119,0.0111457195637429,0.0046412015129687,-0.0338868326027335,0
2014-04-17,-0.0062928222858538,0.0049838864158158,0.0002319040269931,0.0013967947058484,-0.0109640372315387,0.0091637639606118,0.0150828597509764,0.0164785636208506,0.0111811910604721,0.0065336665017479,0.0276897521188275,1
2014-04-21,-0.0040881934767973,0.0046934879975721,0.0074244380246046,0.003487215753902,-0.0008180958393296,0.0080929958318184,0.0135738666402513,0.0143913718896208,0.0105879700658876,0.0063833364255746,0.0781364775294581,0
2014-04-22,-0.0037025039631524,0.0103129769828114,0.0079456527465293,0.0045446410461384,0.0033648639938728,0.0080175188603479,0.0130430871997591,0.0140805979265219,0.0098368771450714,0.006225025900846,0.0733872739972373,1
2014-04-23,-0.000161549872868,-0.0062816528003798,-0.0087968987915529,-0.0023418165290676,0.0057097912523684,0.0071738872984269,0.0131149678253591,0.0142588205143122,0.0098907410107511,0.0063862463423722,0.0328869758390037,0
2014-04-24,0.006464087011591,-0.0025460887481995,0.0095667058928807,0.0020273605878324,0.0018932986379549,0.0075760008615516,0.01214994200364,0.0134599339676694,0.0093342369397911,0.0059778539219931,0.0399628290375974,1
2014-04-25,0.0069846079289843,-0.017604046150901,-0.0159835930421781,-0.0081987769755039,0.0014394499891789,0.0077421474436194,0.0096693764741842,0.0100533589403953,0.0065200891147392,0.0054268447089425,0.0918922444331383,0
2014-04-28,-0.004384940209038,-0.0058238599774019,0.0032488954356035,0.0031667421199561,-0.0048516725980501,0.0078009757792389,0.0087027582922818,0.0089656258400413,0.005321801068061,0.0051793770359703,0.146094561517932,1
2014-04-29,-0.0001601268698446,0.0025233447777102,0.0079793588997849,0.0046557070549708,-0.0013533895482712,0.007195698420942,0.0086949612659655,0.0089740153568945,0.0050811892414821,0.0051216027495196,0.1297733232168963,0
2014-04-30,-0.0051257359163858,0.0066526355085616,0.0026387309188866,0.0029825445222351,0.0041581046235312,0.0046686200753127,0.0088571686482848,0.0089725034850132,0.0048612488600141,0.0048842830676056,0.1443276877396346,1
2014-05-01,-0.0033810832782,-0.0003574545842104,0.0029750171352695,0.0001064601668618,0.0107276936326037,0.0046951220784716,0.0081141272036242,0.0081856452498974,0.0039186589136484,0.0059585929882973,0.0737180514550169,0
2014-05-02,0.0101776613552195,0.0008040253426124,-0.0018249756793726,-0.0014336031320841,0.0061593368426724,0.0055864175383494,0.0079143354261749,0.0082528437464134,0.0040027907941526,0.0044231681715046,0.0779894684062599,1
2014-05-05,0.009275577200982,-0.0012497012969947,0.0052578410800525,0.0019139843279738,-0.0060328578585762,0.0060122833660084,0.0076787283226237,0.0081076984436957,0.0039198479445388,0.0051278223160039,0.0851624224529258,0
2014-05-06,-0.0019014249837462,-0.0162657313187157,-0.0129621860305298,-0.008704206412938,0.0040169450365812,0.0058609067079186,0.007789636298265,0.0088642390496463,0.0046608655091506,0.0051494912578302,0.1500006725607031,1
2014-05-07,-0.0143674006966015,0.0006360577511417,-0.0028802638791387,0.005889733131984,-0.0035565568537695,0.0077881935641174,0.0078726885104653,0.0084586052825143,0.0050280630967919,0.0052772161491253,0.1382008397314433,0
2014-05-08,0.0,-0.0100782893011066,-0.0009233515055673,-0.0010644644374943,-0.004282418860682,0.0074875499143502,0.0081456786366199,0.0077322928650719,0.0050009718429835,0.0055492233511964,0.1295528391584903,1
2014-05-09,-0.0005637408058022,0.0091716441524145,0.0036999085351874,0.0014916796794761,-0.0032262528230754,0.0070399949306226,0.0075864145854637,0.0058373672035664,0.0041100343482691,0.005669605295976,0.1346064637046879,0
2014-05-12,0.0067687669428966,0.0227213288233416,0.0164746285718793,0.009736190630821,-0.0040452882729011,0.0073293253158409,0.0105340507328173,0.0076809357827208,0.0049514286047006,0.0055954023545182,0.1934924891384701,1
2014-05-13,-0.0027213379273351,-0.0097753720143752,0.0006801151843378,0.000895699027881,0.008664845245097,0.0073829024475231,0.0110983953211647,0.007395697290183,0.0048313145413855,0.0061449901650565,0.1868751317681362,0
2014-05-14,0.0097110682126049,-0.0162434515793731,-0.0052098215712463,-0.0047378364529596,0.0108278041346039,0.0077605840165556,0.0119540025617312,0.0076514725108011,0.0051197573636593,0.0068196241010166,0.140532887095962,1
2014-05-15,-0.0082664409483275,-0.006750707089153,-0.007856181707873,-0.0087803849291322,0.0079676597546756,0.0082277017731475,0.0120233710426388,0.0080242367596125,0.0058913247526314,0.0064707186023564,0.1334005178770105,0
2014-05-16,-0.0021639548796237,0.006337680372799,0.0065406664135587,0.0034685201430595,-0.0028103443768056,0.0075656158236809,0.0123262403911188,0.0083081156337483,0.0060059329805895,0.0063973489189212,0.1161037029864745,1
2014-05-19,0.000642584988391,0.0107692741265801,0.0069551190471883,0.0036694491385966,-0.0073987527241996,0.0067886262846167,0.0129917453932677,0.0084373907010186,0.0060927661554155,0.0065705532607167,0.1179938630195721,0
2014-05-20,0.0008829716546379,-0.0152595506493904,-0.0036231116925246,-0.0063052660381435,0.0022187170164067,0.0068176280670135,0.0128631899221591,0.0072161310599202,0.0057408803699741,0.0064912556137599,0.1055234870111054,1
2014-05-21,-0.0024059912253092,0.0051345284365182,0.0095451686986998,0.0084246035070949,-0.0061084404904067,0.005027565267887,0.0129987680591381,0.0074654054997259,0.0060562218259431,0.006712056110724,0.1083990782355635,0
2014-05-22,0.0022509750033825,0.0103998626497381,0.0043898312204051,0.0024322643962648,-0.0014261656134703,0.0050684183184011,0.012916970262814,0.0073730450327335,0.0060452574061536,0.0065600791154687,0.086564113870914,1
2014-05-23,-0.0012833563412588,0.0109243532539489,0.0072846887187947,0.0040089525098523,0.0053523706233808,0.0050889018811641,0.0130416535662127,0.0074884745877267,0.0061186067371944,0.0065844080332379,0.1015697912315151,0
2014-05-27,-0.021363774929495,0.0143789481225258,0.0124613080305238,0.0061461261545907,0.0058567488949063,0.0080535645362128,0.0117603917712859,0.0067921033438878,0.0056551653584093,0.0064299353793727,-0.0278311260416965,1
2014-05-28,-0.0053344401642889,-0.0051946473226496,-0.0030769837651287,-0.0007309829370637,0.0123502268850976,0.0081047935985647,0.0113773917885023,0.0070412103768577,0.0056793563861231,0.0069212053975022,-0.0226900830997618,0
2014-05-29,-0.0021451692523306,0.00336322614637,0.0063935362883957,0.0051729998462723,-0.0053155834973361,0.0068525902459068,0.0095287865989043,0.0065223366001386,0.0054744936123647,0.0066891769683751,0.0238393814631164,1
2014-05-30,-0.0042169846695476,-0.0044983603796145,0.0001090837803665,0.0016112459106187,-0.0004382694730642,0.0066847082821737,0.0092854337431456,0.0052984714365502,0.0040558505613718,0.0062388940963677,0.0089884917873704,0
2014-06-02,-0.0060616404142134,-0.0054052375351444,-0.0009853954303726,0.0011420893063069,-0.0074339177616279,0.0067108436924485,0.0096414487254584,0.0055367916501125,0.0040792474086363,0.0066470575705601,0.0668300815747605,1
2014-06-03,0.0025898512605837,-0.0024051772733276,-0.0004384566873705,-0.0005186707490617,-0.0123046211511779,0.0068834445256592,0.0092731378034072,0.0055836739588208,0.0041664233079017,0.0073756869327912,0.0922805873937477,0
2014-06-04,-0.0020831596996074,0.0039293854847763,0.0037283793003808,0.0020231904406253,-0.0002692733261021,0.0067256976866007,0.0072708552058052,0.0050423637752674,0.0029441895666444,0.007307002403071,0.1221666367998235,1
2014-06-05,0.0075150426672097,0.0209921990614689,0.0084137454945747,0.0065218789202892,0.0004482935452014,0.0076553123861612,0.0092364993737832,0.0049136984047255,0.0025931507139007,0.0070858849381826,0.2577474716132594,2
2014-06-06,-0.0004144128148532,0.0095835970490434,0.0057428526640068,0.0047827016315489,0.0,0.0074964113394061,0.0091834790952452,0.0049493871562005,0.002663603219526,0.0070754476952623,0.2669507592640807,2
2014-06-09,0.0003316550478809,0.0088023108133377,-0.0007541402841233,0.0010240792353111,-0.0014339889283231,0.0075613171630014,0.0090437054741896,0.0050025310614971,0.002706855614059,0.0068066955348649,0.2219955698793597,2
2014-06-10,0.0061334260622516,-0.0019673226179858,0.0017251658740642,0.0001019323211226,-0.0036792663450755,0.0046145820799667,0.0084908929655528,0.0037893529388625,0.002524891222955,0.0064190136274814,0.3584821990687633,2
2014-06-11,0.0001647934142969,-0.0048859429469837,-0.0002154652859637,-0.0034767548589283,0.0018016659350483,0.0042720006782807,0.0084594231997003,0.0034489215695143,0.0029773054568162,0.004375287980649,0.4301529148713226,2
2014-06-12,0.0101309257098962,-0.0061152896380259,-0.0090427747628405,-0.0070796656059189,0.0089010998382612,0.0051935993082282,0.0089025970386497,0.0046827076138507,0.0038467935099831,0.0056217973336206,0.2129410490687756,0
2014-06-13,0.0026092604078342,0.0017334563614164,0.0029327832346881,0.0030487892763793,-0.0005349239065689,0.0048061431828266,0.0086263166083983,0.0047195104294028,0.0039144989963637,0.0056199649248258,0.2187889809890315,1
2014-06-16,-0.0043916795669164,0.0048444650142911,0.0008666460976871,0.0008239444128264,0.0024968815410302,0.0045113425533371,0.0081903129717429,0.0046641310017409,0.0039123133300211,0.0053142823534347,0.1438229370535017,0
2014-06-17,-0.001143599017664,0.0070600408289676,0.0005412751434095,0.0027798271954815,-0.0079160908673256,0.0046337055991131,0.0079826143340986,0.0046338439996894,0.0039347795257263,0.0043143686236907,0.0824735387685768,1
2014-06-18,0.0031893964143092,0.0067538351132669,0.0056247352541229,0.007339410835002,0.0077106489774654,0.0044273624834511,0.0080141093904655,0.0047766021238424,0.004410501332468,0.0049534936251566,0.1574904548987174,0
2014-06-19,0.0348088720648722,0.0008492845770191,-0.0006452604114239,0.0011205925704125,-0.0128115144212777,0.0111823698657404,0.005637688855214,0.0041560075846088,0.0040553893960508,0.006564685086054,0.0572503722169455,1
2014-06-20,-0.0034662236721584,0.003308653883725,0.0011759840127991,0.0020304451295676,0.0075697673878403,0.0113905622108584,0.0051063383265405,0.0037706085254101,0.0038624549400651,0.0070529863479456,0.0572830243226315,0
2014-06-23,0.0027667863566884,-0.0019445629228265,0.0002159301721671,-0.0003064244377078,-0.0031302966980879,0.0113092900732954,0.0046336342995058,0.003755183458472,0.0038756717810736,0.0071170385228408,0.0891956063582081,1
2014-06-24,0.0010248709844409,-0.0106760856793525,-0.0009703992778039,-0.0060239740067893,0.0101395226212583,0.0113716363022248,0.0058929703612591,0.0037396575351447,0.0044162818835579,0.0076370415088381,0.0575836202191011,0
2014-06-25,7.870929730446896e-05,0.0084787927964611,0.0063646917635418,0.0045201231032474,0.0025758071387413,0.0113753730204959,0.0061483481383963,0.0042342798773206,0.0044355990329678,0.0076452292720382,0.058515624172725,1
2014-06-26,-0.002047362085279,-0.0016984870812419,0.0005361024911585,-0.000715990792241,0.0047843354255932,0.0113646663920484,0.0056875246529091,0.0025203611570732,0.0035419426911435,0.0073057232008848,0.1280656387118849,0
2014-06-27,-0.000552352978537,0.0067205102605727,0.0043925789009571,0.0019442007748582,-0.0014993378750128,0.0114311270385154,0.0058891972334375,0.002641369348307,0.0035039677285463,0.0073358370516001,0.1187767607705256,1
2014-06-30,0.0108952280445595,0.0039713460826709,0.0017063641592836,-0.0005106738200698,0.0024728470270845,0.0113507079305805,0.0058548012065766,0.0026213104411497,0.0035513785271017,0.007335293129018,0.1182869103040044,0
2014-07-01,-0.002655391719139,0.0101843982224878,0.01096812396177,0.0066932167384603,-0.008372009553843,0.0114447251741887,0.0062106383427837,0.0038220876207076,0.0039372828397881,0.0073979450348122,0.0554836915124142,1
2014-07-02,0.0,-0.0038557241149252,0.0016851518009051,0.0010153571715412,-0.0106882026150794,0.0115264910028865,0.0063263382715968,0.0037158138044906,0.0033835611544809,0.007804801198314,0.0530311186032359,0
2014-07-03,-0.0042286084497846,0.0060451047194716,0.006309651181023,0.0049175494288649,-0.0036011013913846,0.0043273256105118,0.0064754796183773,0.0037036325411963,0.0036071591262726,0.0067089287327121,0.0357987431783595,1
2014-07-07,-0.0011010303162226,-0.0171088327826698,-0.0030306895157943,-0.0034812727974109,0.0073185411528342,0.0041674798447641,0.0088274473061948,0.0041730685509113,0.0039017805377995,0.0066779363555146,0.0375931914482134,0
2014-07-08,0.0003936628332492,-0.0121423085315001,-0.0120532361662881,-0.0064300558302917,0.0112116536633435,0.0040856390871114,0.009631008302633,0.0062897981144564,0.004526201382215,0.007428821278565,0.0195380054411996,1
2014-07-09,0.0060596257567928,0.0012892173019527,0.0074263435974162,0.0044843692188187,0.000798292573316,0.004491294764295,0.0090203377933088,0.0064678415713621,0.0041245099561676,0.0067707085842572,0.0691998694877145,0
2014-07-10,0.0054755707782723,-0.0106443538621636,-0.0031589939266303,-0.0039566678209295,0.0002655814707617,0.004728436939123,0.009094241031117,0.0065250921360969,0.0042456149972582,0.0067313123744485,0.037460101451237,1
2014-07-11,0.0018671659071103,-0.0013016401233117,0.0064439069440169,0.0013749694105598,0.0063796433096297,0.004587459449346,0.0090952301206345,0.006695542812154,0.0042362437892362,0.006867735451379,0.0557444570592034,0
2014-07-14,-0.0237614349091427,0.0051261040173347,0.0059829076261643,0.0050351968620014,-0.0043135035122419,0.0092785349796372,0.0089442450861795,0.0067752788835665,0.0044520781573118,0.0070116625751029,0.0181656330838639,1
2014-07-15,-0.009465498169358,-0.0098540313019395,-0.0034433346581271,-0.0018719950994303,-0.002034473662459,0.0086636199663067,0.0090137739157512,0.0070109370446318,0.0045207705134982,0.006990389816132,0.0467475341017528,0
2014-07-16,0.003533304791772,-0.0027066957615625,0.0039789608901574,0.0037009009861186,0.005316414982508,0.0088885802123968,0.0077103150249842,0.0062978949473157,0.0041712622579416,0.0065619850767192,0.094664112244978,1
2014-07-17,0.0169640321395492,-0.0154057235673014,-0.0132442401747017,-0.0113656231318535,0.0126034437394848,0.0107604326320876,0.0084318594617067,0.0077282426812224,0.0055903620264236,0.0060394205855292,-0.0122545112381507,0
2014-07-18,-0.0075536951147621,0.0155582847850763,0.0158527777601793,0.0102193093036464,-0.0032203258150926,0.0109408441980609,0.0102427135878988,0.0091230065274534,0.0063836711109477,0.0059914237825146,-0.0088614089841097,1
2014-07-21,0.0016649416399394,-0.004026922397145,-0.0012485212031191,-0.0018719823213423,0.0049777789111886,0.0109661659038193,0.0092740735332624,0.0090641216876175,0.0063124631775619,0.0058671705292984,-0.0047441478349268,0
2014-07-22,-0.004749077817894,0.0084381363516747,0.0063540484650894,0.0043578932875594,0.0020851635214236,0.0110408592184486,0.0094037748047035,0.0080039659012852,0.006019439991391,0.0051479436251866,0.0147740622993117,1
2014-07-23,-0.0009543114301425,0.0012201700887981,0.0064176893784564,0.0022200584625977,-0.0013004596859726,0.0107620650488956,0.0094016444973154,0.0079410158580469,0.0059159492056124,0.0052569533076891,-0.0006895334647181,0
2014-07-24,-0.0101098889085599,-0.0020024355193369,-0.0011314264947837,5.040763564800877e-05,-0.0074666895224217,0.0107362863912072,0.0088333820270475,0.0078082671942393,0.0056905672941329,0.0060601190855212,0.0442144736187914,1
2014-07-25,0.0115802369045137,-0.0090716795460736,-0.0039130850371175,-0.0046813382450194,0.0118088902737489,0.0116516665413442,0.0092443482309891,0.0079271834412853,0.0059828635626676,0.0067674253007696,0.0058386421527774,0
2014-07-28,-0.001669441791432,-0.0050177796352348,0.0003106894646751,0.000404575693051,-0.0013832278006118,0.0088956555168018,0.0090179902714397,0.0077771027741404,0.0057752632902833,0.0065303937938797,0.021393098594328,1
2014-07-29,-0.0030259983856644,0.002742860628536,-0.001756786090666,-0.0042971356452566,0.0036363251127127,0.0083572091759121,0.0087183418977818,0.0076879744586711,0.0059172025667086,0.0063720452389769,-0.0456946264340122,0
2014-07-30,-0.0029552326374293,0.0039702581981966,0.0039337177903746,0.0001521445664702,-0.0138879143912578,0.0083532871986189,0.0088303818487418,0.0076861456069522,0.0057666697454371,0.0081450695984283,-0.0468973244455782,1
2014-07-31,-0.0115357079250479,-0.0228491504890664,-0.0202100745431613,-0.019748160589859,-0.0029742607929731,0.0065613284221206,0.010411724798753,0.009285605083536,0.0077818110478992,0.0070496545868783,0.3194111284371947,2
2014-08-01,0.0080233233541338,-0.004586823382536,-0.0036836900092624,-0.0030556988558406,0.0077410800792458,0.0071633103101284,0.0086252789078388,0.0075872893652054,0.0066437855748175,0.0074666071973188,0.3660331293579232,2
2014-08-04,-0.0031355475016922,0.008854610207472,0.0068657162707661,0.0072210114665669,-0.0026185821839901,0.0070976446425714,0.0094014860778864,0.0080368786419947,0.0073467024786567,0.0073255840389218,0.3467162029998561,2
2014-08-05,-0.0009677806214606,-0.0025075935928275,-0.0076582912676718,-0.0096964803758888,0.003238264298953,0.007026590811817,0.0086828762507637,0.0078942307671792,0.0073952075430225,0.0073785616427041,0.3308909212289438,2
2014-08-06,0.0145313262489044,0.0031422130566955,-0.0007398937954016,0.0003126962786057,0.0006103817507487,0.008668645624174,0.0088052341591701,0.0073431405113249,0.0072649635170906,0.0073751100733915,0.3437536924913792,2
2014-08-07,0.0040582648496965,-0.0048330895032162,-0.0031739630910188,-0.0054148733686866,0.0093289771281344,0.0079471253894326,0.0088246326008999,0.0073199940990038,0.0071872445153435,0.0074308044865728,0.3599281999946312,2
2014-08-08,7.92687922512858e-05,0.0097131234011862,0.0072169761177578,0.0115689491717883,-0.0021595065240556,0.007113127074498,0.0093744649422178,0.0079823624546753,0.008670125265727,0.0065485834778879,0.3630437101178493,2
2014-08-11,-0.0018226749543046,0.0095307170957208,0.0059013067097677,0.0028979741095029,-8.683000177212019e-05,0.0071181007566602,0.0098234593807094,0.0083412895255295,0.0087901411109669,0.0065275873501282,0.3570025296794142,2
2014-08-12,0.0002381611584225,-0.0068821864270468,-0.0004194289904713,-0.0013929902963413,-0.0064926600967288,0.0070215509353913,0.0100288264355306,0.0083444157764431,0.0087539327746914,0.006732058720007,0.3650266642604318,2
2014-08-13,0.0016667917138923,0.0078183775456963,0.0105847953267399,0.0067684778709486,0.006535090216204,0.0069089882055725,0.0102958566981889,0.0090352584982502,0.0091517746614175,0.0052263300945703,0.4334517664241645,2
2014-08-14,0.0008716371870964,0.001498199775866,0.0051851613297049,0.0047220591787719,0.0080514738852519,0.0053152591922737,0.0065623778106015,0.0059223966999388,0.0064790468939392,0.0053822570841929,0.1222177504306107,0
2014-08-15,-0.0065710887317144,-0.0019364131649641,0.0048490209363498,-0.0002043132309976,0.0109068994350347,0.0055826338234271,0.0063075221209222,0.0056181316703844,0.0063223522720801,0.0058067266662929,0.1410170809836848,1
2014-08-18,-0.0041441206451179,0.0145515878438768,0.0077005815312725,0.0083793108404786,-0.0099399525098903,0.0056719345534284,0.0071520286517305,0.0056899960407486,0.0064446109074529,0.006912489255378,0.1001294602715741,0
2014-08-19,-0.0022407072771151,0.0034771470535917,0.0056031704304881,0.005219187787697,-0.0030887535470898,0.0057298542015724,0.0068844620630516,0.0043261973167433,0.0050689438665712,0.0070741439916081,0.0596818994802972,1
2014-08-20,-0.0036894376270991,-0.0042445981357245,0.0,0.0026711449455307,-0.0016355426268207,0.0031451726096433,0.0073223533364863,0.0042363745706792,0.0049691344220428,0.0071361972460049,0.1311354552411744,0
2014-08-21,-0.0107873446636371,0.0021749085393401,0.0020267847359245,0.0029160844841062,0.005603661864328,0.0038381436751134,0.0068215026511783,0.0034586259156833,0.0038844142536308,0.006747997525272,0.2551934146010574,1
2014-08-22,0.0025228287346796,8.678298912223603e-05,0.0015164877423274,-0.0015538587538774,0.0055733151258048,0.0040993924223939,0.0065313427320548,0.0034974302381599,0.0033572476614791,0.0068177780258979,0.198891255645248,0
2014-08-25,-0.0036529309904896,0.0046872558001644,0.0035333096070213,0.0050704208600769,0.0037508849272751,0.004111810022157,0.0061280232130709,0.0034564974286766,0.003416633578519,0.0068238715866232,0.2045213445000757,1
2014-08-26,0.0049698600372196,0.009070823982562,0.0010062139343334,0.0006494531835317,-0.0032274973575344,0.0047018819260418,0.0055747411504278,0.0032759932468563,0.0031589339280938,0.0064437971471586,0.0929872317515755,0
2014-08-27,-0.0002432004837289,-0.0024826104129326,0.0002009066151578,-0.0003995817741559,0.0085213753237576,0.0045685226985816,0.0056836165895128,0.002604382699932,0.0031389389570061,0.0066186987800709,-0.0258803806674833,1
2014-08-28,0.0055141121217852,-0.0051497237591275,-0.0011056428527627,-0.000549378843295,0.0052386991775508,0.0051278699048478,0.0062033179208748,0.0028128576748813,0.0032121780654915,0.0064107778154889,-0.0914752244013427,0
2014-08-29,-0.0011290273358744,0.0056076377105476,0.0037222746277201,0.0028480014145217,0.0006724273575864,0.0048503294521025,0.0061264816531724,0.0027311610834593,0.0030992679117462,0.0056305105800337,-0.088397495435884,1
2014-09-02,-0.017842718178446,0.005490824535228,0.0029062648238906,-0.0004981398138845,-0.0172505588165512,0.0071403972878285,0.0046943804632937,0.0020327991360438,0.0024366655824285,0.0074201451130056,0.0585637762619889,0
2014-09-03,0.0041101520240722,-0.0063140868463927,-0.0058955253993894,-0.0005484852166858,0.0055682622987378,0.0074570328193176,0.0053038825136339,0.0028277898462216,0.0021617269032766,0.0074706725975313,0.0315575287124958,1
2014-09-04,-0.0054850442945214,-0.0038638186468984,-0.0009049728311472,-0.0014465063133953,-0.0121828830789144,0.0075229514443892,0.0052641201579805,0.002870085139062,0.0022124273018833,0.0085891044289152,0.1231457730294745,0
2014-09-05,0.0047744006061312,0.0031892368134056,0.005030738140928,0.0044953800051177,-0.0018962854444846,0.0071500483918634,0.0053004034980139,0.0031662349605249,0.0024372044447661,0.008392628323493,0.1771309279788177,1
2014-09-08,-0.010896233231708,0.0015466353901438,0.0019020364542539,-0.0025856905733835,0.0004313144932546,0.0077253062063103,0.0052915668195919,0.0031755430774443,0.0025666528337617,0.0081310461804002,0.1816280114899841,0
2014-09-09,0.0011596072704027,-0.0118392017449543,-0.0082932580019428,-0.0063310469040935,-0.0007772333726722,0.0077598911348415,0.0065135208718438,0.0041853263051345,0.0029193976731735,0.007959024228368,0.2060518519555799,1
2014-09-10,-0.0050467493711445,0.0059037258390977,0.0082617791191494,0.0037625664566085,-0.0063100930442413,0.0074721250918681,0.0060589653073815,0.0049633020243726,0.0032005256814663,0.0080923646683028,0.1756884267949332,0
2014-09-11,-0.0065691077789308,0.0064734783007747,-0.0007990491946899,0.0011497937281708,-0.0033053071039134,0.0075266157532362,0.0064316229673128,0.0049818815779761,0.0032231941045079,0.0072354140742439,0.1659019485796987,1
2014-09-12,-0.0091236624771731,-0.0106338512776889,-0.0051005517965048,-0.0058414218041185,-0.0104729529390499,0.0070655860948998,0.0071257701385755,0.0052749339403761,0.0037243113242815,0.0069525059108345,0.2854275834845793,0
2014-09-15,0.0021963350419234,-0.0109213790651667,-0.0096505606387452,-0.0007532314642925,0.0014996449444384,0.0073209854763119,0.0074745764038785,0.0059070415327212,0.0035338959338565,0.0070261094809695,0.1846630519448757,1
2014-09-16,0.0016015040659451,0.0028045896270698,0.0087293152539027,0.0075384575745616,-0.004051431378988,0.0057243056948108,0.007215364667232,0.0066081587194309,0.0044263738458131,0.0054129108331874,0.2658000561429736,0
2014-09-17,-0.0108558520209516,0.0026214713146799,0.0015094989607846,0.0013468528842259,-0.002563878672936,0.0058098480519503,0.0072253175517043,0.006368326213933,0.0044434891523425,0.0044897864219507,0.2818089574080195,1
2014-09-18,0.0020418399004609,0.0061013127171816,0.0075356171340346,0.0053298264593384,0.0031909740113651,0.0060532805578409,0.0075391499767736,0.0067715588502721,0.0046858495566174,0.0039636992694873,0.3527480345473902,0
2014-09-19,-0.0058584008198133,-0.0126483618484134,-0.0006198673204969,-0.0009008358799547,0.0127254666225977,0.0054229620601954,0.0083080789472705,0.0066238797994784,0.0045222915801298,0.0062297769891849,0.2395674491063129,1
2014-09-22,-0.0020496871746152,-0.0140390092264545,-0.0093018661470707,-0.0077227083699343,0.0012216966975882,0.0048931476745795,0.0089903740957973,0.0072496965667158,0.0051333907184628,0.0062544025478153,0.2413234053304138,0
2014-09-23,0.0064184853212994,-0.0093439057294677,-0.0027260194480875,-0.0057246942492844,0.0061879836020442,0.0056446614820565,0.0087687275195231,0.0068083471276717,0.0050564830991801,0.0066433962828685,0.2118135667971553,1
2014-09-24,-0.0046768318834996,0.0090526377475101,0.0107309840125415,0.0078277165509927,-0.0055435770501724,0.0056289423204067,0.0091853278733785,0.0071843748660122,0.0055482916077578,0.0065689127529731,0.2096598301133995,0
2014-09-25,0.0029047102009922,-0.0168720665127846,-0.0210337755864278,-0.0161351711300573,0.011845947423559,0.0056998660216113,0.0094576806454542,0.0098127945929019,0.0075569979882867,0.0074398974069332,0.1231199516269243,1
2014-09-26,-0.0028111579586888,0.0089897126981952,0.0106405335911765,0.0079452436018125,-0.0014640686150585,0.0051103637590814,0.010250827101986,0.0104975172775215,0.0079262469792986,0.0063000590471271,-0.0002473528199292,0
2014-09-29,-0.0002562684087009,-0.0008099652539979,-0.0013160315531408,-0.0018190361984573,0.0080171213998179,0.0049915841194255,0.0099227228180356,0.0100022825353736,0.0079427837328742,0.0065400501157146,0.0134723881487568,1
2014-09-30,-0.0070067478712926,-0.015131236974772,0.001418886258484,-0.0026322020568758,-0.0056438897402447,0.0051645017660924,0.0104799069441683,0.0095855461790451,0.0074746872359772,0.0067458028250016,0.0665085992830933,0
2014-10-01,0.0048188414336591,-0.0141746422138664,-0.0159931587730823,-0.0135522746891555,0.0193910975861657,0.0045981811222896,0.010608902760278,0.0107431822126772,0.008335247335188,0.0082189420723448,0.0253266738636851,1
2014-10-02,-0.0002569048570633,0.0095547784318319,0.0,0.0001545053279692,-0.0087116933276742,0.0045053168532638,0.0110879284338275,0.0102476845522002,0.0079294193473559,0.0092997017909559,-0.0302631837745712,0
2014-10-03,-0.0182456509542134,0.0075343648018633,0.0098751199849207,0.0110094102902469,0.0042656192585781,0.007025211654275,0.011480633042754,0.0110073057608506,0.0091265769643627,0.0087673647381865,-0.0581227537136052,1
2014-10-06,0.0123898277757887,-0.0085723478211094,-0.0021386518531655,-0.001170273369072,0.0005950161220662,0.0083914677072325,0.0110462444269907,0.0106912757074799,0.0089078371299488,0.0087833687911684,-0.0688017673855107,0
2014-10-07,0.0028441078559553,-0.0164658261006429,-0.0141898519830375,-0.0154366323235173,0.0135010267696837,0.0081278654720282,0.0117118677000566,0.0114762486779829,0.0099042638246319,0.0093727701538634,-0.0761882331324234,1
2014-10-08,0.0095393658003539,0.0191729280225152,0.0194678569591635,0.0174897980388213,0.0002510815706384,0.0086458127083913,0.0132689959887968,0.0128235951189349,0.0113731781510013,0.0089106620516134,0.0513473542828309,0
2014-10-09,0.0014471624004321,-0.026979727021906,-0.016150389598578,-0.0198333181720367,-0.0043551204491453,0.0086109616377152,0.0147704424962116,0.0120599960837128,0.0119504927793302,0.0088395218895326,0.1431699890174333,1
2014-10-10,-0.0004250514452333,-0.0121664613413328,-0.0249843651022393,-0.0114142005194598,0.0099264018916296,0.0085496683419508,0.0142590594281732,0.0134714838903897,0.0117658345619155,0.0089924038721415,0.1392961146053164,0
2014-10-13,0.0079088386269139,-0.0040097706335114,-0.0156713333087072,-0.016427557767167,0.0060808578858695,0.0088554478862466,0.0141701688837262,0.0138653129793422,0.0123936762410634,0.0089101541930367,0.1139447568839123,1
2014-10-14,0.0005906150591197,0.0116946947478149,0.0001076673830195,0.0015474179097845,0.0065411245379471,0.0083764142301191,0.0148006930443553,0.0137950976398633,0.0125585716899926,0.0083305049969695,0.1079804698135406,0
2014-10-15,0.0033729786510761,0.010043449644518,-0.0064536297021347,-0.0067660448935293,0.0078963586657172,0.0083359043895051,0.0148306067625335,0.0133473622671295,0.0122093738832972,0.0067236499361641,0.1316493912503519,1
2014-10-16,0.001932963787401,0.0112571814872164,-0.0062792890288462,-0.0008576188650458,-0.006365480072626,0.0083011553499629,0.0149745466643454,0.013232491876404,0.0121744726924724,0.0062721086446918,0.1324798399539894,0
2014-10-17,-0.0019292346466915,-0.0029683891092011,0.0131825912083722,0.0118106642326663,-0.005584883539408,0.004651049063986,0.0146867683093878,0.0136966248207381,0.0122877015428481,0.0069352066261518,0.18397917063184,1
2014-10-20,0.006807338453066,0.0117228915514426,0.0149459282404316,0.0097095767695822,0.0036337760750835,0.0037485723820607,0.0150597346850906,0.0151271161144171,0.0130354140618208,0.0068919279716215,0.2580150935905904,0
2014-10-21,0.0018363404482848,0.0164616119331162,0.0262736667593566,0.0198107329789207,-0.0079828360791798,0.0037729366409793,0.0146212652202111,0.017244093878047,0.014031608874391,0.0066519564655512,0.2364940133500264,1
2014-10-22,-0.0056657250807802,-0.0142952745170115,-0.0051611066643286,-0.0071108537580923,0.0010785830347195,0.0039527173545834,0.0144448640741174,0.0159341494927267,0.0128282188107916,0.0066466926784503,0.1855620361269603,0
2014-10-23,-0.0068711221718369,0.0177149900071258,0.0150456503783735,0.0116249143139042,-0.0088674696104611,0.0047752489058314,0.0118192163012764,0.015913874209023,0.0117698687044334,0.0071882950655932,0.0559362351178587,1
2014-10-24,-0.0014343416618317,0.00171319512441,0.008178745857706,0.007695097087943,0.0010035913874977,0.0048134931983003,0.0103640022839172,0.0130765249406162,0.011023202142969,0.0064195864269017,0.0538517688898454,0
2014-10-27,-0.0024503668717051,-0.0005400085287061,0.0007095746678895,-0.0013745102439746,0.0018376323539932,0.0041475357034998,0.0100473707906278,0.0111670827108681,0.0088789752005858,0.0060856975213492,0.1422256030061463,1
2014-10-28,0.0003388185359523,0.0284659799410735,0.0150977950610748,0.0114703620409031,-0.0062529829198265,0.0041417415359856,0.0122170352783982,0.0112855129023663,0.0090516147544313,0.005733347251593,0.1314632025773751,0
2014-10-29,-0.0143098631147065,-0.0023647510564245,-0.0036932713479499,-0.0015118584745223,0.0022652691783113,0.0057941189937948,0.012605582770014,0.0109330829174934,0.0083816694051997,0.0048690796974919,0.1805099365810048,1
2014-10-30,-0.0104802094521385,0.008516240659858,0.0021038435401492,0.0064103225758456,0.0008370353806379,0.0061359661062366,0.0125254309551884,0.0100137648620026,0.0080158841655083,0.0047692989277621,0.1857363918156615,0
2014-10-31,-0.0219637010649758,0.0147122078257344,0.0137975374068073,0.0114356295172404,-0.0025926736990208,0.0084362052332816,0.0122951454454593,0.0100464021443239,0.0079909526461241,0.0045964102794952,0.1254271036625158,1
2014-11-03,-0.0045269138971455,-0.0017160024297807,0.0029584681594629,0.0005451917658139,-2.567913391926524e-07,0.00729524614601,0.0125992909021921,0.0099368603237769,0.0081462226803521,0.0042776773790481,0.0401208029401276,0
2014-11-04,0.0006241613363515,-0.004640564755708,-0.0033430729711656,-0.0034694124441055,0.0031103430955723,0.007148969838075,0.0125808885930731,0.0079436828149681,0.0069706226836224,0.0039406775840118,-0.0099862146416741,1
2014-11-05,-0.0216538966204135,0.0018131242889773,9.874466440784602e-05,0.0063165990140157,-0.001424869128868,0.0085491442357918,0.0107716235030863,0.0073820811048912,0.0058944397456012,0.0038902291188194,-0.0058189849972725,0
2014-11-06,0.0008197134269072,0.0043090699776766,0.0031564855810972,0.0040029975821045,-0.0064619070158421,0.0090220971930759,0.0100097120201079,0.0065070287824869,0.0054025460243744,0.00339283914292,0.0129199630739345,1
2014-11-07,0.0281216239945714,0.0015448756417471,-0.0008850830426959,0.0009351179407528,0.0114875698545773,0.0144435793510254,0.0100160427752472,0.006477005698331,0.005332428663008,0.0051604135809121,0.0807691319050327,0
2014-11-10,-0.0222183067107064,0.004969255512002,0.0035434684346076,0.0031473668932879,-0.0091856306040637,0.0154427720766036,0.0098265722138102,0.0064274589812995,0.0050601775831094,0.0059132704166094,0.1237906995228054,1
2014-11-11,0.0143038370826564,0.0006822042178362,0.0031380578451567,0.0009809855698847,0.0006740363250139,0.0167117230166768,0.0056864486075254,0.004921042263766,0.0043620637459772,0.005603991278364,0.0877607934044128,0
2014-11-12,-0.0048197153794605,0.0045158364087452,0.0017600366673629,-0.0010776476532472,-0.0008424495788824,0.0163989297142417,0.0054036652694735,0.0044927815715852,0.0043154079813548,0.005542286778981,0.0568890405899035,1
2014-11-13,0.0015246472551149,-0.0084818966215296,0.0042945547694761,0.001127493980918,0.0023603842055541,0.0163256680507882,0.0062477306520417,0.0045174633442051,0.0041616409600388,0.0056018984172068,0.0303206365739747,0
2014-11-14,0.0250739061311857,-0.0017962982275835,0.0031097952415435,0.0002448587997461,0.0048779209573512,0.0170098870564815,0.0043371609268714,0.0024153317289573,0.0027126735816274,0.0057563379529985,-0.0504498740844865,1
2014-11-17,-0.0036690675676288,-0.008312848351708,-0.0030031890728047,0.0006366213500141,-0.0025105916784806,0.0169769858221123,0.0050847085624485,0.0027983710789209,0.0027100920035185,0.0058328457011485,0.0264747483410323,0
2014-11-18,0.0087680839389909,0.0057900710732594,0.0074821211832118,0.0057736315647667,0.0027680805397727,0.017108566912684,0.0052181089471082,0.0029414068833709,0.0024745517101141,0.005814902620117,0.0907452163746345,1
2014-11-19,-0.0119078897022341,-0.0106537694947357,-0.0045329847280641,-0.0016053398522033,-0.0063585270749855,0.0157993232766265,0.0062563847124026,0.0036099121404285,0.0022732412909883,0.0061644479961683,0.3213103895521924,2
2014-11-20,0.010380016731246,0.0112025567873208,0.0044568124970374,0.0017542426513821,0.0052209596338503,0.0159013357021952,0.0071856869472911,0.0036865559503197,0.002093044903025,0.0059750712111734,0.3831290677485153,2
2014-11-21,0.0046143024245213,0.0012022883223818,0.0019292860575992,0.0053507395384981,0.0060311081261308,0.0136017326353301,0.0071780296868662,0.0035522090243173,0.0024655232549016,0.0050773240437257,0.4401425740919223,2
2014-11-24,-0.0024265428614084,0.0119232273100227,0.0077980830811952,0.0028063740924741,0.0008323307550326,0.0108055890813739,0.0080109548886918,0.0039600185667033,0.0024445248965386,0.0038327898111032,0.5337909167427102,2
2014-11-25,0.0023455533110485,0.0007627848281739,0.0015284578571961,-0.000723962160911,0.0083197741318137,0.0102063123239876,0.0080110793132642,0.003970370716223,0.0025496298810002,0.0044117360757103,0.4883494311807174,2
2014-11-26,-0.0019066874375581,0.0033035784286274,0.0064860520725371,0.0025594081286424,0.0027221744596166,0.0099981462421345,0.0079544674483559,0.0041519668938806,0.0024078438638128,0.004292678151095,0.4837665790185028,2
2014-11-28,-0.0264849162449387,-0.0148585316031248,0.0046438807213144,-0.0021190258336788,0.0078996948307912,0.0137600919045329,0.0089475567142805,0.0041659364783635,0.0027076561371472,0.0046275551614754,0.4031777244395722,2
2014-12-01,0.0398715653944112,-0.0155968646268812,-0.0113198077007756,-0.0069502698995397,-0.0058342542097832,0.0170913834185425,0.0102064944261218,0.0061474952358041,0.0038031170509505,0.005326543287312,0.2798094540351891,2
2014-12-02,-0.012352053686644,0.0120135410665696,0.0040073539346949,0.0064637800457885,-0.0097116685602007,0.0176213900290696,0.0107155285467842,0.0059680765055783,0.0042088878493543,0.006374177474969,0.1777166669127593,0
2014-12-03,0.0103352653093138,0.009634253113534,0.0018056505590997,0.0038633239619847,0.003906028349631,0.0177040371482854,0.0109914440814995,0.0056778126202807,0.0040241387366412,0.0064155243660892,0.1669512284172056,1
2014-12-04,-0.0038683449716631,-0.004771497971719,-0.0004743935428901,-0.0011065341519577,0.0083621023556184,0.0172161126566944,0.0104488251430984,0.005317985847999,0.0039892696349545,0.0061454573793134,0.0587000399301367,0
2014-12-05,-0.0125129183863474,0.0075339521016875,9.498680156427852e-05,0.0016373768684965,-0.0058290947424123,0.0175051387134515,0.0101291062096833,0.0052806858835515,0.0039876032282534,0.0066310155702992,0.039230773731892,1
2014-12-08,0.0117975921569584,-0.0124904322062405,-0.0071174220145725,-0.0066826354836324,0.0122218138094942,0.0178699824974597,0.0110036927528821,0.0059588903842312,0.0043844339880241,0.0073350344130747,-0.0142515845308805,0
2014-12-09,0.0208153712862217,0.0167784914193862,0.0031541942376516,-0.000677467207083,0.0051395671908518,0.0189299705371527,0.0116866526146108,0.0055124069802092,0.0042713927423559,0.0073663961835237,0.0160970138986209,1
2014-12-10,-0.0019460474844107,-0.0212405904262739,-0.0157202750009476,-0.016031025084975,0.0073057679059469,0.0189900717367659,0.0135052623472524,0.0074401974012632,0.0065473042391426,0.0072872973758342,0.0657470241816432,0
2014-12-11,-0.0022888830549503,0.0039772127499762,0.0047431411581964,0.0050693532500898,0.0041095243330782,0.0190000283094862,0.0135361308132885,0.007251820683512,0.0067813628309679,0.0073026863744252,0.0717017075950621,1
2014-12-12,-0.0023791211954157,-0.0121426334113685,-0.0108861718714678,-0.0161607710038822,0.0135621513061672,0.016270136020831,0.0132719547294469,0.0074226483560033,0.0081949465682816,0.0079376828784324,0.0729210490245432,0
2014-12-15,-0.0257218650733723,-0.0101124844930658,-0.0103248862482708,-0.0068700850835237,-0.0020586281068054,0.0135271520593112,0.0127330691287084,0.0073070586732782,0.0081907525483534,0.0075331925004706,0.2185978709704034,1
2014-12-16,0.0048955115095876,-0.0014090372153512,-0.0160413972173952,-0.00801955918879,0.0123774100055553,0.0131276137335781,0.0118779727826364,0.0078771079094564,0.0075793509031429,0.0063011404543806,0.2423100272882769,0
2014-12-17,-0.0059156182969013,0.0308670164143847,0.0182033018563441,0.0196050542834871,-0.0090128286525097,0.0126926796751385,0.0155905782311887,0.0106778144957871,0.0105581884871342,0.0078832867509022,0.1321096271210165,1
2014-12-18,0.0077011018523198,0.0148857905880741,0.0240669162227877,0.024728529193519,-0.0177934164608164,0.0129979422004219,0.0161919305522843,0.013798538537122,0.013735085167036,0.0104304387575305,0.1045869731902219,0
2014-12-19,-0.0033000857818233,0.0022759944815549,0.0044000822555485,0.0042548767289363,0.013446264757402,0.0123674463095824,0.0160650372071989,0.0139026658919742,0.0138017368748126,0.0106020382673317,0.1177392322734819,1
2014-12-22,-0.0193429786202116,0.0068121817227302,0.0024924730423663,0.0045998635060078,0.0013501208829163,0.0130697268839315,0.0153909636439947,0.0137294935918805,0.0136623228928254,0.0102073285568561,0.1236183196196124,0
2014-12-23,0.0016880924643276,0.0012530259737792,-0.0035379642747268,0.0013499477488008,-0.0198348571673614,0.0103559484507132,0.0146180462501182,0.0137438930957534,0.0136488781997334,0.0124021704671156,0.1400334034336182,1
2014-12-24,0.0002660881662701,0.0028891055062234,0.0008635706131565,9.61247695980827e-05,0.005442471358974,0.0104436415743881,0.0122426985914983,0.0126262827535077,0.0122620984837689,0.0122995473717132,0.1592595298767812,0
2014-12-26,0.0182673162127378,0.0065130195490321,0.0070950835290459,0.0032247201384698,0.0037115687860156,0.0126945167488153,0.0122700253092563,0.0127170979096022,0.012239111811015,0.0122859807787578,0.1666784884379528,1
2014-12-29,-0.0101019214805556,0.0042310993965919,-0.0001904932222464,0.00134322584626,0.0074752220087641,0.0129269594067083,0.0108609458528545,0.01197532076183,0.0103510900288465,0.0116818893075905,0.1946212114020461,0
2014-12-30,0.0134600053131246,-0.0058654396576679,-0.0066655388285838,-0.0053661349336323,0.0027124030197018,0.0111422227186583,0.0102335947333397,0.011582466674905,0.0101781242202781,0.0117080892372085,0.0510456966689229,1
2014-12-31,-0.0140624579870027,-0.0059828060555823,-0.0102571282499976,-0.0099228345570007,0.0019099374585627,0.0119446449390627,0.0107050543169036,0.0106271091091874,0.0104540014863784,0.0109185974733542,0.1479070855178719,0
2015-01-02,0.0044021834120386,-0.0057684536479698,-0.0030019916566816,-0.0005350839661996,0.0111187079211021,0.0119313386598419,0.0066812762060577,0.0094503206059043,0.0090420330048775,0.0111428092334501,0.1856878145931042,1
2015-01-05,0.0150771493083454,-0.0133689811929356,-0.0146689674920258,-0.0180598114814707,0.0157075871299134,0.0126723367412863,0.006659253372512,0.0067326158373701,0.0072329579302107,0.0098400617248118,0.1422414005148991,0
2015-01-06,0.0113989607947957,-0.0173005402943158,-0.0134083721801486,-0.0094186386996316,0.0180177129099348,0.0130130483759004,0.0083497449080916,0.0070951208649825,0.0072322635978499,0.0104021202991032,0.0614172078054063,1
2015-01-07,-0.0058914141498036,0.0123148315850356,0.0128912565111218,0.0124605353421975,-0.0019750322106522,0.0111049572920804,0.0091829924935619,0.0087437356866543,0.0084988157134977,0.010574980489486,0.0738360397717923,0
2015-01-08,-0.0042085189597629,0.0169622477150708,0.0191394798174264,0.0177452633897263,-0.0132433238240476,0.0113624967899093,0.0109881865514535,0.0112076880405726,0.0106336604330621,0.0089796621159537,-0.0235274521535479,1
2015-01-09,0.0113851963690558,-0.0096034001271466,-0.0065829833533257,-0.0080135620149686,0.0109532666928937,0.0116214729515392,0.0112620431931498,0.0113300891085411,0.0108608708353801,0.0091709131271824,-0.0308925324758091,0
2015-01-12,0.0110864352607888,-0.0033171321291429,-0.0104265668073928,-0.0078334195042368,0.0057220515601112,0.0108353313740671,0.0108796111273283,0.0111960755918327,0.0108718626363958,0.0091459724881567,-0.0788733283204673,1
2015-01-13,-0.003373767752371,0.0007680743107398,-0.0002953155569774,-0.0028127508236553,0.0,0.0100975902285025,0.010685388542314,0.0111928716602411,0.0107765965454299,0.0093016179932552,-0.0720583100187416,0
2015-01-14,-0.0016080097792615,-0.0040079513464947,-0.0055163048240564,-0.006037382231971,0.0075856869918142,0.0096304895284119,0.0106483670182643,0.0111606448076417,0.0107938333020939,0.0092907286655653,-0.0677727450725671,1
2015-01-15,0.02517590226304,-0.0168662151604721,-0.0129753963030972,-0.0091604266358634,0.0157361865272414,0.010148161063606,0.011515854488852,0.011382185701338,0.0107439843882504,0.0097035527189291,-0.1520989350812012,0
2015-01-16,0.0130642812118815,0.0162847346320422,0.0117409732937596,0.0131145156576153,-0.0127497393511198,0.0103319771091964,0.013140564612314,0.0123640813130338,0.0119183123502042,0.0113614756633518,-0.123437693665851,1
2015-01-20,0.0137120498792542,-0.0041985116577577,0.0079348116396389,0.0021323193814084,0.0132895797385059,0.0102249570513214,0.0125513084916391,0.011848118601434,0.0104816680465127,0.011121425853818,-0.0869201685190434,0
2015-01-21,0.0002415974994258,-0.0031838688211885,0.0051175583211013,0.0050481219535591,-0.0115596311116282,0.0103089926827355,0.011225102666438,0.0108843228256905,0.0099907462842419,0.0110102741898397,-0.0606721943309411,1
2015-01-22,0.0080495852288342,0.0203727310455905,0.0185038887478723,0.0148709070092198,-0.0035974470711084,0.00943397216339,0.0123945432634769,0.0116221610702695,0.0103043129072129,0.011076890185509,-0.0078801460059163,0
2015-01-23,-0.0079853068210001,-0.0006768906126937,0.0022107479482449,-0.0054827089811105,0.0139177495583058,0.0100064592202282,0.0111098246832974,0.010087274426921,0.0088527263222962,0.0104503823498856,0.0410511296350661,1
2015-01-26,-0.0099815299014467,0.0096510722711418,-0.0011508755821744,0.0023416811103704,-0.0030415941555174,0.0111732553050209,0.0110138886452821,0.0097767600009622,0.0084625016990186,0.0103418203351501,0.0465717613888477,0
2015-01-27,0.0114643766696473,-0.0047790414993653,-0.0259266819938618,-0.0131900740572826,0.0015625229902078,0.0111973521377952,0.0110940860527178,0.0126783488908119,0.0091947652731147,0.0102826620324248,0.0491809807313996,1
2015-01-28,-0.007877840393191,-0.0168507715772129,-0.0051261485458944,-0.0128248075745698,0.0163484254838144,0.0116475969091897,0.0125038528292685,0.0127809612695481,0.0100503386462825,0.0111704480235124,0.0524718510721947,0
2015-01-29,-0.021552390797103,0.0137974396590627,0.0096115874985895,0.0092436362464638,-0.00658034209803,0.0142191919706086,0.013186149539867,0.0130168241125874,0.0103430469983445,0.011522550899807,0.0116498508266369,1
2015-01-30,0.0222755445878273,-0.0219780415575661,-0.0077536164674117,-0.0125746550985693,0.0177373101038265,0.0137246872727394,0.0140423036260284,0.0124881675840874,0.0107497344714151,0.0117953439073851,0.0091630228175858,0
2015-02-02,-0.0083434492082548,0.0091614160252364,0.0087045042422846,0.0123836185302061,-0.003775557246061,0.0134993063576249,0.0133348496679876,0.0122465089343724,0.0106547474657696,0.0108030813574644,-0.0160012389206799,1
2015-02-03,-0.0111909421473511,0.0178999232622956,0.0096097863746282,0.0144610242921581,-0.0211667153245135,0.0129755991292311,0.0143313772532741,0.0123595979818919,0.0115772006536675,0.012646605031376,-0.0621978927541817,0
2015-02-04,0.0043783458565487,-0.0037019463575802,-0.0008742156612958,-0.0038074917162235,0.0017095644182036,0.0131372969061995,0.0143544881162011,0.0123033864822365,0.0116081451681247,0.0119792971347247,-0.0661836525816473,1
2015-02-05,0.0017272502164005,0.0129210323831296,0.0086519064674153,0.0100951524683159,-0.0109791174824189,0.012742024142174,0.0134781170114024,0.0110579387338027,0.0110373444378153,0.0125301549611382,-0.1351723019444217,0
2015-02-06,-0.0258642047967774,-0.0010837154040332,-0.0060722471238213,-0.0027655760533858,-0.0177024609307558,0.0146727476792174,0.0134861783859915,0.0111666249651419,0.0109184149648376,0.0127757740180277,-0.0478947186350489,1
2015-02-09,0.0044672857554239,-0.0079293079083724,-0.0031995864730069,-0.0044757514810356,-0.0016034103488958,0.0147835957593058,0.0134519281757068,0.0111878095230393,0.0109918755088055,0.0127782051361029,-0.0479920341137435,0
2015-02-10,-0.0058739360493218,0.0063941622688343,0.0155645246397453,0.0106533812391833,-0.0079535510082986,0.0138811724663464,0.0134982883295623,0.0083473325510633,0.0104697068528381,0.0128009178648447,-0.0073301002286117,1
2015-02-11,-0.0118173504807413,-0.0014213355840934,0.0036392600966421,0.0005800789307766,0.0018499041038917,0.0140337507533538,0.0120529721449771,0.0078552291672812,0.0091272690929771,0.0110121698713471,0.0017526499391405,0
2015-02-12,0.0023062837940568,0.0113852516986154,0.0116437142842025,0.0096167509852216,-0.0033086678127413,0.0129252195811568,0.0118215775229577,0.0080465725995592,0.0091546270780087,0.0110035291975082,0.0490562621013357,1
2015-02-13,0.0054542955430134,0.005959749716828,0.0085850429345828,0.0041163576986806,-0.0102686092960239,0.0100820237363375,0.0082409763345658,0.0069855950244719,0.0072355098613239,0.007810002681221,0.2234627847156901,0
2015-02-17,-0.0166977552521603,0.0031272402469764,0.0009354967049399,0.0015732441938913,-0.0150563240791634,0.0107613789794123,0.0081190542528824,0.0070369135197842,0.0068196278512708,0.0080521250067057,0.2540194845210119,1
2015-02-18,0.00284453232983,0.0010662029932351,0.0014014695672388,9.5568290824799e-05,0.0059405583562315,0.010824391559632,0.006602093548818,0.0068971469788821,0.0058106833285311,0.0078550167855352,0.3333202951432324,2
2015-02-19,-0.0034381460295276,8.189504854483332e-05,0.0049459637551856,-0.0007139036395745,-0.0066142165586747,0.0104347814497228,0.0062976228007205,0.006679692383592,0.0055079969542384,0.0074064366388139,0.3848142959580428,2
2015-02-20,-0.0056926310868669,0.0027040422906514,0.0066860837937428,0.0060000975469558,0.0029331448738767,0.0101887352300969,0.0052618817521896,0.0065756244451921,0.0050444874499765,0.0077831773894923,0.4068489998950922,2
2015-02-23,0.0013011929863573,0.000980225410939,0.0010143804787061,-0.0001413713804481,0.0114583175086213,0.0073659309318801,0.0051658487757064,0.0056345965416568,0.0048045280536589,0.0080283641455676,0.199608645822038,1
2015-02-24,-0.0014727381832787,0.0013063325908007,0.000737080727192,0.0028403183994845,0.013126044604963,0.0069501920382785,0.0037888281052547,0.0051008709317436,0.0040890330487988,0.0093971779341745,0.2260496995263755,0
2015-02-25,0.0038174111040851,0.0011413797226635,-0.0024861390527968,-0.0008495783550063,0.0043189213495489,0.0072230639685207,0.0036520277697177,0.0042768561240201,0.00340138629953,0.0091558702074746,0.2373802999947201,1
2015-02-26,0.0031979494930112,0.0036645430163453,0.0050773302288951,-0.0011816946921651,-0.0136683210950692,0.0065645628372522,0.0033677323113962,0.0042983277260064,0.0035436949863323,0.0101509717470738,0.2157897910423552,0
2015-02-27,0.0007754283408443,-0.0054360923525735,-0.0044088491025812,-0.0034060936817039,0.0084075697823409,0.0065006304534849,0.0029702364657817,0.0040566611626447,0.0028048117077286,0.010538262359064,0.0968537040575235,1
2015-03-02,-0.004132260173905,0.0072604185817308,0.0090410296110667,0.006313564514419,-0.0186266210145316,0.0061414652523906,0.0032081466086797,0.0041375533167361,0.0031547988560575,0.0117140962418848,0.020668109172684,0
2015-03-03,-0.0018153447779967,-0.005912370867831,-0.0046631726475422,-0.0041038457489827,-0.0036253991409326,0.0033303772141556,0.0039210819581333,0.0046844974179134,0.0035382739531309,0.0106778749101427,0.02977047337644,1
2015-03-04,-0.0031176981600916,-0.0030959809919303,-0.0038575003640872,-0.0042156074321667,0.0003169757193244,0.0032040582076522,0.004093321823468,0.0050099313967373,0.0038407538639502,0.0104981802605675,0.0623306640394789,0
2015-03-05,-0.0009556129768769,0.0029421623324841,0.0017517155855455,0.0010939632800284,-0.0012655046682005,0.0030933875933128,0.0041778212681556,0.0048442590360945,0.0038431300868131,0.010268669149688,0.0639776053847077,1
2015-03-06,-0.027304342518682,-0.0126304804583554,-0.011321414384622,-0.0140641735809426,-0.0220919159184515,0.0089290383692307,0.0058006298436919,0.0057180970670579,0.0054149829606764,0.0123950110687875,0.5755007843994944,2
2015-03-09,0.0009833775232555,0.004374211590943,0.0028861081669981,0.0041444371533132,0.0092310479872714,0.0089126947983515,0.0060229678380382,0.0058179070699858,0.0057193835061655,0.0121404090233857,0.5909088743689763,2
2015-03-10,-0.0049120572096243,-0.0115036152528641,-0.0185667850534031,-0.0162220604511338,0.0131572977669351,0.0089134686332002,0.0068665202818899,0.0080524942163285,0.0071643864984594,0.0121448497030681,0.4517531284624249,2
2015-03-11,-0.0060132667380715,0.0061509529144094,-0.0057700905856318,-0.0023417458018843,0.007285631041922,0.0085711320796215,0.0072846595017165,0.0081115989328169,0.0071242840551171,0.0123611055418397,0.4267133514702725,2
2015-03-12,-0.0002708693390236,0.0166064079813268,0.0065644923325949,0.0127139910163327,-0.0007077336352573,0.0082985023839493,0.0091888241925387,0.0082875230244958,0.0087697909321375,0.0116722558830171,0.4622705633343085,2
2015-03-13,0.0014450508575765,-0.0035758746193482,-0.0043476047032815,-0.0061322822787224,-0.0030681704072695,0.0083499233790908,0.0090876174274781,0.0082862528058163,0.0088599648672283,0.0112227780108006,0.4652861498949233,2
2015-03-16,-0.0006313103946443,0.005872254451896,0.0129102087604213,0.0133608328321299,0.0096276112914395,0.0084449996366226,0.0089753432861236,0.0089646259123671,0.0098450782498971,0.0100502137836789,0.5824798928178055,2
2015-03-17,-0.0054146601149759,0.0026757640508054,0.0015936921773749,-0.00297257739817,0.0082851164198913,0.00840587935334,0.0087633431065951,0.00901055907041,0.0098192781349578,0.0101613085247781,0.5839969178993137,2
2015-03-18,0.0195989808552108,0.0080056572686377,0.0098248427137017,0.0120213470466767,0.0193018301109864,0.0113948697973319,0.0089193473423799,0.0096800177620519,0.0106231814986128,0.0114834324402318,0.6449424051241825,2
2015-03-19,-0.0007119500676271,0.0019254541758746,0.0014826640411795,-0.0045613677104123,-0.0050950836532176,0.0113984367450999,0.0089118348362301,0.0096735977961941,0.0107180562808745,0.0117386537969228,0.6391346350862387,2
2015-03-20,0.0113990450517476,0.0088077341031787,0.006472764224592,0.0088268890819422,0.0052748619435956,0.0080537028967107,0.0075286319641975,0.0090746786632053,0.0098891732598015,0.0075159648641161,0.4474154081884652,2
2015-03-23,0.0063397131516937,-0.0008728116622862,-0.001934536884574,-0.0019485291153749,-0.0012166592556287,0.0081890174545543,0.0076759372551582,0.0091093313053819,0.0099220569013826,0.0077889680987629,0.4401689113251487,2
2015-03-24,0.0024498974280682,-0.0002385392495439,-0.0036007312591964,-0.0056191032312514,0.009668251954523,0.0078125679513892,0.00585476099134,0.0063946823849094,0.0082742965614779,0.0074686827682412,0.4780921656263529,2
2015-03-25,0.0013965581088903,-0.0238866931311381,-0.0228854349794692,-0.0146541426333871,-0.008444956866075,0.0072099382187992,0.0106640694973794,0.0100475748001665,0.0098193068800886,0.0085036033821593,0.5765447886496504,2
2015-03-26,0.0065370868827283,-0.0012249627592446,-0.0034132591877101,-0.0023810078896815,-0.0155894026065297,0.0071289778092106,0.0092620275411792,0.0098844418577411,0.0089586808104251,0.0103883644304383,0.5998685584764666,2
2015-03-27,-0.0036370435238182,0.0063767740402269,0.003995892165979,0.0022898368297994,0.0124369693622015,0.0075208065240187,0.0093988029921024,0.0098653568491798,0.0087540820721611,0.0107205039120749,0.5574784290787766,2
2015-03-30,-0.0113853431808621,0.0135661659191788,0.0114672994963496,0.0121994562514899,-0.0049589349396458,0.0088632012622303,0.0101501276703119,0.0096714225365769,0.0085693173711876,0.0107749700656617,0.4586414876631405,2
2015-03-31,-0.0007911765968406,-0.0032058843880222,-0.0105877120037131,-0.0087394257301649,0.0021467452619294,0.0085088547461939,0.0102452571145272,0.0102407979030465,0.0089988036282516,0.0105474364543219,0.4757048810366076,2
2015-04-01,0.0170684035677051,0.000401777989043,-0.0052080548036883,-0.0035363276532198,0.0131351355778535,0.0079858493594152,0.0099389704228641,0.0095700223605775,0.0079205117658422,0.0095107148873321,0.3114637359387783,2
2015-04-02,-0.0027681634865752,0.0018486891231843,0.0006663121070984,0.0035974693309333,-0.0105958936574499,0.008113675114367,0.0099374890823018,0.009536444893098,0.0080253993064831,0.0100303111959854,0.2971395962805867,2
2015-04-06,0.012231121417765,0.0044124405860241,0.0081811966389273,0.006733655403972,-0.0055838103416113,0.0082168542402241,0.0096039742627925,0.009728474835158,0.0077637442376806,0.0100058814369805,0.242799060001113,0
2015-04-07,-0.0049704500721552,-0.0063896778243415,-0.0016986057628262,-0.0026469063755163,0.0083840666998429,0.0084422497905648,0.0097981552990102,0.009729831577367,0.0077743014885749,0.010424011301078,0.2326603444263766,1
2015-04-08,-0.0055120091833965,0.0086012679383118,0.0079396900692849,0.0033772504957201,0.000305635946846,0.0087252622672655,0.0102463541167136,0.0102309965704106,0.0077362661391946,0.0098709036629377,0.2282504882857303,0
2015-04-09,-0.0069282328163202,-0.0035866030369586,0.0062828120947482,0.0044237946709599,-0.0129644260391424,0.0090547265273591,0.0061818786083572,0.0069924361825432,0.0059761076921388,0.0103478769142542,0.0960888700855883,1
2015-04-10,0.0113369065362893,0.0047994207834691,0.0041001727947549,0.0054565153861876,0.0014678985367104,0.0095541168525473,0.0061172231714364,0.0067747708535091,0.0059196071314635,0.009061853236698,0.0995097457512149,0
2015-04-13,-0.0071570390818148,0.0006365734408011,-0.0025056714944448,-0.0045225642348707,0.0013887824255895,0.0097840902956958,0.0060002427404948,0.0069270039130255,0.0063025017473066,0.0080445753888682,0.102432855093,1
2015-04-14,-0.0060795288514229,-0.0002386415403454,-0.0028843704592039,0.0019130264715583,0.0070877646256908,0.0092188364302975,0.0044621571834256,0.0061605349345292,0.005113899174543,0.0082401272952058,0.1522330756560515,0
2015-04-15,0.0086508025397535,0.0070027981930258,0.0062520497023892,0.0044868107371758,-0.0008410275275015,0.0095337748527198,0.0046269121811425,0.0050085057912057,0.0040222623598877,0.0082270210893935,0.1379897990528616,1
2015-04-16,-0.0034653168571547,-0.0005531591858604,-0.0013913964325311,-0.0002852567753034,-0.0049767319169803,0.0079002945358484,0.0046674786555676,0.0045091985807515,0.0036452139360694,0.0069526154566553,0.2673533780795528,0
2015-04-17,0.0049552264702519,-0.0162083311382784,-0.0156003086282511,-0.0115030905565898,0.0114650039094932,0.0080267573248601,0.0073216778336297,0.0073075777687594,0.0056196032100405,0.0072846544394993,0.1422142151466167,1
2015-04-20,-0.0076124330885261,0.0098047218203878,0.0149986281196454,0.0091369098000966,-0.0088251343038545,0.0071568286635174,0.0078730301750655,0.008314354031521,0.0059461482726732,0.0076519115662877,0.0718209460464905,0
2015-04-21,0.0057531034317643,-0.0010345247370641,0.0042751175818469,-0.0011913764061057,-0.0045284628169279,0.0074077124106405,0.0075357871180014,0.0082695492234691,0.0058646593163309,0.0072029468239716,0.0689219269114941,1
2015-04-22,-0.0134338313335101,0.0015137727792249,0.0054599742977337,0.0049139044228707,-0.0152655558595982,0.0083538346208788,0.0070510327121859,0.0081122199703717,0.0059496235180369,0.0084537107738855,0.0838838817927821,0
2015-04-23,0.0072915911245137,0.004534175602473,0.0037735370182621,0.0025163793268427,0.0043062778161444,0.0085165533658394,0.0070323430752454,0.0079995690736471,0.0058677506962063,0.0078429489987458,0.1120255707361711,1
2015-04-24,-0.0140415189161868,-0.0033260518890442,0.0135706521257756,0.0023205493651206,0.0062370478853217,0.0085520174130544,0.0070172705381417,0.0088387387710103,0.0056896805603561,0.008140411738765,0.0392225335522455,0
2015-04-27,0.0201680558845542,-0.0110438355049398,-0.002533027424126,-0.0041577526108758,0.0,0.0109365798749702,0.0078604185841645,0.0088404968343898,0.0056529654131271,0.0081184114321771,-0.0033750111798012,1
2015-04-28,0.008670770693864,0.0055432042620227,-0.0019953862309364,0.0031787998548584,-0.0137912420752764,0.0109873371523517,0.0081270814018957,0.0087835942786199,0.005694303242743,0.0086103548797599,-0.0074935259735551,0
2015-04-29,-0.0070489098419778,-0.0108657221692184,-0.0062704829473836,-0.004114868147551,-0.0122555325642823,0.0110044250007846,0.0082870611214713,0.009104691246523,0.0057486815536367,0.009091194117601,0.0469479954633476,1
2015-04-30,-0.017660816187341,-0.0211635470443477,-0.0157292194712617,-0.0100204848115373,0.0017500149875337,0.0123519334303166,0.0101871658224241,0.0106036861814602,0.0065816463286284,0.009239104071001,0.139559252113623,0
2015-05-01,-0.0034370263986326,0.0065197122433566,0.0131935089660308,0.0108416612943531,-0.0134614558386914,0.012163687235003,0.009742118140744,0.0097753943327414,0.0063685162109127,0.0081771885319812,0.1827141232070636,1
2015-05-04,0.0090201328842416,0.003607326524607,0.0016504075141503,0.0028471695838188,-0.0094356990055162,0.0124649350441136,0.0090861737887315,0.0087984019805597,0.0057982325298981,0.0082063105309334,0.201594909374682,0
2015-05-05,0.0028045547686559,-0.0127439538695006,-0.0162958543171258,-0.0114513752646565,-0.0013839549969011,0.0123355262474816,0.0096057349271255,0.0103548539519684,0.0069634146593499,0.0083133724784929,0.1799712900708125,1
2015-05-06,-0.0005243625201353,0.0034750616652459,-0.0068870333967833,-0.0041172269823611,-0.0171209915321062,0.0115104973154237,0.0097440089121305,0.0102988710340608,0.0067938286319872,0.0085763069469433,0.2089334978277082,0
2015-05-07,-0.008219678527364,0.003793200570471,0.0059977596603622,0.0039894995082387,0.0134375884960089,0.0115423051768976,0.0096783295849235,0.0104543159042629,0.0068989023970723,0.0100906585286142,0.1973857741556424,1
2015-05-08,0.0048492599245024,0.0074756636159243,0.012482439707419,0.0131662848517122,0.002700987157471,0.0106900021515016,0.01029778919438,0.0102839417907595,0.0082174071806649,0.0097238984406984,0.2958753561152462,2
2015-05-11,-0.0038606864674344,0.0005705808594538,-0.0038642889551083,-0.0047726215131778,-0.0243241752396562,0.0083021868631366,0.0098785845888815,0.0103053996502753,0.0082543262439143,0.0112663912475394,0.3693709833501292,2
2015-05-12,0.0085440080254806,-0.0017923232566554,-0.004525851633111,-0.0029911198261413,0.0025933609958506,0.0082849419081066,0.009575159232544,0.0103425000523784,0.0082170632758336,0.0114220999199323,0.372736531162964,2
2015-05-13,0.0179039567839109,0.0,0.0020413769309162,0.0001902311856145,-0.0080110296724538,0.0100215519827044,0.0090749243263665,0.0102972815065623,0.0081283757055884,0.0112307509348664,0.332233093124432,2
2015-05-14,0.0054053816981729,0.010612629963919,0.0146296102773832,0.0104276365326565,0.0026916262078227,0.0076342694408934,0.0064130222411563,0.0100068561922798,0.0079626002242792,0.0113003967627569,0.3172849470251527,2
2015-05-15,0.0029868447961221,-0.0011307020403492,0.0,0.0010839251688523,0.0200506238897075,0.0072708208551821,0.0062891865859355,0.0091795022416773,0.0073038861565017,0.0133684119699717,0.3508063514733429,2
2015-05-18,-8.510283616403047e-05,0.0113222273150945,0.0043804291055964,0.0031065035667867,-0.0167770755728886,0.0071258006108515,0.0070223106027021,0.0092570306346838,0.0073122712044595,0.0140153574370428,0.3118191322765016,2
2015-05-19,-0.0138699566029483,-0.0013595409111045,-0.0010904249274018,-0.0003285869818271,-0.008867514034188,0.0089012705586516,0.004957088806681,0.0071456626172779,0.005950017053228,0.014141588421974,0.3534651439249541,2
2015-05-20,0.0016395067944336,0.0018418788706975,0.0006369007258686,-0.0007036247462546,0.0016884933106129,0.0088779137685332,0.0049774208171022,0.0064291091138497,0.0056520966576708,0.0133362642464783,0.339021652194697,2
2015-05-21,-0.0033597465842225,-0.0011190520180728,0.0051809715135875,0.0029123569150761,0.0139856602648791,0.008405381593685,0.0051446528063695,0.0063928496296079,0.0056268852440439,0.0134053369765086,0.3374626972087263,2
2015-05-22,-0.0007779753253159,-0.0043211991404683,-0.0009946569851992,-0.002389175359457,0.0004152860008677,0.0083829122630121,0.0052642982872887,0.0055311931117084,0.004240590812165,0.0133464904644811,0.3190831615147753,2
2015-05-26,-0.0146193324768083,-0.0095633631299901,-0.0114962063460745,-0.01075143217695,0.0171102814035952,0.0097237430587162,0.0063238435036586,0.0067640875350042,0.0053634481779875,0.0118779040500929,0.2538271369127683,2
2015-05-27,-0.0001756147117708,0.0122523082445022,0.0161172132923668,0.0094922167839068,0.0022858586270839,0.0092913255821676,0.007260905952917,0.0079740413512588,0.00599148719473,0.0118779989353339,0.2822361027145598,2
2015-05-28,0.0011414281685366,-0.0008817525166409,-0.0022528959400625,-0.0011285063446753,-0.0024437710220881,0.0067742141451307,0.0072912064666085,0.0081417106026269,0.0060330937516043,0.0114557978608995,0.3546668071715758,2
2015-05-29,0.0007016473724792,-0.0060173377274177,-0.0059611555043871,-0.0062128528592052,0.0022051679234265,0.006338975826146,0.0069369805408285,0.0072961913819062,0.005464705017276,0.0114583512015062,0.290996294294808,2
2015-06-01,-0.0008764108278561,0.003147734615561,0.0033613721510485,0.0020363854120062,-0.0107477754879617,0.0060698323253918,0.0069842582330934,0.0073502820850501,0.0055033860887427,0.0104505735264327,0.2541922411001487,2
2015-06-02,0.0040350796883565,0.001931368570559,-0.0031695394028928,-0.0009928896788096,-0.0139523929328928,0.0064214564265111,0.0059226043778101,0.0073280172053427,0.0053643686943229,0.0099776337414544,0.2800710580277721,2
2015-06-03,-0.0071640721770322,0.0099584474036271,0.002998246372412,0.0026497332273958,-0.0160747469769428,0.0053815972423084,0.0067450687345255,0.0073722913201439,0.0054753876793542,0.0109187374776316,0.2152090138882716,0
2015-06-04,-0.0070398016196283,-0.0100195514650788,-0.0076084944657642,-0.008446151812291,0.0130194976106685,0.0054387503161936,0.0075243489611398,0.0077969391894208,0.0060257602907028,0.0117346306827444,0.2052607562251893,1
2015-06-05,-0.0053172500318454,0.0072291659604621,-0.0023734693511527,-0.0017132890836368,-0.012179962224939,0.0054955266740174,0.007897370776128,0.007560385887814,0.0058426807055907,0.0113233828172587,0.1719891345210411,0
2015-06-08,0.0029401446662109,-0.0046251923352319,-0.0101555082021946,-0.0061499237487362,-0.0011050897613446,0.0057815938030898,0.0079179999183925,0.0080783555710986,0.0060074199001097,0.0112969850690842,0.1471530036798529,1
2015-06-09,0.0022208403720151,-0.0030443841039097,-0.0016636032455831,-0.0001437437270692,-0.0079174240476987,0.0041166154709735,0.0072523163295236,0.0073686155741644,0.0051960343660984,0.0091064457951023,0.1167244534175867,0
2015-06-10,0.0085091214950312,0.0124557805577216,0.0137020395365152,0.0119933453624083,-0.0087523659406494,0.0050980456061453,0.0072876148539588,0.0067568419642201,0.0057870396657256,0.0088316267715611,0.1456055255857079,1
2015-06-11,-0.0045701937831363,0.0025398587277856,0.0014618211761228,0.0032233837817106,0.0210356453708029,0.0052626780919993,0.0072690478688292,0.0068013506926465,0.0059225385568794,0.0122723620788564,0.2030629410991306,0
2015-06-12,-0.0002648664906503,-0.0030085408705019,-0.0082081625934817,-0.0076549850268461,0.0,0.0052438134708473,0.0069867478310909,0.007019266312096,0.0060955003133067,0.0121789737447862,0.2077464102223517,1
2015-06-15,0.0044157907372293,-0.0031760061113035,-0.0049657172070817,-0.0042852377208267,0.0016107309237112,0.0054911636333932,0.0071216553667695,0.0069157263403882,0.0061286584632804,0.0120064881200921,0.1966821274626049,0
2015-06-16,-0.0036050615493486,0.00708984191088,0.0054525592099068,0.0054518222909865,0.0078723551000134,0.0053628129813248,0.0073769229943726,0.0072812836452683,0.0064762429195829,0.0116581547156003,0.2105315657124719,1
2015-06-17,0.0046770100663977,-0.0015033421763596,0.0027573290878639,0.0016173177839025,-0.0077270957879579,0.0051505576856691,0.0067907127620289,0.0072664680706541,0.0064283714231547,0.0106547575916209,0.2401933641987637,0
2015-06-18,0.0129117368502842,0.0133884866187272,0.0145737506002963,0.0103988886649488,-0.0049090309012453,0.0058524265643626,0.0068366343001867,0.0083797507391835,0.0066350965470861,0.0098045438662341,0.3249662264180882,1
2015-06-19,-0.0017342780850801,-0.0004691368655127,-0.0049437274332417,-0.004439037954996,0.0128436011757175,0.0054365336139067,0.0067064813276911,0.0085346852039661,0.0068247195431113,0.0098858402756261,0.2988327966686334,0
2015-06-22,-0.0128561789578096,0.0068827165460689,0.0073708784487183,0.0051228552773796,-0.0204066791164229,0.0072896395626039,0.0064317631449555,0.007802889310637,0.0064319814829774,0.0120532198157069,0.2635579275859923,1
2015-06-23,-0.0065997888422051,0.0020971250106183,0.000812861728678,0.0007080121793514,-0.0060003948477105,0.0076464463249905,0.006080545628188,0.0076926894205551,0.0064041278711495,0.0119392319407686,0.2699695824064997,0
2015-06-24,-0.0026574812063053,-0.0084489264435944,-0.0051448847363809,-0.0072629261621054,0.0086241588260371,0.0070740032802583,0.0062985823068979,0.0070031317835315,0.0060203157712401,0.0118597921041465,0.2323531156490677,1
2015-06-25,-0.0013322133525454,-0.0005471666330476,-0.0019957900451292,-0.0030402824053119,-0.0035059016010283,0.0069671674722791,0.0063197040552015,0.0070583632419537,0.006006806962186,0.0096550845063489,0.2176339862154048,0
2015-06-26,0.0010671924100147,-0.0027375363953042,-0.0066366825543372,-0.0001902835839497,-0.0112404460427764,0.0069892065175109,0.006300056722272,0.00685577409276,0.0054329476019257,0.0101468378285659,0.2325860296071163,1
2015-06-29,0.0045309359212182,-0.0252551840625656,-0.0236112393693789,-0.0209705600359046,0.0264681627033509,0.0069984243265902,0.0104972934233317,0.0102644559607814,0.0086463376516533,0.0136477395332957,0.0943507298195468,0
2015-06-30,-0.0061908282491507,0.0046671570119374,0.0035621184602618,0.0020931190566613,-0.0069322831519355,0.0071691287572674,0.01031753342999,0.0101463483516051,0.0084188699164734,0.0135256517807122,0.0693077478711807,1
2015-07-01,-0.0034706717105629,0.0029633964889723,0.0079386773353757,0.008015681474891,-0.013497891325568,0.0069343298921171,0.0103989522085845,0.0105040030201686,0.0089185521201532,0.0139478679558316,0.0569665813879903,0
2015-07-02,-0.0019646473844252,-0.0073856579072943,0.0002777555156108,-0.0009155264574549,0.0032863507027822,0.0047044852346354,0.0092759699684102,0.0090502721185678,0.0079869437283724,0.0139892344631652,-0.1404839444473418,1
2015-07-06,0.0026842825396298,-0.000323308856951,-0.0023157416176265,-0.0028461087478662,0.0185346083625195,0.0050444002897557,0.009280195885049,0.0090009631697055,0.0079506443008381,0.0147136227877596,-0.0973275493990539,0
2015-07-07,-0.0116008874771172,0.0011314537447293,0.0025068947828488,0.0062891275932936,0.009394635097095,0.0047712233065223,0.0087774422517229,0.0085605028526456,0.0080731841017682,0.0131625198149441,-0.0927983617774583,1
2015-07-08,0.0029793625432967,-0.0152566587457759,-0.0174125261548372,-0.0167777935132217,0.0086368084888275,0.0048298094833029,0.0092748048071814,0.009656131260824,0.0092714422488658,0.0129222581172127,-0.0926263691909969,0
2015-07-09,0.0024305003273175,0.0036065806696368,-0.0005653265014829,0.0018091864713392,-0.0197020610344543,0.0049714251359422,0.0095726330056195,0.0097191114879139,0.0093126737173714,0.0147637581071526,-0.0868212362784894,1
2015-07-10,0.001167360387082,0.0138856644600653,0.0152787421878897,0.0125913833575144,-0.0158583062215614,0.0050203067933388,0.0111024055125098,0.0114597003538759,0.0104793453982402,0.0156841056131662,-0.055102392918304,0
2015-07-13,-0.0044847072345535,0.0112784970413901,0.0175569510898967,0.0110374188656017,-0.0031020483665542,0.0050928235922955,0.0119195769150695,0.0128629266258837,0.0111654863690458,0.0152463260458346,-0.0597948246332849,1
2015-07-14,-0.0022524552194951,0.0055763208825876,0.0065727355664517,0.0043380764549849,0.0032840155465616,0.0046486604070239,0.0084512029600749,0.0097995507160174,0.008402148037126,0.0123919313476888,0.0173418616022494,0
2015-07-15,-0.0052374409684715,-0.0053075880696101,0.0010882654474189,-0.0003322170690476,0.0105973768841767,0.0045637638891321,0.0086886209826244,0.0098245150516374,0.0084520892032689,0.0127867112683702,0.0130374115272338,1
2015-07-16,-0.0036310957932229,0.0059732209493881,0.0141333400198566,0.0080239503308321,0.0069054461169659,0.0045698837289894,0.0088147588132771,0.0103455058639832,0.0084527086185712,0.0119672770579369,0.0261096707888033,0
2015-07-17,-0.0101129791248898,-0.0043542788912834,0.0147397147616288,0.0008478883800304,0.0051649076880624,0.0052417267925632,0.008529705037018,0.0108123586784255,0.0083958712994696,0.0120009620477439,0.0209682068611255,1
2015-07-20,-0.0271514453401463,-0.00540715061403,0.0034336295841101,0.0005177672502518,-0.0042117484157765,0.0089494463806732,0.0088055079552433,0.0105196720889172,0.0082235808468517,0.0106833196157256,0.1296900672052889,0
2015-07-21,-0.0031219887529584,-0.0047169762000772,-0.000614289234834,-0.0039513005916193,0.0054134230056883,0.0087368026106494,0.0089962708010102,0.0106712446720599,0.0083816671934582,0.0103684558506219,0.1246971827835971,1
2015-07-22,-0.0054095063107769,0.0036948856610883,-0.0113246214556322,-0.0017944738537342,0.0062259872737446,0.0082826949389584,0.0070974375803991,0.0093107901723688,0.0055507178362837,0.0101639137024992,0.1700224941864693,0
2015-07-23,-0.004484744341763,-0.0110443396625334,-0.0037294399527911,-0.0056300274773095,0.0124584782968679,0.0077953364423087,0.008245292224449,0.0096088151341612,0.0062308671171852,0.0083489160538882,0.1233367350307082,1
2015-07-24,0.0097766378334596,-0.0161040845378886,-0.0098036588550489,-0.0103718525785624,0.0024772250581166,0.0090991461964269,0.0084715527083122,0.0100958724882222,0.0063553046040342,0.0052684430071566,0.1046041409432696,0
2015-07-27,-0.0046511425806038,-0.0083075748982242,-0.0082807037419311,-0.0058177602124961,0.0053543739374661,0.0090970091756742,0.0072218690686001,0.0092888092543903,0.0053351360236831,0.0045367117659583,0.1515220790470524,1
2015-07-28,0.001525806139458,0.0085429101937213,0.008622128819814,0.0122832860831731,-0.0072924412945554,0.0093282867073733,0.0077037919981744,0.0094558075227984,0.0067035422246319,0.0060550362876806,0.0772227725906466,0
2015-07-29,0.0014283139466164,0.0027959588195669,0.003779368434535,0.0068792590534638,-0.0037147835044372,0.0095644369411188,0.007938879699386,0.0095022670514063,0.0071135904028254,0.0060949293443784,0.0664169039651844,1
2015-07-30,-0.0085575881101865,0.002870388841341,0.0047510986269443,0.0002372580990055,0.007705302818832,0.0096365517667406,0.0076075833043992,0.0084801341349383,0.0065538322392523,0.0061585702502097,0.0031796575857028,0
2015-07-31,0.0063297562420441,0.0054786609634711,-0.0011599627853541,-0.0015181777527594,0.0073997540769237,0.0100744310466516,0.0080640185104178,0.0067579022277462,0.0065352271594005,0.0062867660618426,0.0446598024223255,1
2015-08-03,-0.0079100526888471,-0.0049609658269551,-0.0031263317942402,-0.003372783651976,0.0105264998642298,0.0060905156204948,0.0080456362799397,0.0065481788752761,0.0065561211365387,0.0060852870691488,0.0018201628237066,0
2015-08-04,0.0020172823011603,-0.0023703523176014,-0.0018817999351795,-0.0019544317772316,-0.0079321322841471,0.0061556227709889,0.007997338147157,0.0065287078057282,0.0064967278135959,0.0072521029307722,0.0300244964728372,1
2015-08-05,-0.003642961003853,0.0022941966068918,0.0077206452200684,0.0032955517376915,-0.0075058373935203,0.0060390559680381,0.0078993374143626,0.0063516471761549,0.0066347215858514,0.0079110145525818,0.0365395288061834,0
2015-08-06,0.0044260471771571,-0.0134868751599047,-0.0160355374008923,-0.0081879255984981,0.0088777860215236,0.0060948650232675,0.0082378129548456,0.0080520904528219,0.0068945424532357,0.0074500145865767,0.0027765324472494,1
2015-08-07,0.002490680503407,-0.0067117715709069,-0.0012677693926057,-0.0019195016770483,0.0131187434530424,0.0051717192734664,0.0069226588499027,0.0075133255218894,0.0060662361743345,0.0083021688801137,0.0583948428772352,0
2015-08-10,0.0102245549854065,0.0115117948204741,0.0114226905526011,0.012598997579271,-0.0123859355604164,0.0059718671233686,0.0075310828734322,0.0078757247824751,0.0068511214325233,0.0094737072157893,0.0744212501910259,1
2015-08-11,0.0051078406100282,-0.0085769115726866,-0.0128172500854402,-0.0090232515720674,0.0158794754484825,0.0061235305668378,0.0074695566385385,0.0085453655945406,0.0065467785975048,0.0100679687695642,0.0473718336317981,0
2015-08-12,0.0140221892886778,-0.0019130975492639,0.0034503892953046,0.0011982293171701,-0.0054509191433512,0.0073499161962358,0.0073429239752146,0.0085261256995729,0.0060851191130223,0.010214303166316,0.0544862795363629,1
2015-08-13,-0.0082598551243474,-0.0033336835666599,-0.0016291162986906,-0.0012440589214246,-0.0032241530850657,0.0073008073196536,0.0071849117894932,0.0082922389009309,0.0060733345125427,0.0102423497051844,0.095072196657169,0
2015-08-14,-9.360037594363656e-05,0.0064389461501308,0.0015409214263701,0.0036420065927913,0.0023448072839045,0.0072064783768025,0.0073044675170082,0.0083495054710122,0.0062424792793108,0.0100656372074085,0.0808196584701587,1
2015-08-17,0.0026204846354274,0.0105517731867146,0.0083248402843407,0.0055870216762745,0.0045179340365189,0.0063411708330805,0.0082215992797621,0.0088365041315415,0.0064241664403587,0.009631949872044,0.1089459963917904,0
2015-08-18,-0.000186657739,-0.0079752075179719,-0.005114966056697,-0.0028965912776626,-0.0078705037598998,0.0064128175554648,0.0085435046445627,0.0089664360103348,0.0064692713081833,0.0096257426330187,0.1355832937241387,1
2015-08-19,0.0134441455811837,-0.0103595602055365,-0.0065851981277071,-0.0079056511899278,0.0098756182875721,0.0068078391595569,0.0089108055910474,0.0086555033535771,0.0068523232913918,0.0095219918475429,0.1130441293070419,0
2015-08-20,0.0174113250715182,-0.0252911600064662,-0.027694631884736,-0.0208812486211376,0.0100994440929378,0.0079587999213342,0.0110660526097346,0.0111897260328868,0.0091576890983841,0.0096192761755386,0.0271641305066026,1
2015-08-21,0.0062476892136777,-0.0116847610517153,-0.0437052467296933,-0.0301027809327251,0.0030153081950359,0.0078799017361525,0.011331686837063,0.0169887908102776,0.0127381400665265,0.0089064432214395,0.0481863434054019,0
2015-08-24,-0.0053990685588957,-0.0390333962462506,-0.0384765934827215,-0.0421069774739355,-0.000316242835926,0.0084865859192457,0.0144549799505755,0.0181718296982721,0.0157723837525703,0.0074943436064928,0.2573891036026268,1
2015-08-25,-0.0123947808949411,-0.0076893850929143,-0.003757965881227,-0.0117674228058615,-0.0160654109464756,0.0100129356317239,0.014461392585978,0.018366331347899,0.0157701565455493,0.0081228995275617,0.2654728926092377,0
2015-08-26,-0.0136497383948078,0.0254352272786886,0.0503617288750757,0.0383937164085028,-0.0193032588989864,0.0103663868678619,0.0180878661800319,0.0266802095639187,0.022021878304784,0.0100500485267328,0.0901964724152189,1
2015-08-27,0.0005573064828525,0.017869844079047,0.0253325884116168,0.0247352092558845,0.0005738979667755,0.0099550519413616,0.019648896418505,0.0285438442456776,0.024192372156732,0.0100575039157043,0.1250604719723879,0
2015-08-28,0.0090039316911072,0.0098699052875645,-0.0001894787517514,4.991680835564338e-05,0.0029508820708485,0.0102693900112446,0.0198833545222233,0.0285119005667945,0.0240872865346819,0.0100837860807797,0.1388975831713028,1
2015-08-31,0.0011039811403046,-0.0036325208002178,-0.0124026816870423,-0.0080789236433006,-0.0076819393142879,0.0102665576885227,0.0192388357162356,0.0282564799919815,0.0238257152545408,0.0100460455228024,0.1225184060484439,0
2015-09-01,0.0034919799162251,-0.028645938186925,-0.0312531661633314,-0.0298478886865953,0.0072052539184075,0.0102607798971822,0.0206248167742309,0.0293310720701753,0.0249274796285894,0.0102745179841125,0.1071607777773707,1
2015-09-02,-0.0053113023614373,0.0179623889690598,0.0282038653240548,0.0189810384597546,-0.0086043522382801,0.0096273633220158,0.0220554299094704,0.03160298471926,0.0264333251964536,0.0097570167065351,0.0693555955723813,0
2015-09-03,-0.0071810567940346,-0.001579957426416,-0.0049085811057919,0.0007163554007085,0.0048766185833282,0.0076545558384871,0.0208093204835188,0.0306197130406737,0.0259662165316506,0.009107197078383,0.1007371627391669,1
2015-09-04,-0.003245534922168,-0.0075619427293232,-0.0118964997589532,-0.0151365623849588,0.0091306523408074,0.0070327855167301,0.0206387494641947,0.027414945981589,0.0246881854980378,0.0097627111049947,0.1333100621688481,0
2015-09-08,0.0002790843789475,0.0228583752644813,0.0281909933956814,0.0251309889392772,-0.0147540428099079,0.0070738001682985,0.0171916177270214,0.0249900664419014,0.0216425582660146,0.0104130900403526,0.078735314104327,1
2015-09-09,-0.0129278221079452,-0.0115201831085697,-0.0112336923252825,-0.0133718332983509,0.0047989099684768,0.0071562101568526,0.0175324327792385,0.025447567679624,0.0217805564932153,0.0098386000502997,0.0072194313756914,0
2015-09-10,0.0023556016816155,0.0045564985188324,0.0108797446307939,0.0054418559879472,-0.0067518405752989,0.0061802699213679,0.0158749650017537,0.0203573461524691,0.0182283742763628,0.0080321065281979,0.090130831750209,1
2015-09-11,-0.0020679977156281,0.004710373804496,0.0055242745304981,0.0045442716153183,0.0063000662212304,0.0061536253534116,0.0149323365870238,0.0187422055709788,0.0163072066548977,0.0083411309922252,0.0668626479711361,0
2015-09-14,0.0005651616100608,-0.0046015415076999,-0.0030311738534414,-0.0037104387169154,0.0015656281869576,0.0050383011811284,0.0146435354998365,0.0187684632671512,0.016319632643205,0.0082933769362714,0.0323134215407893,1
2015-09-15,-0.0030126124190049,0.0112517437548784,0.0117816670161141,0.0124995103560505,-0.0191647904506248,0.0048960020828888,0.0150677778989019,0.0185774955246471,0.0166956195160126,0.0100284104533852,0.0424405981298553,0
2015-09-16,0.0133144099376645,0.0086252237409929,0.0056345035642826,0.0086666463623599,-0.0037737256037262,0.0068663210817231,0.0110697212199804,0.0143790832626526,0.0129277965481288,0.0095544174129739,0.1221620802951594,1
2015-09-17,0.0102507327233418,0.0034204072369243,0.0003732109890484,-0.0022478330716906,0.0122057321198734,0.0076782549619349,0.01000422999833,0.0120980183366098,0.011970614999191,0.0103440916654902,0.1723508064972497,0
2015-09-18,0.0073793505704204,-0.0138059641051621,-0.0142229377463036,-0.0163418202155311,0.015385047757749,0.0075803133857026,0.0112924125819996,0.0131026514720544,0.0133499007083973,0.0114337576049462,0.1189912200221679,1
2015-09-21,-0.0062265388780913,-0.0018148038174243,0.0031325454948782,0.0051676907996183,-0.0162987518828877,0.0078328599946412,0.0109029156847498,0.0121320792577738,0.0121933934364375,0.0121075042630731,0.143566567891983,0
2015-09-22,-0.0068183716216044,-0.0151502571400579,-0.0149510233676561,-0.0129799248583879,0.0139040029680819,0.008216679782112,0.0095010605340422,0.0099267655731823,0.010144893655075,0.0121575946503827,0.1741697963698557,1
2015-09-23,0.0039892411311208,-0.002988648195219,0.0007687605518089,-0.0015985463899726,-8.227115541370456e-05,0.0068172765221033,0.0088557506482908,0.0091986064652003,0.0092207226903209,0.0120776870943039,0.1162143497502162,0
2015-09-24,0.0209757588011572,-0.0016752621897174,-0.0036475258323689,-0.0036158726427852,0.0068165418416403,0.0090955946303202,0.0086715060417025,0.0085145142184744,0.0090642161395783,0.0119553659479473,0.1015838121628222,1
2015-09-25,-0.0061544059944158,-0.013161399275902,-0.0084777958474941,-0.0002590199945274,-0.0086455802425767,0.0094741803766781,0.0091460677315631,0.0084985819363314,0.0088651105095307,0.0122451085487663,0.1444309523996715,0
2015-09-28,-0.0126582225712803,-0.0280019703509467,-0.0284686089603641,-0.0250970850968641,0.0171132063725323,0.010754224409337,0.0121156291866626,0.0118856631375333,0.0116236908779152,0.0133740096042027,0.1973308105045651,1
2015-09-29,-0.0040582440457718,-0.0071102320777566,-0.0052008159244817,0.0005851068223339,0.0028311468898876,0.0108144149717386,0.0106227826620517,0.0103683662597562,0.0103310694439176,0.0111819002784124,0.2499470603787505,0
2015-09-30,-0.0103723162785965,0.0155306060656286,0.0230223912469873,0.0186583317543151,-0.0034685705674341,0.0106535678997523,0.0119098482412705,0.0135885011882758,0.0121059220151827,0.0111588863926742,0.1530507354770394,1
2015-10-01,-0.0012165193025964,-0.0017398004368568,0.0045202219307276,0.002608967036761,0.0042664572024013,0.0099792531588747,0.0115394630023339,0.0138240479902094,0.012270215298386,0.0107844547390188,0.1189626433631483,0
2015-10-02,0.0211748752530056,0.0148611711359867,0.017511248899789,0.0149380639896885,0.0060573943843047,0.0120783879088672,0.0131122096149349,0.0149064844104638,0.012556179333481,0.0099855199374105,0.2693754467499082,1
2015-10-05,-0.002018545050144,0.0238632645151435,0.0143252673613538,0.0177944494763482,-0.0135672642597083,0.0119148351658202,0.0158445330774713,0.0156670071738486,0.013731285220728,0.0094444724285782,0.1914967167575182,0
2015-10-06,0.0100211823198088,-0.0068861360616302,-0.004738988023585,-0.0034260655936525,0.0043133811084707,0.0119892113801001,0.0152615738085048,0.0149026972929537,0.0129528257015005,0.0086104155231269,0.189218661224173,1
2015-10-07,-0.001456432379578,0.0176903763323312,0.0060001687278437,0.0081903507931846,-0.003322742854692,0.0120108725989021,0.0162881076324116,0.0149867668814832,0.0130154526952923,0.0087392453162039,0.1754006778961033,0
2015-10-08,-0.0051048092449625,0.008996985563298,0.0039759949789353,0.009026641005972,-0.0083749545204305,0.0099480263477262,0.0164179194174104,0.0148902870126762,0.0129109409988224,0.0089791284673137,0.2054313846339723,1
2015-10-09,0.0158512311398975,0.0019911280961835,0.0045259657049097,0.0005964405083798,0.0026241608619581,0.011094310551802,0.01549499172975,0.0144096837208601,0.0128801600585929,0.0085073018844849,0.1363431156004273,0
2015-10-12,0.003968564996047,-0.0014686514794343,0.0024407279604972,0.0009438161654551,0.0076055254245535,0.0100101864505376,0.0110579335016976,0.0091251738553542,0.0079427885469502,0.0068590611263774,0.1023972823807971,1
2015-10-13,0.0049411828570771,-0.0136715818844939,-0.0064613147917632,-0.0063022740265629,0.0017045882580828,0.0097380374649018,0.0121051250567136,0.0093136419126505,0.0088111764876127,0.0068146124703893,0.0964702040797049,0
2015-10-14,0.017432477539802,-0.009825116690564,-0.0016023281582628,-0.004793857888742,0.0087508221881167,0.0092702759103097,0.0125161879356027,0.0075521538239886,0.0082610935087742,0.007248362004867,0.1271061493040751,1
2015-10-15,-0.0045689891417376,0.0239212304116445,0.0164260778016045,0.0153544008056942,-0.0049000030524635,0.0096283888042128,0.0139033003661196,0.0085120419729661,0.0089816682961009,0.0073687917877804,0.0833706080170404,0
2015-10-16,-0.0070615504042084,-0.0012979430829315,0.0041793804561875,0.0045467107827008,0.0003230505090234,0.0087958957795031,0.0136895724079082,0.0073399117462608,0.0083099758905562,0.0070697921600625,-0.0666836274500378,1
2015-10-19,-0.0041781600998189,0.0019061339384112,0.0057343778654883,0.0004917893126969,-0.0027437982773634,0.0089631935411302,0.0118453657562435,0.0064315978016482,0.0068334531654541,0.0054981333425463,-0.0268550833704562,0
2015-10-20,0.0063382140255681,-0.0013835393029888,-0.0051499601907699,-0.0012783255843853,-0.0061490763425657,0.008714135371737,0.0115025528759396,0.006487950683778,0.0066593356700669,0.0057041697721342,0.0166405942231585,1
2015-10-21,-0.0088707528627824,-0.015240770338606,-0.006100891138159,-0.0062035961618749,0.0099319538134099,0.0093884771739586,0.0114434056971077,0.0069776658951962,0.0068870775138366,0.0064528633384412,0.0455842463099006,0
2015-10-22,-0.0003580140904458,0.0087935925003748,0.020368456337062,0.0168939331453128,0.0016932868402566,0.0091123201167805,0.0114246039702281,0.0091376908191411,0.0081998622613522,0.0055745568038928,0.0785879589158471,1
2015-10-23,-0.0017011588974217,0.0098498193181773,0.02798266637246,0.0109614994486699,-0.0085307430037611,0.007821686808981,0.0118857342175055,0.0120083459786082,0.0086423920404433,0.0064563331185885,0.0196140822113636,0
2015-10-26,-0.0006277999535804,-0.0068188575537542,0.0006206302056013,-0.0024579568936005,0.006656194923013,0.0077359419269096,0.0120858391537201,0.0120782021290274,0.008800507940946,0.0063507494149265,0.0101316174014206,1
2015-10-27,0.0022435609738429,-0.0109510006323537,0.0020381879721789,-0.0019318855503056,0.0024996328080235,0.0075954638613424,0.0117800650042369,0.0114160640928031,0.0084021046965122,0.0063700372296245,0.0096450214285943,0
2015-10-28,-0.0080587528959488,0.029173976458523,0.0083128967475962,0.0113746153616216,-0.0040213990246925,0.0048119974290942,0.0143743079937385,0.0110641796835731,0.0082562318111953,0.0058472833624522,-0.0107922594670749,1
2015-10-29,-0.0095684922393395,-0.0106728006444358,-0.0015790235335765,-0.0005744332192647,-0.0159092835419556,0.0052677004947018,0.0130986948317076,0.0109034247691803,0.0074893404736586,0.0075509502146802,0.1665749436600372,0
2015-10-30,-0.0038279088978543,-0.0045737316331938,-0.0044799409604068,-0.004309730968021,0.0075497730039162,0.0050998199749165,0.013184772201548,0.0113663983162267,0.0078261391898194,0.0080850404480754,0.1529639519832703,1
2015-11-02,-0.0064959441358017,0.0208077401712081,0.0112946999243748,0.0118310004465511,-0.0045955188262645,0.0052176464531456,0.0147491336864278,0.0115530291888678,0.0083401703788312,0.0081528223061618,0.128250268477151,0
2015-11-03,-0.0148263471337392,0.0051810005269163,0.0034899536926535,0.0028992843711321,-0.0082002482402746,0.0052594547043439,0.0147329070844796,0.0109915644500873,0.0081812100871738,0.0083184362330466,0.191531285417333,1
2015-11-04,-0.0094410366847779,-0.0005070112560612,8.695255170021454e-05,-0.0030331372945205,0.0011578993761804,0.00530645067134,0.0134350623630661,0.0103795937162142,0.00780098526169,0.0074168183628737,0.2170672455070329,0
2015-11-05,-0.0031141061362016,0.0007607556785844,-0.0026951518558219,-0.0009982412104084,-0.0026429220409729,0.0050903769969488,0.0133584091478424,0.0095633009112562,0.0065006844171532,0.0072915537067354,0.1381434115716535,1
2015-11-06,-0.0145778201857718,0.0070956252603906,0.0006973680034951,-0.0005236357887102,-0.014655595157719,0.0056127411991478,0.0132344615166202,0.004854303511986,0.0057911682291031,0.0080613496802237,0.1915713499661338,0
2015-11-09,0.0028818737382825,-0.0117427930814282,-0.0106279698019222,-0.0093314291226285,-0.0056306871825809,0.0061295590000335,0.0137209393227228,0.0062539643586448,0.0066250685822864,0.0072887916855698,0.1612965885563145,1
2015-11-10,-0.0021072913552456,0.0029706734269243,-0.0025535963649255,0.0023069062697291,0.0029578355335055,0.0055705933313991,0.0128904820996855,0.0063093494981038,0.0065848037757558,0.0073385682900559,0.181685952999921,0
2015-11-11,-0.0033595553186392,-0.0087162647081219,-0.0012357816380519,-0.0039317536707104,-0.0021065687052971,0.0056607325755609,0.0098232784510895,0.0056302052780856,0.0056015814769123,0.0073744100940057,0.1453164690073123,1
2015-11-12,0.0001925902216484,-0.019122483195326,-0.0097225776008272,-0.0139597929383,0.0048134678527136,0.0058986105931915,0.0111261030979334,0.006309728803969,0.0070226809307359,0.0065907469420198,0.0450782195479878,0
2015-11-13,-0.002792498023961,-0.0072236693016753,-0.0196357016891821,-0.0112279855476975,0.0057135220745394,0.005939535563928,0.0112571614254253,0.0085186504180159,0.0076027100266259,0.0063105542491374,0.007562091641085,1
2015-11-16,0.001448450457852,0.0085913935920851,0.0143843283051712,0.0152067101564401,-0.0009186978908932,0.0062921450336985,0.0090725081300554,0.0091322732789188,0.0083524802300484,0.0062701531969504,0.1008563910720108,0
2015-11-17,-0.0132099388552318,-0.0038243761245581,0.0006280581976012,-0.0007296042546782,0.0016730429706044,0.0060139932602045,0.0086894548103572,0.0089570720937884,0.0081805146045883,0.0059457708984366,0.1218357667549925,1
2015-11-18,0.00087946033326,0.0169267493903664,0.019194975975785,0.0158658024427598,0.002086650360912,0.0059393805187112,0.0107807293797233,0.0114076695805686,0.0100454943298113,0.005989687768959,0.2621323879094394,0
2015-11-19,0.0110318973938425,-0.0042040673381786,0.0007039237639137,-0.0008619959531868,0.0066658417729172,0.0074906671574614,0.0107830305322364,0.0114073728382655,0.0100451859539955,0.006393452509522,0.2731999236010548,1
2015-11-20,-0.0045384437213529,0.0064619405447536,0.0067717468847954,0.0036441311582435,-0.0030621872134334,0.0061678079324073,0.0107258398426514,0.0116559745242058,0.010140188911674,0.0040503425335512,0.2531238399481169,0
2015-11-23,-0.0080511614234589,0.0049655514265065,-0.0028825745821938,-0.0011467179555223,0.0030715930062621,0.0063770960488635,0.0103316205831213,0.0111323036042937,0.0096487953810711,0.0032759142401908,0.1936024990387072,1
2015-11-24,0.0066497192545516,0.0073260233315042,-0.0008762202799931,0.0013392583379756,-8.314820123411781e-05,0.0069444691228538,0.0105745791722287,0.0110926543544615,0.0096336859715507,0.0033270917921181,0.1837814082207455,0
2015-11-25,-0.0046629429332567,0.0077799624867882,0.0008769887152908,-0.0001432692437074,0.002318318603566,0.0070020201867257,0.0103271044427401,0.0110710884864272,0.0095173343347509,0.0030332400262048,0.1320584723071533,1
2015-11-27,-0.0118094777989904,0.003776054851428,0.0014013621582833,0.0011462319146264,-0.0009916183816994,0.0077096188927393,0.0072651458096214,0.0104199250548363,0.0079910139998959,0.0030389041819216,0.1822036870450224,0
2015-11-30,0.0066172658661265,-0.0043469861738933,-0.0025366346269208,-0.0041513351535547,0.0039686873904749,0.0082275419108045,0.0068116227902874,0.0074421812121292,0.006897513017811,0.0028218353158848,0.1834484602330319,1
2015-12-01,0.0035321881556042,0.0066330753580983,0.0099982962977482,0.0095356885282995,0.0135076130564466,0.0083379736940415,0.0067032716247841,0.0068528069476257,0.0059522964373297,0.0045943082835106,0.3276387504066232,2
2015-12-02,-0.0155455255853255,-0.0107597065346042,-0.0061655167896271,-0.0102050113270448,0.0003252480469995,0.0087303865995522,0.0078760891681021,0.007460045214684,0.0071486297056545,0.0046541858379737,0.4242354949651343,2
2015-12-03,0.0106266726475339,-0.0168636008546337,-0.0169506858526832,-0.0140026818159972,-0.0271836856447217,0.0095429967608859,0.0086636652417171,0.0073073140284581,0.006706601107404,0.010575970921439,0.4221125226505795,2
2015-12-04,0.0222090650490591,0.0101199569096384,0.0233757150759623,0.0195030228938983,0.0087847308347102,0.0115104468226163,0.0090526396357777,0.0106400598941976,0.0094482482188571,0.0107474527141346,0.565104836250929,2
2015-12-07,-0.0129782591587026,-0.0150277434070517,-0.0045162132920733,-0.0060586586909086,0.0097033334069958,0.012209350527383,0.0102215128925494,0.0105938795618482,0.0095925222325734,0.0110874193187979,0.5455678116991117,2
2015-12-08,0.0016557725915762,-0.0055168805288148,8.703333125659185e-05,-0.0067192584479108,0.0004928915566977,0.0119104855084268,0.0101197989422066,0.0105402130024862,0.0097991722003772,0.011072703576095,0.5534731124753504,2
2015-12-09,-0.0019447389669781,-0.011181404059294,-0.0151791128433744,-0.0077798379673055,-0.001067514020321,0.0117366154665276,0.0099794965814855,0.0116546278588953,0.009982413714153,0.0110885988851762,0.5569684459680805,2
2015-12-10,-0.0008768154562138,0.0033308296415563,0.0045177129432165,0.0025809287227844,0.001314591155882,0.011638380851,0.0095067915190928,0.0117746661347774,0.0100720719509396,0.0110797361531804,0.5746682107058458,2
2015-12-11,0.0054607268837536,-0.0222784070957915,-0.0230158075119286,-0.0193809454516366,0.0157587736075706,0.0109263379092763,0.0106458853817587,0.0136901589906318,0.0114449594632813,0.011992963358134,0.4844434040009974,2
2015-12-14,-0.0128018590535406,-0.0071485764879194,0.0075820013190346,0.0050525596075376,-0.0129282527236846,0.011689022751644,0.0106171507133073,0.0140992080564451,0.0117672980704174,0.0129264897031703,0.4402200668568249,2
2015-12-15,-0.0026525618433288,0.0144000148978891,0.006091508215829,0.0104976119946262,-0.0058941184827528,0.0116409911613949,0.0119189449614962,0.0137794847911897,0.0118822338036591,0.0122577799924858,0.3504550476452507,2
2015-12-16,0.0121158727108527,0.0152604395539128,0.0148694372406497,0.0146321400136688,-0.002140555067904,0.0109854054638221,0.0135195921398471,0.0147173539796776,0.012695817477837,0.0122514073726073,0.3730603353510988,2
2015-12-17,-0.021897810218978,-0.010661353071858,-0.014564198704126,-0.0152383698634203,0.0113048144822345,0.0128335845338574,0.0129689771932237,0.014434230649845,0.0128505087382825,0.0087742215781315,0.2955943527035359,2
2015-12-18,0.0153233921943019,-0.0152814269760923,-0.019182038012618,-0.0178149574632842,0.005549614925091,0.0115614468261561,0.0126249970943353,0.0129491886540342,0.0118426570124034,0.0085754887380883,0.0771795045688239,0
2015-12-21,0.0108780929085885,0.0075351170753745,0.0111081258444545,0.0082492760344889,-0.0002439681978009,0.011473236962824,0.0127309862836651,0.0138365565656956,0.0124196368243022,0.0081773081870642,0.1160649752535299,1
2015-12-22,-0.0052351033207872,0.0091700036727384,0.0065734922139375,0.0090741946658909,-0.0072237837227632,0.0116040323681529,0.0132641301979798,0.0141341369665862,0.0128337732521346,0.00860585394808,0.1024228899148313,0
2015-12-23,-0.0029237213719258,0.0126158278881547,0.00742542238837,0.0123832747240766,-0.0075221498391384,0.0116248445411357,0.0135037368535964,0.0136114230724727,0.0132302519756382,0.008966243563337,0.0749235714028937,1
2015-12-24,0.0072329734221745,0.0018900248377728,-0.0001777981086471,-0.00165033740822,0.0057290489367483,0.0118576571167337,0.0134801455053305,0.0135243594904577,0.0132418566997994,0.0091559009878585,0.0805274229102806,0
2015-12-28,-0.0075692031595538,-0.0046290188755558,-0.0005328343235238,-0.0022851071547077,0.0029547418836284,0.011973417828353,0.0111053490933996,0.0109593995687333,0.0113463084655614,0.0074876994625202,0.1347377365075937,1
2015-12-29,-0.0006844597352293,0.0107925638348815,0.0157292128419286,0.0106717828662772,-0.016612474771483,0.0112071950695534,0.0108529391141459,0.011704631365802,0.0116338256969592,0.008194809291831,0.0968068554267527,0
2015-12-30,-0.007632082217105,-0.0100692861262737,-0.0090116124889085,-0.0070879827646403,-0.0009992048974696,0.0114683753858131,0.011031930720342,0.0121877109330501,0.011678726787662,0.0080419619259157,0.1370366756385917,1
2015-12-31,0.0003944085609299,-0.0124518313590709,-0.0124480634561719,-0.0100030264919158,0.00449877831953,0.0106584110924083,0.0107125739614851,0.0118460035834674,0.0110889212271427,0.0082024989001543,0.0739226031892936,0
2016-01-04,0.01409422745988,-0.023175047537544,-0.0210978532521627,-0.0139795882339008,0.0072145366305547,0.0088141554307977,0.0125292478787968,0.0127887927866074,0.0109198568412019,0.0076449590768256,-0.0219728383626986,1
2016-01-05,0.0028185529910356,0.0021811778202858,-0.0017352599601819,0.0016914760839015,-0.0040342160777082,0.0075749898302641,0.0117189967831763,0.0113138031320282,0.0092446344526499,0.0073752173100204,0.0280507767974016,0
2016-01-06,0.0144407623508679,-0.0152380765440919,-0.0096051870393265,-0.0126141024092384,0.0134756507716324,0.0081462571675984,0.0121637234168685,0.0108562379653537,0.0096964024703388,0.0087990722663546,-0.0602341766442133,1
2016-01-07,0.0141397093992947,-0.026710978330971,-0.0313138008950475,-0.0239914474130293,0.0017943012469876,0.0086561633456326,0.0134360968843763,0.013605509247162,0.0112488989508055,0.0084607615708365,-0.0429267092290384,0
2016-01-08,-0.0044277080918226,-0.0172233912809264,-0.0082006041654135,-0.0109768358994392,0.0044778797233071,0.0087908629180147,0.0119560406407335,0.0127258376530701,0.0096174662653912,0.0080120139455811,-0.009319228977361,1
2016-01-11,-0.0088947997605202,-0.0043327970926306,0.0030765224710194,0.0009895658789453,-0.010943101369949,0.0094406087597022,0.0114507293285467,0.0129825546439042,0.009815504544847,0.0088100225402392,-0.0572945446402809,0
2016-01-12,-0.0050601373888341,0.0029980446406603,0.0115979999706326,0.0080688557808594,0.0144247588433295,0.0091980584326061,0.0120906949289581,0.0142155447755397,0.0108331615174045,0.0098913240233592,0.0158907790538833,1
2016-01-13,0.0048939846532103,-0.0321091073807202,-0.0344894742774073,-0.0249407447250964,0.0098570001009516,0.0091917888496186,0.0117671049031827,0.0144369016739976,0.0106974286282593,0.0078970810691627,0.0775616496020564,0
2016-01-14,-0.0162338097576399,0.0138474266731767,0.0212953380330618,0.0164169728781573,-0.0093602902691227,0.0105456543180964,0.0146458383013378,0.0177718983640426,0.0134594124034902,0.0088656570758312,-0.0158793444831173,1
2016-01-15,0.0102893149148595,-0.0162130686447993,-0.0310367832423805,-0.021466005556431,0.0155870486715856,0.0108772460874741,0.0147290072203732,0.0191719128235315,0.0142166760195591,0.0097078141360139,-0.0379646669285049,0
2016-01-19,-0.0009607847075503,-0.0134837740111314,0.0021816202515192,0.0013308358019681,-0.0031016054046668,0.0101264662984723,0.0141916282542139,0.0191082371126243,0.0143346834638514,0.0099038543199249,-0.0388596691368027,1
2016-01-20,0.0133679490745635,0.0041512704112673,-0.0030673503861121,-0.0128151308229964,0.0105302144870504,0.0108490517951736,0.0144013358717088,0.0190656783159278,0.0141407959363305,0.0097891439274577,-0.0023203627459788,0
2016-01-21,0.0011387977038976,-0.0023190702353343,0.0009925017573688,0.0056021582895195,-0.0067886365599579,0.0099539368442475,0.0145013528991846,0.0192574061248696,0.0146446705799098,0.0098618931095446,-0.0218964906909865,1
2016-01-22,-0.0046449698899635,0.0244568341037796,0.0289538432519895,0.0205151764826128,-0.0038152168866066,0.0088762470016061,0.0165016833862136,0.0201754558395488,0.0153743509324411,0.0100731071897685,-0.003716036731694,0
2016-01-25,0.0102857317243303,-0.0221959497395736,-0.0148403056638762,-0.0151166926475694,0.0054252946446597,0.0094553092937237,0.017010733487047,0.0205493148927322,0.0157032986533477,0.0101025074507256,-0.0273719314198708,1
2016-01-26,0.0114064768437667,0.0199759367939555,0.0089996093397841,0.0136432911006596,0.0004756648856165,0.0094129041578542,0.0186940597636024,0.0207810174092937,0.0164745146601461,0.0090440940603284,-0.011737619379472,0
2016-01-27,0.0037282274439893,-0.013748976297186,-0.0249153772720269,-0.0108835269426253,-0.0002372489471391,0.0090367380677173,0.0189362577133215,0.0215273877745518,0.0164212014186828,0.0081928290032011,-0.0139498481983782,1
2016-01-28,-0.0106788141870887,-0.0002007147424196,0.0141178969666868,0.0052095245428642,0.001427595745727,0.0100245407602502,0.0161061214455306,0.0194103393054051,0.0145610291472337,0.0076969306647239,-0.0237189811942638,0
2016-01-29,0.00384828260927,0.0328019142583226,0.0208823562955562,0.0243776540654847,0.0084764630183935,0.0077766270948019,0.0188699455141162,0.0193610066741022,0.0157153445858339,0.0070665258838839,0.1037807559762825,1
2016-02-01,0.0102852373530031,-0.0045650487498746,0.0026890518299398,-0.0003616622787818,-0.0030615109308892,0.0077762478477174,0.0180070184234841,0.0159462464774963,0.0136368170045454,0.0056314368342512,0.1920928770474238,0
2016-02-02,0.0003701368348287,-0.0215627734113604,-0.0216454635472161,-0.0180220807822962,0.018551969622065,0.0076971251488388,0.0189592465894508,0.0178483248583717,0.0152065972894339,0.007693255736325,0.1058311059364141,1
2016-02-03,0.010731831819877,0.0012962802789819,-0.0047968944693642,0.0059950845385363,-0.0082928357585995,0.0073756733561247,0.0189393725458314,0.017902747519054,0.0144214056813908,0.007970609453597,0.1114209573892847,0
2016-02-04,0.0120823770693292,0.0038841511718015,-9.839397819177977e-05,0.0015675112210062,0.0048452121509536,0.007763814055114,0.0189058086417317,0.0179064175903906,0.0143999198338007,0.0075080274509799,0.1080852838484682,1
2016-02-05,0.0158270779129061,-0.027380818047056,-0.0347268210419424,-0.0190496739376671,0.0011666705036412,0.0077126663478612,0.0191733143699943,0.0181564144978101,0.0143942508189692,0.0072107051403285,0.1422290470991058,0
2016-02-08,0.013443751249405,-0.0164219844489386,-0.0152875693130487,-0.0134608102177615,0.021519659630778,0.0079332663984557,0.0186155063657443,0.018182693940481,0.0142257247037976,0.0093278382310351,0.1313705869394367,1
2016-02-09,-0.0021962575417598,-0.0067407120750676,-0.0031049475669149,5.372984344287346e-05,0.001064526258802,0.0082725984120593,0.0168501399246401,0.0175019602719255,0.0132785610310007,0.0093015216364474,0.1215586365312267,0
2016-02-10,0.0077478186232724,0.0005220143463569,0.0038416460698142,-0.0008630194936887,0.0088125978076103,0.0082614076782448,0.0166548564806628,0.0165087266012106,0.0129459711682357,0.009224353329858,0.0987379629773994,1
2016-02-11,0.0401886992042193,-0.0108525224364411,-0.001448406236306,-0.013007728346653,0.0070035150945331,0.0116967405178449,0.0167368920568425,0.0153213301762225,0.0131834606162188,0.0091220812361819,0.1340337466914744,0
2016-02-12,-0.0058793630320519,0.0189891531517116,0.0152255311660491,0.0206167937636407,-0.0166016973863932,0.0127373371736929,0.0135451352349924,0.0143158160710352,0.0123331127799557,0.0115043780216089,0.0011053265473164,1
2016-02-16,-0.0303312263329879,0.0237088608207518,0.022546225340732,0.0168779788438067,-0.0105697239840012,0.0180826674775678,0.0165592134160056,0.0168056455612273,0.0139440353698507,0.0122039837655433,-0.0639436954546909,0
2016-02-17,0.0061863442941041,0.0156752784196383,0.0226481333193948,0.0163348905100375,-0.0061496024097317,0.0179675431170188,0.0162184359331946,0.0174482187359683,0.0137698649173841,0.0111001419750903,-0.0572973812985468,1
2016-02-18,0.0243331960244963,-0.0047794292249112,-0.0114145545261034,-0.0040957513687481,0.0122963371706819,0.0187956513614327,0.0162892819936452,0.0177926842714497,0.0137741200966204,0.0112419488167005,-0.0588852438869905,0
2016-02-19,-0.0060021902018555,0.0050022682076276,0.0029603810036302,-0.0004688334616076,0.0008401888710212,0.0192389979644875,0.0163252933820609,0.0178205498243064,0.013771594060831,0.0112140389514214,-0.0618921490819438,1
2016-02-22,-0.0177751652894867,0.0111497260373958,0.0162355278444881,0.0144794166722528,-0.0005341004135889,0.0203014087507219,0.0135085874960969,0.0135131103314861,0.0125678417391896,0.0112399087394379,-0.1372718781184803,0
2016-02-23,0.0149796812618723,-0.0091562716843255,-0.0164600824380336,-0.012629386935607,0.0040479801918573,0.0203950349399088,0.012465658749533,0.0137144121900057,0.0124442349118167,0.0089540194084862,-0.1175341078240032,1
2016-02-24,0.0033270720490281,0.0096386897636722,0.0095490700778062,0.0045756690666458,-0.0019781566002993,0.0203095207236764,0.0119099003343936,0.0134542517730526,0.0123777936047371,0.0089663077571973,-0.1316794564291606,0
2016-02-25,0.0026358095143692,0.009152578846175,0.0098485884573942,0.0121117367808909,0.0035822371149361,0.0202599602760966,0.011781670137148,0.0134630009133368,0.0124698835799374,0.0085181099890091,-0.1232242400723737,1
2016-02-26,-0.0068690431747908,0.0063390576566295,-0.0012552585905474,-0.0023015226990211,-0.0096444620806107,0.0156446637345196,0.010036040973583,0.013449714979861,0.0110894687082566,0.0084487217204992,-0.0577514000476862,0
2016-02-29,0.013064629590324,-0.0044577328242648,-0.008991353270784,-0.007842455644713,0.0043709165223262,0.0161979347053302,0.0100707489769341,0.0139718280433253,0.0107241559766002,0.0070362745870972,-0.048657463751971,1
2016-03-01,-0.0073331317520045,0.0215124761137734,0.032097455264948,0.0235067146474901,-0.0176090800352261,0.0125871784429109,0.0096628101822191,0.0155722865698338,0.011781648434714,0.008391296127729,-0.0504004733827424,0
2016-03-02,0.0077269566786808,0.0102918232764075,0.0003781334333221,0.004492592233511,0.0041271776469145,0.0126445043652587,0.0092033943024738,0.0143991330403301,0.011015280583274,0.0083302095288739,-0.0611295676455534,1
2016-03-03,0.017273365743903,0.0104694806165031,-0.0018895654649669,0.0039197284640444,0.0036443261673446,0.0114498475086025,0.0085572195818363,0.0136114962053458,0.0107143119827437,0.0072897197632264,-0.0256021637200196,0
2016-03-04,-0.0015737798071993,0.0055072641297062,0.0003785509803702,0.0032533573609276,-0.006412314126546,0.0111840977213945,0.0085456404543665,0.0136630071557465,0.0106065296961505,0.0074545713858235,-0.0184896483903102,1
2016-03-07,0.0049775880999167,0.0108617878757097,-0.0061511219855203,0.0007983424855229,-0.0003115889574221,0.0086085672148859,0.0085307442199544,0.0132616115811606,0.0100219672012594,0.0074585719921769,-0.0074267696861943,0
2016-03-08,-0.0046227304062674,-0.0241528531460548,-0.0082844473039896,-0.0109181149877382,0.0110457439339179,0.0082631935625756,0.0122130400431486,0.0122257687029332,0.0097361937515594,0.0083269777304215,0.0347805908379786,1
2016-03-09,-0.0082932491691375,0.0050815790620597,0.0064330566847587,0.0049399491139732,-0.0060776564773609,0.0089765904875107,0.0121268430131388,0.0120667457886596,0.0097427599147388,0.0084843666188635,0.0336194744823352,0
2016-03-10,0.0160561811301687,-0.0081457986265727,-0.0015261399234358,0.0008024566535658,-0.0041024384655192,0.0100689986983442,0.0126985664895642,0.0118048253335166,0.0092360512476674,0.0083368974022616,-0.0134565639349317,1
2016-03-11,-0.017201615949717,0.0214294026047379,0.0174850313087575,0.0161370198330252,-0.0101044289138493,0.0116109828849118,0.0139324682076169,0.0128291236714925,0.0100702816750308,0.0083842998719265,-0.0828835442458654,0
2016-03-14,-0.0128967495879577,-0.0025879161882526,0.0016903765316993,-0.0012820223391131,0.0031405054531254,0.0117653325579741,0.0138057978015615,0.0121469737985278,0.009411823353374,0.0082865449917551,-0.0546767320835842,1
2016-03-15,0.0007635219800929,-0.0155670633636002,-0.0003753210619397,-0.001629826697281,0.0009393716423071,0.0115257840585509,0.0138653659216757,0.0071191399866244,0.0067794185298639,0.0063110162425019,-0.0353028589111096,0
2016-03-16,0.022295670344441,0.0070591992882054,0.0089094431338745,0.005787134870129,0.0029715642981966,0.0133554887451873,0.0136692160664398,0.0075587311641935,0.0068432731442891,0.0062287253362435,0.022250601156237,1
2016-03-17,-0.003814570847019,0.0153285915259124,-0.0005577245690465,0.0063442453600213,0.0041322628146791,0.0122374513043446,0.014122272554726,0.0075006121921736,0.0069537843476794,0.0062668247549257,0.0059618081793431,0
2016-03-18,-0.0027469758528673,0.0090215368933239,0.0015669803725917,0.0039294319841762,0.0020967779797174,0.0122552353972004,0.0142764692736705,0.007484983401879,0.0069660274300298,0.0059407166358389,-0.0010233306101529,1
2016-03-21,-0.0070117190808605,-0.0023720402507653,0.0039120066287454,0.0014190338930653,-0.0076712344654945,0.0122410208236826,0.0139562970505976,0.0069357613656474,0.0069520221779725,0.006467472475583,0.0424257561638109,0
2016-03-22,0.0029421526295789,-0.0011890775849969,0.0030614713066914,-0.0005373170063885,-0.0002342936553785,0.0122772702536249,0.0110298872467838,0.0057196503244656,0.0052944412373337,0.0050945293069389,0.0633686209954635,1
2016-03-23,-0.0226300980931308,-0.018485891772195,-0.0082317008910707,-0.0065995092927767,0.0113250269189355,0.0139481702084619,0.012856222282924,0.0068180821349335,0.0061553149743937,0.0062049653215663,0.0854677585617147,0
2016-03-24,-0.0024011557999427,0.0029937303252567,0.0002800114624932,-0.000443188942616,0.0003861057301528,0.0123619651963008,0.0125066033274114,0.0067200444964517,0.0062044775610982,0.0060146177030694,0.1031507821231217,1
2016-03-28,0.0023209545157449,0.0012129980058432,-0.0013988277231221,0.0005911805948575,0.0013118118945669,0.0116116348747824,0.0103939955683355,0.0043687169087998,0.0038606010116827,0.0046693812228173,0.2553822870981332,2
2016-03-29,0.018524903004941,0.027765044055908,0.0160583790202664,0.0092496205156593,0.0104853016505763,0.0126370212017489,0.0136309523824941,0.0065037659182187,0.0046066896220917,0.0054148612269968,0.5052771028217485,2
2016-03-30,-0.0139778008778171,9.05986103676426e-05,0.0048700382470023,0.0043878371640353,-0.0105286457106548,0.0134767934076145,0.0121321152961161,0.0064734618031799,0.0044990481445593,0.0068292544927495,0.4940373663537108,2
2016-03-31,0.0046114510893582,0.0028101017843413,-0.0014632370559052,-0.0024267874477982,0.0070934813595842,0.0110781385009383,0.0120929566144938,0.0062201929807953,0.0045638957216682,0.0070535169196748,0.464422660850309,2
2016-04-01,-0.0060353543705911,0.0044289872040386,0.0106228360269715,0.0068119868515115,0.0026086155337408,0.0111313708769254,0.0114015901275375,0.0067312083544108,0.0046200692168658,0.0070148415805162,0.4671543441070822,2
2016-04-04,-0.0066706472014124,-0.0083692244794107,-0.0038054993636407,-0.0032379542053487,0.0006118410187965,0.0112044587012049,0.011641735906151,0.0070583408801659,0.0047783744651048,0.0070209246142744,0.4834239217802432,2
2016-04-05,0.0130004486990387,-0.0113441305389172,-0.0096417344096528,-0.0099878605469507,0.0109359832637241,0.0121611443587021,0.0122507452212968,0.007975463563617,0.005880763583821,0.0067700309123773,0.3537999746970201,2
2016-04-06,-0.0061193370584178,0.0112905828600997,0.0164402320382612,0.0109208958130953,-0.0072623901224119,0.0121697518228439,0.0127428969201019,0.0093558240271978,0.0068485349410032,0.0075131900173798,0.28447050558865,2
2016-04-07,0.0142808118187107,-0.0135246531863519,-0.0143673512044113,-0.0119654256782547,0.0123451991836467,0.0107058982089842,0.0119622681517952,0.010283744758638,0.0076652521399458,0.0076490640475308,0.1898539583149248,1
2016-04-08,-0.0015175811841288,0.0039564731571206,-0.0007330847983672,0.00269615629388,-0.006323019550489,0.010671390481949,0.0119773852216712,0.0103049075773278,0.0076915771143968,0.0081612768276754,0.1880383354779046,0
2016-04-11,0.0135100774296896,-0.003116051092006,-0.0036699114916922,-0.0023469313883014,-0.0012880310485311,0.0112955594741519,0.0120800248351954,0.0104043128867787,0.0077522414280485,0.008231269611656,0.1763843758499514,1
2016-04-12,0.0001666606070513,0.010756704899522,0.0083793617846048,0.0093132607065253,-0.0069015155784264,0.0098892006410374,0.0086718271469551,0.0094438183669121,0.0077603261686975,0.0080429042666704,-0.0683700899544901,0
2016-04-13,-0.0106622771857786,0.0215570127684145,0.0127842769526638,0.0101008226339462,0.0035132435478573,0.0093684665297456,0.0110974947559087,0.0101413970301473,0.0082781809799338,0.0071518509196363,-0.092583212331986,1
2016-04-14,-0.01397656040779,-0.001246255010609,9.00683746369868e-05,4.7908863946899416e-05,-0.0047955010324369,0.0104540525248396,0.0111323609213974,0.0101035655744162,0.0082013956675623,0.0071129383592538,-0.0435509500985195,0
2016-04-15,0.0069165532778774,0.0024963895986587,-0.0025240438074327,-0.0011058862234444,0.0085662484100808,0.010480913944653,0.0110913854418844,0.0096454438083947,0.0079824685726069,0.007559154145902,-0.0365388358815743,1
2016-04-18,-0.0015264612277036,0.0075586264399503,0.0053323903401272,0.0070265121221344,-0.0043226042214989,0.0101906639590549,0.0106937499102171,0.0096466352843276,0.0081153166942878,0.0077418184313368,-0.070538291098019,0
2016-04-19,0.0156276881320664,0.0007943265523073,-0.0061136384498173,0.003154599441149,-0.0031222121769118,0.0105502771951296,0.0095306799038444,0.0092625641849151,0.0070475338932823,0.0068505659260669,-0.0390788012373582,1
2016-04-20,-0.0051011925155628,0.0014992544828074,0.0008145113050386,0.0009528222392232,-0.0110010824355204,0.0104713728336603,0.0092017107938276,0.0076516605305754,0.0064482668488913,0.0073188095307568,0.0164838757910876,0
2016-04-21,0.0037824404776409,-0.005019216873275,9.014050401900953e-05,-0.005378461317723,-0.0059473509856355,0.009564935784281,0.007780373178114,0.0057700190226901,0.0050781893603517,0.0056057983101476,0.1603384074789885,1
2016-04-22,-0.0128119142752988,0.0099122499347701,-0.0150927813560471,0.0,-0.0025647798589408,0.010481652809772,0.0080077883899989,0.0078015123110431,0.0051346958123877,0.0054952336397416,0.1497128157703197,0
2016-04-25,0.0028840781155776,-0.0070984196968724,0.0,-0.0017225249535804,-0.0041288535500721,0.0093963928059588,0.0085127943316111,0.007694810232523,0.0050770499917613,0.0054825847021005,0.1670900047672608,1
2016-04-26,0.0039752480585633,0.0097971511799648,-0.004863185708173,0.0014857116147719,-0.0045372823785787,0.0095460990567241,0.0084347375216705,0.0072934556494265,0.0044269587529472,0.0053483553596904,0.1668864424840766,0
2016-04-27,0.0028643974391457,0.0034961136691429,-0.0080221296388139,0.0020580194631403,0.0099804248306778,0.0089804922754156,0.0057792334971846,0.0057437721822585,0.0032582356324877,0.0064737410713687,0.0286441888165567,1
2016-04-28,0.0189012095320515,-0.0114102259275999,-0.012084078790763,-0.0090752114998743,0.0041235595126665,0.0092034899647219,0.0071803240620863,0.0062748739741754,0.0044903985240789,0.0066854167194905,-0.0302224787263375,0
2016-04-29,0.0194575034424742,-0.0089865044274031,-0.0052688628703063,-0.0053992160681579,0.0025571696472643,0.0104790546290724,0.0078384545485651,0.0062511559554664,0.0047763545580648,0.0059276427006754,-0.0723643168291476,1
2016-05-02,-0.0033158403319838,0.0088901390399147,0.0094587345649277,0.0079485202746816,-0.0100679164888631,0.0106136013604735,0.0079899386481065,0.007057947534701,0.0049476831164268,0.0064448086006795,-0.0938472561497807,0
2016-05-03,-0.0022719797480553,-0.0163904242450237,-0.0092765006109557,-0.0087031557698465,0.0125958173489086,0.0100463090449836,0.0095421834812699,0.0072266577305882,0.0053528510212746,0.0079978748187994,-0.0982968922426773,1
2016-05-04,-0.0060995446127545,-0.0082423540649391,-0.0064316655428853,-0.0055782709040712,0.0054856834905963,0.0101384908990403,0.0096944976144895,0.0070028028662117,0.005380276738924,0.0073577302797658,-0.0877020509131866,0
2016-05-05,-0.0011455641166617,-0.0039744788252195,-0.0002853557748933,-0.0001948660080596,0.0066846827008315,0.0102015765462967,0.009669992539213,0.0069725298237508,0.005314642192274,0.0071619658157327,-0.0833426879374966,1
2016-05-06,0.0090931483011924,0.0058951026306723,0.0053322318204487,0.0036589150582804,-0.0042742951186076,0.0088751032563719,0.0091722822646139,0.0067358090734677,0.0055806611874029,0.007302397211287,-0.0524745049620274,0
2016-05-09,-0.0205390385860436,0.0028851838750296,0.0028413216218718,0.0008265158005495,0.0031427206107017,0.0119038076158852,0.0091960272231952,0.0069400016384342,0.0056300145170504,0.0069974576102193,-0.0710680495643695,1
2016-05-10,0.0027351995597273,0.0100692475597157,0.0136949293336894,0.0124338166783792,7.689599786320223e-05,0.0118884580719701,0.0092344894682041,0.0086222147455597,0.0071030976465577,0.0066186727885988,-0.0158773173443253,0
2016-05-11,0.009423039824896,-0.0123722281417913,-0.0090373278251799,-0.0093547027662302,0.0056543439938014,0.0121220281453814,0.0095844815335521,0.0087194556041267,0.0075990786206025,0.0062447564420828,-0.031337833920985,1
2016-05-12,-0.0078611125358784,-0.0053171957767638,-0.0044189908632052,0.0002905790132767,-0.0045592228373536,0.0110345414850935,0.0092021560488569,0.0079501030008426,0.0071011578466483,0.0066024402822791,0.0355495036677406,0
2016-05-13,0.00453941404539,-0.0066140145732895,-0.0036835130067665,-0.0087144057656262,0.0096944211375482,0.0089071935568132,0.0090530012236608,0.0078561270967451,0.0074298831269161,0.0070709860989734,0.054985336959888,1
2016-05-16,0.0007394952589121,0.0126776426166903,0.0125119326614655,0.0098651759576511,-0.0086177635720211,0.0089098888823349,0.0096432594754629,0.0083181200634369,0.0076987410420237,0.0067953894232738,0.060642704031293,0
2016-05-17,0.0034482607423813,-0.0158514427626733,-0.0125443527090909,-0.0093334401953363,0.0016772543017269,0.0090120831488755,0.0095558610552798,0.0087798669364257,0.0077751341606731,0.005815253651036,0.0785775256407912,1
2016-05-18,-0.0173457922222873,0.0052165108289969,0.0036027395223583,0.0002926580235635,-0.0142355893841015,0.0103775249238969,0.0095399776819054,0.0085594297470656,0.0075774482523622,0.0074315069857303,0.112081462040944,0
2016-05-19,-0.0019150352244893,-0.0080119793902693,-0.0051956322954954,-0.0034647648966806,0.0043241628542807,0.0103758814397683,0.0097746942370147,0.0087670243066211,0.0076558375890273,0.0072130766569865,0.1040810433114656,1
2016-05-20,-0.0013348098643798,0.0167955858518764,0.0110149932847136,0.0063173804354745,0.000769224388033,0.0096624937666575,0.0111567760371867,0.0092968772153179,0.0078541020872199,0.0071119124677592,0.1207112178102352,0
2016-05-23,-0.0028401665733094,-0.0011735361178817,-0.0013149992926728,-0.0013626136666526,0.0022279811097103,0.0074137103113492,0.0111117763042692,0.0092922878288332,0.0078564081520117,0.0070697938883745,0.1395102602848689,1
2016-05-24,-0.0173410375068747,0.0206038664956611,0.0200321911910625,0.0129623621646515,-0.0044462068668911,0.0088555560991505,0.0126180143876093,0.0104401628307262,0.0079528036510935,0.0071868057867052,0.0182259232695993,0
2016-05-25,-0.0027280450681916,0.0058435510719838,0.0071914836350124,0.0067828292725504,-0.0037731269138844,0.0077141982742333,0.0118280913939479,0.0099391666476493,0.0075259002596271,0.0068642881426371,0.0577136007950802,1
2016-05-26,-0.003419400875365,-0.0011445078475708,0.0029293151038918,0.0002867191681321,0.0051785401973483,0.0076112482818471,0.011596263670012,0.0096192414867534,0.0075259615042711,0.0070993251663916,0.0324868547262359,0
2016-05-27,-0.0082346806432879,0.0099587018297664,0.0052026746899511,0.0042992988313401,-0.0014612614498791,0.0071077353868583,0.0112757622461171,0.0092914429520099,0.0066657333988332,0.0060850059389113,0.0716253995971418,1
2016-05-31,0.0038055250091639,0.0034903932476086,0.0019066862922545,-0.0019024779782036,0.0023881930406821,0.0074455809783489,0.0109027669304655,0.0088502101746172,0.0062809166484127,0.0057055234544173,0.0730972814158475,0
2016-06-01,-0.0010339059082515,0.0067826229348999,9.060769783464372e-05,0.0020493365868536,0.0040566375532953,0.0070170883515718,0.0085088743384641,0.0070606138961961,0.0050034283794467,0.0058646970986501,0.0960349532511311,1
2016-06-02,-0.0023288275554194,0.0076871012995454,0.002084528434842,0.0030433428139298,0.007207786345438,0.0056024950890313,0.0085247372894611,0.0070993664892156,0.004936050186927,0.0038613657023218,-0.0694412584503079,0
2016-06-03,0.0277513541565392,-0.006000035802561,-0.0047026289812243,-0.0029869457869677,0.0142354442048404,0.0114633777579077,0.0081715366917011,0.0070267122443106,0.0048694432693988,0.0055343960452023,-0.0797296525647725,1
2016-06-06,0.0003364814640942,0.0107789603909187,0.003634344469894,0.0050882475011637,-0.0074307931627887,0.0114664174947064,0.007506011403734,0.0066365549737978,0.0047898321391057,0.0063843155728155,-0.09507528130764,0
2016-06-07,-0.0008408886281601,0.0029003890058219,-0.0025346290355188,0.0015616795837729,0.0024196356706047,0.0114404818175956,0.0071967227353885,0.0067493177473576,0.0045908271102489,0.0063859694590846,-0.115524963321087,1
2016-06-08,0.0148123391748091,0.0074005392861835,0.001724564709207,0.003259548326963,0.0053562448458952,0.0106416848865533,0.0051615084361052,0.0034858018146922,0.0030438257200383,0.0060581766372771,-0.1205754342148551,0
2016-06-09,0.0055564617579293,-0.0064174811066015,-0.0016313826997059,-0.0013653932638693,0.0064532660378202,0.0104837750921747,0.0062248503092374,0.0030449336132491,0.0027408308557012,0.0056728726113423,-0.0911629787324446,1
2016-06-10,0.0040412194950063,-0.0135972441580718,-0.0113436053139931,-0.0094774358294229,0.0048455838200625,0.0101868049759651,0.0081993473526674,0.0048075864281069,0.0043951094570452,0.0056651176499055,0.0684962127651356,0
2016-06-13,0.0073928170007528,-0.0108554774410678,-0.0083533584906791,-0.0077117918222565,0.0044520093334832,0.0091848945350837,0.0086672096874423,0.0049131555905136,0.0048188059366252,0.0053541876817309,0.1363496231548481,1
2016-06-14,0.0010599906561068,-0.0028742995882077,0.0,-0.0019672196876865,-0.0007382187737471,0.0092964517395159,0.0086337484870401,0.0047837671838573,0.004820428970199,0.0055714790746461,0.1525827329653772,0
2016-06-15,0.0074122642908842,0.0006986896929701,-0.0028695798526203,-0.0013935542664229,0.0038435848705502,0.008998123394112,0.0082768281399811,0.0047241506234665,0.0047120201094295,0.005572010140665,0.1642526172154318,1
2016-06-16,-0.0105110207677078,-8.693622722988348e-05,0.0029708769887832,0.0029839815045238,0.004860302344017,0.0101857416890091,0.0077132193587146,0.0048248625995303,0.0047061212090106,0.0054734454191414,0.1264230807220404,0
2016-06-17,0.0128288914043128,-0.0042777246705779,-0.0117213727314273,-0.00372382931939,-0.0062296065647163,0.0072729924437801,0.0076279033071835,0.0056512447112644,0.0047428205591016,0.0049514979874948,0.1114795367894475,1
2016-06-20,-0.0059701321661067,0.0108710044955548,0.0062916132325145,0.0064396558302168,-0.0106923361065885,0.007893083783639,0.0076445820393476,0.0060471161076765,0.0049586102784772,0.0056797257492491,0.0705949124111447,0
2016-06-21,-0.0192354741026916,-0.0019075828683264,0.0031728525394032,0.0028385614240109,-0.0046211902847907,0.0106864713864794,0.0074777951166821,0.0063319908033926,0.0050514655536755,0.0059758274502791,0.068255647723009,1
2016-06-22,0.0004965672774475,-0.0039105006511751,-0.0024188122804946,-0.0016312030442077,0.0016474704863629,0.0096490401225724,0.0066947347516508,0.0061821900778138,0.0048235941916873,0.0057699323091348,-0.0487256941410861,0
2016-06-23,-0.0065343333792947,0.0191051037440306,0.0142671499055735,0.0130228807287302,-0.0114386900743976,0.0096756732234695,0.0095871767834234,0.008178238690411,0.0066635070002611,0.0064160250652265,-0.0755839730347666,1
2016-06-24,0.0490383761528414,-0.038007255927319,-0.0411877043835164,-0.0359090222628841,0.026847619695459,0.018588204457545,0.0148845142749057,0.0149848864473354,0.0130218485956173,0.0109611078657608,-0.1654881338945374,0
2016-06-27,0.0053968278188554,-0.0328351496751181,-0.019848535822591,-0.0179099958154705,0.0249668181932531,0.0185536101098193,0.0175391089028206,0.0157772005930696,0.0138316758912253,0.0133758010862589,-0.1620165856638779,1
2016-06-28,-0.0107357168225077,0.0154567990636766,0.0219134523430029,0.0180360771387584,0.0020831028639991,0.0190861044342469,0.0187402254802437,0.017942756829103,0.0154642160390625,0.0133214777840851,-0.1388441445747674,0
2016-06-29,0.004149350816571,0.022741735179498,0.0177101716684979,0.0170274913127899,-0.0076721586172245,0.0190152091020257,0.020501233732538,0.0190953119407991,0.0165659533563934,0.013743670444516,-0.1228752717526879,1
2016-06-30,0.0050063962265294,0.0186037059546217,0.0115697490288746,0.0136457622665802,0.0036856392253346,0.0185171954844332,0.0214525274746943,0.0194780158117096,0.0171052557243906,0.0137212727871759,-0.10198744594057,0
2016-07-01,0.0153396253868991,0.0035660020372652,0.0050213418581077,0.0021005875080686,0.0138843527506824,0.0186749318529472,0.0213983430530916,0.019076370758166,0.0170185295760257,0.0138773996417917,-0.0889305171377958,1
2016-07-05,0.0082547895675089,-0.0147325349850773,-0.0061064237443225,-0.0071931924790248,0.0125209297231119,0.018396604600982,0.0216650962266473,0.0191438881126482,0.0171480932661596,0.0130901781620978,-0.0961057269008437,0
2016-07-06,0.0058700432507172,0.007260902246621,0.0081922755727827,0.0059975643525971,0.001615371272845,0.016297166579566,0.0218248592867865,0.0192896456160837,0.0172268668786946,0.0126593221885596,-0.1301752959369717,1
2016-07-07,-0.0037624990436161,0.0021074774300049,0.0029549395043759,-0.0006201107386605,-7.031095327469927e-05,0.0165578197663582,0.0217964306700756,0.0192613986647583,0.0172145049671894,0.0127485586712078,-0.1310823914115387,0
2016-07-08,0.0060120143847071,0.0233068469752517,0.0154664512315247,0.0148904509148874,0.0073658986402509,0.015862021410785,0.0222347399190961,0.019353593711763,0.0173710227158568,0.0110603048820101,-0.1186053907785138,1
2016-07-11,-0.0094239269542197,0.0115589119777241,0.0057116551739315,0.0035270729605414,-0.0087744738965626,0.0081344235298381,0.0176974326788284,0.0122027560961721,0.0115654849861187,0.0102060502577844,0.055045008268712,0
2016-07-12,-0.016551874633622,0.0133739249294742,0.0050479566530341,0.0072634592867979,-0.0164392796359098,0.0100376314229849,0.0114449161962516,0.0081518197463796,0.0083215769829566,0.0095668633258191,0.2055765472526952,1
2016-07-13,0.0092017757318052,-0.0039255309134663,-0.00242139154279,-0.0001398476784376,0.0117862998090336,0.009544470628745,0.0121015408181381,0.0073807921407707,0.0077199515961246,0.0101815452153226,0.2109109256413358,0
2016-07-14,-0.0077151296497566,0.0010060875566806,0.0068334003159646,0.0055836125856045,-0.0145434401372822,0.010029281461932,0.0111513029254153,0.0062259858322334,0.0066151172978833,0.0110830463824684,0.243411776253443,1
2016-07-15,-0.0038483113650953,0.0027644992763204,-0.0016073664012626,-0.0013420764222343,-0.0085966049880619,0.0100490135363359,0.0102871289717394,0.0061280814191017,0.0059816877282283,0.0114398651765915,0.2278427608196761,0
2016-07-18,0.0015768257916368,0.0016707481682003,0.0066187734138307,0.0026874307625215,-0.0009393254759244,0.0086047719429971,0.0103262663950907,0.0061808837807395,0.005974684428059,0.0103293429246484,0.208475307840425,1
2016-07-19,0.0013381467862105,-0.0050039558604433,-0.0036431866076662,-0.0010166607914224,0.0056416051296133,0.0080337920851742,0.0086399623359531,0.0057654295963368,0.00504293546933,0.0094778250194633,0.2999723585937064,0
2016-07-20,-0.0143070490364178,0.0065381239717519,0.0116830986728975,0.0041630679441548,-0.0054665469460095,0.0084365243657343,0.0086257882382949,0.0061209674687832,0.0049823893327948,0.0094175298704179,0.2386557328976718,1
2016-07-21,0.0152325039589007,-0.0047468492412002,-0.0022919416306034,-0.00377721231665,0.0020255444684018,0.0103534905713296,0.0091665528541726,0.0064971103751732,0.0053582888529153,0.0095129020166315,0.1724719813507323,0
2016-07-22,-0.0074627223477007,0.0074467923893577,0.0041524047937886,0.0044852722880655,0.0017318756425437,0.0100903022140426,0.0065908773676975,0.0051512361941193,0.0035312165789054,0.0089971796040362,-0.1334160864345453,1
2016-07-25,-0.0069647587182061,-0.0014950739267434,8.809350039129527e-05,-0.0027159481357768,-0.0007202558206778,0.0099506526253256,0.0059874829483435,0.0051302435965897,0.0038009756796318,0.0088170700713405,-0.1067875965648209,0
2016-07-26,0.0042241075487405,0.0048247847345519,0.0011437528467497,0.0004612711040754,0.0015858035295504,0.0089096360885426,0.0045934691249458,0.0050582809849911,0.0032235460060439,0.0073894933153218,-0.0556783307046124,1
2016-07-27,0.0161111014229911,0.0028144794026661,0.0069425905407203,-0.0010608852043193,0.0124530467625516,0.0099811589594546,0.0042898976946554,0.005003857901453,0.0032674765793526,0.0075170769888185,0.0508985170391646,0
2016-07-28,-0.002889909558035,-0.0025588762965581,0.0034911575330092,0.0011547317581017,-0.0018486037047645,0.0096888464795069,0.0044866843178897,0.0048272701495783,0.0028066917856765,0.0057896904576099,0.105343122962255,1
2016-07-29,0.0103399030829063,0.0019861478265106,0.0021742406470917,0.0016143336634342,0.0083348886354941,0.0100459839860186,0.0044637111838746,0.0045987369684824,0.0027695093085601,0.0052569529809691,0.0964030286954926,0
2016-08-01,0.001860796256119,0.0008259211927974,0.0052935866357686,-0.0008288181604541,-0.010843085135016,0.010045936238462,0.0044607041304036,0.0045020981044187,0.0026972445939288,0.0066729882987478,0.0943496458393084,1
2016-08-02,0.0081257006797612,-0.013947399439772,-0.0075964567730659,-0.0064073150459913,-0.0103025524012799,0.0102425291721491,0.0063209459938971,0.0052519434187423,0.0034199281606493,0.007384442202034,0.2338083219594028,0
2016-08-03,-0.00475942546743,0.0081183372526933,0.0033051542747828,0.0029227749787186,0.0005787021126468,0.0088611879107571,0.0065146531893485,0.0041857044243758,0.0032591512307578,0.0071589462257497,0.3036139927403525,1
2016-08-04,0.0016968857004249,0.0009136175692769,0.0028613826001833,0.0010638464859247,0.0075133512759451,0.0078227759560501,0.0062659964768409,0.0039545356259269,0.0030575819957554,0.0075077960838269,0.3429268917649692,0
2016-08-05,-0.0178639574394089,0.0144326748205634,0.0095962033524348,0.0081786847016687,-0.0103981527324399,0.0096928581713867,0.0073700333505125,0.0045805203066519,0.0037865142036178,0.0082884904619004,0.1952480573160535,1
2016-08-08,-0.0008624116638157,-0.0004907793074305,-0.0011133348354517,-0.0005955696749341,0.0018848383750915,0.0093215207547204,0.0073300347864474,0.0046723493420889,0.0036470589427593,0.0083169635508733,0.1662484366510326,0
2016-08-09,0.0040803251185237,0.0010634911072173,0.0023146302031866,0.0005959245895481,0.0098364940828474,0.0093171302965779,0.0072474502669277,0.0046461251013997,0.0036465319981641,0.0088925715016036,0.1652307710331554,1
2016-08-10,0.0046889534105498,-0.0071913148141393,-0.0025656168189305,-0.0024747817282742,0.0038676496235616,0.0079361024594651,0.0076944598891464,0.0046604325757425,0.003746864227444,0.0080040835928417,0.0892782404377549,0
2016-08-11,-0.0069228329694297,0.0047740652125409,0.0042870501843748,0.0046407892321216,-0.0089183388465033,0.0082215547589193,0.0077394131438079,0.0046996075318203,0.0039678861146707,0.0084706240659363,0.0691731624627145,1
2016-08-12,-0.0021148010256029,0.0009833378896648,0.0006832420268896,-0.0008690891416022,0.0084226567768417,0.0073887966970687,0.0077324072313436,0.0047120134004561,0.0039938236110928,0.0084812310324395,0.0096280385791236,0
2016-08-15,0.0034536484045673,0.009902252416821,0.0042660437651953,0.0028839236585671,-0.0094230615541539,0.007478901033588,0.0082329507746494,0.0046356863892461,0.0040164085229244,0.0083051209171217,0.0179540385800951,1
2016-08-16,0.0049280733796905,-0.008103682283571,-0.0055223331338396,-0.0051576788142366,-0.0026671739769502,0.0071019650342072,0.007118584811847,0.0042046669963196,0.0037725848563685,0.0076486172601388,-0.0457244365722724,0
2016-08-17,0.0002335080486637,-0.0029412187513476,0.001794069271062,0.0018810267111173,0.0059978827934583,0.0070119488319323,0.0069964697004655,0.0041720392651252,0.0037313965231461,0.0078772504218131,-0.0486309478341246,1
2016-08-18,0.0047470864618799,0.0073747024293469,0.0002560053399169,0.0022436054154062,0.0015805039611012,0.0071997578220149,0.0072471522309256,0.0041700384081861,0.0037517177133985,0.0075147601231703,-0.0487001207519284,0
2016-08-19,-0.0088296753486114,0.0,-0.000255939817957,-0.0014618124233599,-0.0052348331770639,0.0050264404610519,0.0057804479301856,0.003024950613188,0.0028765301202105,0.0068691840279753,0.1343504485304095,1
2016-08-22,-0.0014847420457436,0.0022776827928758,0.000767460241537,-4.5606248495033697e-05,0.0084344464387025,0.005046795758112,0.005792034182156,0.0029775072319803,0.0028655322499952,0.007310305410786,0.1333200081175562,0
2016-08-23,-0.0001564927473582,0.0069794042931179,0.0017895524126643,0.0020134329128722,0.0010727723503594,0.004866746403657,0.006113554252694,0.0029484465957893,0.0029205276073589,0.0066544059980652,0.1042668820790537,1
2016-08-24,-0.0111146350547621,-0.0081399963434245,-0.0064649457070261,-0.0051149069086455,-0.0023573889704336,0.0056286414328342,0.0062672094598243,0.0035935372647186,0.0033004265459179,0.006575658170905,0.3135459079148471,2
2016-08-25,-0.0008706109240564,0.0019499282908448,-0.0016266138067163,-0.0006886254232448,-0.003793467395614,0.0053249638735728,0.0061564520220719,0.0033146834290464,0.0028908441976824,0.0060050949464071,0.4048505852035705,2
2016-08-26,-0.0014259708499476,-0.0020274340850739,0.0014580382786919,-0.0018834365065472,-0.0058199877012214,0.0053151240509085,0.0062320477559384,0.0033524712540181,0.0029254898684607,0.005507424046976,0.4015522448963621,2
2016-08-29,0.0019833398964483,0.0052009763618108,0.0013699041039223,0.0049246209462081,0.0133704043133637,0.0051956305230927,0.005609201981883,0.003017368691642,0.0032441445538881,0.0063828584222555,0.5375101608095477,2
2016-08-30,-0.0100554571795258,0.0018593693145847,-0.003249471889414,-0.0016489546626559,-0.0038513059553567,0.0053892487458765,0.0047831642082982,0.0026752366806001,0.0028267542603952,0.0064700406124936,0.6321724644742928,2
2016-08-31,-0.0019995201346942,-0.0056483029984819,-0.0010295421497253,-0.0028441267913825,0.0014320717891702,0.0052998359268214,0.0051122235734401,0.0025626738394448,0.0028759584224739,0.0062300992876584,0.6348859793521532,2
2016-09-01,0.0040872106204499,0.0007302997209954,0.0025767528632278,4.617653772576169e-05,0.0011027589051948,0.0051968656001412,0.0045947286295933,0.0027564781375631,0.0027273407889081,0.0062225780971956,0.6153729812714512,2
2016-09-02,0.010216288370529,0.0096496256439138,0.0032546888775346,0.0045080113002256,-0.0081558282808459,0.0062090317405613,0.0054535069922628,0.0029991455933329,0.0031547197679286,0.0065768077409635,0.5288118307110424,2
2016-09-06,0.0169076955376692,0.0009639296065984,0.0062329228618152,0.0030222000350326,0.007285372485619,0.0084103746464376,0.0054427002284957,0.0036130734012938,0.0033033783354367,0.0064241211476004,0.5457067143400053,2
2016-09-07,-0.0034185565881013,0.0062583035019627,0.0005939866951956,-9.117068677477748e-05,-0.0007163180970978,0.0085123930462661,0.0053610762881526,0.0035827823507721,0.0032438802885325,0.0064167168928156,0.5312859334336435,2
2016-09-08,-0.0053013792150961,-0.0019934158281432,-0.0058510918673788,-0.0022829631552476,-0.0125410646971888,0.0078054600416608,0.004463852543101,0.0034568212179592,0.0028445335925293,0.0075192787844777,0.5182566402678483,2
2016-09-09,-0.0065835595422865,-0.0312400755041755,-0.0251642900956329,-0.0239348604553917,-0.0164744849467267,0.0081596218170479,0.0113224741116867,0.0088210418909438,0.0082017727379487,0.0089452152604588,0.6673968095268764,2
2016-09-12,-0.0012623563085552,0.0139381257816464,0.0179383669853696,0.0143473368654536,0.0005167960141128,0.0081556253005566,0.0123393424145861,0.0108427386807503,0.0097005076970471,0.008903274406867,0.6239981776478073,2
2016-09-13,-0.0066355664917512,-0.0191962357354216,-0.0089400822264876,-0.0143754915984197,-0.0113578246365487,0.0084273406574632,0.0135436960776958,0.0111487011198814,0.0104178830862076,0.0075521939100061,0.6775742571108643,2
2016-09-14,0.0034194855282367,0.0001659266641158,0.0047704966046406,-0.0003751022116033,0.001492233090149,0.0077639169614705,0.0134940750395335,0.0112856018979578,0.0104348474143418,0.0077714385787439,0.7033200034180708,2
2016-09-15,-0.0064193814917951,0.0119400405929779,0.0155388367542741,0.009992781865646,-0.0043206654477347,0.0080698213531447,0.0141864729520806,0.0123731034638947,0.0111140221745207,0.0075558367791585,0.6523882563919775,2
2016-09-16,-0.0024727221918859,-0.0014748420224057,-0.0004772562336921,-0.003865500073489,0.0080794380126747,0.008012329654052,0.0141758242086809,0.0123701579246704,0.0111452545038578,0.0083881208925649,0.6090349722974254,2
2016-09-19,0.0020790192012329,0.0066470848181603,-0.0043482092405785,0.0001875630301668,-0.0032653539466551,0.0072155885066294,0.0139529133155378,0.0124352909888947,0.0109773311210033,0.0082354115112556,0.6224352301727553,2
2016-09-20,0.0009575705942728,-0.00423905220547,0.0018838337104989,4.6633473242074786e-05,0.003499851754017,0.0037607000544122,0.013952014044209,0.0122691648294786,0.0108738169329898,0.0077777356098845,0.6385521477122124,2
2016-09-21,0.0145886014512393,0.0144903940542284,0.0098290777264731,0.0112453488799708,0.0080868511914804,0.0065687161216019,0.0147103828345559,0.0126930047346175,0.011661419444381,0.0085851879193854,0.6941495848482482,2
2016-09-22,0.0023572174092152,0.0143640449836663,0.0079560126634297,0.00630180209917,0.0079491902904635,0.0064256965535145,0.0154884041072505,0.0126741525605741,0.0118626695067776,0.0083996654753737,0.7086712344086148,2
2016-09-23,0.0006271210413582,-0.0070803545919914,-0.0063819044044898,-0.0054794237346682,-0.000949518644725,0.0059945901043213,0.011297814544974,0.0091079529641311,0.0087634205245858,0.0063102221121628,0.562781537584766,2
2016-09-26,-0.000783380124761,-0.0099304066921037,-0.0083661757303441,-0.0081020065349982,0.0063590491520448,0.0059788491384278,0.0112409172775004,0.0083287214951924,0.0080381806156998,0.0065299070388619,0.5703968982908333,2
2016-09-27,-0.0072912605482133,0.0040574997341422,0.0098854983559026,0.0062076788548484,0.0073351795587737,0.006071981208547,0.0088485483411462,0.007912721915697,0.0065763418894633,0.0048921347642164,0.3380172746627502,2
2016-09-28,-0.0031590705828641,0.0076781302135173,0.0016877998805449,0.0049638115880326,-0.0021625354454325,0.0061016538452757,0.0089098756909032,0.0078973719121116,0.0066133505354178,0.0051807116171724,0.329863569150511,2
2016-09-29,-0.0011884132817953,-0.014597560475789,-0.0072449754075012,-0.0090471309519127,0.0025288009362085,0.0056963255415097,0.010044596810963,0.0070270788517116,0.0068413558056174,0.0045050422555363,0.4779253520134837,2
2016-09-30,-0.0034108059507945,0.0109879981077878,0.007467759579723,0.0075460776370306,-0.0089374635720277,0.0057594032716693,0.0104687915777625,0.0073531292756919,0.0070285483368828,0.0057329066089015,0.3936000914074045,2
2016-10-03,-0.0025469571504198,-0.0031399695974588,-0.0014319676423636,-0.0024044722431866,-0.0033001905603265,0.0058021119294246,0.010468258419619,0.0071623686262452,0.0071248341676477,0.0057365011012257,0.4324802232537623,2
2016-10-04,-0.0347111273915902,-0.0049264046412615,-0.0015183309450117,-0.0050973450109499,-0.0116949839770758,0.0123862596433242,0.0105105418810956,0.0072241503559715,0.0073922417543125,0.00714629135696,0.5036995027103133,2
2016-10-05,-0.0015706575141682,0.0060061309706833,0.0035480450706892,0.0044252152375683,-0.0046596335359663,0.010695342727187,0.0096225747275252,0.0066387339536537,0.0065713839577503,0.0067740194609011,0.3710771952471384,2
2016-10-06,-0.0092730181197806,-0.0010490360656126,-0.0005048370296456,0.0006951695471797,-0.005572381503774,0.0104148155387332,0.00826575047941,0.006109485830509,0.0061959297059417,0.0061661747012667,0.2647278047470369,2
2016-10-07,0.0006685124453618,-0.0079952455881565,-0.0021901008945262,-0.0034293598323511,0.0006724531616988,0.0104178958152411,0.0083427804558843,0.005779657983955,0.0060498120026322,0.0062210450770665,0.2674451738788561,2
2016-10-10,0.0035076482865623,0.0119678900409161,0.0063308690690071,0.0052086788406915,-0.0058991292860215,0.010754518389947,0.0086898291353714,0.0052197202652588,0.0056220416087136,0.0055778239448264,0.3557208301567268,2
2016-10-11,-0.0050765695053313,-0.0182623991989976,-0.0142594164549523,-0.0126296516032905,-0.0022537103126496,0.0107454276132415,0.0104720843253254,0.0064111616532968,0.0067009044957525,0.0042336559953184,0.2720462040994367,2
2016-10-12,0.0015892497462293,-0.0008192695566587,-0.0008507642392204,0.0013119922769613,0.0009791868301785,0.0109715421410962,0.0099934591367031,0.0063511807837436,0.006435426946434,0.0045036661856668,0.2737459314531528,2
2016-10-13,0.0024219218364884,-0.008283723842082,-0.0035770274395402,-0.0032756416645539,0.0037599625194928,0.011175761519497,0.0092971405472595,0.0060535848503369,0.0059045401707823,0.0047084860118716,0.3072708620511498,2
2016-10-14,-0.0055819226506638,-0.0040516967568516,0.0011968080396163,0.0005164211211341,-0.0140117145785142,0.0111659925450268,0.0081943547617882,0.0054035374493023,0.005179014337539,0.0055372446274811,0.3361037737112529,2
2016-10-17,0.0026809625769763,-0.0011629970625492,-0.0027320533666085,-0.003471995856829,0.0063838578834027,0.011416168816551,0.0082159068982274,0.0054219875358339,0.0052113655596836,0.0064785247908452,0.3338241180511987,2
2016-10-18,0.0061831372149281,0.0057363669225491,0.008902733117573,0.0062622944106531,0.0032468866485626,0.0048300565371922,0.0086005076307889,0.0063334604914647,0.005583001922931,0.0060157019739966,0.4236091541865084,2
2016-10-19,0.0057299655530487,0.0042153865855474,-8.50791919049243e-05,0.0026671971394174,0.000828310460941,0.0051800823093725,0.008437205369207,0.0061833829033074,0.0054386385157554,0.0059694406274152,0.4582377786821182,2
2016-10-20,-0.0030550965627722,-0.0029632546976559,-0.0011876934957836,-0.0018669221341434,0.0010524705875647,0.0041824194812766,0.0084356917535938,0.0061838152451501,0.0054304291740788,0.0057936541183535,0.5019518801630892,2
2016-10-21,0.0007454362173064,-0.0004952140613658,0.003737899683653,0.0004673762300135,0.0015024074871894,0.0041820032810001,0.0081892398708596,0.0063231298321999,0.0053658518211819,0.0058185912176491,0.5080601662582187,2
2016-10-24,-0.0022345797266349,0.0063599512685119,0.0120188549776507,0.0042530781409346,-0.0043503872615074,0.0041806036625357,0.0073167307434823,0.0071790309848676,0.0052607453754667,0.0056760389452295,0.4800572625512069,2
2016-10-25,0.0075481393541594,-0.0074690155669299,-0.0031784816317809,-0.003350772695554,0.002636922730719,0.0042683644928251,0.0051100781447507,0.0052844305248669,0.0033811392589787,0.0056983350127265,0.2512950708128584,2
2016-10-26,-0.0055980925194877,-0.0099227149545844,-0.00679563258383,-0.0020076981709519,-0.0067632321870011,0.0048379996910091,0.0058523767258828,0.0058707059361765,0.0034388119775926,0.0060934151182142,0.3649302322763966,2
2016-10-27,0.0018213529185828,-0.0114428184359338,-0.0045616025012413,-0.0026665751426203,-0.0108940767358362,0.0048204830584209,0.0063085196620053,0.0059603999323725,0.0033788393449132,0.0066707381388098,0.4250607807073396,2
2016-10-28,0.0047103519110967,-0.0027879989056858,-0.0062797586374867,-0.002955562003324,-0.0022180633070718,0.0043793675708122,0.0062780999481874,0.0063516381387311,0.0035050657488253,0.0051984537343456,0.4106846387989332,2
2016-10-31,0.0029610183001298,0.0039820768107878,-0.0009395164186375,4.699070291014351e-05,0.006132692745576,0.0043861397094866,0.0065582745532127,0.0062914816565732,0.0033192593329416,0.0051600443379137,0.4475998287001708,2
2016-11-01,0.0064786034091393,-0.0122363182205511,-0.0075218103466359,-0.0072454595807461,7.588139759762136e-05,0.0044192098331602,0.0068188078067917,0.0058873418464678,0.0032742508707608,0.0049720884685214,0.2789115714299089,2
2016-11-02,0.0074146175166989,-0.0127295509731589,-0.0080097844643634,-0.0060183801776294,0.0043510423129204,0.0046090155622847,0.006855664258367,0.0062036791191873,0.0032670151467719,0.0052488303000444,0.1736096810611005,0
2016-11-03,0.0053381079372978,-0.0048458893417617,-0.0098106265949614,-0.0045770605727292,-0.0076757157150517,0.0043256666787196,0.0068201768319297,0.0066214688868413,0.0033536231434735,0.0056109975534205,0.1739007395466868,1
2016-11-04,0.0007240252267182,0.006434542799125,-0.0035072369492132,-0.0011017742943433,0.008960319106734,0.0043268669346434,0.0076484349529812,0.0061667665545538,0.0032390232961315,0.0065104759601603,0.1612257456720353,0
2016-11-07,-0.0180078613615295,0.0244514244755928,0.0237570463118939,0.0220567394161148,-0.0085013340109822,0.0078521549750478,0.0116082580694752,0.0096552344368882,0.008315800860527,0.0068719281833979,0.0139868384044478,1
2016-11-08,-0.0041752118695014,0.0026147864618728,0.0065321968581899,0.0045041697904157,-0.0040573960275562,0.0076957208912815,0.0115817159206344,0.0100790783985028,0.0084165655328951,0.0067612787810568,0.0066576831427951,0
2016-11-09,-0.0006576934516286,0.0307872034572251,0.0046110707469144,0.0106022123312234,-0.0424327734816728,0.007438811175028,0.015000322569174,0.0100854965380493,0.0090057573902324,0.0144994828362165,-0.1154668172522217,1
2016-11-10,-0.0148897465856011,0.0159946231489309,-0.0161495579830519,0.002495324890974,-0.0147703849903915,0.0088854902466686,0.0146884223380754,0.011198944644008,0.0089027445349216,0.0147063101997462,-0.0835354478082066,0
2016-11-11,-0.0221294490678822,0.0229718900462339,0.0004319570123794,-0.0023049462181932,-0.0056220510071458,0.0108105828014998,0.0153809006660537,0.0110967483924433,0.0088665896823897,0.0146479756595119,-0.0686672843025558,1
2016-11-14,-0.0084542944207494,0.0140545609073761,-0.0101037666696185,0.0007854187210465,-0.0059817133157766,0.0106309313193297,0.0154369873650379,0.0114581644738626,0.0088530089452998,0.0139865594837494,-0.0792481088326144,0
2016-11-15,0.0086986661865577,0.0030973422001774,0.0138706301521389,0.0078028089491948,0.0049460593412,0.0109129071888852,0.0137950411680131,0.0122757520589796,0.0083888150602752,0.0143619493737519,-0.0215120711599868,1
2016-11-16,-0.0029884400214107,-7.703918969048651e-05,0.0059372231434797,-0.0018780611826351,0.0090231066658235,0.0101047774664861,0.0118999084511087,0.0120340473347128,0.0079623092082553,0.014843007356004,-0.0178026765658504,0
2016-11-17,-0.0051382931520939,0.0058667946611297,0.0072705473084628,0.005140451475686,-0.0147143169909337,0.0093536611480405,0.0106796969153642,0.0114387903901898,0.0073938116169175,0.0150643327502554,-0.0239471809798158,1
2016-11-18,-0.0087802071028961,0.0052952891115261,-0.0037364506396294,-0.0022377134220589,-0.0028881998213389,0.0089911195507698,0.0107587905802044,0.0114540880583074,0.0075026568474929,0.014075501767215,0.0001147979544914,0
2016-11-21,0.0037342622620732,0.0046570742355367,0.0103989699176045,0.0075518470987798,0.0024824839830228,0.0088361894249207,0.0101186441888815,0.0093884022209763,0.0046229946697839,0.014497609335891,0.0322482660710193,1
2016-11-22,-0.0003460885524626,0.0091181889361542,0.0030370548245841,0.0019530014218538,-0.0003298846868504,0.0089807048937271,0.0097561636682286,0.0092612503558317,0.0046162454349795,0.0146403608948488,0.032755423209161,0
2016-11-23,-0.0198199835328164,0.0062503371771147,-0.0040372137436534,0.0005438960668868,-0.0038809675401179,0.0099235339667304,0.006961247706947,0.0093477353384168,0.0037966210311794,0.0077237176549352,0.0904995373785761,1
2016-11-25,-0.0056512087386175,0.0032925701917061,0.0032090061049685,0.0037154170585282,0.0014922437170092,0.0095308543836579,0.0066383330541246,0.0072391343602749,0.0038342540297365,0.0066478005368091,0.1088116640273883,0
2016-11-28,0.010567466787642,-0.012978111332032,-0.0022725324872486,-0.0046945887943674,0.0073663813931685,0.0090103018942658,0.0070232928588861,0.0073794435144943,0.0041970869581159,0.0070215546943407,0.1085966774241044,1
2016-11-29,-0.0046573496878585,-0.0005294328438532,0.0034588621095719,0.0019500785346966,0.0041902018742323,0.0088244744769162,0.0061277282196927,0.0059408676566828,0.0041798243550823,0.0068329693752978,0.148663677609829,0
2016-11-30,-0.0134192344673248,-0.0049144579369786,-0.0121070910365632,-0.0023990262102875,-0.0162001761702902,0.0084884167594421,0.0065364482147837,0.006644048987492,0.0038325736114659,0.0084720572775377,0.2513856547098776,1
2016-12-01,-0.001879186438234,-0.0048626356009157,-0.0172766899749167,-0.0036754122205571,-0.0105586883484704,0.0085197310121455,0.0068408204605108,0.0085533698104446,0.0040183368204709,0.0080622287469275,0.2934643568931853,2
2016-12-02,0.005379222424209,-0.0005346037994383,0.0019920461713895,0.0005009922028609,0.0073275704658422,0.0090690079449129,0.0066439084307925,0.0081242798968639,0.0037160256640098,0.0075956883596215,0.3667515614980421,2
2016-12-05,-0.005350441210868,0.0171888587826314,0.0077786570170257,0.0060085741593653,-0.0010872032495521,0.0089100553108058,0.0084270772524098,0.0086103468134444,0.0039900357515789,0.0075698828235089,0.3797279664650348,2
2016-12-06,-0.0009861987578327,0.0108149802985881,0.0024016183901482,0.0031675108616484,-0.0007538099604988,0.0086256510924712,0.0088823907625733,0.0078114508193611,0.0034060123072041,0.0074768737171397,0.3579748304854527,2
2016-12-07,0.0035897112517582,0.0097330998978439,0.0126623948841504,0.0130809281918364,0.0085446248800635,0.0088775620769558,0.0089369161348394,0.0089294393498412,0.0052024117948775,0.0080982068263649,0.4317142777044057,2
2016-12-08,-0.0023249765892274,0.0157467246994018,0.0017740350337591,0.002448546368909,-0.011793602115747,0.0067001595654504,0.0098552440487326,0.0088566105264044,0.005185345561577,0.0088340328769177,0.39107053261376,2
2016-12-09,-0.0104866735873944,0.0019558471626544,0.0078435363589979,0.0060405823435738,-0.0124394214524502,0.0071916450898659,0.0098643523653033,0.0091501641386679,0.0053206660004011,0.0094486826230706,0.3480290476466011,2
2016-12-12,0.0038043311878657,-0.0105553282595755,-0.0045190539831689,-0.0011478890672014,0.0018722588972452,0.0061213439436675,0.009444715222847,0.009256184826675,0.0049091383021058,0.0089554886817909,0.429567948958424,2
2016-12-13,-0.0033387723118656,7.255437043141022e-05,0.012609586244664,0.0066739082385081,0.0035679916666289,0.0060870001117355,0.0094187392435975,0.010013441987598,0.0050647293574873,0.0089012858951807,0.4262398493542277,2
2016-12-14,-0.0146672264549417,-0.0124945197280409,-0.002075337482659,-0.0082543065913689,-0.0111731880189174,0.006343124478765,0.0104198077472185,0.0089671084206616,0.0060163027357421,0.0081965708819902,0.4230785614605154,2
2016-12-15,-0.0136911280721755,0.0074734981895756,0.0015807123886237,0.0041174446018465,0.00505105277421,0.0072268303207814,0.0101508950586192,0.0058182868036496,0.0056215325628633,0.0080071220638339,0.3722843500771828,2
2016-12-16,0.0066145587673787,-0.0018365043427914,-0.0037069622859697,-0.0019556652488424,-0.0023002814908165,0.007409557035895,0.0102227564918228,0.0063168575826657,0.0058063184897644,0.0074416030652788,0.3540317847027926,2
2016-12-19,0.0049976239785403,0.006548798001484,0.0040966579321788,0.0021771325337238,0.0107562293964935,0.0078598314399786,0.0091756146424067,0.0061536902326046,0.0057127076560478,0.0084818130565565,0.3651596312428808,2
2016-12-20,-0.0073671189735931,0.0084793898998909,0.0038306566278036,0.0038575735864478,-0.0049828322517592,0.00796811891409,0.0089749314953285,0.0061479585011262,0.0057240138215714,0.0085804088437411,0.3578771395019868,2
2016-12-21,0.0005566152526592,-0.0065237044307174,-0.000746553440739,-0.0027824561278226,0.004414149431088,0.0077314848681291,0.0089939945070114,0.0053109588760746,0.0046203575805145,0.0081426481805205,0.21105011498358,2
2016-12-22,-0.0024107755207141,-0.0086225567268045,-0.0028225172374318,-0.0017276681034062,-0.0017884575212302,0.0077299721640602,0.0077333741743295,0.0055335457991757,0.0046750929861942,0.0073401219980973,0.2769057633128625,2
2016-12-23,0.0031601819765598,0.005320367606673,0.0006658586700134,0.0014641511046356,0.0020373127137358,0.0075820778384747,0.0079723576025535,0.0050821077123459,0.0043034218261819,0.0060889968278602,0.384491698570952,2
2016-12-27,0.0058370911853666,0.004483885976029,0.0051583189655375,0.0024811668242115,-0.0032186142386044,0.0077864532824555,0.0074132618908699,0.0048536428850827,0.0043261274912022,0.0061961913049408,0.4168702224814878,2
2016-12-28,0.0027634769574851,-0.0102448566272145,-0.0077803198137063,-0.0082645578050338,0.0073085604662581,0.0079106918329206,0.0081302014852583,0.0040522821083824,0.0045699972039653,0.0065239075055736,0.3557079653519726,2
2016-12-29,0.0131361408888308,0.0008871029599741,-0.0014181203926969,-0.000222719730556,0.0035431498166977,0.0076182396207799,0.0070041011434104,0.004023352519591,0.0037668863953545,0.0050678018415719,0.1475752857486893,2
2016-12-30,-0.0061655662302206,-0.0038412304834005,-0.0102746714243162,-0.0036550151928067,0.0015133402059062,0.0062073207173749,0.0066759592425704,0.0050771064775255,0.0036015359400282,0.0049598419386738,0.2506938764400034,2
2017-01-03,0.0078460049773081,0.0049681629965572,0.0089466641857371,0.0076501351503697,0.0042809130075465,0.0063177972360494,0.0068724529373899,0.0059177359008081,0.0044570572275982,0.0047999539865927,0.3248885146984958,2
2017-01-04,0.0035303646722089,0.0166765830576212,0.0054373673233234,0.0059487962088486,0.0038450397736304,0.0062633211719687,0.0084793345887599,0.0060357383651429,0.0047990324808478,0.0038679999422906,0.2911809511763746,2
2017-01-05,0.0155150749705346,-0.0115400910868027,0.0056577160650284,-0.0007942009679013,0.0156536828826323,0.0065959664249653,0.0089110756930356,0.0061869849485311,0.0046580996177366,0.0051887383270634,0.3290545878453098,2
2017-01-06,-0.0073725512307261,-0.0036711371643426,0.0087698942081322,0.0035778316945869,-0.009181959182517,0.0075183346147868,0.0087533059675827,0.0067200534825828,0.0046686939303938,0.0065900457306203,0.256888334210916,0
2017-01-09,0.0082326458071169,-0.0065591066241341,0.0032804691119336,-0.0033010253597328,0.0080256224404016,0.0073263126801699,0.0085643658828144,0.0065865173412989,0.0047826867854235,0.0066277611616392,0.1897881708513185,1
2017-01-10,0.0042602588509306,0.0095700106655962,0.0022072701293438,0.0,-0.0006570920700642,0.0073097257212946,0.0089727992225916,0.0065738984718872,0.0047718977244368,0.0067422225286503,0.1828946099480603,0
2017-01-11,0.0030932255360247,0.0017633797661191,0.0026914364910335,0.002826183652584,0.0033682551349003,0.007316226875949,0.0088647937762864,0.006487870915495,0.0047902942700265,0.0063663881148463,0.1918898559643085,1
2017-01-12,0.0036123670670429,-0.0077022067662443,-0.0015454634429582,-0.0025098552540513,-0.0022107559992151,0.0072989513805615,0.0085764152650856,0.0057247598937772,0.0038997619166437,0.0064889944781,0.2133282610033404,0
2017-01-13,0.0026336178800692,0.0072444663337234,0.0034219298971718,0.0022955449547388,-0.0047583070206075,0.0066565544090903,0.0088753506813685,0.0055709473910006,0.0038967821822025,0.0069036780592873,0.2223793813279465,1
2017-01-17,0.0143595079484717,-0.0135771400916474,-0.0030043050588289,-0.0035235489943973,0.0104696572826668,0.0065013168011891,0.0099023245617463,0.003886079044927,0.0038787484679379,0.0073985046685355,0.0643555474626702,0
2017-01-18,-0.0084591777336793,0.0032737159215709,0.0020361562063504,0.0022098401304824,-0.0128080905571369,0.0077852432122833,0.0098166167271061,0.003412532351757,0.0031979659963021,0.0088676119861864,0.0224051694945195,1
2017-01-19,-0.0008706024299159,-0.0081571100871036,-0.000487805648958,-0.0037044477087666,-0.0068587483143297,0.0079339778807541,0.0079693526078053,0.0034364111864467,0.0028684403783658,0.0091509399786442,0.0118106773770044,0
2017-01-20,0.0024397178433508,0.0051586688529872,0.0021954061699056,0.0036740376897101,-0.0019970545794382,0.0067182102408107,0.0077113746003007,0.0032289854459975,0.0031186815593303,0.0073419060202758,-0.0010430042817914,1
2017-01-23,0.0064319673545478,-0.0041654965507127,0.0008115147934315,-0.0026022722604875,0.0100048515199873,0.0059031486388771,0.0077300710825369,0.0021703090996333,0.0029738910926424,0.0076582583608536,0.0638685538674709,0
2017-01-24,-0.0044909255406284,0.0153123096610405,0.0067285676499215,0.0064119231075872,-0.006851467677593,0.0061532206746131,0.0090610304688489,0.0027428945558719,0.0034862119707316,0.0074230207665764,0.0498635312022378,1
2017-01-25,-0.0082414936749226,0.0094165805114279,0.0100661071905621,0.0086555165116282,-0.0125507680509361,0.0069316913919478,0.0090447811180082,0.003863318626629,0.0043207473827056,0.0082300244135984,-0.0197461168907007,0
2017-01-26,-0.0092721970033536,-0.0040088396134262,0.0010362783995541,-0.001045652691281,0.003367060546717,0.0075977921698824,0.009163892541185,0.0038796946133577,0.0043494700893163,0.008229931082247,-0.0176900437284618,1
2017-01-27,0.0020306880028346,-0.003438884526685,0.0019117395403771,-0.00156958443752,0.0036069698578307,0.0075260645989273,0.0088449202727633,0.0036642480962551,0.0042750231101375,0.0084490266347022,-0.027615314207026,0
2017-01-30,0.0042294771871418,-0.0139508469960387,-0.0077902208091167,-0.0062017113822299,-0.0030088304914404,0.0076126378246237,0.0096103745504637,0.0048610711294608,0.0048167548191473,0.0083997989934593,0.0082094370629967,1
2017-01-31,0.0138633132765788,0.0069995908880713,-0.0020029115792785,-8.788552146277162e-05,0.0069586446336296,0.0075082085174635,0.0088927427999196,0.0047708744680521,0.0046384727907133,0.0078945183809324,0.0823487232975877,0
2017-02-01,-0.0030290445198764,-0.0005914685313275,0.0069037083383873,0.000395751311544,-0.0061830745297308,0.0070282605199949,0.0088496367846852,0.0050758309003213,0.0046027225093272,0.0071288700274188,0.0625905785737818,1
2017-02-02,0.0055555504045368,-0.0025159385136895,-0.0008769900785854,0.0006587841606762,-0.000419988712955,0.0072000936823929,0.0084231771363507,0.0050979345577908,0.004372223554166,0.0068619395656111,0.0136323025290421,0
2017-02-03,0.0025034610211955,0.0152809120060459,0.0028727450551417,0.0068927355545196,-0.0004200842676742,0.0072015854695933,0.0095368608393305,0.005106812400564,0.0047103479587212,0.0068471119722983,0.0292295783807907,1
2017-02-06,0.0135193294752102,-0.0075250864240528,0.0011934462761258,-0.0017875916055452,0.0060508815075772,0.0080936462038489,0.0098264602461904,0.005098640024722,0.0046448141796751,0.0062587934513263,0.0244406836363071,0
2017-02-07,-0.0020390643159919,-0.0044170648507426,0.0036555907345512,4.360111093792973e-05,0.0073502369903517,0.0079216902392449,0.0086554755435315,0.0048697317142507,0.0042778075280106,0.00637974294656,0.0495146429627784,1
2017-02-08,0.0062149102896604,-0.0017749673008288,0.0016629985579477,0.0013105861107809,0.0135985092421189,0.0071437725048757,0.0079272697156585,0.0038919533544566,0.0032463294420538,0.0057781388161404,0.201695697131878,0
2017-02-09,-0.0076148701860386,0.0140744529823695,0.0036364852100383,0.0059326171519404,-0.0115342843100968,0.0068305676220245,0.0092649413790215,0.0039908907137969,0.0037419860219298,0.007394223591653,0.0765625577248063,1
2017-02-10,0.0026430007347089,0.0075966619046778,0.0033078697242396,0.0039462063706736,-0.0005796293178438,0.0068184336581959,0.0094371164943982,0.0040458375218755,0.0037994884272762,0.0073864750521467,0.0804301745722284,0
2017-02-13,-0.0068026822512189,0.0026096573326928,0.0056526375932997,0.0054424599472628,-0.003146857135063,0.0075551923982331,0.00776495407204,0.0027230938597152,0.0030123490344736,0.0073952984440128,-0.1347315386017079,1
2017-02-14,0.0011129901542927,0.003326297070022,0.0033565426206914,0.0039951818344134,-0.0072271248467993,0.0064100239753322,0.0076392090932589,0.002192014987449,0.002932179844675,0.0075204970561426,-0.126152821399776,0
2017-02-15,0.0044470763850958,0.0059815040078909,0.0059128912274357,0.0052204649142648,-0.0046019321070541,0.0062961191560153,0.0076162321015454,0.0020183241623493,0.0029108651435818,0.0073975403732472,-0.093973524625818,1
2017-02-16,0.0053640263872474,-0.0027940725650336,-0.0003091907999256,-0.0008511339238806,0.0054639308901811,0.0062842261338758,0.0076401537379862,0.0019005159497748,0.0030890483113656,0.0075998776429226,-0.110777900465196,0
2017-02-17,-0.0033875467452245,-0.0006464324412573,0.0043325800718994,0.001576141240583,0.0059366721151323,0.006497497762333,0.0064115126892806,0.001937325597331,0.0027904929504866,0.0077785474689439,-0.1311170273883765,1
2017-02-21,0.0005948308518244,0.0078359244736372,0.0049304807580741,0.005955423056674,-0.0017457775751119,0.0048946684963364,0.0057799171105348,0.0018574322477735,0.0025365828138499,0.0076197452631494,-0.0853407416823716,0
2017-02-22,0.0013588421410561,-0.0044227666597048,0.0003834553250012,-0.0008881363574653,0.0016645448184466,0.0048510264160028,0.0057807499547928,0.0021190606897213,0.0026807538182304,0.0072422547920586,-0.04576938171583,1
2017-02-23,0.0087354655865206,-0.0059463653927849,-0.0037550434940735,0.0006772555842533,0.0029921784473001,0.0052372447918079,0.0063046803997361,0.0030628186068625,0.0027363111679717,0.0055800165565905,-0.0914154807990923,0
2017-02-24,0.0063897300423407,-0.0007209017329349,0.0019231423572789,0.0012686417461695,0.0111055553799432,0.0046190307844799,0.0049440705997394,0.0030553128127224,0.0025937428999757,0.0055490370765044,-0.0328287541799608,1
2017-02-27,-0.0048453986336436,0.0097367966252657,0.0012281749529188,0.0015629156888081,-0.0059014441769896,0.0050940048756857,0.0052825218266926,0.0030705169124345,0.0025691771796605,0.0059561498954813,-0.047315546462282,0
2017-02-28,0.0009234436519076,-0.0154282227638453,-0.0030670437080596,-0.0026989467096618,0.0037098222376181,0.0042440740435678,0.0074818046484297,0.0032652685762347,0.002777970395932,0.0058898655324277,0.0542365408659718,1
2017-03-01,-0.0014258642418293,0.018282089744966,0.0109211872041239,0.0139972079898902,-0.0167560852024877,0.0043813592546072,0.0095091014235907,0.0044176953086656,0.0048047239783271,0.0078414058396504,-0.0230372418562177,0
2017-03-02,-0.01243067157641,-0.0114707466929305,-0.0050210960866973,-0.0062974340407802,-0.003599364186628,0.0061491446653951,0.0101138333790313,0.0047509359435859,0.0054404311568239,0.0077795421673334,0.1624936252306296,1
2017-03-03,-0.000595336738681,-0.0007209017329349,0.0018351854418243,0.0006295598560892,0.0026039016690748,0.0058676127870014,0.0100840971868286,0.0047257492568106,0.0053913710354179,0.0076189890618365,0.1720512879345386,0
2017-03-06,-0.0067228397682393,-0.0068514168032013,-0.0022138581671399,-0.0029774717950589,-0.0047757327561555,0.0061404405950678,0.0102930916171556,0.0047233505022893,0.0055805526294977,0.0074427471558052,0.2173259947812086,1
2017-03-07,-0.0080534821073966,-0.0065359784628428,-0.0016824997528743,-0.002987176807792,-0.0030309647594499,0.006519223100162,0.0099235497202959,0.0045266399746362,0.0054347194423759,0.0074667655249301,0.2251210769478197,0
2017-03-08,-0.006218701229006,-0.006579040837523,0.0017623760372482,-0.0018564611551241,-0.0054044206651017,0.0065686855472417,0.0099953632618592,0.0045586412517699,0.0054653684819767,0.0075001136487804,0.2302336639863898,1
2017-03-09,-0.0051277277108421,-0.0039736545760725,0.0007649616812697,0.001268146827497,-0.0079806554892433,0.0052902026095434,0.0099418184213893,0.0043426497826212,0.0054751063935648,0.0075066036402179,0.2872302562399481,2
2017-03-10,0.002183978311645,0.0044327301336537,0.0042032063706336,0.0035039647745742,0.0035089084887856,0.0044968492759086,0.0101709752974084,0.004475048578781,0.0055688251547603,0.0061889285257082,0.2818240556316383,2
2017-03-13,0.0001743082536056,0.0023537354460545,0.0016746646631695,0.0005049655935815,-0.0063113331366021,0.0046964170786211,0.009475740561629,0.004481208501191,0.0055546134468352,0.0062060016570254,0.2913232732557675,2
2017-03-14,-0.0054034785491596,-0.0047696634069932,-0.0024314004758394,-0.0038265645441523,0.0048067402127431,0.0044178802289639,0.0084191456491282,0.0044225299871885,0.0056333407420839,0.0063613085161611,0.3457664033015394,2
2017-03-15,0.0186645391005457,0.0154830398843455,0.0061697143534198,0.0086536172657234,0.0122148818656255,0.0085433302682829,0.0077012335665086,0.0033646746635644,0.0042663014529283,0.0063485187510282,0.8105961375954551,2
2017-03-16,0.0041290611349127,0.0013071590414588,-0.0006815860389982,-0.0019671439596663,-0.0050635967600574,0.00795773319682,0.0069538115720121,0.0028060780582747,0.0037871166309714,0.0064366139520379,0.7727780006828189,2
2017-03-17,0.0022273151662723,0.0039884914957364,-0.0003491575324032,-0.001756145440558,0.0062762937527269,0.0080116167395841,0.0071015157573519,0.0028136657620386,0.0038246266334855,0.0067582106871546,0.741125707838082,2
2017-03-20,0.0044448609450054,-0.0043336675937633,0.0009114788624822,-0.0010966429114835,0.0042989886129312,0.0078104277699905,0.0068772164358203,0.0026181532533192,0.003714464753184,0.00674086367717,0.6954308458124865,2
2017-03-21,0.0087652009239416,-0.0282170901558225,-0.0151734115569591,-0.012839768305244,0.0083089464756449,0.0075210275968405,0.0112452327859664,0.0057619212682894,0.0054901167301023,0.0070587036142359,0.3807060558091684,2
2017-03-22,0.0024464392887426,0.0002238469685915,0.0067793210900204,0.0023530873744543,0.0039950044039953,0.0068926916584872,0.0111448358745342,0.0061670604184855,0.0055729012856,0.0066566240818564,0.3738291181902839,2
2017-03-23,-0.0013464921286197,0.0058208179692984,-0.0025253432923337,-0.0010670946198056,-0.0014091544507401,0.0064729439291432,0.0113177350247301,0.0062203287713514,0.0055384555308334,0.005784632682475,0.3679768438912354,2
2017-03-24,0.0016010992191619,0.0007218340669628,0.0020710996290527,-0.0007261871473921,0.0035701597856021,0.0064899995684682,0.0112029811383711,0.0060900076813307,0.0053349312493713,0.0057851902097196,0.3698717519016071,2
2017-03-27,0.005636868294673,0.0018589952072127,0.0016075671832238,-0.0010264389392282,0.0045497778238354,0.0064016924685349,0.0111888736934484,0.0060875589079741,0.0053031773875909,0.0047566115274933,0.399404345217999,2
2017-03-28,-0.004099371444605,0.0077922954540579,0.0061145600992666,0.0072770872896967,-0.0066707635343099,0.0061961939286834,0.0113958893009878,0.0063586193933952,0.0058559715592306,0.0058425904200957,0.2899903988359822,2
2017-03-29,0.002436163586164,0.0032405946544398,0.0046336869730834,0.0009347114012558,0.0059694588089727,0.0035685585968738,0.0101978255854002,0.0062233508428037,0.005003026835492,0.0050256451234029,-0.0322372805807591,0
2017-03-30,-0.0072069102250508,0.0075609433019412,0.0016634999439693,0.0031841583664162,-0.0080763450915652,0.0046683955393284,0.0105251586968266,0.0062248111066908,0.0051543150093022,0.0055812132078164,-0.0090793704237686,1
2017-03-31,0.0021102388572973,0.0016026960913932,-0.0006791262043778,-0.0023276675207519,0.0029080253416033,0.0046664888685876,0.0104480793735081,0.0062311157845319,0.0051732166643554,0.0053985596858493,-0.0131667185297737,0
2017-04-03,0.005306580584065,-0.0105468584565818,-0.000604525869835,-0.0017393212179078,0.010086573649565,0.0047348023432938,0.0108853774013491,0.0062395188708292,0.005184969074452,0.0059816035629372,-0.0190397176240955,1
2017-04-04,0.0022622897018258,-0.0011764774248865,0.0015874583457187,0.0006375636281066,-0.0054245421561681,0.004030156809099,0.0052941326779677,0.0030101364241687,0.0028954005472123,0.0060309648867401,-0.0621342403464211,0
2017-04-05,0.0,-0.0113342115382919,-0.0040754177741005,-0.0029726829260318,0.0030576161819626,0.0040009911737515,0.0067233545385842,0.0030775486435191,0.0030532694148449,0.0059854882209884,-0.0084735240246423,1
2017-04-06,-0.0036783349883247,0.00930528750129,0.0005301901118135,0.0028110315194147,-0.0014826534525378,0.0041948330444972,0.0071060423139352,0.0028328826505734,0.0031176023434651,0.0059886231966275,-0.0205977064688692,0
2017-04-07,0.0023493772325884,-0.0004426121111086,-0.0005299091592171,-0.0010192536001798,-0.0040434376478453,0.0042244775103381,0.0071188611156227,0.0028718153536551,0.0031328489560089,0.006087354095464,-0.0128288794791843,1
2017-04-10,0.0,0.0022139777959959,0.0003792323540703,0.000595065841108,0.0046396281049339,0.0038214720783022,0.0071256875420402,0.0028703884011869,0.0030822533557212,0.0060947343551092,-0.0278023927485719,0
2017-04-11,0.0144818631357117,0.0079517491707865,-0.0043176904477697,-0.0011894238966844,0.0094829842165702,0.0056936460689436,0.0071431762907633,0.00265293619052,0.0020894141644609,0.0062408386804415,0.0030637303490227,1
2017-04-12,0.0068487019138516,-0.013586562226481,-0.0040320122818515,-0.0043821702666423,0.0054727298017942,0.0059145960518147,0.0083877449855716,0.002313511790703,0.0024412892344529,0.0062050588558018,-0.0454870734479585,0
2017-04-13,0.0047533342649672,-0.0097748916032274,-0.0039717569440129,-0.0064947881698708,0.0030872383522435,0.0049152083886927,0.0082476339220565,0.0022765538621578,0.0026649988130279,0.0051774820748199,0.0338630179050044,1
2017-04-17,-0.0029363834815018,0.0117408286416569,0.0082820419227878,0.0088598612180332,-0.003077736645633,0.0053104822092057,0.009366012269188,0.0038716547820707,0.0042225028066632,0.0054969858321549,0.017996458797516,0
2017-04-18,0.0047447794600019,0.000221968888544,-0.0015211682020809,-0.0029843645524116,0.0130800204293484,0.0052855625400681,0.0088218282928016,0.0038806352481496,0.0042813973834619,0.0060309673347247,0.0367315890551744,1
2017-04-19,-0.0088747463002685,0.0034726370521735,0.0015998539641328,-0.0018386683719637,-0.0054533697840154,0.0064711390209976,0.0089036446016773,0.003881472732864,0.0042725729435348,0.0060351704593018,0.0601312936108516,0
2017-04-20,0.0018893922713916,0.0127405384119383,0.0083657564580001,0.0081391921025477,-0.0038700444788242,0.0064412683998173,0.008759045079496,0.0046253234634542,0.0050387694505539,0.0063504022695806,0.0505043924367653,1
2017-04-21,0.0028697808851136,-0.0022541567621087,-0.0002267192474822,-0.0031864188876172,0.0,0.0061299572081443,0.0085032071915474,0.0046305729840247,0.0050569172576205,0.0062826185463831,0.0699782921050743,0
2017-04-24,-0.0067859882121454,0.0124626073151239,0.012070017850718,0.010997698203023,-0.0049378488165765,0.0068158821383617,0.0091742562870292,0.0058912270157797,0.0061827329295201,0.0063827047313131,0.0065908302608659,1
2017-04-25,-0.0101251508309526,0.0097178687797083,0.0072304432050696,0.0058185288002383,-0.0120395979891497,0.0077801728351219,0.0094493068349039,0.0061193391698524,0.0063762738268418,0.007628271040251,-0.0056069604879893,0
2017-04-26,0.0049064144523129,0.0051333937644602,-0.0014063060837397,-0.0006286641821314,0.0055168370523923,0.0063517944357814,0.0093354733685131,0.0058293633574887,0.006353651180861,0.0071804814935262,-0.0216689218413741,1
2017-04-27,-0.0037239073310124,-0.0002839530875738,0.0060026537190263,0.0008388195931641,-0.0003273511424295,0.005898797658089,0.0074734235449425,0.0054013918099069,0.0060292069914579,0.0068980579563463,0.0101592595549052,0
2017-04-28,0.0031563855415273,-0.0134094077402028,0.0017680796056311,-0.0021795137295944,0.0022113457123114,0.0057352089624544,0.0082798058218977,0.0047704819520019,0.0054875618596745,0.0068485672965787,-0.0026907536862043,1
2017-05-01,-0.0091082098592096,0.005753300316164,0.0088979238217385,0.0025200622012202,-0.0083129838945983,0.006219994173343,0.0078600054872741,0.0048323756755794,0.0050008662590793,0.0072242027121622,-0.0186367507934938,0
2017-05-02,-0.0001670982148606,-0.0050767884382805,0.0016766735532149,0.0003771690795835,0.005120813725884,0.0057986305874048,0.008262994811567,0.0045003737876812,0.0047541873268174,0.0057349354612427,-0.007816148307342,1
2017-05-03,-0.0139573601976437,-0.0061802243206106,-0.0032019501856891,-0.001214546832747,0.0006572442515513,0.006580175824757,0.0087296574150365,0.005075248545462,0.0047007391041253,0.0056761049959574,0.0331239731838363,0
2017-05-04,-0.0100864757378082,-0.0013737285328025,0.0003647450856796,0.0011741298467431,-0.0049267624509807,0.0066596090365705,0.0078741551215792,0.0049605075348803,0.0042042122369492,0.0057326548462701,0.0130492725647657,1
2017-05-05,0.0018837333588364,0.0064447253810493,0.0036487168958176,0.0039371460736521,0.0009074998737936,0.0065479839341778,0.0080214807120482,0.0048016848198779,0.0039252601631867,0.0057696874203948,0.0615024339789273,0
2017-05-08,-0.0022220505211832,-0.0041733251491916,0.0021811302138969,-0.0001667956747873,-0.0054420356545802,0.0065222644595414,0.0071289726572658,0.0038017132448784,0.0024405065391981,0.0058040697338161,0.0396011843272987,1
2017-05-09,-0.0059956912055005,-0.0004331937439061,0.0034826589697092,-0.0009180768119642,-8.261647077201228e-05,0.0062107437595631,0.0061989791410941,0.0034782143193362,0.0018308783348846,0.0045181590295163,0.1151441062458256,0
2017-05-10,-8.618815999517082e-05,0.0062163271527628,0.000577863648729,0.0017955303709238,-0.0011605358751783,0.005630669457915,0.0063330281037418,0.0032922925324543,0.0018438158386854,0.0039990152753267,0.1312420339001411,1
2017-05-11,0.0039641423719698,-0.0069680154286579,-0.0007946147993471,-0.0020425838094341,0.0,0.0061756916589553,0.0065679207097822,0.003198264541419,0.0020217523685894,0.0040076963922537,0.0922863852597445,0
2017-05-12,0.0028326337429587,-0.0052811433649868,0.0022416813346675,-0.0016708445699379,0.0075530424570093,0.0061390461624286,0.0053843673481473,0.0032002560645956,0.0019570092657615,0.0047800671853191,0.129575507650218,1
2017-05-15,0.0026534071191921,0.0077815790036508,0.0031746887321009,0.0055234764405327,-0.00271786985629,0.00602706925435,0.0057004411976207,0.0021509365849929,0.0024821069331528,0.0040435834404585,0.2675459907561608,0
2017-05-16,0.0043537829852127,0.0003607767581257,0.0041715682312324,-0.0009154861327479,0.0037167897912595,0.0063505472325608,0.0055145280133476,0.0023320207547343,0.0025327427409755,0.0038661515916035,0.2797740781963676,1
2017-05-17,0.0181895398375979,-0.0269782943081412,-0.0254268028705001,-0.0177439674358802,0.0145669180601404,0.0074743122004719,0.0100281099358328,0.0088585017016299,0.0063418623223306,0.0060653758100989,-0.0752623333065949,0
2017-05-18,-0.008181011348557,0.0036324194427732,0.00874581138334,0.0040285221893703,0.0011354945003998,0.0071625184754057,0.0102105739786862,0.0093469003856486,0.0065175315723115,0.0056704734691253,-0.116457580043858,1
2017-05-19,0.0049659454541624,0.0048014617479381,0.0042256665447351,0.006503870619605,0.0023492396076243,0.0072353748853019,0.0100729376378806,0.0093722976278899,0.0067711805567461,0.0056622357081742,-0.0959378632807881,0
2017-05-22,0.0041876046366016,0.0067631205695031,0.0084156535355552,0.0050774040907046,-0.0027477695798606,0.0070977233724686,0.0104113339389587,0.0097155205350266,0.0070041431587482,0.0053231537161952,-0.1213027479853618,1
2017-05-23,-0.0063386332490281,0.0032858236455914,0.0010068670543443,0.0022130006152336,-0.0067278361027454,0.0071450156152904,0.01050029019006,0.0096733217269707,0.0070302767584112,0.0060177331458294,-0.1000925685738921,0
2017-05-24,0.0039449489937126,0.0006551856886314,0.004599967505851,0.0023327550767526,0.005630820401798,0.0070867102415642,0.0102409642221537,0.0097540173776902,0.0070452077557366,0.0060550887065799,-0.0841542744350703,1
2017-05-25,-0.0010868426783263,0.0006544475914584,0.0085133315294276,0.0047795846882252,0.0003245031749181,0.0071940779882344,0.0100453098331872,0.0100009018419112,0.0071197817949432,0.0060423928557478,-0.0957630955409655,0
2017-05-26,0.008871757020521,-0.0002906822290291,0.0017730394762529,-0.0002067723181297,0.0017036132350618,0.0074684866387358,0.0099005845523898,0.0100005688744843,0.0070733663254575,0.0057545318581998,-0.0925235978461748,1
2017-05-30,-0.0033184131644334,-0.0078524944295456,0.0008504274752083,-0.0008690287212363,0.0049400306928975,0.007746715377364,0.0097806066264555,0.0099951756460293,0.006922375050714,0.005605447463225,-0.0810026402252836,0
2017-05-31,0.003995366733579,-0.0010257693721884,-0.0003542057702133,-0.0002484374307178,0.0024981840891882,0.0077383127267947,0.0097611551908768,0.0099726404048974,0.0069102088968904,0.0055890162876915,-0.0832400713550773,1
2017-06-01,0.0008290372396291,0.0192927681020049,0.0038930661168885,0.0079524081699917,0.0001046621122229,0.0054387968393069,0.0069853290391144,0.0034210387124416,0.0030178938930813,0.0035979572167084,0.1090560772169652,0
2017-06-02,0.0073724269437449,0.0064773637281945,0.0114216308491881,0.0033283788351257,0.0118401244240724,0.0047723395548043,0.0070717258990874,0.0038912995216767,0.0030034982278312,0.0049914149439363,0.2701570209006597,1
2017-06-05,0.0009867835373715,-0.0062208854683158,-0.0002094279078805,-0.0007371622199739,-0.00620878859722,0.0046945324866237,0.0076434507298269,0.0041611396748913,0.0029605755850673,0.0056176483631811,0.3397092928840496,0
2017-06-06,0.0112543750875486,-0.0009354910542138,-0.0039742140016888,-0.0031967261256148,0.0054469070996969,0.0055276819648475,0.0075165104833682,0.004525886173813,0.0032586379212164,0.0055858030850657,0.2513374174184016,1
2017-06-07,-0.0052802724121524,0.000936367017182,0.0039198934109547,0.0018501436186844,-0.0047802101870756,0.0053434986852362,0.0074878191412911,0.0044947184275206,0.0032522609051926,0.0052746983989615,0.2451341306904168,0
2017-06-08,-0.0065332416684454,0.0136706091718854,0.0010459663716795,0.0004926137027467,-0.0026418316393466,0.0060634898115041,0.0084570215004994,0.0044984669085986,0.003251872545682,0.0053166781332212,0.2040309511864251,1
2017-06-09,-0.0091245425107161,0.0051818792182787,-0.0250052176095137,-0.0015178812192631,-0.0015244283489538,0.0069440877604557,0.0084701670233022,0.0094442989270356,0.0031130878211379,0.0053869343724151,0.2403558286307076,0
2017-06-12,-0.0014932827593217,-0.0016239918627539,-0.0053577765620033,-0.0002054425601507,-0.0003219234557868,0.0063729386565061,0.0085366149414567,0.0095088375859702,0.003113045536359,0.0054013581826035,0.2650012208004174,1
2017-06-13,0.0009970317877492,0.0050921877222598,0.0081161915477883,0.0048897180178009,0.0001610903813831,0.0062785454100886,0.0076821881557967,0.0099646142986509,0.0033194562903517,0.0052158889282568,0.2862897064577235,0
2017-06-14,-0.0054781178927597,-0.0059106971152048,-0.0043459286886592,-0.001267548818445,0.0154362250121624,0.0063730717207778,0.0081822778036554,0.010031160254594,0.0033859172886973,0.0070577863906502,0.2194228701655404,1
2017-06-15,-0.0041729260663785,-0.0050972347271447,-0.0044369850578922,-0.0019244399939077,-0.0015836639283155,0.0064402906322884,0.0064312098552541,0.0099203681840697,0.002511727102847,0.0071214563590429,0.2196009782105029,0
2017-06-16,0.0001675883600196,-0.0024902777861778,-0.0043383264708346,0.0002186333149656,0.0019827009324702,0.005746980689197,0.0062289542432571,0.0087554057579556,0.0022569931247382,0.0061613286131052,0.0376817307142482,1
2017-06-19,-0.0076252393215963,0.0074180605555345,0.0167205926401843,0.008324979696878,-0.0014249376334602,0.0059145325120741,0.0061447898794578,0.0108417593589107,0.0034789803906279,0.0057459399774421,0.0232705267429996,0
2017-06-20,-0.0021109516115493,-0.0101247198996212,-0.0078309541692795,-0.0067439761475612,0.00895661662955,0.0033635783158465,0.0071714387954118,0.0109965497909689,0.0040602525804915,0.0061365660801475,0.0283601448507107,1
2017-06-21,0.0028769363429739,-0.0025039451896047,0.0099020854078155,-0.0002470569201087,0.0020418323479136,0.0039705718919754,0.0072412977262901,0.0115140613026073,0.0040317598960047,0.0057361007052174,0.0312733983955023,0
2017-06-22,0.0033749707830614,0.0038009730793411,-0.0002841662344972,-0.0004525957062535,0.0021956197845884,0.0042840247872012,0.0057433824053023,0.0114883552781437,0.0040352669204158,0.0054896945779095,0.067890424565123,1
2017-06-23,0.0042886154060137,0.0066435634600305,0.0038379076852825,0.001194490244351,-0.0004694431867255,0.0039849186898897,0.0059233882928029,0.0081060924989182,0.0040049237882935,0.00541137746786,0.0711989379090014,0
2017-06-26,-0.0089592203976395,0.0012063098728845,-0.0046727152591755,0.000657872403692,0.0037565617030923,0.0047337951824919,0.0059302464316539,0.0080472108287967,0.0040002354878252,0.0053112989080798,0.0596637623241304,1
2017-06-27,0.0038019343183648,-0.0087892825494998,-0.0181389653709618,-0.0080561794053697,-0.0106814690399623,0.0049854085733978,0.0061743592695369,0.0096813284770731,0.004475735762595,0.0068600188098695,0.1451496195045196,0
2017-06-28,0.0007575454013519,0.015303175399626,0.0144163466811664,0.0089504795734662,-0.0033098013848132,0.0048030115136321,0.0079203585723614,0.0107923896225745,0.0054294145100317,0.0051299416625629,0.1776651821758442,1
2017-06-29,-0.0048780641178415,-0.0059164094783243,-0.0173541787717668,-0.0087889845642135,-0.0083812960563378,0.0048634788287616,0.0079890407854267,0.0121401317450084,0.0061171568892319,0.005792278709028,0.2775562166701161,2
2017-06-30,-0.0025355227563521,-0.0015585773970384,0.0003635743507788,0.001864588927581,-0.0023125586223859,0.0048769366495371,0.0079562446181545,0.012077648255662,0.0061604601528595,0.0057440256864858,0.2799592772628977,2
2017-07-03,-0.0163531635322171,0.0083731799119923,-0.010534903281841,0.0016954939036031,-0.0032198748226037,0.0066374985246839,0.0080530263594599,0.0108185649566929,0.0054402324776545,0.0057879453379487,0.3015464920811798,2
2017-07-05,0.003704025486608,-0.0035890434311879,0.0098392673372771,0.0023120188026846,0.0002413649043633,0.0068746209589954,0.0073132331896186,0.0113759155513752,0.0051208289091004,0.0046407881854934,0.3849031381577319,2
2017-07-06,-0.0004290716083388,-0.0130583682478575,-0.0090161680582206,-0.0091445481679596,-0.008273732272748,0.0067243577135689,0.0085754178833766,0.010874954064701,0.0058699162444443,0.0047833919844924,0.415884679713353,2
2017-07-07,-0.0102172441738991,0.0097025601722595,0.0107855047416725,0.0064853340390387,-0.0059937294373126,0.0069493924372411,0.0090381810506136,0.0117294054789735,0.0063306795781453,0.0044776523326264,0.3429993048439784,2
2017-07-10,0.0016481821948142,-0.0043418561401866,0.0065333371573528,0.0010736006153928,0.0014667022466259,0.0066832948706368,0.008920131220171,0.0119092700750761,0.006327659522959,0.0046781332786739,0.3030360994556927,2
2017-07-11,0.0012990519121256,0.0029307093970929,0.0028128796532711,-0.0007422659082124,0.0017084396874014,0.0065110517261682,0.0089683110927328,0.0119423065137167,0.0063197171780862,0.0043501658285212,0.3514992005234004,2
2017-07-12,0.0035460648934033,0.0076988198183454,0.0118659431635308,0.0075144465450514,0.0069044217059921,0.0064847695304825,0.0087039115493447,0.0108887668468198,0.0061492343858835,0.0048221478028882,0.4425504741515725,2
2017-07-13,-0.0018098688846157,0.0008487892032194,0.0022034873898628,0.0016803522945501,-0.0062921083196603,0.0063985009515526,0.0072449167557932,0.0099852285877246,0.0055182442829907,0.0049932986821626,0.4160009960003328,2
2017-07-14,0.0082023566805848,0.0016961985580548,0.0078716555327857,0.0046641527886179,0.0012175069936415,0.0071719044595757,0.0069347604914268,0.0078646315500887,0.0045927537626614,0.0046282532548365,0.3839247322181348,2
2017-07-17,0.004453235312239,0.0023282117531548,0.0004922351549627,-0.0001221747704773,0.0027567956330341,0.0073751703353249,0.0068922979005438,0.0078594475664131,0.0046296051515083,0.0047984274223966,0.3666150705286488,2
2017-07-18,0.0069912156912232,-0.0026042997815114,0.0066811466997624,0.0005294650566183,0.0087332319410511,0.0052100673129289,0.0064961116769579,0.0062078081710445,0.0046399720049473,0.0055927670097188,0.3979516759780019,2
2017-07-19,-0.0002539901713813,0.0099512567612995,0.0058685631134727,0.0054139737552372,0.0004007536063048,0.0051945022620119,0.0070177779775067,0.0059874517855416,0.0048065548082103,0.0055929766339613,0.3986781363872005,2
2017-07-20,0.0013549799308418,0.0006988323538088,0.0013198632019586,0.0004454040268528,0.0028840561896708,0.0051573823012652,0.0048602048236953,0.0039032511515085,0.0030189036336436,0.0047502144544028,0.1412595113394106,0
2017-07-21,0.0086265586171283,-0.0045388835237782,-0.0004164437914975,-0.0008904114608554,0.0042345779304246,0.0035988580596219,0.0047271796618629,0.0038708570128609,0.0028879253932807,0.0040335293893149,0.2408558445258449,1
2017-07-24,0.000419213663154,0.0014028194843005,0.0045797687824402,-0.0002429725565847,-0.0038983799832796,0.0036854880978778,0.0042697876625942,0.0038069085231985,0.0029617235163542,0.0045013553071512,0.2643975133278786,0
2017-07-25,-0.0032687905257637,0.0091066203825846,-0.0025557009240647,0.0024309509816184,-0.013018880883838,0.004205125353373,0.0048234838713606,0.0043797461623094,0.0028228367661776,0.0065164213330079,0.2162772545628795,1
2017-07-26,0.0080726463105795,-0.0055533196830871,0.0032549935550099,4.032493594108288e-05,0.001618168044599,0.0045228634046314,0.0050976043080198,0.0033384665669229,0.0021522091231219,0.0061325471832767,0.0783024830326833,0
2017-07-27,-0.0007507202198243,-0.0063527380770215,-0.0062813717942495,-0.000929688040437,-0.0049282324844628,0.0044012250429487,0.0056522267385866,0.0044400921600661,0.0022688486173122,0.005994035818785,0.1983705350418155,1
2017-07-28,0.0075131606895433,-0.002669991754271,-0.0008336544579565,-0.0011727181619239,0.0059272067700404,0.0043220862882418,0.0057274335979368,0.0040114176214077,0.0019938792906738,0.0062786047441792,0.1138229781919798,0
2017-07-31,0.0004971211979458,-0.0031695235442527,-0.0042410363429952,-0.0005671960143531,0.0012104529887531,0.0043869704543154,0.0057617398841855,0.0043689607847405,0.0020154042039582,0.0062349417871558,0.1314971048258614,1
2017-08-01,-0.0008281447132181,0.0019079163186623,0.0023045163701953,0.0022286526335992,0.0070213625304698,0.0042761784816856,0.0057442337494752,0.0039016302484497,0.0020879527205572,0.0059971340066546,0.1152030628900948,0
2017-08-02,-0.0020721093811704,-0.0109319734989407,0.002716195331514,0.000485151006859,0.0005617369088395,0.0044252421130823,0.005548832328601,0.0035093448763343,0.0012645152878148,0.0059981124799728,0.0272585737142526,1
2017-08-03,0.0015780299800982,-0.0049920632386754,-0.0038902851314839,-0.0019395926285488,0.010343962990726,0.0044224351793624,0.0055319464743359,0.0036720858887389,0.0014242939437901,0.0067864716227523,-0.0018935357254374,0
2017-08-04,-0.0077949650929408,0.0048734753102666,0.0018130570699665,0.0018221618281915,-0.008492067758364,0.0047185819948741,0.0059466425795391,0.0037470875637958,0.0015037584935759,0.0072692942429823,-0.0315331121750933,1
2017-08-07,-0.0011700742821817,0.001640335484371,0.0063352819398605,0.0018588926438649,0.00112086580792,0.0047421938868633,0.0059605948874569,0.0040320866622047,0.001577633034597,0.007170868367039,0.0006449667852886,0
2017-08-08,0.0029286123995055,-0.0031328967233035,-0.0017298876437584,-0.0024608353394809,-0.0035986514469563,0.0046457282191462,0.0046206048268365,0.0039852479055371,0.0016437887081491,0.0057233072896452,0.0769480541797284,1
2017-08-09,0.0120974214989029,-0.0086431315927575,-0.0013160631106851,-4.04214563568539e-05,0.005456899910474,0.0054506561106074,0.0049162013012812,0.0038221950007831,0.0016434203941053,0.0058898398878219,0.0599418864950601,0
2017-08-10,0.0074190218777656,-0.0181565926153672,-0.0214408112359545,-0.0141152642589106,0.0085396623856877,0.0057308720373043,0.0068198886991213,0.0075514630898336,0.0047540718915281,0.0058053826983968,0.0263254307750512,1
2017-08-11,0.0047459441567772,0.0014674684455155,0.0075873032135778,0.0014768520671393,0.0004750047029982,0.005498066206382,0.0070531312689536,0.0081456342823574,0.0048405810366523,0.005735614321811,0.0248678324842658,0
2017-08-14,-0.0070852898452256,0.0151680396427222,0.0128779937312328,0.0099130202568522,-0.0051414597420738,0.0061702834987883,0.0092954723775322,0.0091671193579905,0.0059761342782553,0.0061983031598333,-0.0239356957552863,1
2017-08-15,-0.007709931316675,-0.0082286421109425,0.0006950064520307,-0.0001214066475048,-0.0042137921504952,0.0067510212849485,0.0093647137519026,0.0091465246431733,0.0059213421722172,0.0061300933883962,-0.0006912469684556,0
2017-08-16,0.007356582616572,0.0002913510620146,0.0017355816062611,0.0017443994296091,0.0036726222059246,0.0070362906122301,0.0089858049981276,0.009123741911737,0.0059534841303395,0.0062116727956344,0.0273695885707065,1
2017-08-17,0.0050873480201418,-0.0182627602922268,-0.0204461907669568,-0.0155908149511169,0.0074776591548031,0.0071419346865563,0.0103568477786518,0.011222586854522,0.0077070488562213,0.0057738847997394,0.0078002741930599,0
2017-08-18,-0.0015511047050799,-7.401430972597822e-05,-0.00070802030107,-0.0015633668185313,-0.0002369772904399,0.0064720518872176,0.0100363154740402,0.0111708635054288,0.0076162170338774,0.0048582230866922,-0.0004447544721047,1
2017-08-21,0.0037612352656932,-0.0006670562951226,-0.001273855094758,0.0007826921582783,0.0024483190045165,0.0063728457984761,0.0099234080699085,0.0108208535467774,0.0075647894205514,0.0048692323337498,0.0083841607517307,0
2017-08-22,-0.0044803115199318,0.0108286026864896,0.0152423045895324,0.0104571483584312,-0.0038603171938429,0.0067627058915202,0.0109877442606419,0.012183223777089,0.0085195910352903,0.0049002086273013,-0.0296219929388125,1
2017-08-23,0.0037640053016831,-0.0016141772378281,-0.0035614424557049,-0.0035855928153636,0.0068017476214197,0.0058235007684409,0.0107830913658793,0.0122163898379082,0.0085624836155722,0.0050385387986639,-0.0389851274252237,0
2017-08-24,-0.0030977195654199,0.0030865368551433,-0.0029433091732514,-0.0023304569766116,-0.0036919431570033,0.0055024828445097,0.0092074242682278,0.0099570008311305,0.007281152214268,0.00463410756541,0.0229397406646836,1
2017-08-25,0.0036797525952512,0.0028574103734129,-0.0021088937279652,0.0023359006926775,0.0038631346992301,0.0054115862724139,0.0092391281920992,0.0097045627798285,0.007303994197442,0.0047644130363152,0.0232670870824153,0
2017-08-28,0.015887278895027,0.0042372996632962,0.0030997701383395,4.129491159821086e-05,-0.0006285143793958,0.0067844862436055,0.0078286605048405,0.0086977101446316,0.0064648991562474,0.0043435125731767,0.109097990329297,1
2017-08-29,-0.0021654043401579,0.0002181408061654,0.0039320133011053,0.0011446049642693,0.0032225265092298,0.0060669053369315,0.007375187401934,0.0088281716073202,0.0064916357963471,0.0039383287807727,0.0470697370063115,0
2017-08-30,-0.0004822179671815,0.0064002330267387,0.0117507417460449,0.0047376004402228,-0.0003131466521216,0.0059208742073941,0.0076418840654633,0.0096640931935287,0.0066808815935135,0.003941453581458,0.0190816034737494,1
2017-08-31,0.0117401019403913,0.0098291549740294,0.0107155777561123,0.0060158865098438,0.0029776141828155,0.006632300494416,0.0043508333505853,0.0068445577341825,0.004263169110496,0.0034045009663197,0.1733453751156121,0
2017-09-01,0.0019074699121892,0.0056538393048584,-0.0013679892069821,0.0014142102201224,-0.0076494082890813,0.0064739499978682,0.0042009969002553,0.0068917438023169,0.0041028476828042,0.0043838953161981,0.1666570708074861,1
2017-09-05,0.0111058349436201,-0.0096075102848127,-0.0089727031403135,-0.0071821863736228,0.0158581206424228,0.0069616706091502,0.0059227359628689,0.0078314446045943,0.0050508652184675,0.0065993976350213,0.0457722654032905,0
2017-09-06,-0.005099651110527,0.0020836971978821,0.0030411631451507,0.0034139433161148,-0.0061352845957641,0.0070456298554288,0.0052801432821579,0.0064716617926397,0.0040183476962215,0.006845389934033,0.1052465743671049,1
2017-09-07,0.0104093316744118,-0.002509268052068,0.0023424606070263,-0.0001215117129039,0.0102368914591879,0.0073563642411187,0.0053611075260861,0.006238041709816,0.00375827773773,0.0072207769953303,0.1041860522785587,0
2017-09-08,-0.001248760290423,0.0007905449028775,-0.0086618483576244,-0.0011746384181667,-0.0021656688180405,0.0071681261402607,0.0053692675775722,0.0069570299190973,0.0036628474462114,0.0071076491748568,0.1071733401558034,1
2017-09-11,-0.0139095003697546,0.0104868412045939,0.0115114895156889,0.0106660209644209,-0.0119381340300808,0.0092635377322287,0.0060092770708861,0.0075100416495841,0.0047657908724654,0.0082877526881373,0.0157134827719491,0
2017-09-12,0.0029320477853171,0.0061130661864112,0.0023994521855201,0.0033706504673474,-0.0052568658220377,0.0080598408528199,0.0060893155482367,0.0075095695831836,0.0047380756244617,0.0084753661978554,0.0117324328195598,1
2017-09-13,-0.0075062971441853,0.0029671349532169,0.001367471105983,0.0004799238026955,-0.0039434933669749,0.0084962550701417,0.0060140770215155,0.0075054349826533,0.0047595833149749,0.0084646352079475,0.031218246581659,0
2017-09-14,0.0043786565487244,-0.0009151936635284,-0.005873450534341,-0.0003196797217053,0.0041177168794144,0.0085419234955163,0.0060292602659879,0.0071288137123321,0.0047240520083811,0.0086095940295611,0.0174192970340043,1
2017-09-15,-0.0049936974042884,0.0040894733714011,0.0034348998185609,0.0013460362355488,0.0003943020176779,0.0079233368591939,0.0055031274708788,0.0063115521267426,0.0044691432129072,0.0085357659768225,-0.119082964968212,0
2017-09-18,-0.0093204666639276,0.0068112069641783,-0.0013104524732154,0.0021268584980995,-0.005754450631323,0.0083738552500937,0.0056017762391277,0.0063102714966975,0.0044788000258803,0.0083827298133886,-0.1166398252119316,1
2017-09-19,0.0020907215740946,0.0,0.0017174650105888,0.0010011216392278,-0.0024578977011475,0.0073037496009218,0.0039701483478481,0.0054866573733088,0.003376846579466,0.006115939328147,-0.0773042752019669,0
2017-09-20,-0.0080243939813862,0.003207784058947,-0.0030858055922611,0.0003600128451253,0.0007153584771413,0.0074878157284667,0.0039574747018536,0.0055744033251708,0.0033807831231401,0.0060203286360843,-0.069866621319242,1
2017-09-21,-0.0076039671616351,-0.0010429737425505,-0.0061230727775395,-0.0026795160380522,-0.0005556822239594,0.0060632334704745,0.0037480009335233,0.0058784777046434,0.0036278412540114,0.0044148371479029,-0.06571413375815,0
2017-09-22,0.0045647013139933,0.0042457527747234,-0.0009694155681702,0.0002007811010098,0.0028603746973168,0.0066415991132938,0.0036540830847837,0.0051436804027061,0.0035394217750309,0.004753562826521,-0.0441911794357465,1
2017-09-25,0.0104673883308024,0.0013859244039529,-0.0105325408292749,-0.0020445693189573,0.0062599663204379,0.0069599439198289,0.0027747794684952,0.004490383651081,0.0017977016147146,0.004032235716848,0.0050541235088714,0
2017-09-26,-0.0111619642116267,0.0031840929827309,0.0025911593406928,0.0006025513598992,-0.0018108299788162,0.0074192558753114,0.0025153155256613,0.0045111283963384,0.0014699933056875,0.0037010909379101,-0.0255111599630361,1
2017-09-27,-0.0094201399907782,0.0195697264114997,0.0090108336130967,0.0038942961263563,-0.015068246314028,0.0075796502829244,0.006000707107026,0.0056307661945772,0.001899832297432,0.0059816293397762,-0.0818654204368033,0
2017-09-28,0.0018855199312142,0.0026452232972971,-0.0003465301427757,0.0011994971410864,-0.0029632773660615,0.0073511081818531,0.0057744983104148,0.0053772372829088,0.0018922794220399,0.0057040745436564,-0.0720693114987489,1
2017-09-29,-0.0051550385249778,0.0023676465800883,0.0072016565225128,0.0035152830691156,0.0022494067804494,0.0073557759154746,0.0058106623555343,0.0058033276736017,0.0021001367068901,0.0058138524243559,-0.0589821546600529,0
2017-10-02,-0.0066623225513177,0.0122823848860447,0.0008941161581017,0.0043387631090652,-0.0018314024648449,0.0071539932122345,0.0063155687167226,0.0057976804861432,0.0023544333438143,0.0056359472693156,-0.0590646812449649,1
2017-10-03,0.0004968550936175,0.0022001090598473,0.0021289516198204,0.0021400274959026,0.0009656364689341,0.0070473607117639,0.0061669460756104,0.0058123838731249,0.0023798162550605,0.0056590446927589,-0.0496204952797048,0
2017-10-04,0.0028138403768793,-0.0031929495863071,0.0009598037244398,0.0011863044024342,8.057612692335958e-05,0.0070326750193153,0.0066846002634027,0.0057076370704973,0.0023635239287867,0.0056422242128887,-0.0697240606621673,1
2017-10-05,-0.0053643767904709,0.0027355353889888,0.0097926874728861,0.0059252465972572,-0.0037779391201216,0.0068673053390486,0.0064475664142332,0.0058778387802767,0.0023461814981642,0.0057068544023355,-0.1684053402058012,0
2017-10-06,0.0047295030758449,-0.0013968505122721,0.0013560658877571,-0.0011388662269999,-0.0028237514340437,0.0068843292770464,0.0067362966269649,0.0057894298166353,0.0024996368757324,0.0055262528199428,-0.1635671708496155,1
2017-10-09,0.0081757826666502,-0.0041322686064622,-0.0011511004926095,-0.0016509536133665,0.0031551678090246,0.0064578684940916,0.0072004628960435,0.0039438682773871,0.002431714502487,0.0050884933478294,-0.1390299380911991,0
2017-10-10,0.0026212294399132,0.002877583214305,0.0007457009277784,0.0026383344884148,0.00161316119454,0.00570401725781,0.0072032061283633,0.0040202367103827,0.0023864045243316,0.0052295228327345,-0.1750968926871826,1
2017-10-11,0.0031862694835504,-0.0007337543331449,0.0029805810890306,0.0015707375600551,0.0019329045975204,0.0048667399910777,0.0045864975390742,0.0034384879761009,0.0023156965170781,0.0025050582004264,-0.1329194077218073,0
2017-10-12,0.0008143861338505,-0.0007346314039082,-0.0018231426618643,-0.0014900065746175,0.0042596442793449,0.0048488359364907,0.0046224634509025,0.0036001267741868,0.002558858075502,0.0026383089519172,-0.156582304723926,1
2017-10-13,0.0075677460313676,-0.0018045836334014,0.0038571206895143,0.0012174082024407,0.0072024913841552,0.0048501773386288,0.0046958081752025,0.0032315301263986,0.0024800411445366,0.003353937171005,-0.1068311609040279,0
2017-10-16,-0.0068647914409308,-0.0008702350448558,0.0034382303093625,0.0013337014009402,-0.0007148728021764,0.0048898640511635,0.0024121330960895,0.0032372013478314,0.0022672403041028,0.0032637051425839,-0.0202538123624071,1
2017-10-17,-0.0068309665686474,-0.0028813598443482,0.0012764864451149,0.0007049531254019,0.0012724889117707,0.0056063577433372,0.0023120633962748,0.0032513071908784,0.0022445475721553,0.0032628109789923,0.0208171912476838,0
2017-10-18,-0.0037664709311191,0.0047713975318863,-0.0012082442616224,0.0009787923796347,-0.0065915138632312,0.0057648093615527,0.0027984186876106,0.003407522440695,0.0022438978714923,0.0040971945786817,-0.0083218734760218,1
2017-10-19,0.0059176562138463,-0.0015382667716646,-0.003694191628178,0.0002736610797979,0.0017588067198504,0.0056073353473512,0.0026179461486673,0.0024949928321788,0.0014334171309568,0.0038110492683142,0.0113881108392311,0
2017-10-20,-0.0063730597531389,0.0046219100456388,0.0026971300557219,0.0051603412302139,-0.0106139254459912,0.0059947256716078,0.0030772792747212,0.0025761955647798,0.0019512215387662,0.0052341713410703,-0.0653230931381139,1
2017-10-23,0.0015623915833617,-0.0074679017020128,-0.0065230472382062,-0.003889455026142,0.0017746301478354,0.0053803919455667,0.0036897018214156,0.0034273167400929,0.0023798566093466,0.0051691032958803,0.0580364774272245,0
2017-10-24,-0.0038587948187768,0.0020827654533404,0.0016916793489976,0.0017572478609777,-0.0061997066211622,0.0053908492302608,0.0036197248391276,0.0034577492404743,0.0023218889440189,0.0055092434265344,0.018518067214766,1
2017-10-25,0.0001648120231156,-0.0048267814830897,-0.0037837580995681,-0.0049500891838603,-0.0047800684921833,0.005220565581994,0.0038769595615042,0.0035293111760662,0.0029104960894128,0.0055759953146816,0.0548673884037575,0
2017-10-26,-0.0084054112558058,0.0020884036269974,-0.0031881191101381,0.0012926289810728,-0.0033374001920902,0.0056299037703978,0.0039886599990064,0.0036155022640047,0.0028733466569669,0.0052477980949046,0.0558907491092033,1
2017-10-27,0.0047369707151214,0.0069235679866113,0.0291238344925812,0.0081761041671932,0.0066157431192348,0.0051402973641961,0.0045996808420747,0.0100807845772569,0.003792251162835,0.0051352630221265,0.3317043808649562,2
2017-10-30,0.0019023633137824,-0.010547688196692,0.0022483439051175,-0.0037250947694982,0.0095749531384567,0.0050354137409425,0.0057461521290006,0.01006871440807,0.0040815884834975,0.0063312031445846,0.2393298953462816,2
2017-10-31,-0.0037975653834969,0.0070840415608954,0.0037598526547097,0.0015577069242209,0.0003212627675108,0.0047622117739694,0.0061699621755273,0.0100832281330249,0.0040934286881187,0.0062994548095021,0.2375334276420987,2
2017-11-01,0.0036463284004548,-0.0066328248921784,-0.0003283814190899,0.0013224935755165,0.0044529207367625,0.0048920595916588,0.0063079984380323,0.0100548319920199,0.0040978136852042,0.0062064710934143,0.229455719551845,2
2017-11-02,0.0006605716344769,0.0029680866341461,-0.0019065073992609,0.0003881224830579,0.0044084743106391,0.0043882206314193,0.0064112061866163,0.0099537706358384,0.0040966577894076,0.006346924614404,0.2448541322059926,2
2017-11-03,-0.004703355749991,-0.0006727753533263,0.0096173108840023,0.0033389932747949,0.0027133334978188,0.0041872149841647,0.0061670668444015,0.0102154543849563,0.0039131422824725,0.0050945205285481,0.29480040714076,2
2017-11-06,0.0085392037460061,0.0011438631463815,0.0033923092469088,0.0015474605403595,0.0037411019308621,0.0051065873130252,0.0057341096483611,0.0096460887112776,0.0035962304537812,0.0051416994771627,0.3065776890302008,2
2017-11-07,-0.0036169538502853,-0.0119638699367661,0.0005856203165153,-0.000695124024584,0.0042027519512723,0.005087405357799,0.0067814437074905,0.0096825682889707,0.0036276796308393,0.0043449667076001,0.3288926147329191,2
2017-11-08,0.0034650455582678,0.0013609736889141,0.0040288679767737,0.0017006047465419,-0.0022108702101607,0.0052111174729889,0.0067204717548049,0.0092965262981681,0.003007917923099,0.0039007775835353,0.2605856151615084,2
2017-11-09,0.0041108280135717,-0.0035329422372318,-0.0052422993378542,-0.0036274011045562,-0.0028490382335558,0.0043321559411478,0.0066847233986368,0.0095112237835542,0.0034182538560254,0.0038140419586576,0.247656796247593,2
2017-11-10,-0.0081879965814214,-0.0007498921900466,-6.522755622395682e-05,-0.0003102572746204,-0.0150795153833986,0.0051146389004043,0.0060334491042453,0.0040153429273887,0.0023130360223179,0.0066821547207955,0.131622938935602,0
2017-11-13,0.0014860093226882,0.0002728089226951,0.0012360538209559,0.0009300537046601,0.0020954538418127,0.0051009341381088,0.0052847391343448,0.0040101903820825,0.001873162146605,0.0059893671067947,0.207331453816869,1
2017-11-14,0.0020608359165059,-0.0027279210580993,-0.0036392689670751,-0.0023225713505401,0.0067544380735984,0.0049294134239346,0.0044465322678989,0.0042253195367345,0.002049814618949,0.0063414218395298,0.1839805920782356,0
2017-11-15,-0.0012339083538733,-0.0039669693700626,-0.0046964805259688,-0.005005196926227,0.0108626788189203,0.0048513344734425,0.0042153824488401,0.0045634911450748,0.0025817839794813,0.0070351042168661,0.1577351495463613,1
2017-11-16,-8.23831309511025e-05,0.0146944680918166,0.0127795399129415,0.0085011600137994,-0.0086918235902314,0.0048501736015878,0.0066265374502785,0.0059237718774501,0.0038312691172744,0.0076211703960854,0.1524799466965771,0
2017-11-17,0.012026351450757,0.0046018041321049,-0.0038180966264056,-0.0029388653435307,0.0074128335891916,0.0057744007654814,0.0068282127704696,0.0054590566727772,0.0038115215754186,0.0079349682535466,0.1488609268939098,1
2017-11-20,-0.0126160104513887,0.0072751747047457,-0.0007791096597368,0.0017064174492673,-0.0003958489714995,0.0068324605646187,0.0072152989625037,0.0053683854145899,0.0038200429223855,0.007861892449654,0.0789621357517079,0
2017-11-21,0.0016487064682373,0.0104326609761791,0.0108561020188857,0.006542644981184,0.0031660254022858,0.0067472752843945,0.0063290616461019,0.0063730291374281,0.0043640284191046,0.0078100571459892,0.1705767618624934,1
2017-11-22,0.0092173080198929,-0.0013234615011509,0.001221897293572,-0.0008846711382488,0.0032351038569116,0.0072747247100108,0.0064510314250966,0.0062892974158027,0.0043627399628529,0.0078203847147985,0.1618546486550116,0
2017-11-24,-0.0025279096920562,0.0003973855588901,0.0036612182480475,0.0023099856386288,-0.0027525218934382,0.0072462348884848,0.0061557667927533,0.0059629304016059,0.0041750198015601,0.0078156432162651,0.1462100066204911,1
2017-11-27,0.0041694092339998,-0.003047276808871,-0.000448156564814,-0.000499436578309,-0.0014193151826611,0.0066934046138879,0.0063466404939596,0.0059765662453529,0.0041812996680372,0.0056536219205576,0.0200370123471919,0
2017-11-28,-0.0001628614521104,0.0157484962213663,0.0025606446787422,0.0101448603768399,0.0013422617345424,0.0067117408748477,0.0074844440620606,0.0059813601612442,0.0051157916131053,0.0056576199334852,0.0202337454979005,1
2017-11-29,-0.0062698205225436,0.0033366215339953,-0.0174337800490063,-0.0006087610710345,-0.0098590393006718,0.0071053710712351,0.00709554843746,0.0084490724669647,0.0049911866213213,0.0064712522379574,0.1517736498842698,0
2017-11-30,-0.0077024126053301,0.0018254333064509,0.0083840388883194,0.0087551826663594,-0.0033450253836503,0.0075527069728763,0.0065113735451946,0.0085854781735718,0.0047591612316291,0.0053555883920803,0.1665785105173599,1
2017-12-01,0.004046225185331,-0.0041001807270955,-0.0042537232783642,-0.0020756685397677,0.0134945998705646,0.0076735469303883,0.0062352372984087,0.007796137499054,0.0046495600875091,0.0063739710531711,0.129231770195057,0
2017-12-04,-0.0033719553011211,-0.0037252073096958,-0.0115217419381449,-0.0012097435952872,0.000473719596469,0.0064859568561524,0.0066181873772078,0.008558169960092,0.0044637914174857,0.0059740640136477,0.1937203120697549,1
2017-12-05,-0.0070968856922409,-0.0099704395783564,0.0006549864266285,-0.0035967622383585,0.0049761717257286,0.0055950660337256,0.0074792176396305,0.0085701055836039,0.0048555627579002,0.0061345251243278,0.2105214569629612,0
2017-12-06,-0.0020777925584615,-0.0047041531069987,0.004515247687856,0.0001900559088263,0.0034577008717624,0.0055372814721387,0.0068541039072969,0.0078281493412333,0.0045870246010703,0.0061470123029113,0.1315060481549072,1
2017-12-07,-0.013159005872162,0.0069898187152415,0.0033875409775574,0.0031530648606603,-0.0078320313077302,0.00538908665193,0.0072437912853649,0.0079338643725162,0.0045556001419101,0.0066662958497577,0.1010491704525848,0
2017-12-08,-8.434894941455884e-05,0.0009252760088622,0.0044151065178401,0.0054533612132858,7.924466723974177e-05,0.0054882801742965,0.0072467047756283,0.0079870023991082,0.0047114973055852,0.0066031336188693,0.1169799170949409,1
2017-12-11,-0.0039669244377652,-0.0003956863937746,0.0077568589703516,0.0030128214414688,-0.0020523785107576,0.0048445131191275,0.0071574480319508,0.0084547735162947,0.0046372322140427,0.0066227162088363,0.1313618962585826,0
2017-12-12,0.0011863349471583,-0.0031054933930028,-0.0013468521549789,0.0017647621786969,-0.0003954396163183,0.0049796759944811,0.004824750721988,0.0084055507558375,0.0037360615810835,0.0066085096244465,0.0047056961847105,1
2017-12-13,0.0086330650012136,0.005964759604419,0.0019268318597094,-0.0001124210811803,0.0075167728918086,0.00624434109675,0.0051645349979631,0.0059558145035045,0.0037083666478021,0.0060152094330365,0.0298966420426576,0
2017-12-14,-0.0020139117853243,-0.0110688959617898,-0.0007054798526652,-0.004086131115386,0.0042410658712308,0.0059559633501277,0.0059260442028518,0.0054415205697724,0.0031038430741941,0.0057912323114637,0.0720918676662372,1
2017-12-15,0.0021020768465358,0.0142577716099361,0.0113552091858264,0.0083274266169293,0.0037541042876432,0.0057731970695651,0.0078455794492841,0.0061273489501625,0.0038834704283223,0.0043591797116378,0.2621866805165472,2
2017-12-18,0.004614893860962,0.0135308283539576,0.0083841697582582,0.0063409935156735,-0.0091159963713024,0.0061030336340864,0.008882468480799,0.0041426325331469,0.0040729449128705,0.0054972098488899,0.2191344394775347,2
2017-12-19,0.0007516606979649,-0.0079066756199052,-0.0059255532842784,-0.0038404616986702,-0.012973592199331,0.0057530966468936,0.0086128857360492,0.0051413575902442,0.0041110018217873,0.0066660409176224,0.3205025315160065,2
2017-12-20,0.0026706701355303,0.0019597162812645,-0.0010780099612315,-0.0005236536468579,-0.0110731501194373,0.0057951663481055,0.0083373210079039,0.0053053152826713,0.0041522960148055,0.0070770169884921,0.3327327046617047,2
2017-12-21,0.0014150005810633,0.0043781136592127,0.0001269076021934,0.0020593675757769,0.0058283607164519,0.0034595640335272,0.0082075491077604,0.0053662020841338,0.0041314081429326,0.0073091888735674,0.3736169542922216,2
2017-12-22,0.0052365131377021,-0.001824263860262,-0.0011425330926913,-0.0002613612080827,0.0013646414008021,0.0035902514001312,0.0082877801869167,0.0054321661574708,0.0039680086824836,0.0073496570972831,0.36694415171084,2
2017-12-26,0.0068628591442461,0.0005876029719027,-0.0054011490642857,-0.0011964412590322,0.0029649934132218,0.0031791111436469,0.0082675568437531,0.0054588527749913,0.0039855885665987,0.0074622688836393,0.3822525057773674,2
2017-12-27,0.0037776687734956,-0.0009785070852867,0.0001274187374691,0.0004867756067679,0.0130258970346608,0.0031064159449389,0.0081574646102502,0.0054196181545469,0.0039733686637139,0.0086528585484176,0.3700735677336651,2
2017-12-28,0.0050723643963013,0.0039179718516819,0.0012140166142302,0.0020574560696438,-0.0008678225652285,0.0026040207202141,0.0080690651667418,0.0054073390444958,0.0039821339532831,0.0083022574078753,0.3591828656688454,2
2017-12-29,0.0065120314342237,-0.0082611221491633,-0.0061886389440831,-0.0037706718004536,0.0015787499175836,0.0021113187982622,0.0076118429779122,0.005826910342819,0.0039389405503485,0.0081828139926698,0.2791801124484512,2
2018-01-02,0.0121310148118847,0.0094452291899433,0.0175268982816811,0.0071574410954671,-0.0107993832401385,0.0032411683764493,0.0068637366513275,0.0072892738979104,0.0037065748614694,0.0086147801733935,0.328070003417057,2
2018-01-03,-0.0026368503957744,0.0010392736801754,0.0097164418422799,0.0063251946639266,0.004781384994599,0.0040287218554707,0.0054107707463243,0.0074543232708888,0.0037039772397475,0.0084600568587279,0.2862116678531122,2
2018-01-04,0.0051273785548244,0.0026617661430379,0.0017497533608348,0.004214532159652,-0.0001586708504996,0.0038486781001376,0.0046176661290968,0.0070583476127523,0.0034369983171563,0.0072667838599591,0.1286549856529913,0
2018-01-05,-0.0010361649479244,0.0020710950362328,0.0100429572488929,0.0066641652432204,-0.0028555577105024,0.0042177655880221,0.0046195879935305,0.00744370318143,0.0036741938454519,0.0061745069196881,0.026620083541962,1
2018-01-08,-0.0001596127995585,0.0015505998956704,0.0038911401069272,0.0018286572435599,-0.0006362275056691,0.0043621276210161,0.0044953665779864,0.0073897697074744,0.003677109715389,0.0060054867218446,0.0372429744689753,0
2018-01-09,-0.0046284750854691,-0.001354403079558,6.134597211837622e-05,0.0022637610074529,-0.0133729556844541,0.0051228646761033,0.0044646743787154,0.0073214945077986,0.0035627381094476,0.0074877688426707,0.158571686075993,1
2018-01-10,0.0024051584565807,0.0001290829266533,-0.002337523404621,-0.001530357692934,-0.0012100079277167,0.0049503094546048,0.0044725032813398,0.0069740059190241,0.0036036359038937,0.0073804279355922,0.1949662914821495,0
2018-01-11,0.0032792423107441,0.0171789590696973,0.0068437507766188,0.0072963920379922,0.0041197714885072,0.0049402650672618,0.0067007622148528,0.0069277746112718,0.0038041168452206,0.0058772083974703,0.2435729598510022,1
2018-01-12,0.0121173199416702,0.0041905651351175,0.007349499340741,0.0065189802769334,0.0016891803616405,0.0057645131633164,0.0067061967631819,0.0069004598864179,0.003908813879219,0.0059837962859522,0.2877334016984519,2
2018-01-16,0.0016540570729914,-0.0127717339857947,-0.0028576507637013,-0.0034184080463866,0.0041760965050898,0.0056686897064935,0.0076262770331097,0.0063673666753035,0.0038349281946026,0.0061939509454916,0.3017066638136997,2
2018-01-17,-0.0080993850289163,0.0094787087279428,0.0107914704414997,0.0095316550928519,-0.001359613522496,0.0055880047001014,0.0076297132825607,0.0051601864014211,0.0041325074661271,0.0052549495066319,0.2797753516631113,2
2018-01-18,-0.0022197461602322,-0.0068522017730301,0.0001808287613618,-0.001680656001448,-0.0092893549936163,0.0055609732001972,0.0081766016638002,0.004971898103155,0.0043927146415525,0.0055635678390458,0.3660611999404267,2
2018-01-19,0.0044493687897511,0.0131596664428237,0.0031360903426429,0.0045498135605268,-0.0052543741612739,0.0055068155555665,0.0089603836808854,0.0049346440365861,0.0044028504690174,0.0056204704095782,0.3489006872111643,2
2018-01-22,0.0018193589642852,0.005359303952338,0.0107007118587554,0.0081305146221457,0.0009748537910581,0.0054763471799213,0.008995899586275,0.0050318606616697,0.0045528172786413,0.0057156389665306,0.3852794880778611,2
2018-01-23,0.0049743169824536,0.0031986730555024,0.0082680780932942,0.0021226742280457,0.0043030797757772,0.0055886229170088,0.0089813410648389,0.0052294745840993,0.0045428463183917,0.0060516910428273,0.385154356869721,2
2018-01-24,0.01217789964349,-0.0061888095378064,-0.0064892694918224,-0.000388342779742,-0.0054156409280898,0.0060257154615079,0.0093735822636935,0.0061386441980791,0.0046901769151469,0.0046903609685423,0.2751489157048014,2
2018-01-25,-0.0066754684322627,0.0003769277069165,-0.0003562218251277,0.0004233740715979,0.0082081735254819,0.0068023133461401,0.0093663887633377,0.0059564678385595,0.0045125819228131,0.0054642441052864,0.236690110640585,2
2018-01-26,0.0007814808358339,0.0035845414205095,0.0153250952798955,0.0115784421413771,-0.0037081540530128,0.0068101604969232,0.0079062429591818,0.0069635532171034,0.0050981998064983,0.0054030991981032,0.1652126902308525,2
2018-01-29,-0.0056219942915666,-0.0056393982969447,-0.0048559007461027,-0.0066302174932212,-0.0069584222406237,0.0061926924473997,0.0081224533099775,0.0074795685298116,0.0059289242030827,0.0056863696944404,0.2222966365746073,2
2018-01-30,-0.0043187705453726,-0.0095776641866739,-0.0082301756871531,-0.0102569440508525,-0.0058662310604622,0.0063365222141525,0.0075938223824236,0.0081414130053095,0.0069788283383968,0.0054684274206496,0.3546870710660027,2
2018-01-31,0.006703457836465,-0.0052170039696363,0.0041491891990677,0.0004969049283582,0.0059008467911918,0.0060265944999047,0.0071106289837931,0.0076790731997633,0.0064202246178318,0.0060755842678976,0.3930628911517966,2
2018-02-01,0.0032902921529123,0.0031338586590905,-0.0085005932509212,-0.0011354894036378,-0.0144929737556928,0.0059295881656822,0.0068598336347068,0.008388514103936,0.0063987726579844,0.0069558856979621,0.3364192355218003,2
2018-02-02,-0.0131178873935506,-0.0192540588541901,-0.0199447944716458,-0.0217698092628639,-0.0092792687181504,0.0074507840685728,0.0076752900003865,0.0106910162456911,0.0094236716849296,0.00726006862138,0.5671490111873052,2
2018-02-05,0.0025318434715526,-0.0384187975024206,-0.0394267872756006,-0.0418226201079308,0.0094499357061177,0.0074734734030454,0.0130008277802719,0.015339774140997,0.0151240038861348,0.0081662022078693,0.3147694975652516,2
2018-02-06,-0.0104964236497865,0.0119657071841325,0.0264987487091286,0.0197024473969062,-0.0062133749613162,0.0079331633383629,0.014048366446148,0.0180657955408011,0.0171539028265331,0.0079697325343567,0.1889254750031569,2
2018-02-07,-0.0047056655831482,0.001002199376991,-0.0129384104515597,-0.0054248198558847,-0.0095032558110391,0.0063417552470267,0.0142499981890856,0.0182712129159565,0.0170778710199723,0.0082176251684955,0.1904782901530504,2
2018-02-08,0.0015225774502147,-0.0293647479996007,-0.0421942704474529,-0.0375089074083555,-0.00109396966126,0.0063670656521053,0.0158324152256285,0.0216172137669821,0.0196403908023596,0.007245990143577,0.1518967066781296,2
2018-02-09,-0.0016803225174144,0.0091449185932799,0.0172689909089425,0.0150213704923007,-0.0063186468713745,0.0062798257407518,0.016402239390969,0.0218676650334296,0.0200720403146814,0.0072742117213593,0.1325065166144613,2
2018-02-12,0.0048088973283544,0.0094705353100625,0.0177451824511918,0.0146845649476059,0.0044088455411184,0.0065792723168778,0.0173360291133295,0.0234344224402623,0.021429542507472,0.0077115319711576,0.237902290472293,2
2018-02-13,0.0056632293923437,0.0021595282827242,0.0051615492026013,0.002487228146808,0.0044738025537165,0.0068629934619547,0.0175168025717301,0.0237092299574405,0.0215796259006761,0.0080165183549727,0.2701231612565179,2
2018-02-14,0.0170526163171009,0.0179822146923711,0.0187240530279033,0.0134962123455746,-0.0110928828380181,0.0086306537818615,0.0190345081718696,0.0247731636954746,0.0223602251096655,0.007892975056247,0.2534550923279935,2
2018-02-15,0.001169844500285,0.0109164840612121,0.0185637975447461,0.0127601950511346,0.0033986976742403,0.0085800252828731,0.0194770263649288,0.0256602840874644,0.0229964124331766,0.0072426844536197,0.2841626311023767,2
2018-02-16,-0.0032715826636962,0.0035340656804911,-0.0044659993396697,0.0002930157323119,0.0054206429254919,0.0073489824734612,0.0186047182609507,0.0248481565091952,0.0220156561229414,0.0071319458526827,0.1764715557455005,2
2018-02-20,-0.0134417101673131,-0.0082171865721409,0.0020004878811377,-0.0062610373379268,-0.0043800918013169,0.0086606339023703,0.0134380739572844,0.0205314997471246,0.0169006788405066,0.0062270252402378,0.3088276810258996,2
2018-02-21,-0.0045943774673226,0.0010523749560864,-0.0028432381652773,-0.0049744080115928,-0.0122683214578451,0.0080725684720398,0.0130540172526699,0.0191072138015019,0.015953825817918,0.0069274981578257,0.3985255486852352,2
2018-02-22,0.0050931033821179,-0.0015769029409665,-0.0001212944544175,0.0012961938206164,0.0029981755659436,0.0079982402937466,0.0130962388384101,0.0184340265665696,0.0158194945620146,0.0066862740793478,0.3711229465609652,2
2018-02-23,-0.001266853984507,0.0130263718096577,0.0204487308966072,0.0159391968965278,0.0088818626410995,0.0080355435609392,0.007769372994773,0.0101645104304913,0.008775245487823,0.0074456025418072,0.4576396085777977,2
2018-02-26,0.0024575674654647,0.0065596032097188,0.013260320757414,0.0116121800193496,0.0003386577414152,0.007991275879031,0.0076863955029448,0.0098883362355555,0.008467107734085,0.0071542727362563,0.4949415551872795,2
2018-02-27,-0.0104389064980722,-0.0143881370507363,-0.0123825679271503,-0.0124863130977668,-0.0014386093686592,0.0086860671904531,0.0097418453271827,0.0113567559005034,0.0096894517396043,0.0070112112262446,0.5170505873297448,2
2018-02-28,-0.0010388975966705,-0.0157762510615655,-0.0064172340447457,-0.0101301781154308,0.0063558326757875,0.0084421641200606,0.0114385545834521,0.0120047693639403,0.0106023683003601,0.0071788417820351,0.4567517993428353,2
2018-03-01,-0.002239990234375,-0.0026607620670499,-0.0163269076876788,-0.0145406168090802,0.0068268804362316,0.0056420162329855,0.0098477742013747,0.0125521012195826,0.0109705583314839,0.0063391679139055,0.4984403877379678,2
2018-03-02,0.0053720186208119,0.0160055930725595,0.0091807140863466,0.0051550129224657,-0.0081297771920045,0.0061045306431603,0.010619122881698,0.0114058977525634,0.0101722489071054,0.0069929842613956,0.4065264151141808,2
2018-03-05,-0.0016747674096407,0.0089263512531694,0.0110849788074884,0.0115577600680196,-0.0027036949652772,0.0060982479840488,0.0109636122999976,0.0117489608101728,0.0109738986287624,0.0068225565017681,0.4002246960124301,2
2018-03-06,0.0107844581469078,0.010800011119139,0.004230304861521,0.0025354003869915,0.0009320885360974,0.0059360131518305,0.0109723678109692,0.0117745650316946,0.0107925420035869,0.0066793708738524,0.3816135552091414,2
2018-03-07,-0.0064016246456036,0.0088175917017627,0.0023139416820385,-0.0003667077383544,-0.0011007498416814,0.0061242587975583,0.0111556195183621,0.0116505984751344,0.0106253420354913,0.0051180457226732,0.3028797628366257,2
2018-03-08,-0.0023862794212923,-0.0020415299260897,0.0055054879978859,0.0048389053755504,0.0057622429984958,0.0058943091176001,0.0111776227332037,0.0116443536718564,0.0106930412890831,0.0052918708922392,0.3084739313577894,2
2018-03-09,0.0009568071147663,0.015982255202452,0.0194274064394441,0.0174023817148456,-0.0065720795756378,0.0059117678455781,0.0115085600365194,0.0114784788807982,0.0109214901475435,0.0051753605983458,0.1963036003301209,2
2018-03-12,0.0,0.0017621260086813,0.0053133190926453,-0.0012549510048632,0.0057674499236781,0.0058274418077474,0.0114538551453408,0.0109512287386902,0.0103482407355886,0.0054870232054164,0.1959116625955149,0
2018-03-13,0.0019117242474055,-0.0046481535136464,-0.0136144869933931,-0.0064626208639083,0.0050593073885036,0.0047436348676058,0.010178349054572,0.0111387325381742,0.0096766504008184,0.0056061913297977,0.0469999882829737,1
2018-03-14,-0.000636045729298,-0.0047331309292192,-0.0001745008443558,-0.0051318137317318,0.0088098487291379,0.0047305387684741,0.008243637578782,0.0107793672492179,0.0091604413829678,0.0059019061406243,0.044857049277965,0
2018-03-15,-0.0063643233236726,-0.0050091816864608,-0.0008739659534889,-0.0010896391980576,0.0,0.0051626700214495,0.0085096181593063,0.0086461818159654,0.0073782284088848,0.0055999044523665,0.0686888367444152,1
2018-03-16,-0.0024019459414951,0.0056080354862908,-0.0029730911797889,0.0010841832976848,-0.0035763090986619,0.004866829901941,0.0075391788487146,0.0087282309472386,0.0073410602086751,0.0049410730415314,0.0915944156721175,0
2018-03-19,0.0021669685053569,-0.009632393035152,-0.0213363098756298,-0.0135303504914554,-0.0031717770693383,0.0049256954744042,0.0083122958567353,0.0111003780270249,0.0080797381144637,0.0049845863780728,0.1735284864433566,1
2018-03-20,-0.0044847054990844,-0.0002560769018634,0.0032914237338448,0.0017008126196425,-0.0040191826015941,0.0031905626888538,0.0076770365830282,0.0110624774416233,0.0080526370363902,0.005251903284931,0.1092086347305932,0
2018-03-21,0.017456406089277,0.0058243077827158,-0.0043541182482622,-0.001918949645172,0.0010929393359941,0.0065201427398596,0.0073727015053671,0.0110875379365969,0.0080694163286919,0.0052142003189854,0.1522179732987594,1
2018-03-22,-0.0039531940759756,-0.0219277803837208,-0.0246827603315928,-0.0249974826589165,0.009909653185367,0.0066185517792658,0.0102072088583839,0.013060096740521,0.0109160836119753,0.0057771278989725,0.1385395084123103,0
2018-03-23,0.0129385395299583,-0.0215192063694101,-0.0263513438992378,-0.0213144909587584,-0.0007488875842157,0.007711709125622,0.009871180812134,0.0119092623006455,0.0094821568903415,0.0051517525687165,0.1374575969203904,1
2018-03-26,0.0052503578539357,0.0218594753605114,0.0371585580417448,0.0273592469305754,-0.0038276899692847,0.007764430759123,0.0130404953041603,0.0184805390634484,0.0144973581206268,0.0052466254204265,0.1382233890656231,0
2018-03-27,-0.0061584106879087,-0.0193703755027716,-0.0323599907203806,-0.0170117126012999,0.0106922291787698,0.0082033672226496,0.0139882215882841,0.020271304335195,0.0150355054319202,0.0059866881196412,0.1301704944995808,1
2018-03-28,-0.0138049614583615,-0.0003324071400339,-0.011503606611301,-0.0029550246850502,0.0026450112089422,0.0095153071216399,0.0140636217113288,0.020147163955811,0.0150569293437315,0.0054450675205908,0.0978943677120715,0
2018-03-29,0.0004771936450476,0.0101125345651449,0.0183147905148663,0.0127776621759485,0.0048634734531349,0.0092437961534031,0.0147938809748417,0.0217902505367872,0.0160877414569013,0.005571520149349,0.1419397450853523,1
2018-04-02,0.0116861531918603,-0.0243692520473705,-0.028851814267453,-0.0215846404830462,0.0019731413707486,0.0097689183050012,0.015862632996111,0.0228390075203901,0.0168876508631269,0.0052916885943482,0.1173461678354012,0
2018-04-03,-0.0075436041832294,0.0143114239636275,0.0112534781495765,0.0128168947399658,-0.0077122786228198,0.0102391754559377,0.0170123326503531,0.0232158770585542,0.0176460837597062,0.005934835087307,0.0666225026672681,1
2018-04-04,0.0011876001018218,0.0127125436156965,0.0157702407149415,0.0106990922044223,-0.002067109456227,0.0100453844617591,0.0177701720136634,0.0240787016016862,0.018163324159637,0.0057632322819101,0.0573358798776006,0
2018-04-05,-0.0051403235442577,0.0082804755184837,0.0056962735463803,0.0078921945121399,-0.0074567449100941,0.0085509904961109,0.017910896555834,0.0242970408786809,0.0184674111885565,0.0064532024554017,0.0425489535884857,1
2018-04-06,0.0046899548774086,-0.0199453727063505,-0.0250230120980167,-0.0222858291493662,0.0109348876717143,0.0086005197960069,0.0176755483628019,0.0243301300371598,0.0181025047776635,0.0066195327755498,0.0253489010779697,0
2018-04-09,0.0034021703240154,0.0011976926167105,0.0070227782517311,0.0049284856262252,0.0016522606688638,0.0075102004566142,0.0162670095920938,0.0231198382351785,0.0167392909453969,0.0065953879386102,0.0593335826856164,1
2018-04-10,0.0023655815524343,0.018865229898737,0.0220633300530823,0.0159000630989865,-0.0018141416192117,0.0073135369661441,0.0158512986106024,0.0207802599557148,0.0150626380027378,0.0064551114322739,0.0361457372818973,0
2018-04-11,0.0077878999557852,0.0021511489919341,-0.0057690364678842,-0.0052422367697093,0.003551188228122,0.0075226998191561,0.0142913197708966,0.0179365273858022,0.0139976475241162,0.0056547489799107,0.0300685005998777,1
2018-04-12,-0.0116306131970241,0.0068310342658881,0.0120415213838327,0.0082272400024474,-0.0073239578910536,0.007081426161204,0.0143242936622326,0.0176712039016177,0.0140669179680151,0.0061245454974694,0.003139122874377,0
2018-04-13,0.006555000660688,-0.0052336727520855,-0.0051785270951306,-0.0029332448556358,0.0023212050035759,0.0073144756078451,0.0143014206665906,0.0169948643996965,0.0136519152392394,0.0059343673882231,-0.0387637417663725,1
2018-04-16,0.0014123209845888,0.0092237940920534,0.0076222978738453,0.0082217973107545,0.0003308438398501,0.0063581845884046,0.0111539755291799,0.0134421700890203,0.011254874246003,0.0058778808058671,-0.0095009796970574,0
2018-04-17,0.0009402393572395,0.0108771290791394,0.0215252618818619,0.0106983936224791,0.0027286556578136,0.0057289025526275,0.0108794211019595,0.0143716569828231,0.0110854233123361,0.0054144543584334,0.0329905946144819,1
2018-04-18,0.0007827669207129,0.0026744745194002,0.0020464687290737,0.0007403046776326,-0.0079988124418015,0.0057300924122953,0.0104933117315208,0.0139388829423431,0.0108220635242169,0.0059946816379853,0.0536921957882286,0
2018-04-19,-0.001955416527053,-0.0069217855708672,-0.0091924688332482,-0.0055474157588186,-0.0081461411721955,0.0054240216715233,0.010818701691171,0.0145438992766122,0.0109278434132769,0.006089252739803,0.1380796146674531,1
2018-04-20,-0.0076018905352874,-0.005371113243144,-0.0158265057223803,-0.0084795075375209,-0.0072076067712421,0.0059697531960613,0.0082037179458134,0.0127786356371126,0.0081367024753662,0.0049386918344571,0.4408161649792112,2
2018-04-23,-0.0079759498439748,-0.0014782915778812,-0.0025264376083899,-0.000150113473808,0.0002532241052286,0.00636413387485,0.0083273157366455,0.0128539620211966,0.0081372761207493,0.0048364922941955,0.4335712944452525,2
2018-04-24,0.0048559194158126,-0.0057307689398482,-0.0211867226557224,-0.0134670263060705,-0.0045572748044682,0.0065534182667727,0.0066339294959922,0.0128837554418749,0.0079172239779221,0.0048815303105325,0.3641980931560084,2
2018-04-25,-0.0064960759963346,-0.0014889046715199,0.0011986786611422,0.00247152903792,-0.0066983626726975,0.0060383857323231,0.0066454465214584,0.0128241792477445,0.0078106475356747,0.0045070117253699,0.3802838772330467,2
2018-04-26,-0.0035085115107064,0.0046046369628072,0.0210523071544093,0.0101656236628677,0.0069998867572598,0.005086999530767,0.0064378006218436,0.0140921418445056,0.0080582404884072,0.0053918171379288,0.4690297444268131,2
2018-04-27,0.0042410080348873,-0.0014204765524944,0.0006177506828708,0.0009390888143601,0.0077128021301526,0.0047301426496211,0.0061940710021349,0.0139763321762117,0.0079851478601679,0.0061149454800888,0.4964587704442079,2
2018-04-30,-0.0072510251960906,-0.0088565665859091,-0.0070949995064606,-0.0076909075005477,0.0017663151795996,0.0049207732012557,0.0059994096608259,0.0139216496175614,0.0078732520537184,0.0061832947035424,0.4688297678273022,2
2018-05-01,-0.0070631453510231,0.0048919242583134,0.0114329179461469,0.0017767819715275,-0.0036015835497857,0.0049683231312136,0.0048336524351062,0.0123942344613388,0.0068330929421475,0.0060225467647909,0.3483253694329322,2
2018-05-02,-0.0004849855228984,0.0037645089313675,-0.0058972701624169,-0.0067171570074219,-0.0010980599810238,0.0048706979010981,0.0049591767709056,0.0123643109059166,0.0069164252484998,0.0056621999873584,0.3471674435122258,2
2018-05-03,0.00509500400844,-0.0054315439773392,-0.0001237393006123,-0.0022037689452339,0.0044807346485229,0.0055532688088992,0.0048082832254308,0.0121696946043682,0.0068422843601989,0.0054070944819017,0.3291422172106777,2
2018-05-04,0.0020920674186053,0.0124830077239701,0.018973692781202,0.0129463755692389,0.0015152302127616,0.0054315554606013,0.0063434463769098,0.0126889070761544,0.0079668319546098,0.0048220483298479,0.3250171715552752,2
2018-05-07,0.0002408766587147,0.0084761508366655,0.0083099589402848,0.003383269146741,-0.0015968111480516,0.0049700796594172,0.0068251303431832,0.0127556592467945,0.0080468957720727,0.0048753210311693,0.3053704921829765,2
2018-05-08,0.0001605253521343,0.0049664937466784,-0.0010225173696799,0.0,-0.0009258902715509,0.0045799303644962,0.0064589663160733,0.0098084096911633,0.0064889324641509,0.0045839484252471,0.3289548582638808,2
2018-05-09,-0.0020868008225221,0.0053855914851379,0.0108990305247573,0.0096659593176773,-0.0059817821822052,0.0042220958620962,0.0063882976804241,0.0098980153309373,0.006987427739932,0.0044565755657103,0.2438084996817879,2
2018-05-10,0.0068366320405601,0.0053564249546809,0.0103644023165061,0.0093506993243113,0.0080519291426437,0.0047361931525958,0.0064151325686019,0.0085419946691434,0.0068886015537194,0.0046250933592758,0.3273996352774427,2
2018-05-11,-0.0014379318160805,0.0019432378038708,-0.0009432590014365,0.003051121624878,0.0025224951397184,0.0045309071161408,0.0062457867441336,0.0086375161261897,0.0068798910257466,0.0040472339139626,0.3525527591340705,2
2018-05-14,-0.0040800170898437,-0.0038164624594474,0.0017109163463606,0.0004763494691,-0.0052838015307676,0.0040865406739606,0.0052855281216101,0.0077260021309963,0.0059806591506795,0.0044031081140059,0.337529251081456,2
2018-05-15,-0.0161458313224126,0.0001890930217507,-0.0110750928087262,-0.006886985460459,-0.011382732554826,0.0062496811468389,0.005386032764143,0.0089458844306686,0.0067795584144671,0.0055980421755401,0.5387411411326559,2
2018-05-16,-0.0015512935679184,0.0104228096229097,0.0066124378006826,0.0042052554800369,-0.0038378772366582,0.0062493736104588,0.0058380744429043,0.0084030815601759,0.0059991555192199,0.0056715769417822,0.5530141717713952,2
2018-05-17,0.0005724073456552,0.0045986208726407,-0.0038463377536521,-0.0008448448382792,-0.0050517048194899,0.0059064652242796,0.004809047835595,0.0087014628229921,0.0058721925004846,0.0053969456665145,0.652390404442428,2
2018-05-18,0.0004086552101045,0.0012989785078856,-0.0051684429736966,-0.0025000678542956,0.0086052560227352,0.0058147241480551,0.004127785064917,0.007325167668676,0.0051025477751635,0.0063247817576973,0.5073635191390677,2
2018-05-21,0.0005718461950008,0.0066101616888702,0.0056132693498107,0.0075186219061729,0.0005122368125505,0.0058279781181222,0.0039346931099604,0.0070961068970248,0.0053876161061303,0.0063558412808026,0.5203532679242457,2
2018-05-22,-0.0005715193738216,-0.0072418364663603,-0.001306805632773,-0.0027804330868397,-0.001535446018528,0.0058069175506152,0.0051901802164658,0.0071070706197706,0.0055932653117636,0.0063550207431167,0.5018399091864054,2
2018-05-23,0.0010619822688413,0.0012981755197214,0.0084435336956352,0.0027514043271983,0.0072599937935959,0.0058715394573599,0.0050955497835154,0.0067725845997608,0.0049476662146994,0.0066525408581725,0.5545451086776567,2
2018-05-24,0.0085685932309327,0.0003702339758528,-0.000294543292476,-0.0020483756575114,0.0079701966399265,0.0061610029915321,0.0049804436394605,0.0059282392575963,0.0041736752410401,0.0066415712628733,0.4157230931478184,2
2018-05-25,-0.0030746602854414,-0.0017895788031501,0.0010022717529374,-0.0023826242702162,0.0062241506248221,0.0061879277385328,0.0050878645675689,0.0059266952335921,0.0041283349742205,0.0068973824404765,0.4005320309937895,2
2018-05-29,-0.0001622972422287,-0.0013602851524601,-0.0044188988807899,-0.0115012208119575,0.0219031145298236,0.0061247814840819,0.0048738936588554,0.0060648969330911,0.0054275469900328,0.0093521026552952,0.2706658385685163,0
2018-05-30,0.00146116000981,0.0158495968501557,0.0071609565766614,0.0133444417348533,-0.0067082785893453,0.0030625212193527,0.0066278158835393,0.0051918908949073,0.0067772797427164,0.0086392855568035,0.0577543094282728,1
2018-05-31,-0.0021885731251507,-0.0079837363030775,-0.0006459563715207,-0.0061256314670062,-0.0016468179153613,0.0031212987728851,0.0068898083997633,0.0048768788915046,0.0069478676942123,0.0084574149001157,0.1448390105689077,0
2018-06-01,-0.0049553258969357,0.0065735076053869,0.0156992409136487,0.0098175280056986,-0.0052838550030152,0.0035932622269969,0.0070261194593517,0.0065146205369925,0.0076630423601193,0.0084845445013728,0.0582959320467235,1
2018-06-04,-0.0009796319640804,0.0053100391054154,0.009030756972999,0.0047516926806989,-0.0072319167819724,0.0036073179355664,0.0071357253527711,0.0061695165119158,0.0076792033525964,0.0089393207391456,0.0594528966646108,0
2018-06-05,0.0039224950295464,0.006192535657544,0.0030979756648594,0.0007274331160631,0.0023445948443714,0.0038185343173448,0.0071053663578841,0.0061489613059583,0.0073654234770604,0.0089208642062973,0.058297511656277,1
2018-06-06,0.0005697980927446,0.0072405347613619,0.0058338834156752,0.0083603673054442,-0.0081032056388881,0.0038063551390472,0.0065278032571437,0.0059026958935832,0.0076259390511644,0.009462365943279,0.0168477131665386,0
2018-06-07,-0.0004881025015253,-0.0054509352984959,-0.0081311322497962,-0.0001081285364205,0.0096852286946775,0.0038089745700398,0.0070692846431167,0.0069105195972922,0.0076386312492593,0.0096506847037744,0.0083793684777514,1
2018-06-08,0.0012209142530825,0.003011332326523,5.707525441223105e-05,0.002956555111591,-0.003002879585321,0.0025204568992368,0.007030303348018,0.0068937095097081,0.0075448916948687,0.0095085211967796,0.0281304381101923,0
2018-06-11,0.0017884823744616,0.0015013472918854,0.0026946070087536,0.0013298390214033,-0.0018404903672899,0.0024290082058229,0.0068688799556423,0.0068635082642443,0.0073960236338574,0.0093395530419067,0.0151849706228808,1
2018-06-12,-0.0033271415316106,0.004557269848765,0.0052597024484999,0.0012926321447017,0.000251456472424,0.0026512515718891,0.0066957591444004,0.0063590328337535,0.0056279918840383,0.0053643137898384,0.0201624606344813,0
2018-06-13,0.0030125610446294,-0.0039396169179622,-5.662081505164451e-05,-0.0031912748306702,-0.000502552371319,0.0028064496301425,0.005520696368045,0.0063707082240582,0.0048309142632547,0.0051328216491668,-0.0173441870201002,1
2018-06-14,0.0015422908372948,0.005333509008198,0.0101233902160073,0.0025180646250144,0.0082994459851963,0.0027516712309593,0.004421699398255,0.0065405498904556,0.0039035234737239,0.0059989333895956,-0.0366093053973643,0
2018-06-15,-0.0165342921133095,0.0002981300144992,-0.003491031540514,-0.0012758278605644,0.0009145444238269,0.0058585793891434,0.0043072099151237,0.0055904369668719,0.0032181210451213,0.0057699867174761,0.1393470359819066,1
2018-06-18,-0.0018954650937899,0.0047076501264824,-0.0005773850400024,-0.0020568104770772,-0.000913708796542,0.0058666417663194,0.0042660894519172,0.0051396878371886,0.0032294479588931,0.0051977356101181,0.1537865956066375,0
2018-06-19,-0.0025596363391253,5.9229386854431354e-05,-0.0028327607961278,-0.0038327316170074,0.0058203561836491,0.0056126123055063,0.0040887012337012,0.0052728300306058,0.0035834452087468,0.0054299713652904,0.1285852096082599,1
2018-06-20,-0.0044702061414351,0.0080659674761334,0.0071024747861689,0.0017059712592515,-0.0087625923044258,0.0056157189212012,0.0042185385918033,0.005418299236242,0.0024067440795757,0.0055561565943316,0.1239090950076249,0
2018-06-21,-0.0017462088869312,-0.0093545012958515,-0.0086886759936133,-0.0062686475091523,0.0052539306606678,0.0055878495325053,0.0050618397613244,0.0055246922414128,0.0031056491030696,0.0049271538343021,0.180492391924753,1
2018-06-22,0.0024156041546103,-0.0033260633529895,-0.0022193858900882,0.0018226323153587,-8.337565220772891e-05,0.0056833718490713,0.0052347940381227,0.0056121971676621,0.002976024997043,0.004777345159197,0.1680435092719142,0
2018-06-25,-0.0037393797734436,-0.0163267865507802,-0.0225303787872428,-0.0136126771691753,0.002240897830499,0.0055212947259317,0.0075080117659847,0.0091718081293322,0.0049119148012823,0.0046962010675254,0.2333570039862317,1
2018-06-26,-0.0052547940330739,0.0058151941900519,0.0040850885074505,0.0022143430875731,0.0014070099288729,0.0055778127843544,0.0076210143459473,0.0090785244815605,0.0049945616675445,0.0046830488616231,0.2297595021860641,0
2018-06-27,-0.005701830395735,-0.0160200663994448,-0.0135993074092778,-0.0082843069787059,0.0094237616741206,0.0052164881361961,0.0089957150923491,0.0097563698469689,0.0053538828566324,0.0052592107333176,0.2059075545231919,1
2018-06-28,-0.003035930214139,0.0030604028941516,0.0086017157625077,0.0057174365283128,0.0002456142786411,0.0048865439738922,0.0088146134650995,0.0095337172319,0.0057794922981387,0.0048492989240016,0.0893602272216448,0
2018-06-29,0.0036372889590232,-0.0006714146345859,0.0026870077093776,0.001439515943046,-0.0034385181290892,0.0030841953614413,0.008788127484451,0.0097264664235914,0.0059000313408317,0.0051019421592435,0.1130647383241549,1
2018-07-02,-0.0100295189726289,0.0068997413583371,0.0066999836065222,0.0021379609868115,-0.0007825151856231,0.0039388718165235,0.009009639410439,0.0101730017343252,0.0060518356621916,0.005096298976995,0.0639692016478861,0
2018-07-03,0.0101311293264223,0.003986573748052,-0.0115741248630895,-0.0035311250854991,0.0053564545760107,0.0057444611308862,0.0092016373133345,0.0106119701388546,0.0060407452604678,0.0050507931785885,0.0644571650843272,1
2018-07-05,0.0033712728254087,0.0113971476008976,0.0124123024000009,0.0081578823501797,0.0028693992573793,0.0058701634960208,0.0096474688771713,0.0112821661778228,0.006744460809699,0.0036855343661279,0.1502975296579722,0
2018-07-06,-0.0015959885471287,0.0084507855405688,0.0155561860843689,0.0084586181474077,0.003268769657432,0.0058682200800554,0.0096703793055769,0.0123391480954865,0.0070712014224689,0.003556930064235,0.1817748216612161,1
2018-07-09,0.0024398528860691,0.0063004813770533,0.0089971049663764,0.0090039888505315,-0.0064356852790455,0.0058697840199708,0.0097452286385442,0.0126203772214929,0.0075727383559227,0.0044384139907826,0.1670750743125263,0
2018-07-10,-0.0018464223070558,-0.0045478672285497,0.0007339169578695,0.003598733191791,-8.237111149866916e-05,0.0058009491024302,0.0079204325731113,0.0095424220275572,0.0055162346052944,0.0044511962792857,0.0896799599902609,1
2018-07-11,-0.0108467242261598,-0.0084848103598151,-0.0050757313443123,-0.0073146984229769,0.0038546149759206,0.0065059996656131,0.0085172035086852,0.0099084478205371,0.0063986418484033,0.0045314415687359,0.1413128439772485,0
2018-07-12,0.0041652317775568,0.0048471089717399,0.0172316908524106,0.0090658802153769,-8.190975594535299e-05,0.0065204814350111,0.0060819427762756,0.0090900966931627,0.0056241332674995,0.0035608457862938,0.1994412281476501,1
2018-07-13,-0.0044019017620976,-0.002977372486955,0.000835793274877,0.0007877878926985,0.0025324259003314,0.0065966085831287,0.006381268116931,0.0091393202688946,0.0056410853312164,0.0036172906929739,0.2032782018227958,0
2018-07-16,-0.0005101399394812,-0.0038828320251885,-0.0023940408254368,-0.0008944588120699,-0.00415590332133,0.006436183475253,0.0066354711426962,0.0094101874924737,0.0057679757725857,0.0037144288068171,0.2488345347972191,1
2018-07-17,-0.0108039492938315,0.0044374435079037,0.0060833445976289,0.0040455257641525,-0.001881915362172,0.0065615136880599,0.0064856435527179,0.0093950294643875,0.0057697873811117,0.0037767711099923,0.2582205116719994,0
2018-07-18,0.0002579874407619,0.0028058617412776,-0.0018861948727268,0.002103375730954,-0.0040170858905334,0.0053293305873027,0.006455177977385,0.0079698725132037,0.0053023535500612,0.0036034827428664,0.3918829511722706,1
2018-07-19,-0.004298856594405,0.0070842259422181,-0.0050018386366917,-0.0037711844435829,0.0063379692903449,0.0050168448426723,0.0058621193080794,0.0081317389066244,0.0055254998923778,0.0040887909018603,0.2474264100616476,0
2018-07-20,0.0064761248235114,-0.0040790205447643,-0.0002235683982584,-0.0011429451173906,-0.0122687970709222,0.0058089674895842,0.005517338626713,0.0069840538819984,0.0052013645180018,0.0054171177153637,0.1821995754349264,1
2018-07-23,-0.004804371742649,0.0012465644786197,0.0031844617571437,0.0018591742005462,-0.0123389239693662,0.0056520966887447,0.0051076446864427,0.0065595109171913,0.0045079044466769,0.0062567985033339,0.1809539500744457,0
2018-07-24,0.0003448354786839,-0.0106705867856184,0.0041214026596143,0.0050321288359673,0.0034379584964083,0.0057291500840292,0.0059616727621672,0.0066114925409039,0.0046268143805526,0.006484703721219,0.1465458232385009,1
2018-07-25,0.005515334234738,0.0036554804149577,0.0139765481748344,0.0085222020455275,-0.0015876450989669,0.0053884887793299,0.0054771582627334,0.0071677189779729,0.0041601537864804,0.0061728620979194,0.1710391571728372,0
2018-07-26,-0.0077991400388178,0.0053728470947977,-0.0151514886353115,-0.0023586356300044,-0.0019247540023924,0.005489376096523,0.0055285055075121,0.0076219357389784,0.0037207162407363,0.0061231978337094,0.0435268879772399,1
2018-07-27,0.0005183138095208,-0.0186461772451871,-0.013496088170865,-0.0067762895439649,0.0016770826523091,0.0054708811274521,0.0081562622263792,0.0087807259980573,0.0045414846440374,0.0060492722518119,0.0862117605315685,0
2018-07-30,-0.0015540041641225,-0.0064138668400129,-0.0141313206522125,-0.0052236206972577,-0.0034323332623595,0.005459622570662,0.0082846942795988,0.0097112401471497,0.004898623266835,0.0060338611806178,0.1019930494615566,1
2018-07-31,0.0029398731811909,0.0101704315958706,0.0076524510956621,0.0049291025188116,0.0054600168613001,0.0045421711880508,0.0089170377750929,0.0098722345066101,0.004982365131084,0.0065550902325592,0.2537913401259836,2
2018-08-01,-0.0073282049295269,-0.000663183926067,0.003796941250131,-0.0016704367030924,-0.0081470643837567,0.005054322412318,0.0088217677418422,0.0100476481578871,0.0049749679813758,0.0068300372517264,0.2485373744194705,2
2018-08-02,-0.0053847728840423,0.0072995616832887,0.0136064461360476,0.0054472839804828,0.0014351792130631,0.0051439671614202,0.0088447248047588,0.011009724318959,0.0050641765680034,0.0062980363204403,0.278204417091371,2
2018-08-03,0.003492853105171,-0.0034735513532148,0.0030635888266554,0.0042851047651975,0.0049737594385004,0.0047246971881984,0.0088254315555807,0.0110402710792406,0.0051160600941865,0.0057441610575645,0.3405232432855869,2
2018-08-06,-0.0051339744804317,0.0055891951607209,0.0058864654734365,0.0036674952196777,0.0005869782450167,0.0047521096872042,0.0090634933551282,0.0111414582288604,0.0051656309454966,0.0041546860684947,0.3634366838628914,2
2018-08-07,0.0022740706959851,0.0023906793887056,0.003643612532713,0.0033020815862578,-0.0051974660089298,0.0048702625855595,0.0083960268594504,0.0111272788961579,0.0050653677400549,0.0043124050619835,0.3692826190168764,2
2018-08-08,0.0027926288022137,-0.0008943666269037,0.0012100109465029,-0.0004202822894048,0.001011403448867,0.0045132998292753,0.0083307500928078,0.0101475684574628,0.0044188322236194,0.0043256139966682,0.3465470371976674,2
2018-08-09,-0.0014794690881722,0.0025660462768528,-0.0006045819029186,-0.0013661025498424,0.0084183891314668,0.0039424583061562,0.008178240384924,0.008741967403777,0.0043577599204052,0.0050796269093167,0.3192062306017633,2
2018-08-10,-0.0004357279352805,-0.0027974792824382,-0.0076409486676554,-0.0067002114944249,0.0072622563153841,0.0039161476684716,0.0052021184635612,0.0078043026070924,0.0043434606366869,0.005491930375968,0.283748369042428,2
2018-08-13,-0.0150841688037929,-0.0058497219478017,-0.0011079065732215,-0.0037431558830355,-0.0020718269194561,0.0059467284068202,0.0051104904695309,0.0056745478570318,0.0041425431559669,0.0053790948590759,0.3217681494456054,2
2018-08-14,0.0009738014451408,0.009906842525915,0.0062667657808932,0.0063804874206452,-0.0022425419942382,0.0057832206213487,0.0050608603257182,0.0055627930808531,0.0043257086022824,0.0052794144580554,0.2387220546212601,2
2018-08-15,-0.016626844065553,-0.0125443583196785,-0.0122348011867949,-0.0074673395333884,0.0058269194152875,0.0072113986178865,0.0067227543056222,0.0072895488699319,0.0050405238416818,0.0044975431216188,0.2603266147255778,2
2018-08-16,-0.0008094609704913,0.0092721748969539,0.0032918565889079,0.008091473835099,-8.294911497663815e-05,0.0072209287374003,0.0069776962717997,0.0059464038389541,0.0053951777840013,0.0045441189887391,0.2684542975330463,2
2018-08-17,0.0092709162326118,0.0042947646488724,0.0002223193108474,0.0035202705739787,0.0012410401193154,0.007988866471857,0.0069287425134265,0.0058604337460559,0.0053423413113683,0.0044102096169497,0.2592408740395489,2
2018-08-20,0.0049942495470025,0.0027920608047031,-0.0008896132450444,0.0021399623778195,0.0066958545898472,0.0082452894552103,0.0067865670888326,0.0054691586619875,0.0052638123479234,0.0046878537099374,0.2995961508789545,2
2018-08-21,0.0029283360946925,0.0114915726486108,0.0036728998602877,0.0023454078047231,-0.0033664676011849,0.008280318611639,0.0075714770499629,0.0054718004890736,0.0052131266966866,0.0043985935485829,0.282872199160624,2
2018-08-22,0.002211997942183,0.0024593501627716,0.0038810240311986,-0.0005937100875319,0.0039546009639792,0.0082500413930745,0.0075117422635548,0.005642344410713,0.0052159956959443,0.0044035448394796,0.2904863471010282,2
2018-08-23,-0.009446452957847,-0.0030375093771244,-0.0014357533508274,-0.0013281299182945,0.0015586563140761,0.0086337235073638,0.0076850207079903,0.005649939008784,0.0052146934399693,0.0038950913866628,0.278534822654397,2
2018-08-24,0.0174688660176287,0.0054494479020317,0.0092916646389751,0.0060185039541027,0.0019664848202551,0.010659625005589,0.007602889996107,0.0058386405638126,0.0048666882641518,0.0034116467919673,0.3452862893276224,2
2018-08-27,0.0037665790293239,0.0014568944320201,0.0101930741168716,0.0078956135797181,-0.0057237931624601,0.0093648081575383,0.0070504959384899,0.0064285763035858,0.0048554919378917,0.0039684196906528,0.2394850106275442,2
2018-08-28,-0.0079413217715056,0.0009309236366241,0.0014648792594098,0.0004829669221924,-0.0060039797241951,0.0098304094222697,0.0066555919493503,0.0062706060646244,0.0047149453489291,0.0044563620556622,0.30554319718989,2
2018-08-29,0.0045742139485438,0.0029069411325703,0.0115377676318244,0.0053807011431026,0.0013241279371967,0.0077788231713443,0.0041653937473962,0.0046880292105663,0.0033752090820511,0.0040820527724888,0.2378636941982823,2
2018-08-30,-0.0049036565110203,-0.0008113206028996,-0.0017672164178337,-0.0040482036118463,0.002148565628252,0.0080858485285942,0.0039064043771149,0.0050469254586772,0.0036688325986406,0.0041282502782457,0.2880609689761772,2
2018-08-31,-0.0011439392301669,0.0038290809119161,0.0012871881653866,3.46208970556372e-05,-0.0023089497031241,0.0077509122577838,0.0038892548267633,0.0049781038131343,0.0036929914726823,0.004197980793877,0.3097517400723747,2
2018-09-04,-0.0051096980014024,-0.0044503496779259,-0.0042855685822106,-0.0017222711228734,-0.005781978245643,0.0078664200138448,0.0045053990228447,0.0054236661841751,0.0038556735275662,0.0038332785612237,0.4288137451621413,2
2018-09-05,0.0034534613352918,-0.0026706903553506,-0.0129140209517893,-0.0026914301358784,-0.0026655846986204,0.0078880793638201,0.0032488186062452,0.0074742126204996,0.0040493336259125,0.0037959639003266,0.469180854517127,2
2018-09-06,0.0019414156485668,-0.0067521842095221,-0.0089396999293394,-0.0030101130335883,0.0036756221701534,0.0078812264042466,0.0039047155583064,0.0081338303714214,0.0042197288348337,0.0037550587466397,0.3846894324406866,2
2018-09-07,-0.0027302937827557,-0.0005274681333586,-0.0038500717510971,-0.0019435588516453,-0.0084896540859049,0.0072200310598256,0.0037892196153798,0.0082310505863765,0.0042569385058549,0.0042520110800044,0.4378295711752711,2
2018-09-10,-0.0007065426890653,0.001231506564276,0.0033680094922572,0.0017385001472127,0.0036936734600685,0.004288799111573,0.0033120297540347,0.0077002309751664,0.0038519485656168,0.0044689695354052,0.3076926623628147,2
2018-09-11,0.0006186451072049,0.0016396626380901,0.0077042212864688,0.0032976075703414,-0.0076107765184838,0.0040167511649943,0.0033244215941519,0.0073525106702195,0.0030166858453072,0.0046780041771099,0.2947572946484244,2
2018-09-12,0.0083907166401662,-0.0023973884218038,-0.0029491899621136,0.0002417385495876,0.0023596168694517,0.0042804556719487,0.0033354636268547,0.0073446352631478,0.0030111495878332,0.0046703562567608,0.298405545055439,2
2018-09-13,-0.003591101333891,0.0002346400911117,0.01068069684406,0.0059147781958177,0.0015132923540037,0.0041815191293043,0.0031045061422863,0.0071842729984295,0.003125133316683,0.0046828271316183,0.1608007405781463,0
2018-09-14,-0.0065049708093173,0.0042187093040506,-0.0029265680064686,0.0001722013229763,-0.004784812741689,0.004399083058377,0.0035290759663026,0.0072043692381104,0.0028206731304394,0.0046206966821028,0.1505214335173288,1
2018-09-17,0.0052203502460583,-0.0106195101298195,-0.0144028629919082,-0.0052943083805062,0.0,0.0047482317126416,0.0043844978261233,0.0082195517021475,0.00331595941054,0.0046632543995806,0.1251650561357064,0
2018-09-18,-0.0014963310274801,0.0041871004169347,0.0082718133061105,0.0054259856567302,-0.0104600285174181,0.0044350377404822,0.0046903046077114,0.0089066278123117,0.0037273610059142,0.0052975910089291,0.02403972391806,1
2018-09-19,0.0038786565809445,-0.0036410582276641,-0.0007656589995773,0.0010658268530785,-0.0059669292057682,0.0044688397235937,0.0047351867137359,0.0079706413677429,0.003568774028777,0.0054258211527643,0.0313932661192834,0
2018-09-20,0.0034246522572403,0.0092542457720201,0.0110564059618833,0.008103515772879,0.0046309060236846,0.0045458720524092,0.0053333914599099,0.008092217408494,0.0039716814978828,0.0055555827923483,0.222610749461313,1
2018-09-21,-0.0068259280844583,-0.0047891635103538,-0.0054678792298186,-0.0009132587045442,-0.0004270055797396,0.0050417519481312,0.0055767273232596,0.0082287179210378,0.0038738559446857,0.0051627533379742,0.2213455890107477,0
2018-09-24,-0.0001761974045537,-0.0036970648316119,0.0027810594672317,-0.0033223447087062,-0.0025617848383578,0.0050334619280588,0.0056661770750807,0.0082156543929688,0.0042230606476426,0.0048023020575142,0.2108491556998333,1
2018-09-25,0.0015863250483771,0.0015312203969393,0.001359623261828,-0.0009278988126052,-0.0010274249835601,0.0050496755868089,0.0056615993199855,0.0079140032926166,0.0042311736122058,0.0044352739982218,0.2281171183295942,0
2018-09-26,-0.0052793529790183,-0.0091401315042776,0.0007058152009473,-0.002991931779929,0.0070277069996775,0.0044591093098707,0.0062718070410869,0.0078071520213442,0.0044189226728407,0.0051022941841115,0.1904348752254461,1
2018-09-27,-0.00884564328178,5.925767111403246e-05,0.0084660616599387,0.0027944084125981,0.0006809219878984,0.0050693010246018,0.0062674499789672,0.0075326901446281,0.0041110420485502,0.0050596216987168,0.1655802022009377,0
2018-09-28,0.0063364485955854,0.0030352620810498,-0.0002154301987251,0.0001026705463724,-0.0026363838438281,0.0052830721513842,0.0061627259020628,0.0074274051982253,0.0041115499895385,0.0049388532383136,0.1720131205977649,1
2018-10-01,-0.0016850162983919,-0.0131712182174573,0.0020452659047658,0.0034742861851939,-0.0073412089035214,0.0049329938222237,0.0066233236618113,0.0050266231457222,0.0036728134876397,0.0052942894410601,0.208102554821053,0
2018-10-02,0.0115483970443466,-0.0108219254592304,-0.0022557850434735,-0.0005829144134191,0.0061126094425478,0.0062965182603416,0.0068534396761697,0.0048584270428424,0.0034008189638299,0.0048612162341213,0.1977571236867683,1
2018-10-03,-0.003951915050342,0.0087522363621821,0.0010764973345471,0.0005490551733917,-0.0173712443699071,0.0063022273846012,0.0078066454876456,0.004785944158314,0.0033982340080633,0.0071677670633549,0.152829311086291,0
2018-10-04,0.000529052979695,-0.0140388048314503,-0.0191986185637198,-0.007815893074187,-0.0070542931851774,0.0061728407437776,0.0075808929335213,0.0072973403039387,0.0032321815168418,0.0070464912871309,0.0918503263479332,1
2018-10-05,0.0028198773824292,-0.009044145450765,-0.0122273365244944,-0.005596961840767,-0.0085946421422363,0.0058503413019075,0.0077337573304356,0.0080265655220725,0.0035480325911077,0.0072549614146685,0.1131887420594206,0
2018-10-08,-0.0110720747138943,-0.0020965382639832,-0.0061058478142939,0.0,-0.0033616139536091,0.0068718956652765,0.0077722171798523,0.0079613163279718,0.003506638083474,0.0072506131627915,0.1223980767349691,1
2018-10-09,0.000533122073091,-0.0038931965686521,0.0032393030802766,-0.0014591701352649,0.0101191853031203,0.0068392280730124,0.0074891562220899,0.0080873016302876,0.003507773391095,0.0084122173737574,0.1223503310763621,0
2018-10-10,0.0024866677006325,-0.0287240868341649,-0.0439793409463914,-0.0316631707977282,-0.0027245427865483,0.0067275492498968,0.0105972674525451,0.0152896411620576,0.0103066616864635,0.0077580451120952,0.2010535028802949,1
2018-10-11,0.0256910134341015,-0.019097826638139,-0.012403156423194,-0.0220264511108361,0.0121599739457598,0.0098816945577466,0.0109074968068841,0.0143524163073571,0.0114126905798083,0.0091273023136914,0.1493164803708899,0
2018-10-12,-0.0047503491808779,0.0001953807600669,0.0278299813611238,0.0138881595103377,-0.0034824428547078,0.0101250499572388,0.010594408487785,0.0184230778336842,0.0130186811006623,0.0091370599261163,0.1126964611012772,1
2018-10-15,0.006682258271583,0.0037108577798419,-0.0121039109177952,-0.00561677269823,-0.0004367560188623,0.0101126813679951,0.0112170033825401,0.0182622845280329,0.0126641870394378,0.0089606855013661,0.122652452957467,0
2018-10-16,-0.0017241116227775,0.0289938937448424,0.0290922194183411,0.0218656256247515,0.002272430234528,0.0097376301331053,0.0159690390889374,0.0216586953877406,0.0154259683000835,0.0086777554187366,0.1743702488278799,1
2018-10-17,-8.63742311474347e-05,-0.004286429949814,0.0003951163795696,0.0001785300122787,-0.0059297606660148,0.0095624115409735,0.0153766081652744,0.0216403433405751,0.0154148355432208,0.0069945693033632,0.2076301898184924,0
2018-10-18,0.0011226984401944,-0.0187388196696524,-0.0231825947965576,-0.0144410581166176,-0.000350942540649,0.0095533384589284,0.0157565606435552,0.0219741643744414,0.0157442890397194,0.0066299893321179,0.197894631497922,1
2018-10-19,0.0007764317521294,-0.0105806259732039,-0.0009236515374505,-0.000542786799292,-0.0021936343858447,0.009559751978209,0.0158045668647693,0.0218482813128654,0.0157857719114167,0.0059896116008203,0.1919122538107648,0
2018-10-22,-0.0025860102252693,-0.0021520225346819,0.0051438941015315,-0.0044885997217145,-0.0013189443087597,0.0086025126528931,0.0158032677807502,0.022006227484239,0.0157236676821249,0.0058729167872005,0.1803667177486302,1
2018-10-23,0.0058767635516041,-0.0089524214130506,-0.003680106982865,-0.0050907493922414,0.003170150914433,0.0086110134108577,0.0158285938769152,0.021907667767181,0.0156893145359582,0.0049946758493485,0.1826862265782597,0
2018-10-24,0.0023198236435848,-0.0376501323744862,-0.0457668982936209,-0.0302987957882283,0.0075488595395958,0.0086130310651875,0.0174258287295076,0.0222798667439156,0.0154335373939085,0.0053865486177738,0.0765018557471719,1
2018-10-25,-0.0022287170244185,0.0216515457357877,0.0345955881749311,0.0179408732570052,-0.0041816466447061,0.0036623560329575,0.0189434455509118,0.0249984067619614,0.0156098159980417,0.0039642379605435,0.01389236023799,0
2018-10-26,0.0031786521678458,-0.0109316829100566,-0.0257217887461642,-0.0175876261133784,0.00603677792349,0.0032214493433791,0.0190755326925295,0.0243737120646632,0.0155234059197966,0.0042950141377192,0.0186069925250951,1
2018-10-29,-0.00393936026117,-0.0054924388070368,-0.0205811164694443,-0.0055402417041147,-0.0022610852663393,0.0030056237810673,0.0188889805239904,0.02482186646445,0.0155224340155992,0.0043754068591396,0.0499805918728634,0
2018-10-30,-0.004384786497644,0.0208635411174018,0.01647970867267,0.0148186248095372,-0.0049681848858655,0.0033047410187833,0.0173874023682564,0.0231582212465096,0.0143429024000956,0.0046021419392698,-0.0424806019786257,1
2018-10-31,-0.0056131391083675,0.0020035809818983,0.023505638593011,0.0106806583615284,-0.0050805632049846,0.0037533906500184,0.0175542569029002,0.0249844143423242,0.0150890423180632,0.0044963053586436,-0.0670433861023267,0
2018-11-01,0.0128527634209927,0.0230619761427295,0.013190353365762,0.0106420415467163,0.0009267638727075,0.0056746583710334,0.0188478838175452,0.0245270398682029,0.0151445927362228,0.0045147053750962,0.0606348436488565,1
2018-11-02,0.0001715191025639,0.0033226609322205,-0.0155759738591596,-0.0059228188347431,-0.0124328610723974,0.0056760916034648,0.0185582773314867,0.0249965689653709,0.0152240043256585,0.0059438934282419,0.1190642724540132,0
2018-11-05,-0.0024003324100665,-0.0007794492260362,-0.0024799578770127,0.0055167755926113,0.0039285038607952,0.005664932271527,0.0185409557869723,0.0248758300374854,0.0153330381477098,0.0061652353136975,0.1190495829524009,1
2018-11-06,-0.0028357980859837,0.0049389535028656,0.0075761313255322,0.0063279814074157,-0.0006229232989447,0.005425270563821,0.0182547888333379,0.0250755675605857,0.0153769799539414,0.0060133426381559,0.1224165615243574,0
2018-11-07,-8.619558903444346e-05,0.0179126759876762,0.031367171843329,0.0214087408139778,0.001335374980588,0.0053495943247284,0.0122950222590295,0.0215544868433071,0.0121700582261354,0.0052975673228203,0.2533409503870424,1
2018-11-08,-0.0021546152083956,-0.002668391062119,-0.0063785476203317,-0.0018149092863252,-8.904267664899823e-05,0.0053470282964661,0.0116047785219524,0.0193456883816887,0.0115742814337029,0.0052451188664765,0.2792585502217767,2
2018-11-09,-0.0112281519784895,-0.0185358886433698,-0.0168521117175503,-0.009768150274718,0.0074660911989519,0.0061238400907612,0.0129519142548066,0.0180889390858102,0.0101401183004263,0.0054820733875698,0.3414500567875817,2
2018-11-12,-0.0071628203247651,-0.0197951124889589,-0.0302590613373165,-0.0186850242359734,0.0065284798729643,0.006321159292246,0.0148273373963204,0.0196810786372272,0.0122402071374897,0.0059721649123135,0.289661215069786,2
2018-11-13,0.0003518677181439,-0.0031780044720435,0.0008418752129528,-0.0018714187142995,-0.0006136722265493,0.0063237284472815,0.0135050277815479,0.0190178921833417,0.0116203548523567,0.0057486068618525,0.3224668810653956,2
2018-11-14,0.0082673919668982,-0.0073065243907167,-0.007629113723215,-0.0068365617740073,0.0006140490513979,0.0068939791002931,0.0137189010558922,0.0173031990744415,0.0114267039931966,0.0054488249355669,0.3292876383056325,2
2018-11-15,0.0011339606953078,0.0142521117639293,0.017493888511368,0.0104365506988348,-0.0004380375080209,0.0051661389096062,0.012256731103429,0.0177868703790866,0.0114054039886543,0.0054597090345171,0.2718102902990197,2
2018-11-16,0.0074061699780225,0.0023753499674583,-0.0035100822714719,0.0026006362983213,0.0057875036852215,0.0058959260739372,0.0122216425979734,0.0171766773061265,0.011240939305719,0.0032199582413328,0.1918888334485193,0
2018-11-19,0.0004324115306661,-0.0202714992525192,-0.0324773786165542,-0.016914555773868,0.0027894291681769,0.0058823109776581,0.013608864383007,0.0198746511358411,0.0123621047517606,0.00317936302706,0.184558350313515,1
2018-11-20,0.0,-0.0192793241564588,-0.0178943258975885,-0.0185060607614565,0.0003479489227633,0.0058300068688272,0.0141386855792075,0.0198608128704442,0.0130854918360284,0.003094709504229,0.2222802380664564,0
2018-11-21,0.0016426250921932,0.0139731946806123,0.0076020617168619,0.0034073657467939,-0.0003478278964215,0.0058627244587417,0.0134471981260415,0.0158363838461508,0.0101000999948304,0.003201342295363,0.216083195302542,1
2018-11-23,-0.0007768338236752,-0.0009459750878204,-0.0072329408433083,-0.006678461099399,0.0010432062732643,0.0058259612193596,0.0135061329732829,0.0158235307016805,0.0100037774918007,0.0031304493203571,0.2164854047356796,0
2018-11-26,-0.0011228924348919,0.0129827084429614,0.0231138625202154,0.0161442666717168,-0.0022580314153729,0.0043502188512575,0.0138943310295348,0.0184472575135365,0.0121302951596501,0.0028513793579412,0.1809575990007651,1
2018-11-27,-0.0059668146406788,-0.0082769061237749,0.0033763657144918,0.0033642482359625,0.0011316910693397,0.004110154770288,0.0127519444768445,0.0162665052344799,0.011058458601302,0.0021969947189927,0.1714524622961011,0
2018-11-28,0.0037407596049732,0.0247021848979487,0.0321830251213135,0.0230256705650755,-0.0048693060450207,0.0041774055670932,0.0151777621794516,0.0194949435800506,0.013495935917582,0.0028248987347003,0.1271237356364189,1
2018-11-29,0.0031201301691909,-0.0026936038002085,-0.0032598955231835,-0.0021852281231169,0.0039321910070773,0.0035116293667376,0.0149583200446897,0.019315682014971,0.0132740053844657,0.0030419718782017,0.1729322049143325,0
2018-11-30,-0.0017279847238081,0.0052033689199328,0.0072553587318531,0.0060951854537323,0.003742713474081,0.0036111746416148,0.014375763627619,0.0186598079335998,0.0130166419129215,0.0031516862671622,0.1762230892910782,1
2018-12-03,0.0075298835008501,0.0095663709261182,0.017476603061413,0.0132412807314232,0.0071001220854982,0.0036369179376983,0.0146419912906023,0.0192767324892798,0.0135814821383028,0.0033858526555128,0.2947499849257488,0
2018-12-04,0.0060991243203933,-0.0425754256221964,-0.0383569965750761,-0.0324023302745306,0.0167413096336364,0.004014670378516,0.0192879165318059,0.0205285691639095,0.0165494571322015,0.0059722359072242,0.09575353224194,1
2018-12-06,0.0001707363609755,-0.0021692682736007,0.0070603371628739,-0.0015170145325257,0.0031404959837693,0.0040091049381949,0.0181875437272847,0.0192615671478004,0.0151921651488939,0.0059173377710016,0.0447782918330183,0
2018-12-07,0.0081099278913445,-0.0216030830760647,-0.0330157464704207,-0.0232362410447398,0.0018614990886063,0.0045595829348445,0.0188309697620833,0.0226229061343783,0.0171736588149729,0.0058215920772218,0.0206310378732239,1
2018-12-10,-0.0034718947025937,-0.002916132218067,0.0104724366674111,0.001897426630868,0.0041379358503945,0.0048093489116752,0.0188222675488327,0.0226119885644726,0.017039726261807,0.0057788630954434,0.0062643707369261,0
2018-12-11,-0.0011896617036487,-0.0010448453040091,0.0033113367479158,0.0002272651414192,-0.0001685257688727,0.0048136677960643,0.0180229084774122,0.0214564184264269,0.0161291434076231,0.0055833652458196,0.0292293196257953,1
2018-12-12,0.0021269354947484,0.0095507546834392,0.0088013482334985,0.0050350306274398,-0.0044577594428206,0.0040047496917646,0.0184493892555164,0.0216010964870038,0.0161896297038977,0.0061202306476739,0.0113232450422727,0
2018-12-13,-0.0022073362272654,-0.0141559933645328,0.0003029253728685,-0.0003389525660625,-0.002365822298302,0.0042274024291127,0.0160425017289647,0.0186732989503012,0.01385799639279,0.00580012634166,0.0357126978145806,1
2018-12-14,-0.0039989894119348,-0.0151291121069695,-0.0243488496480803,-0.0184646872554415,0.003472332727662,0.0045759379421437,0.0162143385162664,0.0199773188288715,0.0146440045012369,0.0057969643416785,0.0841226466732663,0
2018-12-17,0.0069195729103175,-0.0222700914239678,-0.0226596559801579,-0.0196185003081773,0.0058239318507309,0.0047851914174844,0.0161449745164025,0.0203240920987399,0.0147469820530858,0.0058509183594839,0.067580182980848,1
2018-12-18,0.0023754880187698,-0.0012408918917296,0.006288358913296,-0.0010963902546938,0.0059883438727157,0.0043853054824216,0.0149896412241794,0.0190917009426398,0.0131106537200749,0.0057857110278657,-0.054118601309969,0
2018-12-19,-0.0060939586238212,-0.0208255973514184,-0.024555051020655,-0.0149755426197734,0.0132111940286496,0.0046495649510337,0.0110045122902022,0.0170614255523883,0.0105566167356798,0.0049262962006046,0.0396139639133744,1
2018-12-20,0.01541341696236,-0.0164926775330198,-0.0144951708081514,-0.0162780183602345,-0.003631166432798,0.0066710064181065,0.0109224046004674,0.0164620644073707,0.0107033024562243,0.0053609111964686,0.0314946804781541,0
2018-12-21,-0.0043609246258163,-0.0259504860666935,-0.0309933694837709,-0.0204897953058179,-0.0001650334378696,0.0065240527058481,0.0114807030761631,0.0161434474971291,0.0103166837241025,0.0054209588693578,0.1346811906916224,1
2018-12-24,0.0109500961000374,-0.0193969135479139,-0.0247985226218657,-0.0264227950829857,0.0049695108479184,0.0071041448876894,0.0113660830649151,0.0152988628022988,0.0110348320039734,0.0054604874222792,0.0933698185771942,0
2018-12-26,-0.0029994416849354,0.048061662030935,0.0624391718348298,0.0505249010360284,-0.0107150247496159,0.0072164099911436,0.0223040829883669,0.0280888489807645,0.0224265528661627,0.0068300431135466,0.0122067619183042,1
2018-12-27,0.0076048471073464,0.0041684434961299,0.0038699611990802,0.007677489636942,0.0001665579826826,0.0074471543915452,0.0219005562043966,0.0278344144174661,0.0225887851647942,0.0065544219898871,0.0303251929149863,0
2018-12-28,0.0040640114871839,0.0028687263158806,-0.0005224813139063,-0.0012902905516648,0.0084135569822061,0.0072819992410388,0.0220579079330689,0.0278119125863443,0.0225645268332235,0.0067006967414887,0.0479522410805996,1
2018-12-31,0.0015694898830167,0.0078276761435136,0.0084329805799119,0.0087589000040833,0.0037999047468333,0.006890795154523,0.0222676210401157,0.0274667083566761,0.0225416310147212,0.0067054007720525,0.0254028786934215,0
2019-01-02,0.0006598089159148,0.0056759851799443,0.0040189644335839,0.0010403090832811,0.0052671418587555,0.0068341981075162,0.0215058607957565,0.0267055682806798,0.0218170682215294,0.0066796359418932,0.0377764908304981,1
2019-01-03,0.0090661704238064,-0.0178971153342291,-0.0326703029602681,-0.0238626187827961,0.0113797469513214,0.0070975875361324,0.0221172651793422,0.028312425513587,0.0229567316063063,0.0071712934342141,0.0146282451139432,0
2019-01-04,-0.0080862359005293,0.0373537689745879,0.0427844554424508,0.0334957933527395,-0.0115755525860701,0.0074201654674842,0.0244893659860945,0.0310054727717792,0.0252723715896427,0.0076227288470744,-0.0497176014856367,1
2019-01-07,0.0034584828763319,0.0174938177678243,0.0119055772714893,0.0078844433589155,-0.0029476323501561,0.0061158712610941,0.0238929548464667,0.0305843049675245,0.0245480865993973,0.0075816232402137,-0.0448365788040817,0
2019-01-08,-0.0027080406154753,0.0153308170977788,0.0090457143524784,0.0093952718928296,-0.002628189844878,0.00593884782801,0.021165953826552,0.027935325121993,0.0230447980465925,0.0076582257729907,-0.147443440337762,1
2019-01-09,0.0064181583735007,0.0082551381300355,0.0081494031287392,0.0046736102107096,-0.0015651729691246,0.0053544935535883,0.018517732769334,0.0254066366331771,0.0199683080142531,0.0075227866091091,-0.1388348273412437,0
2019-01-10,-0.0058866914812765,0.005178448663947,0.0028598588942214,0.0035274281126924,-0.00643319594425,0.005714086980742,0.0138513223883072,0.0181462972174908,0.0139497133721513,0.0069475675563598,-0.0905742183385269,1
2019-01-11,0.0017271709860373,0.000277973643886,-0.0036578299468943,0.0003865218554748,0.0039012994744396,0.0053181917679188,0.0140437214316051,0.0183891941544795,0.0139922441978927,0.0070342004166003,-0.09719320915093,0
2019-01-14,0.0023808971992356,-0.0099523237611021,-0.0088367255491033,-0.0061008317950285,-0.0037211369537716,0.0052374605112784,0.0151313434611975,0.0188505307148158,0.0142891918125666,0.0066007343837407,-0.0746513292514162,1
2019-01-15,-0.0017200351443329,0.0084357719077776,0.0195264023629393,0.011460756686104,-0.0036517321288143,0.0052909726276174,0.0151364638657935,0.019444180643513,0.0144158389465688,0.0064869955182817,-0.0912376441771474,0
2019-01-16,0.0031998637876364,0.0074590294536005,-0.0001846482304119,0.002419681034071,0.0009994105394328,0.0053583863255291,0.0151294352841133,0.0195205426027599,0.0143889260420101,0.0061458563945782,-0.0957477169404219,1
2019-01-17,-0.0013085469625219,0.0090642513426433,0.0078842584156002,0.0075868182630203,0.000249812945406,0.0045148136038367,0.0122988967470788,0.0143875276390364,0.0104369673228283,0.0042421870103757,-0.0228679048013159,0
2019-01-18,-0.0089264103008509,0.0102862821416394,0.0099000873176491,0.0133098066381511,-0.0052419400348537,0.0046815310082031,0.007702679176172,0.0082384458417723,0.0057397799705573,0.0030932049338443,0.1404681053563465,1
2019-01-22,0.0035531343340227,-0.0158150279208524,-0.0200298535104372,-0.0135102550786542,0.0067750426123318,0.0046901440444786,0.0096932079121608,0.0112040250820513,0.0081954138509805,0.0041470328239082,0.0130041913453978,0
2019-01-23,-0.0013997379433262,-0.0027583656342561,0.0012966391118154,0.002092619859539,-0.0004156792476076,0.0046342617523082,0.0089742697645961,0.0109637604274845,0.0079139340317404,0.0041172278260971,0.0228658174604494,1
2019-01-24,-0.0015666428373899,0.00601630696811,0.0064753892785127,0.0005311178206213,0.0065664106828666,0.0040144156195192,0.008828825638169,0.0108665376053297,0.0079008445179934,0.0047308049340493,0.000361462898831,0
2019-01-25,0.0146172625814762,0.0128552758463902,0.011948561784955,0.0084614726440113,-0.0047892823243447,0.005988882013587,0.0094642601272826,0.0113596407729798,0.0081452918862595,0.0045095588434594,0.0654178057007406,1
2019-01-28,0.0034999210730881,-0.0053617612164321,-0.0123524221752376,-0.0076003311305067,-0.0009958039354445,0.006037010525293,0.0097799090392673,0.0121806332157302,0.0087616523220838,0.0043083483095092,0.074501735875179,0
2019-01-29,0.0055965807144329,-0.0023883395130785,-0.0094415887360077,-0.0013266103188656,0.0050659644103667,0.0061886882525567,0.0090132654532651,0.0122393729234733,0.0084020548250763,0.0044544301003177,0.0201242230366144,1
2019-01-30,0.0057267225782258,0.0109440347029161,0.0254377224016912,0.0158302010547473,-0.000743658792169,0.0061989033219241,0.0092206799875326,0.0133031419066667,0.0090198357407524,0.0042465185085457,0.0834142153992426,0
2019-01-31,0.0004811737703023,0.0085247878137946,0.0149688424223977,0.0087825931706704,0.0085999373797589,0.0062146117968194,0.0092835033055163,0.0138659715602634,0.0092139781117377,0.0049230068468306,0.140411967659916,1
2019-02-01,-0.002004008016032,0.0008051599826122,-0.0042220430264325,0.0004818773626185,-0.0060397002152881,0.0062598177501669,0.0090623187603007,0.0139792382942426,0.0091301589261695,0.0054725714651088,0.1936322319382488,0
2019-02-04,-0.0043373567512235,0.011931852243419,0.0124214353202152,0.0070351905480514,-0.004463929635574,0.0054946933136784,0.0092364977511874,0.0141512601652176,0.0085152992450369,0.0053806563141556,0.217241157002915,1
2019-02-05,0.0025814754532722,0.0010596310308153,0.0088479150828577,0.0041920608675818,0.004567102629454,0.0054809382507718,0.0067231400739996,0.0117518501027209,0.006521236839444,0.0051559475691274,0.2919703500464908,2
2019-02-06,-0.0067589020449085,-0.0012569455398397,-0.0029819372565171,-0.0013181584879928,0.0004958419281031,0.0061108206803313,0.0065663368699648,0.0119987211399748,0.0067097225752222,0.0051413785081878,0.3162063263886767,2
2019-02-07,0.002430293392984,-0.0082158371806694,-0.0134292030749908,-0.0095327919682698,0.0066100396952979,0.0059969947914524,0.0076147965565128,0.0133247877975927,0.0078615398880314,0.0051468063622121,0.2679521380778921,2
2019-02-08,0.0037982966608789,0.0010689543281323,0.0019611625453541,0.0012213846007598,0.0042684134253851,0.0042160494580854,0.006765753942264,0.0129587760382686,0.0075799154787274,0.004835481295123,0.2705399073162026,2
2019-02-11,-0.004911042708701,0.0083418305769429,-0.0009489998093686,0.0005547818631488,-0.0039231148127911,0.0045129212172559,0.0065586223676031,0.0120106910643237,0.0068638540868465,0.0051006022520183,0.2626868613830763,2
2019-02-12,0.0021035771799375,0.0125079662706477,0.0147863488049548,0.0128593018150249,-0.002544118553043,0.0041766541042167,0.006862850825104,0.0116001575105971,0.0074083204405991,0.0050677158213253,0.3129520982756094,2
2019-02-13,-0.003956062177902,0.0028107531599377,0.0007019986742717,0.0032470217581501,-0.0037838576721237,0.0037823612369688,0.0064957994698591,0.0093363341927033,0.0061372854809469,0.0052506818207975,0.2754092648354743,2
2019-02-14,0.0055928896542951,0.0022810671749524,0.001228054885459,-0.0022181471467523,0.0056980618509492,0.0043205067991653,0.0062832851432034,0.0083752028266444,0.0059182984926903,0.0048073033629537,0.165962162124956,2
2019-02-15,0.0059649001106465,0.0159328598817036,0.0042050836901583,0.0108968259125705,0.0015600318283737,0.0047365954952425,0.0073849432691942,0.0081178763750102,0.0065699785693487,0.0043053824606666,0.1807086326550556,2
2019-02-19,0.0152243096957007,0.0027526385704368,0.0019772824132717,0.0017308949873695,0.002541074290999,0.0063840660479126,0.0069355427244593,0.0073618571254265,0.0063922432346722,0.0038953461672178,0.1997276819779358,2
2019-02-20,-0.0017363346220005,0.0047238040098851,-0.0001739451111673,0.0020154011179138,-0.0028623995473644,0.006500869794549,0.0068754188045536,0.0069191767814254,0.0063524208563992,0.0039636468534647,0.2092696300805612,2
2019-02-21,-0.0113061374701283,-0.0038117811720126,-0.0036574578352379,-0.0035557988200484,-0.0089381561668717,0.0072768618234938,0.0071387994345259,0.0069626322697728,0.0065174300741826,0.0050260075249549,0.3393788783294221,2
2019-02-22,0.0035985360836492,0.0086738111398565,0.0074000344032292,0.0061997289608017,0.0059576744048077,0.0073059782401228,0.0058517307433922,0.005160009616231,0.005280194529795,0.0049320515556834,0.4874064290799709,2
2019-02-25,-0.0010358346885893,0.0002529956120449,0.0036440109134285,0.0013611482709841,-0.002961345812705,0.007292317147518,0.0059260356719998,0.0051589400813366,0.0052742771780107,0.0047295689629657,0.5154094414082193,2
2019-02-26,0.0016750345367475,-0.0068902062396245,0.0010373133657239,-0.000715295807104,0.0049499590735078,0.0069951261379003,0.0069655809021994,0.005030216507314,0.0053625265765298,0.0049326984395767,0.4565295740468742,2
2019-02-27,-0.0070871108191714,0.0014004052128298,-0.0006332568377163,-0.0004295815955204,-0.0113288736765156,0.007508373699395,0.0062982059672071,0.0030143433247863,0.004223571470721,0.0060778671886597,0.5571215006202703,2
2019-02-28,-0.0056139591300887,-0.003433089206537,-0.002304211294708,-0.0018624818396053,-0.0034047487424975,0.0076396012258516,0.0066006488983374,0.0032514314016359,0.0043435783433007,0.0060591501987337,0.5920063439563624,2
2019-03-01,-0.0170175066271867,0.0093127556570584,0.0069286907798333,0.0062435719053954,-0.00924297951185,0.0091671120730815,0.0069755333323945,0.0037101876819275,0.0043967941184717,0.0060991663055459,0.4690963536362346,2
2019-03-04,-0.0026255308667169,-0.0090370058493096,0.0001719317689277,-0.0036374523668747,0.0078375324362405,0.0087589689870991,0.006216298687962,0.0036434206261984,0.0035113583458783,0.0068284023022394,0.3273754659880433,2
2019-03-05,0.0013162525939691,-0.004655379875754,0.0007450313139554,-0.0013599423739479,0.0020906959755819,0.0064028931812428,0.0063441392366237,0.0036440319822072,0.0035497804220138,0.0067984094943314,0.2849423143406739,2
2019-03-06,-0.0009037184460104,-0.0196050448422493,-0.0056713777324578,-0.0060568047882583,0.0036716068419999,0.0064406602997874,0.0084868105029732,0.0042568900091831,0.004033083275555,0.0069950663680062,0.2496158052819308,2
2019-03-07,-0.0008222882461903,-0.0087571520598258,-0.0122725975383427,-0.0083656723241575,0.0064848853303567,0.0059345431450589,0.0086951906028744,0.0058319733428803,0.0046874679823801,0.0067808754682369,0.1201258959954169,0
2019-03-08,0.0109455532736228,-0.000263787268445,-0.0015164233215615,-0.0020000447817125,0.0042127079423848,0.0071517575340729,0.0077372397807015,0.0052067680085576,0.0039784159822913,0.0066431747995014,-0.0109313812735161,1
2019-03-11,-0.0048843901986996,0.0174755025283999,0.0207980671635008,0.0145014318802583,-0.0029611838550023,0.0071905632666453,0.0103172076870783,0.0086133853911585,0.0064793078400104,0.0066431661522896,0.0701515677704038,0
2019-03-12,0.0060537099647921,0.0005185423325764,0.0054941179429623,0.0037710985124301,0.0070127420419927,0.0075951082991036,0.0102281810447476,0.0087454416210132,0.0066066772467895,0.0068352275101995,0.1250833314968289,1
2019-03-13,0.006992949727453,0.0039514995852627,0.0075131907714038,0.0066190861403634,-0.0018845797163687,0.0078608740526792,0.0103453687603641,0.0089357427660854,0.0069150355459006,0.0055629028363008,0.1069672801176458,0
2019-03-14,-0.0115470988216084,-0.004064978301131,-0.0016945891260056,-0.0006394753067526,-0.007223268524513,0.0084764759456441,0.010360750176473,0.0089052289711129,0.0068736951270071,0.0060386719360439,0.1403965611716162,1
2019-03-15,0.0045747695600069,0.0026563212476191,0.0092805540885376,0.0049406182974955,0.006614049133389,0.0065431268493058,0.0097858647071321,0.0090777870013434,0.0067729197779149,0.0050514051960157,0.2388542229370784,0
2019-03-18,0.0005692420438265,0.0063967343722592,0.0023816338851254,0.003625428616093,-0.0005746015903257,0.0064283048355359,0.0098009805818981,0.0090474850999793,0.006634916588392,0.0047723341969248,0.2447537924820041,1
2019-03-19,0.0027632992145705,-0.0050718188374188,0.0033623130576208,0.0002476308628589,-0.0022190303224478,0.0064467351988878,0.0098208267147534,0.0090287280823982,0.0065770502200067,0.0049295845256909,0.2463588593232807,0
2019-03-20,0.0064840579475344,-0.0083342844785121,0.0039654189828088,-0.0030093030925916,0.0104604844017257,0.0065786466257365,0.007857655432087,0.0085283524399174,0.0062415854942467,0.0056980237651573,0.2050350145841531,1
2019-03-21,-0.0040264132611631,0.0131153953370488,0.0156318262082364,0.011294676388929,0.0022005705133221,0.0068114041130811,0.0080516093395223,0.0071665472316729,0.0056972042002593,0.0054795692290501,0.1892000500162569,0
2019-03-22,0.002344768069306,-0.0363886232312621,-0.0219641070589705,-0.0192466813476155,0.0155351681503224,0.0060248325736449,0.0147859016178506,0.0113883466371533,0.0092168211302059,0.0070363655679428,0.1184471137389136,1
2019-03-25,0.0076631196167442,0.0044113781911354,-0.0019041666195639,-0.0007516291933695,0.0016017138740433,0.0059852481786343,0.0134954398979009,0.009944544664737,0.0081580788144156,0.006771717108882,0.1623653337764022,0
2019-03-26,-0.0049631374181497,0.0105138021784831,0.0046572172687593,0.0074538606316623,-0.0007196368628619,0.0062043889966427,0.0140831686524456,0.0099172882716018,0.0083926183049198,0.0067232240186783,0.1167214624437589,1
2019-03-27,-0.0052292961377341,-0.0038853881457997,-0.0064226454353873,-0.0052290412074424,0.0092021686147316,0.0061145700743493,0.0139772660231094,0.0100538805742429,0.0083558314541356,0.0068548414596939,0.1083517259112713,0
2019-03-28,-0.0141528506138655,0.0089244517703688,0.0023046983468282,0.0037906528988416,0.0034885667007398,0.0066838790238549,0.0143688517063153,0.0100262515356282,0.0084428862458288,0.0057416524227808,-0.0031217765853856,1
2019-03-29,0.0009023839948698,0.0030795802646157,0.0075709198237496,0.0063051568474215,-0.000947975491513,0.0064780623049472,0.0143806720451489,0.0098854024171305,0.008536520316913,0.0059356124415411,-0.0362992129299338,0
2019-04-01,-0.0039341312066992,0.0109086380446494,0.0132470251078447,0.011859398664219,-0.0142036057538763,0.0065313554348919,0.0146962207199024,0.0106284294106394,0.0092447733898598,0.0081892607477743,-0.0328383122516906,1
2019-04-02,0.0037028271386223,-0.0025843926039986,0.0037907121092279,0.0004896685244608,0.0018489505371686,0.006601321281347,0.0146268539868317,0.010635190948927,0.0092421114889985,0.0080316397649169,-0.0333214498118218,0
2019-04-03,-0.0014756542074283,0.0051825001984264,0.0057459231901264,0.0015735933160625,-0.0086673210164447,0.0060383245441489,0.0143962907287411,0.0106849081707148,0.0091177100127231,0.0082904130137145,-0.0322238446421166,1
2019-04-04,0.0025451358852759,0.0048980607991657,-0.0003807923594527,0.0026534644988278,0.0028330558219846,0.0061399660906316,0.013873734172393,0.0096044946112155,0.0085017031213945,0.0083035529009756,-0.0416389745159122,0
2019-04-05,-0.0010645913747292,0.0093641036949974,0.0051713357527718,0.004840120261693,0.0012919334395891,0.0060108815129954,0.0051666237227859,0.0054246608319169,0.0047448008325966,0.006574240012243,-0.0524645223026588,1
2019-04-08,0.0043449644590187,-0.001652178850362,0.0025451663744358,0.0007623730662269,-0.0035477006202896,0.0055137037395144,0.0055922560934108,0.005117019264177,0.004623818927474,0.0065992837715227,-0.0374581099665893,0
2019-04-09,0.00522405826862,-0.0122200198686642,-0.0035109164742033,-0.0051245724614242,0.0031554805596714,0.0058239038305436,0.007242084596398,0.0055983413055508,0.0050999576822656,0.0067263526303275,-0.0521205408851721,1
2019-04-10,0.0030856455437242,0.0135952621732828,0.0053661752956915,0.0034106088106728,0.0024202168640046,0.0057321464608912,0.0077045380359717,0.0045318981603076,0.0043847400479629,0.0059277997173086,-0.0396117511725748,0
2019-04-11,-0.0127904302328827,-0.0012714078460113,-0.0023723416991306,-0.0002775064705745,-0.0058739767779656,0.0053649880735531,0.0076474642569656,0.0049678842479995,0.0044963126115689,0.0058379223346152,0.1158878192369689,1
2019-04-12,-0.000983969825259,0.0036281885016087,0.0043237149416504,0.0067662585624284,-0.007122745965417,0.005365007452825,0.0076506235465739,0.0047909859691279,0.0045401212053469,0.0060181834652876,0.0968993616659914,0
2019-04-15,-0.0018879040751599,-0.0032347763587328,0.0001613963806155,-0.0006551057851308,0.0025273425536402,0.005241593666986,0.0073233477696925,0.0033795058740095,0.0032846199776952,0.0046650393745736,0.2153835569894272,1
2019-04-16,-0.0089637857859232,0.0023545800019766,0.0034435078541688,0.0006555352300523,-0.0062614829393896,0.0057700037406579,0.0071770836786215,0.0033617605475478,0.0032796810303293,0.0047959637563595,0.2268912707673808,0
2019-04-17,-0.0019085831288392,-0.00914047559139,0.0034852110975189,-0.0024468659637079,0.0004091246037374,0.0057739525118119,0.0078804088361466,0.0031552199798851,0.0035030921676976,0.00419991741673,0.2325729107927476,1
2019-04-18,0.0007482870651696,-0.0029470955512547,0.0012826587308225,0.0019689742539072,0.0052345937201856,0.0056700980557584,0.0077986159062917,0.003068775752811,0.0034750379222459,0.0045022946414476,0.2311200639263941,0
2019-04-22,0.0,-0.002634011513894,0.002827937625065,0.0008619329924626,-0.0048006559031804,0.0056874723054156,0.0070597859538084,0.0028826422039643,0.0032023122058595,0.0046023745587486,0.1834650006677768,1
2019-04-23,-0.0020769294200843,0.0150743856235997,0.0127182942357846,0.0089914993827997,0.002126364032897,0.0053288608233477,0.0087580433740938,0.0045215746036777,0.0041638824792262,0.0046557096635205,0.2903585412298145,0
2019-04-24,0.0029137401441747,0.0031095140461043,-0.0031528592627633,-0.0022187283630566,0.008157861287088,0.0050243976562201,0.0075817437832484,0.0044673808594476,0.0037362250067065,0.0053474977639212,0.3141183271998791,1
2019-04-25,0.0008300695036758,-0.0082877653954563,0.0040589569635949,-0.0006163455011332,-0.0014561526076818,0.0048073674905333,0.0069476733386738,0.0044028796420476,0.00374903870402,0.0052668135314537,0.2418093810446917,0
2019-04-26,0.006635175033447,0.009696858291103,0.0008926699928037,0.0046568724133453,0.0034035297350765,0.0040055415432298,0.007616940377974,0.0040972330055628,0.0038414930235419,0.0050687107305316,0.1854549270496547,1
2019-04-29,-0.0044492123531945,0.0048017090061687,0.0019404800512214,0.0015677887829397,-0.0063807208812085,0.0042001675911111,0.007674826557036,0.0040812310307073,0.0034231889989859,0.0049533642386155,0.2281739174149181,0
2019-04-30,0.0030621129817147,-0.0046533515296054,-0.0077478027991771,0.0005104302343428,0.005121132078991,0.0043488483378513,0.0077718152839095,0.0052430462332628,0.0033695332831546,0.0051473045047853,0.1830016905570302,1
2019-05-01,-0.0066006224629272,-0.0094758962375013,-0.0032184132820008,-0.007516784736287,0.0041251941716187,0.0038642144772716,0.0083753007858911,0.0054546763966623,0.0044013546719871,0.0046420633519912,0.2199535217521457,0
2019-05-02,-0.0038205903541769,0.0046558595290637,-0.0043400421191627,-0.0021588723164739,-0.0047619815921674,0.0040090803646798,0.0079071097847028,0.0056649927744918,0.0043802700462349,0.0050581022717886,0.2485518414781464,1
2019-05-03,0.0059196187262002,0.0191087340951749,0.0159480706727968,0.0097876553333038,0.0028387168466346,0.0044636144910787,0.0095992629986507,0.0074876496407238,0.0052602651206959,0.0048933426982477,0.3936950349553524,2
2019-05-06,0.0013261171213538,0.0011212525641797,-0.006122051811765,-0.0041149029186275,0.0027494856195759,0.0044753316053675,0.0094200823286695,0.0079002527461936,0.0055432373449787,0.0044928614317812,0.3755206793966145,2
2019-05-07,0.0033109968873636,-0.0197872284675799,-0.019480098364066,-0.0166999469218467,0.0076612267650282,0.0044718107072669,0.0109873253520988,0.0091071511371531,0.0071044251332612,0.0048893868872555,0.2813837630448653,2
2019-05-08,-0.0024750055657883,-0.0048880415787682,-0.0025234892134896,-0.0013890331776885,-0.0043221401582336,0.0045282175185483,0.0110291684215279,0.009101409328078,0.0071022826735074,0.0047757488063763,0.2869810000691272,2
2019-05-09,0.0023984226064801,-0.0036359717536392,-0.0053829003356195,-0.0030256101391328,0.0040995867254316,0.0045727152142955,0.0107719976762926,0.0088833281244159,0.0071061714039405,0.0047945963698568,0.2967241588890622,2
2019-05-10,0.0018977175142325,0.0027531702907683,0.0012448148485224,0.0050234001917515,-0.001360804099346,0.004089923972573,0.0102675796309831,0.0089011684921327,0.0071442380438916,0.0048159488290748,0.2451571253003582,0
2019-05-13,0.0102116269509444,-0.0318607543899557,-0.0347025424561018,-0.0251303035454677,0.0078552435471481,0.0048518620166926,0.0138769319578846,0.0131731359896611,0.0101157671971429,0.0044925746709136,0.0824402175272105,1
2019-05-14,-0.0017119025646632,0.0125962078204819,0.0109751411877259,0.0090432242262772,-0.0029426407998732,0.0049180175006398,0.0149121865851488,0.0142809579106127,0.0109112797774058,0.0046701770157,0.0485209308710402,0
2019-05-15,-0.0005716127335255,0.0032566730430267,0.0141243616781048,0.0058574690456294,0.0061425000873429,0.0041925512206722,0.014835621634139,0.0154907948013491,0.0111962508730274,0.0048324042287969,0.0566983841521398,1
2019-05-16,-0.007190107507202,0.0062321791866137,0.0100496366018763,0.0092612440575861,-0.0033298952799731,0.0047757757053752,0.0149184233903212,0.0160146396730563,0.0117773975862241,0.0046335971096068,0.0129044370690594,0
2019-05-17,-0.0070776116799617,-0.0139352869004174,-0.010219949365226,-0.0064648185196707,0.0022270819848215,0.005137273426232,0.0134291310989938,0.014932424350965,0.0112097799052045,0.0046244308617996,-0.0365111507816407,1
2019-05-20,-8.290208125960596e-05,-0.0069356214014142,-0.0168813834660582,-0.0066121211064166,-0.0020637544709871,0.0051165026078443,0.0132742198858635,0.0154641620436633,0.0112708687328688,0.0047717818468128,-0.0207117961465535,0
2019-05-21,-0.0023209448003437,0.0134404382765385,0.0104473082295981,0.0090159344778824,-0.0015902416229194,0.0050045105339519,0.0134909741248863,0.0153057060489643,0.0107215144061907,0.0042953020028396,0.003424606327992,1
2019-05-22,-0.0009970317877491,-0.0083863412034814,-0.004454700809874,-0.0030718874331022,0.0057355518000254,0.004967699129753,0.0136104343654523,0.0153211986987649,0.010751195643415,0.0042250869972241,-0.0185502377111942,0
2019-05-23,0.0077345336135938,-0.0205859067437708,-0.0153025422228715,-0.0122185057607904,0.0112477772076726,0.0055691193195485,0.0147545608850435,0.0158422871908922,0.0113566367917046,0.0052083154420395,-0.0382989250138807,1
2019-05-24,0.0010729131367257,0.0093713509771529,-0.0005046899607537,0.002268383989969,0.0008615412471146,0.0055437626213254,0.0152483699046129,0.0157939972115255,0.0112125051797289,0.0050858453421889,-0.0367030095824411,0
2019-05-28,-0.0038747008151563,-0.0079582919709361,-0.0037605897898019,-0.0093005348796264,0.007199783594759,0.0042799874679306,0.0118305861253477,0.0114740040294854,0.0082901676869909,0.0050116137436439,0.0446417534259347,1
2019-05-29,0.0003310511869665,-0.00835616840675,-0.0082259387106269,-0.0067105862775064,0.0030304115018102,0.004317445586697,0.0109181266318453,0.01092394247443,0.0078171887612693,0.0046540820537347,0.0551903950446845,0
2019-05-30,0.0067841455794739,-0.0027637464505991,0.0042039220473539,0.0027313609897225,0.0085985637033296,0.0050237267251972,0.0106744273526209,0.0096220986049737,0.007534442932172,0.0048998252264532,0.089806420179962,1
2019-05-31,0.0134768621640721,-0.0139929717979833,-0.0159529668729392,-0.01347558300945,0.0125191641579718,0.0061245286267048,0.010436276780571,0.0090612666964872,0.0071420388338154,0.0051145356147375,0.0891331568938285,0
2019-06-03,0.0144328123965751,0.0034963429396286,-0.0220179164090356,-0.0025425733424263,0.0066888301987764,0.0065387884460002,0.0104212706837555,0.0103401488815933,0.0071227321973705,0.0050617546516614,0.00672865471716,1
2019-06-04,0.0003197259638094,0.0258934073908705,0.028156365621478,0.0217064979818886,-0.0114015087714973,0.0065144043510239,0.0140324468345326,0.0146052521192812,0.0106975134817972,0.0070328273586791,-0.0803934580420401,0
2019-06-05,0.0025569292123264,0.0001999465852247,0.0074327569262671,0.008662051508812,-0.0056519482519871,0.0061882710417046,0.013114823370873,0.0143313353447517,0.0106606329793591,0.0075111255760544,-0.0662516327903158,1
2019-06-06,0.0032676817464412,-0.0025969094503617,0.0079448263918329,0.0065025184134055,0.0032262713211992,0.0059332622705536,0.0129433619519246,0.0147265443703602,0.0109005945483309,0.0074842192652837,-0.0754764545188726,0
2019-06-07,0.0056402851919619,0.0070757076593035,0.0193120253719616,0.010007626480351,0.0086521625963111,0.005847064018039,0.0113196747342622,0.0152592684719697,0.0104426126706028,0.0072314860332585,-0.0100071606993601,1
2019-06-10,-0.0099533497376269,0.0058996852402259,0.0116550484915161,0.0045887492323783,-0.0094128112801202,0.0073824243701659,0.0110864955630502,0.0155494420741342,0.010475339387491,0.0082814987818847,0.0138183444916398,0
2019-06-11,-0.0011968524989021,-0.0029650434055479,0.0013648239388399,-0.0002419989674244,0.0006130083115365,0.0071378483242979,0.0107614000751501,0.0153900814431797,0.0097341485574124,0.0081126779035445,0.0041328775757339,1
2019-06-12,0.0051925349440347,0.0011230324879525,-0.005779877933845,-0.0017657608203278,0.0007654784563264,0.0070581545993452,0.0102316377341165,0.0152033000952113,0.0092948025037695,0.0081025906784813,-0.0246274120780743,0
2019-06-13,0.0061193406330888,0.0105636423496611,0.0059234848413529,0.0041265789458622,0.0034442734582147,0.0070326468972939,0.0103891407815517,0.0152202039105302,0.0092904970993636,0.0077544717156979,-0.0174172363697609,1
2019-06-14,-0.0003159630016545,-0.0087544105640821,-0.0042530875200507,-0.0011051969265265,0.0025161811553617,0.006276217924387,0.0095052506169767,0.0139275307319668,0.0073650911484575,0.0066639468439249,0.0758333949665966,0
2019-06-17,-0.0006320654488249,0.0068982946787066,0.0060232324306506,0.0003803354241689,0.0017493736199478,0.0047427629102239,0.0095462684393672,0.01021817791634,0.0070854593937631,0.0062804851384657,0.1787702927369906,1
2019-06-18,0.0050600835915723,0.0116262704076102,0.0145310395936271,0.0104707300210944,0.0050119985815162,0.0048907188592689,0.0065674928230561,0.0078277295759908,0.0046721537445246,0.0051772915237176,0.3765814530682715,2
2019-06-19,0.006057242183997,0.0035711872170118,0.0037553926642286,0.0022573919939596,0.0014359380670689,0.0050900909513926,0.0064992648501121,0.0078609348920464,0.004418942849014,0.0046050852608198,0.4120378282587779,2
2019-06-20,0.0251778969119593,0.0047230121759163,0.0092992458108032,0.0095545200981246,0.0026403407977193,0.0089698159067076,0.0061722946246853,0.0079087765429581,0.0047412990017148,0.0045886224426656,0.4262429991627114,2
2019-06-21,0.0066356121816599,-0.0086288436572892,-0.0014822772262395,-0.0014539302227348,-0.0109868469132515,0.0089941120772806,0.0072071717383965,0.0067172175540394,0.0044581687678698,0.0054281908013418,0.4143745528826286,2
2019-06-24,0.0148507863109303,-0.0121467890735236,3.160794416379176e-05,-0.0012242426730153,0.0074565975312608,0.0080203016924478,0.0083963535564291,0.0062551116518877,0.0045596222315163,0.0048445822494036,0.4219791329381847,2
2019-06-25,0.0019411266395166,-0.0061153219693389,-0.0171664483258896,-0.0098082294556716,0.0030966409899608,0.007733486396545,0.0086016076616955,0.0089420071277603,0.0059092966050544,0.0048597111298719,0.3848835448237001,2
2019-06-26,-0.0091653931110999,-0.0023153757277492,0.0046505345683534,-0.000997040813303,-0.0064000085204184,0.0092852808616401,0.0086330965694789,0.0086556029021144,0.0058721331704678,0.0055009068489401,0.3971640235559116,2
2019-06-27,-0.0009777008469505,0.0187663636422397,0.003821668882195,0.0035459818380085,0.0070472753288468,0.0095074384189552,0.0100309487265558,0.0085784611204404,0.0058430007435138,0.00578947588081,0.3607993658383709,2
2019-06-28,0.0027100317696175,0.0121724139265939,0.0012868405186818,0.0051456200705057,-0.000676924680888,0.0093714663497939,0.0100077931138187,0.0083101188055935,0.0059075027219674,0.0058064545733087,0.336456980879966,2
2019-07-01,-0.0193693835598,0.003858557862538,0.0134945876171119,0.0090785528042478,-0.0023389214319448,0.0121274220495278,0.0099170948939233,0.0089739169176766,0.0063043852240196,0.0058940249535429,0.263251964922045,2
2019-07-02,0.0213597354862766,-0.0060859974962172,0.0039629319680059,0.0026041285778282,0.0077127332128783,0.0134181360942778,0.0096954107929083,0.0080710140526204,0.0056810260936992,0.0061724935209653,0.2051151235354778,2
2019-07-03,0.001649060899963,0.0071541007157933,0.0075258318619924,0.0079950839150773,0.0071290667233159,0.0134490705789113,0.009874569972361,0.0082398481564864,0.0060049778292816,0.0064823260548965,0.2219120400040224,2
2019-07-05,-0.011150231525253,0.0026880344880375,-0.0020369799380381,-0.0011374870589671,-0.0132627711828061,0.0120734370518735,0.0098132633231086,0.0079827718649719,0.0055314698679673,0.00794785191102,0.1858031962109219,2
2019-07-08,-0.0064326177345375,-0.0095097969645536,-0.0070141954905043,-0.0054951108956621,0.0013597534306488,0.012084671381055,0.0099121126813338,0.0083868313638391,0.0058966622404816,0.0069716074283295,0.2137404750029091,2
2019-07-09,0.0035037454291328,0.0013530174844775,0.0050077682101516,0.0012466056592599,-0.0003771319368713,0.0109686628861346,0.0088031125191694,0.0084796187412405,0.0058460180654263,0.006610278590255,0.2593427186479577,2
2019-07-10,0.0157874901787831,0.0017376230634724,0.0099652981308868,0.0047780820038887,-0.0055072068182996,0.0122620815859329,0.008316041092062,0.005818649804806,0.004439835756669,0.0067680655806477,0.2737707395313908,2
2019-07-11,-0.0084435841541644,-0.0048819505473542,-0.0007268206197651,0.0023441143208422,-0.0133502845500492,0.0122054924674431,0.0085344342348466,0.0060041895903423,0.0042545258315893,0.0077266696715107,0.2985261449856893,2
2019-07-12,0.0062547238141867,0.007746187400893,0.005768353638947,0.0044770119982442,0.0011533506136462,0.0123633576323216,0.0067599874382423,0.0060461550687903,0.0042776686150774,0.0072345468033389,0.3218216400770459,2
2019-07-15,0.0,-0.0052528671869196,0.0032036978187319,0.0003327127675289,0.0057592756495326,0.0123413299636675,0.0059339688490906,0.0059904544564853,0.004293123446367,0.007622996691247,0.3179869290482675,2
2019-07-16,-0.0084625544307853,-0.0003217066110177,-0.0051507978847886,-0.0032253710313596,-0.0029776492153568,0.0107931611169702,0.0057675139516411,0.0055640394825414,0.0039896155535597,0.0076365226251058,0.4457379632665479,2
2019-07-17,0.0164653174853974,-0.0071502722456313,-0.0049183340279645,-0.0068050701216539,0.0107977382372199,0.0098582877640527,0.0058898025705596,0.0059221480444842,0.0047154858229765,0.0080872199427007,0.3425707243184265,2
2019-07-18,0.0141179511861615,0.0037632688454181,0.0011448753769114,0.0036609333511072,7.604126826143975e-05,0.0107126666915783,0.0054739123291754,0.0054881862120729,0.0041046685920212,0.0075993511180489,0.2929404937626948,2
2019-07-19,-0.0147273928030344,-0.0057529473510546,-0.0073279718007717,-0.0055547179598322,-0.0023484612412707,0.011252762634241,0.0054957248814269,0.0059942574971458,0.004464681382514,0.0064385720694215,0.3427513231662918,2
2019-07-22,-0.0001487638304406,-0.0009100096768407,0.0079577807950008,0.0024564328907972,0.0018982832981995,0.0109118474351419,0.0047870872559253,0.0059182912896161,0.0041587889488942,0.0064584623497552,0.3131872620661536,2
2019-07-23,-0.0056526182527806,0.006636984775032,0.0065445461758255,0.007149927931328,-0.0054573587812984,0.011192723657762,0.0053322035177765,0.0060384489453547,0.0046828424472415,0.0066458926878767,0.2653282400581894,2
2019-07-24,0.0050863390183515,0.0165482061012005,0.0070177273457476,0.0046995587362161,0.0043437169871818,0.0101389206974903,0.0075848601193024,0.005646454904578,0.0046757919588379,0.0066329244545366,0.3255475655154154,2
2019-07-25,-0.0070700080580763,-0.0120821080358608,-0.0094797856782267,-0.0047769949814641,-0.0047804974054879,0.0100135926185613,0.0084966841174626,0.006601974185358,0.0049732816987784,0.0050927036654173,0.3983681581587567,2
2019-07-26,0.0016489373686285,0.0118438690503914,0.0102947963196713,0.0067000711116433,0.0023641934303948,0.0098281069248026,0.0089795737089591,0.0071385134697622,0.0052268687643336,0.0051151564914455,0.4026867551410761,2
2019-07-29,0.006659678193005,-0.0066795320092392,-0.0034307114206975,-0.0018212354409664,0.0003037159355594,0.0100419499770847,0.0090958111239215,0.0072115036769418,0.0052770093032747,0.0048303085196949,0.4050290497391663,2
2019-07-30,0.0033449561608962,0.0108230828673261,-0.0043160679208247,-0.0024549473187676,0.0024335317301926,0.009513167861792,0.0096383356650369,0.0071463848817599,0.005226036980438,0.0047087127405424,0.3483993523696942,2
2019-07-31,-0.0131129728085386,-0.0081099182592165,-0.013830022656793,-0.010940292398078,0.0080409811385104,0.0090954316990715,0.0097405252890875,0.0083332653534797,0.0059643882320276,0.0041118264259226,0.4015599837767027,2
2019-08-01,0.024022196433904,-0.0144987576427892,-0.0049715909680315,-0.008708004753038,0.0198602730182273,0.0112150739075833,0.0109307723965423,0.0084196760420084,0.0063693112611222,0.0073048476109119,0.2491234103437293,0
2019-08-02,-0.0038120684590625,-0.0110830077750659,-0.0147247388189349,-0.0075292955004321,0.0092415782407992,0.0100973723807567,0.0113524674715792,0.0093010894646048,0.0065432401641798,0.0073402350345523,0.1898451141066342,1
2019-08-05,0.0139818522703525,-0.0300171051147086,-0.0353354395839508,-0.0300733576159433,0.0172879471677624,0.01086341792515,0.0146502068709447,0.013385112497963,0.0109485067289505,0.0084246388488235,0.0854826343622707,0
2019-08-06,0.0081283868970858,0.009189046370075,0.0139990630026718,0.0140230362930275,0.0079929443604152,0.0105834314210665,0.0148701235928491,0.0143481228465152,0.0119502337454259,0.0075313750824881,0.1696196231463406,1
2019-08-07,0.0151896951603573,-0.0002677824230759,0.0054018386034022,0.0005906561023358,0.000357211392101,0.0111762206104557,0.013222306776289,0.0142000989167283,0.0116821416610252,0.007772134268894,0.1622432338109184,0
2019-08-08,0.0050346860981962,0.0215641952133434,0.0217641161752466,0.0196200683108278,0.0021426320303943,0.010361803184425,0.0153539500899508,0.0165104778201817,0.0139458643327703,0.0069380343765687,0.0985473781414534,1
2019-08-09,-0.0033161732510501,-0.0125867921587791,-0.0094016528814228,-0.0068115206055862,-0.0019952911129733,0.0107122700502509,0.0148919870255463,0.0159788328428637,0.0136544013305764,0.0073844637433174,0.1668573463717261,0
2019-08-12,0.0096985022600313,-0.0129465328681315,-0.0114752049037433,-0.0121732475243473,0.020849719907285,0.0107881254100394,0.01513930002207,0.0161217439645787,0.0139105390496734,0.0082552654505702,0.1553025333105804,1
2019-08-13,-0.005959518154781,0.0107623449937628,0.0219148931960375,0.0155513117415493,-0.0034274089232033,0.0114173914209597,0.0151323492627274,0.0182862819199611,0.0152935076043856,0.0089243162909314,0.110882576533266,0
2019-08-14,0.0068415942238304,-0.0279496297605784,-0.0298850448923034,-0.0295671097558376,0.0225292344694307,0.0094826448807648,0.0168209621561528,0.0199998934352189,0.0174047000435676,0.010032618681146,0.0583584383951595,1
2019-08-15,0.0066549698650941,-0.0039705823807343,-0.0011489085238859,0.0026417435389278,0.0111195253814242,0.0073697874908915,0.016612591968693,0.0200215435347663,0.0174703037193355,0.0093882121485725,0.0457281553045421,0
2019-08-16,-0.006402214255277,0.0215820533279949,0.0160503133551523,0.0147551623106716,-0.0080103067176811,0.0077586937056564,0.018542548793071,0.0205297049994544,0.0182835359908729,0.010746126520779,-0.0112551935790324,1
2019-08-19,-0.0116963032863357,0.0100921056361003,0.0159047605692859,0.0120478935480234,-0.0143022439352433,0.0086485121429719,0.0160970965146465,0.0170561320262133,0.01552172304947,0.0119265024067484,0.0343138975060536,0
2019-08-20,0.0077953801910404,-0.0065276256003968,-0.0077482601952985,-0.0076628580956197,0.010344052621229,0.0086246870854394,0.0160351732351536,0.0170702437343659,0.015334844023433,0.0120425820653358,-0.0088869700973679,1
2019-08-21,-0.0031644201236604,0.0082468165619966,0.0088782805297449,0.0081354965435522,-0.0066653475906091,0.0074727735452802,0.0162455197433657,0.0171791584146115,0.0155026633817795,0.0124731282038608,-0.021662957781614,0
2019-08-22,-0.0025395077899371,-0.002327340399762,-0.0032337000272824,-0.0003077687009891,-0.0066409686937007,0.0073504078714544,0.0145222925553917,0.0158277461834476,0.0141591666761266,0.0128635952182264,-0.0791141269369262,1
2019-08-23,0.0195898471854871,-0.0306606412170703,-0.0316455786956653,-0.0256877365661174,0.0164350258129548,0.0095225879350002,0.0169658892161607,0.0186117864045771,0.0162253861172307,0.013472927995628,-0.1333553590070935,0
2019-08-26,0.0001387547528266,0.0110015453759362,0.0151040801973856,0.0110587210201373,-0.0040421042209419,0.0091453701356169,0.0171530632957853,0.019039164917547,0.0163059807859281,0.012308932280435,-0.1326157382905693,1
2019-08-27,0.0095707390210586,-0.0148265994058573,-0.0021101992161234,-0.0039234875693372,0.0154088519240638,0.0091270946914835,0.0171161570040673,0.0174770170964686,0.0153924470486055,0.0128602372832972,-0.122974459049812,0
2019-08-28,-0.0028165394070236,0.0116668385050606,0.0035786382033493,0.0070410866188621,0.001287189739147,0.0091486385425525,0.0153284801192333,0.014489342946978,0.0120610340608016,0.0110107451584754,-0.1251915040038581,1
2019-08-29,-0.0071645668137534,0.0175382307229741,0.0152899077800419,0.0127734386739759,-0.0037891993914547,0.0093604985821985,0.0161308022894877,0.0150926657154312,0.0125541515483135,0.0105627446372595,-0.1354668078705254,0
2019-08-30,-0.0025672712303844,-0.0018109218140461,-0.0023944777383532,-0.0004444335980801,0.0002716909556785,0.0091296989697817,0.0147016087289369,0.0144342087835608,0.0118493187074566,0.010182514946636,-0.1260343178454515,1
2019-09-03,0.0139130434782608,-0.0146465181817525,-0.0097086746228631,-0.0058471468179353,0.0012927112464284,0.0088490211574051,0.0149389223875776,0.013785471017882,0.0113886252171436,0.0086925246294082,-0.1233212651031919,0
2019-09-04,0.0062435928789665,0.0080458571163373,0.0144358434058369,0.0113504175509648,0.0014941399945782,0.008774243718878,0.0151824545547527,0.0144205430014969,0.0116417252968235,0.0082310168388549,-0.0904578056431626,1
2019-09-05,-0.0240011194911101,0.0186011376798191,0.0183192734975872,0.0128554744698636,-0.0181094556815629,0.0122272276312753,0.0161861729534197,0.0152896301099893,0.0120335679009498,0.010080932656308,-0.0787654698044311,0
2019-09-06,-0.0085231327784353,-0.0045820385886482,-0.0009906768050887,0.0007717003002383,0.0071149288376319,0.0125634681646112,0.0162417982458533,0.0152244883729059,0.0120165232357041,0.0099571201454616,-0.0910164566670034,1
2019-09-09,-0.0037344897557421,0.013409219353536,-0.0020880303669561,0.0005035353195665,-0.0177657755784007,0.0106290804335738,0.0125468007168087,0.0099113177525218,0.0072024229321996,0.0102176994260312,-0.0136572972595526,0
2019-09-10,-0.0085579370471076,0.0127704676247961,-0.0028766862167411,-0.0002347224940478,-0.0175274296400352,0.010798699290092,0.0126615381201419,0.009485061727258,0.0069609545274807,0.0113865840771341,-0.0039337428408807,1
2019-09-11,0.0060636763299137,0.0204742853473522,0.0093890136627519,0.0071111302011588,-0.0017774304591147,0.0104033163381812,0.0115067428140857,0.009474138198402,0.006516559895861,0.0094213274486997,0.0896992963130505,0
2019-09-12,0.0020563606851882,0.0002548567735447,0.004157916260155,0.0034637501973369,-0.0065507418954663,0.0105321474649881,0.0116833768142944,0.009471039097438,0.0064649214959909,0.0091862872685519,0.0816455575572448,1
2019-09-13,-0.0082791775197839,0.0017193715120633,-0.0035710261172424,-0.0006639006919387,-0.0213587571324296,0.0105912339194583,0.0111579140322812,0.0089126554745956,0.0058601199181577,0.01041354609426,0.1241020931083063,0
2019-09-16,0.0083482945322035,0.0037506263033437,-0.0044668894935968,-0.0030887938896145,0.0127435789326324,0.0111581760495543,0.0108927048896247,0.0090611211163532,0.0060825728185651,0.012039878200923,0.0958381966511754,1
2019-09-17,0.0019813102518067,-0.0025963979163948,0.004800093195411,0.0025316950485141,0.0054233997035866,0.009873392811649,0.0088282789246876,0.0080352523739524,0.0053149476514934,0.012385471618311,0.1330499488708534,0
2019-09-18,-0.0062853061531494,-0.0061592098470991,-0.0004153338216772,0.0005984349122383,0.0042440054768306,0.0093749639666337,0.0097672219353438,0.0071572237983912,0.0045778207386741,0.0125900889176537,0.0573107488157738,1
2019-09-19,0.004050828215713,-0.0048554382502183,0.0016620255821455,-6.657670276322136e-05,0.0030077539944473,0.0065176309329384,0.0091381846247073,0.0044045819665628,0.0027544923249568,0.011969018694746,0.2629174338542248,0
2019-09-20,0.011820485442912,-0.0021187224917941,-0.0105787370945378,-0.0047244771293243,0.0132106309053923,0.0071524109725543,0.0089293698981573,0.0056477885004888,0.0033166238191476,0.012688823931775,0.1381543702865789,1
2019-09-23,0.0055963838323653,-0.0007720803665085,0.0004412786458123,-0.0002349232416275,-0.0002112845522524,0.0071114165686671,0.0083148267543965,0.0056203000333705,0.0033258086413,0.0115237772292379,0.1512823064446332,0
2019-09-24,0.0052869183084238,-0.0150940056587097,-0.0132810402171572,-0.0078467134907838,0.0120542812881305,0.0061841264861657,0.0090341255758348,0.0069804566173104,0.0042480467851674,0.0105293552139321,0.1498603191250843,1
2019-09-25,-0.0185453794038755,0.0109558262321849,0.0112252010331075,0.0059147179882312,-0.0146271478995855,0.0090774221046999,0.0067990097676651,0.0073060994404703,0.0040275012230171,0.0117639088381366,-0.0460917155620038,0
2019-09-26,-0.000282088023728,-0.0111615410295786,-0.0036827678787102,-0.0020832331293825,0.0064324309545189,0.0090659371874743,0.0074046901459144,0.0071088031293543,0.0038105866795652,0.0115782721288971,-0.0463002910072739,1
2019-09-27,-0.0051484291001123,-0.0080060318841124,-0.0124086038112277,-0.005387087438241,0.0024584237806621,0.0087837629473896,0.0074081775793213,0.0078644497836262,0.0040538798539414,0.0081648514615901,-0.0360523882264105,0
2019-09-30,-0.0155253259556917,0.001190802785568,0.0095170412353782,0.0046377527327858,0.0024517630527545,0.0096684779944072,0.0071660116050475,0.0087075932088458,0.0044238736946291,0.0076382551061379,-0.0766402525255657,1
2019-10-01,0.0054728148077174,-0.0196245502680035,-0.0081564353706734,-0.0118947549741191,0.003010639639303,0.0098771830390149,0.0086925053884567,0.0086675345844654,0.005489203347845,0.0076068402009287,-0.0750179681155047,0
2019-10-02,0.0116736343695715,-0.0075487927024564,-0.0171944733064269,-0.0176646776769261,0.0024430745596375,0.0104946887179078,0.0087141488187013,0.009759838452729,0.0072455996154982,0.0076007759743227,-0.0810146589067866,1
2019-10-03,0.00453064855257,0.0033275074282805,0.0109752349483511,0.0081924676188791,0.009122436694313,0.0105141108310515,0.009174666629733,0.0107775031193897,0.0081498327885128,0.0078415519152672,0.0111648122274617,0
2019-10-04,0.0,0.009475952208396,0.0147258240097227,0.0135322073843124,0.0073828958833681,0.0097340095203594,0.0102345561766897,0.0118041171516954,0.0096538462420151,0.0072446275614689,0.0850084556558815,1
2019-10-07,-0.0085270719318057,-0.0017431741134228,-0.0030187411416897,-0.0043146652821406,-0.0082881508326929,0.0097444972238647,0.0102079898755661,0.0118149203859096,0.0096907479489451,0.0080538745520528,0.1029424893637042,0
2019-10-08,0.0087425951112007,-0.0162548001093376,-0.014981001329806,-0.0155245513362993,0.0026936332119398,0.010090934307618,0.0103559286262797,0.0120196366540105,0.0105027438515537,0.0072952316772863,0.1229235384736353,1
2019-10-09,0.0009160434363713,0.00457458588128,0.009761433094944,0.0094962433327208,-0.0056485699891091,0.008192229552888,0.0094971464854022,0.0118579825033091,0.0108745161840898,0.0054302352112562,0.1899014069680675,0
2019-10-10,-0.0087293591448375,0.0040100742499837,0.0077446949807289,0.0067636567095956,-0.01489400254347,0.0086675023996196,0.0095401264941363,0.0121651528018562,0.0112301752519792,0.0074120525883249,0.1421669432056461,1
2019-10-11,-0.0055393707323395,0.0169239547624673,0.0128789206311445,0.0103668096411875,-0.0123773163003401,0.0086908495557374,0.0112143909008762,0.0119963670676418,0.0116762210779182,0.0083117272111438,0.0814443791766977,0
2019-10-14,0.0039991256407589,-0.0036611747584093,-0.0001049293089506,-0.001113620110033,0.0072632361699573,0.0070229134540289,0.01123483897738,0.0117294344163337,0.0115833254941593,0.0086907583643835,0.0854702905079403,1
2019-10-15,-0.0069705935917642,0.0114920125672988,0.0127168286919259,0.0099003727705868,-0.0120880494781235,0.0072896515803361,0.009727313429116,0.0117241896112981,0.0111853557181727,0.0092253497347701,0.0723449171650981,0
2019-10-16,0.0057302703836425,0.0010568711741567,-0.0024804805993522,-0.0016058821014146,0.0012163438851346,0.0064238685279364,0.0091461218153759,0.0095879983073396,0.0089919637711117,0.0091611492503401,0.1302791596336144,1
2019-10-17,0.0014243781997433,0.011811120702962,0.0026419361178322,0.0029486663236675,-0.0024300540115639,0.0062209239410355,0.0095716573748973,0.0093530131911143,0.0088440847449664,0.0082022417072383,0.080047751453724,0
2019-10-18,-0.0010667370445437,-0.004760447222872,-0.0096099750101398,-0.0043770492680612,0.0,0.0062130049829013,0.0096864811316625,0.0094146014267571,0.0082797539701402,0.0073835293895762,-0.0095904695939084,1
2019-10-21,-0.004770136663166,0.0093703209882936,0.008868474764355,0.0067792126988763,-0.0075225200361517,0.0058077927446528,0.009802178962833,0.0095227961508718,0.0081934899944284,0.0073432283218208,-0.0787414637121628,0
2019-10-22,0.0029329972229854,0.0011033469759058,-0.0079631880250596,-0.0032663966359429,0.0058472609444719,0.0050010049659235,0.0070838194160379,0.0082442020261903,0.0057820548307976,0.0077378223444751,-0.078660172355633,1
2019-10-23,0.0023537934253772,0.0012320508731002,0.0019286313985118,0.0029092835830588,0.0010046955986788,0.0050887310411614,0.0071941926062983,0.0079440711098777,0.0053967043618622,0.0078712617173687,-0.0883017933984972,0
2019-10-24,0.0071159183710696,-0.0014249083229722,0.0097285063961274,0.0016340198367894,-0.0020076325139415,0.0048999871065061,0.0074655333092655,0.0081081728541642,0.0052331875747664,0.0067559117240381,-0.1130529656088079,1
2019-10-25,0.0023316740895991,0.0053185713286605,0.0079859226218799,0.0040947711793875,-0.0048851824043686,0.0044277475323565,0.0060566282006656,0.0075659250473261,0.0044989463048529,0.0058446822776267,-0.0853788320119474,0
2019-10-28,-0.0086000367647968,0.0086451875756217,0.009865050682343,0.0056367236283914,-0.0090959861132363,0.0052862443993612,0.0057610964206768,0.0078547655192011,0.0045211805077216,0.005438131210095,-0.0910113794680667,1
2019-10-29,-0.0027730332148816,0.0032620829166531,-0.0077440810679972,-0.0002968249630453,0.0006557288472037,0.0048124116992427,0.0051927359646403,0.0078137764571222,0.0037404972070409,0.0044794800778989,-0.0499653022811452,0
2019-10-30,0.005490226541611,-0.0033152904508048,0.0048457632652376,0.003067404994963,0.014634271647447,0.0047837598093667,0.0055954878709888,0.0077609092996045,0.0036064160630289,0.0068432792011684,0.0230708964524337,1
2019-10-31,0.0099984992242385,-0.0056291619125145,0.0004571637927883,-0.0026636072887477,0.0134900779718938,0.0056660452521334,0.0052970420643572,0.0077732832263386,0.0038554274541637,0.0080574579690975,-0.0146786001637132,0
2019-11-01,0.0009127633890175,0.0170471574127124,0.009082640974398,0.0092640292333838,-0.0030782413042949,0.0056084071104842,0.0067718191740642,0.0069151121085757,0.0040132544842894,0.0081669644119018,-0.0479504024340826,1
2019-11-04,-0.0028760077800987,0.0053764213419966,0.0061848333462262,0.0040179220052485,-0.0131618974236735,0.0054013054923818,0.0065035863772165,0.0067423990927731,0.0037914812506349,0.0089688320239013,-0.0220808465695011,0
2019-11-05,-0.0161800062731176,0.0012584885315558,0.0005496406849587,-0.00110622519271,-0.011246201060733,0.007773014728328,0.0064983139657625,0.0055803536759192,0.0034789085547928,0.0094202005176923,0.1190259054450935,1
2019-11-06,0.0042902453953592,-0.0057806744823625,-0.0022476326417099,0.0002279021826878,0.006051726317872,0.0078678734137892,0.0070835715524656,0.0059223707833545,0.0035595946416925,0.0096927662989129,0.1046405470715337,0
2019-11-07,-0.0155214861028769,0.0026540082193207,0.0033541652768227,0.0035166301892568,-0.0181185101439759,0.0087866947872833,0.0069501834749687,0.0055533873676611,0.0035650897841013,0.0111354833483663,0.140585170753659,1
2019-11-08,-0.0063643947032679,0.002710592051953,0.0039912644500135,0.0024661701483079,-0.0042071260510354,0.0087081409387289,0.0068973952903413,0.0053119648308455,0.0035249670464933,0.0111212348506449,0.1309613864032506,0
2019-11-11,-0.0024019348753235,-0.0018860346610224,-0.0013416494942662,-0.0019096932512686,0.0006669879397391,0.0084960989757129,0.0066761435843097,0.0048234545645523,0.003565687791162,0.010895075873276,0.1570193428486167,1
2019-11-12,0.0026995120660886,0.0003150886073954,0.002886240068828,0.0021080257127192,0.0045923939249314,0.008654376481378,0.0066581595540579,0.0034964534352154,0.0034996544778635,0.0110488999691023,0.1996670299870304,0
2019-11-13,0.0040020598200523,-0.0042813262306118,0.0002480015963826,0.0003234217611982,0.0064889477014506,0.0085231577859489,0.0067386825695904,0.0034963763558798,0.0035054207921993,0.0100172606576123,0.1641744140663504,1
2019-11-14,0.0042035211553419,-0.0003163437285402,-0.0007938323053396,0.0014560608695624,0.0103294928386734,0.007769524932291,0.0063399679900622,0.0035913829329463,0.003171670873716,0.0095167625024194,0.2157913447487419,0
2019-11-15,-0.0025259154943226,0.0051863884376692,0.0073477021311503,0.0072363026320285,-0.0010876168753263,0.0076661111060214,0.003719910692223,0.0032468688632088,0.0026858633936771,0.0095164320636725,0.1144996273969822,1
2019-11-18,0.0029664162029099,-0.0025164170000895,0.0007884340746107,0.0007375882213624,0.0018148423791848,0.0079013411374144,0.0033993907722829,0.0029081355067029,0.002587985466478,0.0087029621394941,0.1270537677421896,0
2019-11-19,0.0005050304911609,0.0037217331269039,0.001477344103955,-0.0002882088158959,0.008332526599275,0.006283741302093,0.0036051206522901,0.0028899619788847,0.0025079472158999,0.0081972776006137,0.0530553676466465,1
2019-11-20,0.0005046655432805,-0.0037709443594811,-0.005998873722782,-0.0037191260230351,0.0103481491194921,0.0060517754977866,0.0032905512279064,0.0035975424029757,0.0030066857297374,0.008567386460749,0.0652219541046955,0
2019-11-21,-0.0054770433620801,-0.0049208044403976,-0.0022259838259738,-0.0016086504204642,-0.0062591733727184,0.0038381040582341,0.0035219095873473,0.0036578370675299,0.0030033623742118,0.0058877298552146,0.2120226776397826,1
2019-11-22,-0.0018840181654777,0.0031066282703484,0.0006443867767627,0.0022239274112845,0.0012882456984792,0.0032541917697397,0.0035649349449131,0.0034649441522314,0.0029882957139092,0.0053627870909389,0.2594177866115591,0
2019-11-25,-0.0047916628124581,0.0212361141921062,0.0118415688194684,0.0077503242267971,0.0029309010973088,0.0035459916847193,0.0076965160461763,0.0049564979846721,0.0035712578230529,0.0052697763087224,0.1518929202695919,1
2019-11-26,0.0048147333914017,0.000680999165562,0.0019096937514937,0.002265496224173,0.0058442237885938,0.0037790018554744,0.0076896655061263,0.0049383979855738,0.0035739853133714,0.0053033969595658,0.15956597941326,0
2019-11-27,-0.00529991982877,0.0070504274525911,0.0069890701070571,0.0044573250567643,-0.0029057384482699,0.003891010738943,0.0075250439168627,0.0051981480910028,0.0036434761971636,0.0056357973376814,0.1415314509318249,1
2019-11-29,0.0062039715173713,-0.006510010544013,-0.0045622598057628,-0.0037086901324029,-0.0021307763676392,0.0042094269825086,0.0080593005134498,0.0055629355792112,0.0040774168754421,0.0052124003230564,0.1293754093544868,0
2019-12-02,-0.0005078146228696,-0.009767027651976,-0.0102390529680482,-0.0084948362899168,-0.0133335039615062,0.0041493690578873,0.0088209489157503,0.0063463998823102,0.0046303607839709,0.0070760984656853,0.2943822910282663,1
2019-12-03,0.0095798489624543,-0.0031836827395764,-0.0078323515930451,-0.0067062691994299,0.0209669923921582,0.0051367750182964,0.0088515554422013,0.0068057154919517,0.0050692769948741,0.0095891597943896,0.1990025139086242,0
2019-12-04,-0.0013658431498282,0.0068891671141089,0.0050642112438927,0.006170314300014,-0.0099850375927623,0.0051650909902798,0.0090241303207381,0.0070298841881806,0.0055298077491254,0.0100894455155351,0.157638932546628,1
2019-12-05,0.0005758841931267,0.0009949420451633,0.001976071968613,0.001797820845294,-0.0048642852482158,0.005165641001333,0.0088638353944778,0.006777127333035,0.0054065536591315,0.0096043260068025,0.1766783429382251,0
2019-12-06,-0.0099280926821042,0.011681225108338,0.0106986230670946,0.0091343479780841,-0.00553446546104,0.0058536568618627,0.0090680208793618,0.0074307911811029,0.0059951371592077,0.0095615708112055,0.0882513612237747,1
2019-12-09,-0.0002906066527524,-0.0019038833153089,-0.0045367653871096,-0.0031443558277722,0.0021684842503846,0.0058261691438312,0.0092121330999952,0.0076849050459239,0.0061600937062397,0.0095866671709755,0.0892327565149439,0
2019-12-10,0.0028347098739491,0.0006155104167742,-0.000832968941737,-0.0011150679065617,7.245417225076878e-05,0.0056401081626089,0.0065209165421927,0.0067048354884671,0.0056932655056029,0.0095091972761644,0.0761286037561201,1
2019-12-11,0.0068855326508443,-0.0003075658983728,0.0052966343442291,0.0028385141813429,0.0078610315808089,0.0058438668681835,0.0065279641437731,0.0069023246256349,0.0057206848270192,0.0096894609622549,0.0975332155900242,0
2019-12-12,-0.0035272494933965,0.0086123679935834,0.0074641340287266,0.0086190026217305,-0.0164583832348396,0.0056599474621803,0.0067165850679538,0.0069556559992577,0.0062021554626554,0.0108944865480336,0.0639961127214717,1
2019-12-13,0.0044788731400766,-0.0038426384772103,0.0032929681724962,0.0005992214435208,0.0115681286775433,0.0055095625594161,0.0064453935885261,0.0067935226851538,0.0060213035121386,0.0117232437579073,0.0714184860953264,0
2019-12-16,-7.198680622300113e-05,0.0070483763606594,0.0100390588207615,0.0068700422957879,-0.0089907887813927,0.0054991354459557,0.0054464836397437,0.006038856385662,0.005248579771626,0.0112774288853461,-0.1133870282693138,1
2019-12-17,-0.0002157564783187,0.0050037928297252,0.0005735813164962,0.0002189027998462,-0.0013783217087751,0.0045802633197572,0.0050729419980237,0.0048147143944069,0.0042621391351143,0.0084504751640761,-0.0640672114255528,0
2019-12-18,7.200752478642158e-05,0.0019426931900172,0.0007641855052378,6.254488561396876e-05,-0.0082122486643134,0.0045573118605994,0.0049429881133773,0.0048909527235385,0.0042264917358032,0.00829441829878,-0.0385756657915346,1
2019-12-19,0.0025895597704486,0.0043024745142545,0.0062513397022723,0.0040992006344724,0.001599933959921,0.0046255685560616,0.0049055868509014,0.0049321916592798,0.0042413094533102,0.0083308336336727,-0.0251460846727593,0
2019-12-20,0.0010044438566789,0.0014483361454187,0.004030880044952,0.0043845356058689,0.0013188229993597,0.0029225478172006,0.0039385186996163,0.0043243881414236,0.0036848382828708,0.0082647540262879,0.0469556164103791,1
2019-12-23,0.0030819428226331,0.0019880138065957,0.0026415275735511,0.0015273603841663,-0.0014638148021645,0.002903391592601,0.0036602985277908,0.0033848036172912,0.003172304199133,0.0081872825027475,-0.0187236161602514,0
2019-12-24,0.0094319925187775,0.0022849938818936,0.0005193978236142,3.111464547744802e-05,0.0028586135150197,0.003798195521348,0.0035930715665669,0.0031940158891649,0.0030323317364206,0.0082900348892874,-0.0553392699369365,1
2019-12-26,0.0078572986251967,0.0,0.008824061375469,0.0053233331286652,0.0024112172088857,0.0039363953480027,0.0035642587788993,0.003520500013657,0.0031248500924392,0.0077978406555523,-0.0365654928206959,0
2019-12-27,-0.0003511943393945,-0.004919540342996,-0.0008419111449474,-0.0002475914075499,0.0010936504101286,0.0035030076519205,0.0037113284819922,0.003702871672502,0.0026261795202903,0.0058267143090486,0.1285713938393751,1
2019-12-30,0.002107799114019,-0.0025319590230671,-0.0065539125962125,-0.0055132556429184,-0.0036413883916545,0.0034557463989659,0.0035188305058064,0.004909176898324,0.003595195731584,0.0042727805531014,0.2521338524686659,2
2019-12-31,0.0018929327941459,0.0013900992729762,0.0018848680305856,0.0024291378230896,-0.0097936809315987,0.0033441172288748,0.0029672098829757,0.0041610319631665,0.0031259217796251,0.0044348906890931,0.3535546235062262,2
2020-01-02,0.0073478173310379,0.0006638383161139,0.016697243317693,0.0093520440928798,0.0112931694277487,0.0034531041958963,0.0026294709688659,0.0062356591857898,0.0040071938416873,0.0060104830331348,0.4715281656477946,2
2020-01-03,0.0132685217270003,-0.0039205283912545,-0.0091600676431268,-0.0075723955025365,0.0154000325367069,0.0043904204174117,0.0029455965079949,0.0073887434804635,0.0050418023743213,0.007079500923232,0.2203541880984426,0
2020-01-06,0.0104895020766118,0.0013322167293721,0.0064434157506652,0.0038153445731137,-0.0056785667801589,0.0046471071551166,0.0026010544731927,0.0074000240543942,0.0050255734863222,0.0074992134416222,0.220845267507017,1
2020-01-07,0.0039351505085589,-0.0033263091191877,-0.0001393494899126,-0.0028119015654906,-0.0049152458982433,0.0044105594249369,0.0026959604610449,0.0074184273574803,0.0050583735866155,0.0077594488075,0.2760250770243483,0
2020-01-08,-0.0075015246414437,0.0030944598012343,0.0075163954480736,0.0053293533804323,-0.0066111668939544,0.0061070676887094,0.0028376942699622,0.0076203880384946,0.0052714345876303,0.0080869137285023,0.1952797003248293,1
2020-01-09,-0.0056516534631975,0.0012098148099271,0.0084734255619949,0.0067809647477437,0.0035102016812214,0.0066844715427007,0.0027350336900859,0.0078014437395945,0.0055561225162767,0.0081129253575951,0.1691253072193012,0
2020-01-10,0.006026192495848,-0.0037456661376261,-0.0025570593031936,-0.0028776813140499,0.0088907643444287,0.0065710799649755,0.0028809882603756,0.007738272694714,0.005565238020559,0.0085468197563005,0.1220019098798667,1
2020-01-13,-0.0074194834301249,0.0064891380002722,0.0115364465352918,0.0068769640513297,-0.0030337027629794,0.0073269760563795,0.003401452212873,0.0081792965656353,0.0058549913823004,0.0086385333868749,0.0666504026725744,0
2020-01-14,-0.0008915435213457,0.0036754179394353,-0.0039371938843012,-0.0015243127632615,0.0051439659697982,0.0074035093971444,0.0034409353742991,0.0078606145043677,0.0054390848047079,0.0086125019425091,0.0021292617873683,1
2020-01-15,0.0058342427790707,0.0048026527438447,0.000408745019317,0.0022597920180109,0.0066315476640794,0.0074926998095291,0.003679449758062,0.0079116770043694,0.00543779365516,0.0077602443115502,0.0027309678831973,0
2020-01-16,-0.0015695082440052,0.0129056340983377,0.0095837941432463,0.0083183492361045,-0.0031503531835253,0.0073873196070599,0.0052473986486483,0.006843797692227,0.0052895248615481,0.007393720662049,-0.0881327592517493,1
2020-01-17,0.0018454259925253,-0.0027134155249745,0.0049486160997913,0.0031122727015946,-0.008548363834915,0.0061751950649506,0.0051014924923244,0.0054029861016081,0.0041231777182809,0.006219125714244,-0.0179757138796807,0
2020-01-21,0.0010915790702048,-0.0082805593561356,-0.0004476717533828,-0.0019582784754617,0.0105060676037589,0.0051110660989859,0.0061227257665593,0.0055270210025993,0.0043812634896607,0.0068731065933901,-0.0635528911950988,1
2020-01-22,0.0003406555206315,-0.0006558221235097,0.0026424604398371,0.0001212732407387,0.0035126985387705,0.0048916424716053,0.0059489104493041,0.0053896348560062,0.0040854434307883,0.0065999479153342,-0.0896216501317092,0
2020-01-23,0.0022481221210455,-0.0006567419568932,0.0032160122816282,0.0011465445476299,0.0070022769764961,0.0043464546313527,0.0059679195245543,0.0052308704282637,0.0039930245168362,0.006082248843895,-0.0973487110160333,1
2020-01-24,0.005845572586286,-0.0123019479822988,-0.0084154266672301,-0.0088931864682305,0.0080885100979775,0.0041469223290888,0.0073588566941462,0.0060658614446521,0.0049643844298311,0.0062898014494725,-0.0808174482300899,0
2020-01-27,0.0068253128448836,-0.0113672314232607,-0.0206555710876893,-0.0160293481365432,0.0155549052398811,0.0042536895274242,0.0081378156276443,0.00930930508641,0.0072301874468915,0.0072096839447313,-0.1106192203622372,1
2020-01-28,-0.0089267855696247,0.0083175647526654,0.0153599977060039,0.0104791705264475,-0.0078320741730535,0.0046130517729939,0.0083381196161122,0.0099006326467311,0.0077203665340225,0.0078717296217577,-0.1199242585545122,0
2020-01-29,0.0054178723548488,-0.0057014928402286,0.0016257925712042,-0.0008257269246196,0.0097799410060868,0.0047157626488489,0.0083277103510222,0.0097936576223458,0.0077111799792071,0.0081000190028661,-0.1106370336876294,1
2020-01-30,6.732120695107646e-05,0.0,0.0035616535305638,0.0032450467797078,0.0001376470080267,0.0045294795531061,0.0080536479481966,0.0098293942748041,0.007752665503915,0.0081395825814559,-0.1395529940724958,0
2020-01-31,0.0057924200396088,-0.0207403863153973,-0.0158581427727354,-0.0181575627378159,0.009130216030845,0.0046055570196622,0.0081412171357881,0.0106591793140677,0.0089724316430667,0.0079480273560105,-0.1119740432155779,1
2020-02-03,-0.0064956888020435,0.0111504218255593,0.0151092338652556,0.0074283255599523,-0.0008099496881055,0.005343835080667,0.009685442934479,0.0117593190890754,0.0093816266227532,0.0068058699052763,-0.1306239984490224,0
2020-02-04,-0.0130089507052458,0.0150936029125778,0.0228887624298068,0.0152414068789226,-0.0134671452003646,0.0069888101730472,0.0112397200199972,0.0138716091839474,0.0109120828632019,0.0087840508667513,-0.1486940358591218,1
2020-02-05,0.0012293105482077,0.0154153892680699,0.0032973769076141,0.0115480171418544,-0.0109344119591978,0.0070019365978165,0.0124835721164172,0.0138768000157325,0.0115768771660112,0.0098355296645827,-0.1510921551349828,0
2020-02-06,0.0053883997192825,-0.0022714938017728,0.008631864344851,0.0033646720310154,0.0045063897548365,0.0071869497073747,0.0125023037460865,0.014033766923308,0.0116114504625909,0.0097159821182401,-0.1432520426095346,1
2020-02-07,0.0026458575698606,-0.0122802359713892,-0.0043009168057871,-0.005329690263142,0.0124783191687847,0.0069764873435622,0.0124999780480492,0.0137335097514078,0.0113343355627653,0.0101408606461383,-0.1418546026992933,0
2020-02-10,0.0025712490701368,0.0056406625104903,0.0120855996933466,0.0074654837946155,0.0027693562458426,0.0066278289111735,0.0119630460240526,0.0111329008419436,0.0097083942461186,0.0089586665070859,-0.1046775151187688,1
2020-02-11,-0.0034419552752806,0.0069353813262762,0.0001724512968057,0.001732963663521,-0.005040199059776,0.006058410319233,0.0118827579954772,0.0107809073682792,0.009393225469319,0.0087075116359458,-0.0900695099064769,0
2020-02-12,-0.0008127480224853,0.0068879078274699,0.0097410354741878,0.0064428767644817,-0.005065979522285,0.0057539438428768,0.0117215139457073,0.010827333922099,0.0093823730139941,0.0082714408647223,-0.09472571952176,1
2020-02-13,0.0056934501484664,0.0026173004290128,-0.0012805853858079,-0.0010670370478255,0.0038364468751288,0.0060922591100342,0.0116865954070575,0.0110316383490853,0.009483629027865,0.008391392553506,-0.0949510046002879,0
2020-02-14,0.0041784276640046,-0.0038563887373752,0.0028634116657986,0.0016020189655323,0.0043771341192209,0.0059399366146004,0.0087516648075808,0.0083526732517274,0.0060551076541068,0.0079219090729446,-0.1319948006544735,1
2020-02-18,0.012818816524224,-0.0021440349532306,0.0003837852805488,-0.0025773066594617,0.0068488367986545,0.0067519369386588,0.0086438788357578,0.008040890431366,0.0063974196819025,0.0082761579416335,-0.1343351259224639,0
2020-02-19,0.0058312212753883,0.0051329696623185,0.0095854340801917,0.0047815801973749,-6.830813406133451e-05,0.0044036567515835,0.0076367737055068,0.0055492841597588,0.0050370347021789,0.0068012541687623,-0.0432558153395618,1
2020-02-20,0.0040846590908518,0.0024346460773037,-0.0092835689679393,-0.0041082531224088,0.0078331806329279,0.0043239757130247,0.0060886276587054,0.0069940469399456,0.0044085233110278,0.0054917812705543,-0.0347454073700339,0
2020-02-21,0.0150252163972759,-0.0101295343684759,-0.0192093679781667,-0.0102981701733646,0.0093404246642803,0.0055839186243361,0.0069857939442227,0.0095246528293418,0.0056234650024642,0.0058179694902334,-0.0923050048124886,1
2020-02-24,0.0089851287464051,-0.0301019824717166,-0.0385635314630854,-0.0331657693033026,0.0149282502615224,0.0056639631786124,0.0113880571348681,0.015538181533009,0.0118843576164566,0.0062618945629622,-0.0429587620162597,0
2020-02-25,-0.0178742606931276,-0.0355397854642354,-0.0271917713186741,-0.030301735173436,0.0053244079495418,0.0093358855922482,0.0152471756328482,0.0161547206149797,0.0140256503891002,0.0062593195901385,0.1736948060248505,1
2020-02-26,0.0043705032981578,-0.0115797906042431,0.0051539538859537,-0.0036783889049551,-0.005296208773446,0.0090166049591779,0.0146442929984976,0.0164834610602559,0.0137663089475944,0.006301833694902,0.1955020262102017,0
2020-02-27,0.0001948352215304,-0.0352104825872348,-0.0500739455248512,-0.0449115526290319,0.0108491015113649,0.0089594402489232,0.01599639953504,0.0202456137783476,0.0172372484575892,0.0056789666689672,0.229717398241123,1
2020-02-28,-0.0364934747869317,-0.0183147672005681,0.0007780505421817,-0.0042015216997518,0.0225836206384029,0.0156675001176719,0.0152466865318609,0.02038531228843,0.0170361502758447,0.0076959219218011,0.1530285481791306,0
2020-03-02,0.0055262976037593,0.0321191357045618,0.0516034058734402,0.0433067883227058,-0.0073578222596055,0.0157121038251515,0.0210339416474504,0.0286378481727375,0.0244249014694303,0.009032745711501,0.1116663159799189,1
2020-03-03,0.0314343333601623,-0.0203934751826658,-0.0320671514691737,-0.0286326745730505,0.0155260607528295,0.0182628379221124,0.0210361511089469,0.0294494395093774,0.0251014301383974,0.0094760417943465,0.0768982665324925,0
2020-03-04,0.0017545277375516,0.0284559267558084,0.0417223807447322,0.0420327610968556,-0.0106188351213933,0.0182159438700544,0.0242184699188144,0.0334221062958318,0.0300081453977681,0.0108792259748363,0.0521112194224381,1
2020-03-05,0.0216009454589365,-0.0318086447194754,-0.0303823452527521,-0.033241319451262,0.0248919164356162,0.0192816472782028,0.0247082099450654,0.0341894149833119,0.0310496116639165,0.0123784937012627,0.0438342888237559,0
2020-03-06,0.0003809610546769,-0.0198208272834734,-0.0168720816936928,-0.0165315885244416,0.0520433883182853,0.0188564627457363,0.0247622035176665,0.0341260480193942,0.0311118741670602,0.0186584899893644,0.1012135584092819,1
2020-03-09,0.0016502348575044,-0.0972301072630597,-0.0694647299294412,-0.078094490720379,0.0271034755056482,0.0186960173878425,0.0360653631670215,0.0381973774172543,0.0373066782120122,0.0192381909618563,0.0998715739212254,2
2020-03-10,-0.0211013363067715,0.0312213750639185,0.0544509521579845,0.051745041588048,-0.0512582593284509,0.0190866505489056,0.0391113982913185,0.0431543514312976,0.0423523384013864,0.0281625433737424,0.0220466525116125,2
2020-03-11,-0.0035603512879937,-0.063601733166263,-0.0435548920592553,-0.0487484475181704,-0.0367976128546371,0.01909265910804,0.0420641138654221,0.04466422511482,0.0442873952867897,0.031374619739262,0.1089500576784577,2
2020-03-12,-0.0398882588306293,-0.1105021670828182,-0.091691442405478,-0.0956770753626088,0.0061965404949155,0.0229062226101167,0.0509885267553082,0.0504419461819263,0.0509258459903624,0.0313076701447648,0.2392567944702236,2
2020-03-13,-0.0305162373077874,0.0669823509764973,0.0847055447455829,0.0854863447902243,-0.022603020174855,0.0220212240806842,0.0590912950524221,0.059295506934876,0.0604070656944882,0.0316238604330843,0.1749257046314362,2
2020-03-16,-0.0114461153239862,-0.1326693430569748,-0.1197879144333565,-0.1094237674726832,0.0647661284673171,0.0219216088725424,0.0659938976557852,0.0655110609276064,0.0651605818243147,0.0375091153857594,0.1261525169277443,2
2020-03-17,0.0135554799295321,0.0458405267952946,0.0758416668392416,0.0539921733018013,-0.0666831653995428,0.0191804186047273,0.0707668368076976,0.0722618629190894,0.0694777559568709,0.0438820997902034,0.1228841357514125,2
2020-03-18,-0.0199219884298497,-0.0775121235787714,-0.030416286344948,-0.0506329862109448,-0.0564131139857321,0.0193358594640195,0.0692390148995559,0.0699208463009378,0.0671906418547744,0.0472252552903937,0.1540811108655657,2
2020-03-19,-0.0189054990746579,0.0390116853755238,0.0060024817996588,0.0021248306900927,0.0272261958248982,0.0162227753819546,0.0735347146802673,0.0701925295055668,0.0675863519967451,0.0473996782749537,0.154024979692234,2
2020-03-20,0.0149957072218047,-0.0237799245666537,-0.0391760255211666,-0.0430941839743275,0.0751952270148073,0.0181084226828832,0.0734735174942318,0.0706089704768362,0.0679308383310813,0.0509618761746119,0.1567289385770243,2
2020-03-23,0.0441795904249602,-0.0147928958189484,0.0007220159826064,-0.025568067461857,0.0412092308515845,0.0251635211371898,0.0699076145036054,0.0682991206264529,0.0651929425962728,0.0520806782645468,0.2038601647514733,2
2020-03-24,0.0485303533603804,0.0914916605116613,0.0774374795970094,0.0906032798220577,-0.0186146727990296,0.0300648823252861,0.0773929081176247,0.0710514903877346,0.0707333009950193,0.0496087047156754,0.2938083647819996,2
2020-03-25,-0.0136896409927086,0.0124287584719655,-0.0074049088272155,0.0149701413784837,-0.0022708125947245,0.0303562415975132,0.0761345087061094,0.0699521684443876,0.070132065721711,0.0478283949661912,0.2643260292471567,2
2020-03-26,0.0128222234122665,0.0621986077565304,0.0526603795783944,0.0583896268924986,0.0049219185860094,0.0273397969972141,0.0702523307153769,0.0646231669873207,0.0654281077805576,0.0478259605636616,0.2134069106679706,2
2020-03-27,-0.0064604898047215,-0.0363838272062652,-0.0343928540045939,-0.029785580872602,0.0266925723405011,0.0249204726949862,0.0680014494070583,0.060157818954714,0.0601384596423424,0.0472390359691159,0.286845267961749,2
2020-03-30,0.0044006447878182,0.0220326173287332,0.0363733333605487,0.0324758437839409,-0.0082287724584877,0.024154019735226,0.0507345188165929,0.0443272462266574,0.0479673080942815,0.0432382383570452,0.3197937060381401,2
2020-03-31,-0.0318466856885987,-0.0050418088927464,-0.0085398767891048,-0.0149054656570218,-0.008116702053989,0.0270740283243025,0.0495061260627061,0.0388959687035577,0.0459056171576032,0.0362588371601745,0.3877120915396789,2
2020-04-01,0.0094562233544497,-0.0681460234918801,-0.0424893566373231,-0.0450048129654475,0.01401047546979,0.0258260624611767,0.0477891347114294,0.040291028342572,0.0451978070766758,0.0282860530753415,0.212462884846299,2
2020-04-02,0.0163934225377782,0.009469273231671,0.0202950909912584,0.0230752312525355,0.0063452796556251,0.0243616782351173,0.0465493455974967,0.0406174368745991,0.0455840744737577,0.0280697258685438,0.2318868008207034,2
2020-04-03,0.0049374590529023,-0.0283271629382648,-0.0141927426969675,-0.014454091662194,0.0023800539157885,0.0243345346571934,0.0468821762162092,0.0382608027660085,0.0429737056922317,0.0177080459575901,0.261495507777177,2
2020-04-06,0.0277105218176201,0.0765626508082619,0.0714946492780019,0.0671662317600927,-0.0026114091737795,0.0221376435203401,0.051390623720098,0.0430065807303636,0.0446627240216097,0.0126928106852776,0.2667652999096779,2
2020-04-07,-0.0053544847688343,0.0025748457344769,-0.0004071382010411,0.0010195102225529,-0.0104718190283643,0.0169065222111469,0.0435097088084463,0.037116005119588,0.0368370925515466,0.0114642542979801,0.321069836313543,2
2020-04-08,-0.0089079687865634,0.0456075859022837,0.0212322070285622,0.0335685467993742,-0.0072767231374945,0.0164808526794241,0.0453860291287864,0.036956389876121,0.0376167261629259,0.0117890151109065,0.2999469256222984,2
2020-04-09,0.026123560972308,0.0478528703412133,0.0014458192949813,0.0152174654157548,0.0018169646506691,0.0178988438964114,0.0436791021277876,0.0338358399805478,0.0338856410908395,0.0117373913622322,0.2489359153298063,2
2020-04-13,0.0171403439338118,-0.0270773228106553,0.0108036277442262,-0.0091303844818942,-0.0091296823658741,0.0179740880252986,0.0427502996376393,0.0308652720767038,0.0319812416953962,0.0080732895502348,0.2908394399505791,2
2020-04-14,0.0078680935806831,0.0202709810796484,0.0434912674225798,0.0294928716738429,-0.0002441232017127,0.0179731382862969,0.0426875763113292,0.031624011773881,0.0317500153523578,0.0077928733137494,0.3118095239923396,2
2020-04-15,-0.0051019585052464,-0.0407946361692701,-0.0114702023484759,-0.0212480946646889,0.0264891560632856,0.0129435794164962,0.0452626205672853,0.031831018110642,0.0323299094964964,0.0113266324671335,0.224451832038289,2
2020-04-16,-0.0008649946516461,-0.0075553634980577,0.0182400156276771,0.0048244381788786,0.0113574650224572,0.0133117780899447,0.0380409408707389,0.0259495552306666,0.0265879068310634,0.0110450307119381,0.2646510942603462,2
2020-04-17,-0.019417471147623,0.0440511238369432,0.0095663947286799,0.027015301771601,-0.0134048816585878,0.0154468838220634,0.039543816865393,0.0259783004142,0.0267830503988504,0.0118885762878991,0.2277282202791826,2
2020-04-20,0.0071261245622131,-0.0117974769250004,-0.0118444446006057,-0.0176178314842556,0.0080445007429998,0.0154706229947227,0.0379218689481912,0.0256939456734735,0.0271639188795843,0.0121523910211548,0.2082163481262191,0
2020-04-21,-0.006825274631933,-0.023876705665234,-0.0368995235301438,-0.0303632898755349,0.0125915923676434,0.0134719982707555,0.0327433174261447,0.0219188495959271,0.0227110075657208,0.0126659965521767,0.0593584588692722,1
2020-04-22,0.0196708600036652,0.01214534025139,0.0296744991198094,0.0221945601764954,-0.0102166926805019,0.014414916962711,0.03280677924469,0.0232096106220549,0.0234521076784145,0.0126383614883588,0.039568470347104,0
2020-04-23,0.009954867080216,0.0098181358245037,-0.0021329702338827,-7.202976567977082e-05,0.0053085587970576,0.0138058044658542,0.0298065823831511,0.0228381955610159,0.0212733718200439,0.0122317176823651,0.0690551916164004,1
2020-04-24,-0.0042855207783533,0.0172011218854974,0.0157704373843239,0.0139388228069052,0.0023472727232787,0.0120067394072702,0.0259254146920292,0.0230328121343099,0.0211889850510791,0.0122259082409012,0.0356251438354723,0
2020-04-27,-0.0066404441410949,0.0396209770456696,0.0080432129517993,0.0144188026440752,-0.0186141966931077,0.0111124169451202,0.0269619013210987,0.0229922744011582,0.0211349908745687,0.0135903007662535,0.0460048260309334,1
2020-04-28,-0.0044565562737273,0.0145369764429414,-0.0188345427134921,-0.0045986105728482,0.0115111481682299,0.0108412547486144,0.0266820315002142,0.0200302811867872,0.0192804813638541,0.0138454645445312,0.0026109500915278,0
2020-04-29,0.0055334457219131,0.0491832665894189,0.035461018273704,0.0261785264292289,-0.0051885164480334,0.0109246481740376,0.0244779066355735,0.0223991922539584,0.0190729241045836,0.011423834472968,0.040222271916773,1
2020-04-30,-0.0181165693018214,-0.0380188969701099,-0.0004111105929951,-0.0093107903099149,-0.011677060483369,0.0123428991418544,0.0289852708289052,0.0219182414942597,0.0196511456888656,0.0112844597695592,0.1383491819860558,0
2020-05-01,0.006171257611498,-0.0396746198804744,-0.0281849320171904,-0.0264733270042391,0.0085632736836724,0.0108322075910087,0.0305210481521079,0.0238010655057995,0.0200205531326867,0.0109352620805538,0.1710394620783011,1
2020-05-04,0.0035048038732761,0.0043153227153192,0.0116575106227887,0.0027580305884935,-0.0047035881782577,0.0106568233107296,0.0300802434359075,0.0237645321658014,0.0191798640770676,0.0106676309842698,0.1872013735579827,0
2020-05-05,0.0042410374834815,0.0077179024772939,0.0113371158134851,0.009239548059561,-0.0064013206338709,0.0103884706885463,0.0283766324432196,0.0196655564174864,0.0158069226974219,0.0096162933610418,0.2030941098547325,1
2020-05-06,-0.0128555910402046,-0.0073429741409394,0.0061564025565699,-0.0067789615158316,-0.0161357237823432,0.0090991054507466,0.0287035574925216,0.0178762262540102,0.0148991775304315,0.0102757567281747,0.2466494805718899,2
2020-05-07,0.0153507548804847,0.0136811079842213,0.012876691864371,0.0120668747298464,0.016705881686357,0.0099837061028035,0.0287904666342113,0.0179446813456731,0.0152092157663322,0.0118696400325936,0.3272720884403494,2
2020-05-08,-0.0060102932298873,0.0386062838565435,0.0137048597753037,0.0165460818621114,-0.0130006389505178,0.0100584102416506,0.03045339169728,0.017823359830854,0.0154354951048946,0.0121816170294761,0.2945405585127215,2
2020-05-11,-0.0062336367748044,-0.0049862654726375,0.0089388069970544,0.0002052162632872,-0.0078056440560292,0.0100353323553188,0.0285576994407207,0.017841582884486,0.0149555336174707,0.0111677215013921,0.3378311874206423,2
2020-05-12,0.0038890673962401,-0.0359150854251599,-0.0209372967518712,-0.0199312361855888,0.0102641454426706,0.0100893450453851,0.0308176117422082,0.018166668960922,0.0164195920198608,0.0109956380061528,0.3160487817363499,2
2020-05-13,0.0096226481475072,-0.0334723096033894,-0.0125154688240316,-0.0176859958459996,0.0069965710962938,0.0104358327622434,0.026583593341819,0.0153649769652698,0.0145333881314917,0.0113867260410539,0.2254616574004867,0
2020-05-14,0.0088500597820047,0.0032593896597974,0.0113522131897656,0.0119669597732672,0.0097877488769229,0.0085628870726364,0.0248104165531618,0.0157530905532354,0.0152013713987215,0.0113240348399783,0.2131280019335778,1
2020-05-15,0.0056438144895878,0.0159193947640039,0.0064914379571585,0.0045971946524916,-0.0025736385650135,0.0085404029415774,0.0223820607888674,0.0118376606535921,0.0125427623037297,0.0109772859281163,0.2526655311074257,0
2020-05-18,-0.0075641449995513,0.0607609286185766,0.0186319292090166,0.0304598227330057,-0.021953788019575,0.0091085506348899,0.0295205046058815,0.0124682828827373,0.0155899137440989,0.0128707536493892,0.1419951073910913,1
2020-05-19,0.0096502061704444,-0.0197464119711302,-0.0025062674008332,-0.0102713590331785,0.0037410230952319,0.0094442788306715,0.0305830528735122,0.0125293319744041,0.0160839289464414,0.0129209464200464,0.1234667627187276,0
2020-05-20,0.0023742810342795,0.0302937623590788,0.0199683895773412,0.0169881205828117,0.0029939142564889,0.0078737383898559,0.0314615757389833,0.013490988526411,0.0163766017252973,0.0118697987301601,0.0802439051868273,1
2020-05-21,-0.0145763375976391,0.0017910344389884,-0.0108906385214383,-0.0069039735007306,0.0024981655063121,0.0085514163810234,0.0313989251969023,0.0141444470069419,0.016500236325046,0.0104862201324876,0.025386999057735,0
2020-05-22,0.0059168364491044,0.0048419420349654,0.0034514698889291,0.0018992788874878,0.006016102666509,0.0083621692519548,0.0291997681971055,0.0136637166653149,0.0157578187662869,0.0097473015781824,0.0569103335116732,1
2020-05-26,-0.0142148595599661,0.0288383194162069,-0.0026993898204223,0.0123201222816522,-0.0134101644281796,0.00951149807963,0.0302069461580772,0.0135207092731974,0.0161396956022213,0.0104457419266399,0.0497176222862932,0
2020-05-27,0.0018024320171106,0.0310561755791634,0.0054574284321453,0.0148794278381028,-0.0018367810360561,0.009462843683004,0.0272447513870038,0.0111176197885483,0.0144690779764789,0.009865494083773,0.0690745012552747,1
2020-05-28,0.0033503447664755,-0.0236912463371203,-0.0013026160924514,-0.0018451528901558,-0.0036807588772014,0.0090062855571917,0.0255389161909607,0.009789482752517,0.012316025328239,0.0095021453036375,0.1178789749000847,0
2020-05-29,0.0073584122707384,-0.0057266807321982,0.014652731496918,0.0044559038110529,0.0071420725888187,0.0088568022713624,0.026084974300263,0.0100862481998971,0.0122359450689584,0.0091735149827391,0.082646449535234,1
2020-06-01,0.0046037688486924,0.0095753260551445,0.0029997219015558,0.0040419437082701,-0.0067329029325677,0.0087886702123687,0.0260679214273208,0.0100941412922315,0.0122475897801231,0.0092905973147619,0.0811409465171471,0
2020-06-02,-0.0064768271714218,0.0082722627288167,0.0067077943391939,0.0082799504845132,-0.003635932892213,0.0086926775691728,0.0195945662170742,0.0089104079635031,0.0090337304829463,0.0063852284863028,0.1935305659093817,1
2020-06-03,-0.0184501838092805,0.0241176544003682,0.0044986707241627,0.0133082117201668,-0.0132967471068744,0.0097021955749004,0.0178891632631154,0.0086499750059296,0.0077725790704917,0.0072815589010977,0.203192286534395,0
2020-06-04,0.010526269495827,-0.0014504443184649,-0.0070135101421111,-0.0026268550405754,-0.0144793024165126,0.0104980054938859,0.0168595021544692,0.0073200576628328,0.0073639484887564,0.0079139320750386,0.0907080818120247,1
2020-06-05,-0.0202753242634615,0.0386609815195804,0.0198271693828422,0.0256298336297327,-0.0071230431310491,0.0113737803095786,0.0192680178831728,0.0079229228980175,0.0086944903930304,0.007595453030142,0.039679735680808,0
2020-06-08,0.0108221427334662,0.0193769618247707,0.0077600174576559,0.0120873444528784,0.0038434261476911,0.0118759276367328,0.0192624240714488,0.0079670520201463,0.0084902373334278,0.0072659553505419,0.1144531610651344,1
2020-06-09,0.0096418311693149,-0.0184859778771073,0.0072450000972115,-0.0074566162736161,0.0113584746069475,0.0115628966228057,0.0206740226595656,0.0074934744571527,0.0098406270119698,0.0083437892582407,0.0484891361073864,0
2020-06-10,0.0143247730129674,-0.0271529475626873,0.0120015325377653,-0.0055800913831806,0.014827563960517,0.012393118732923,0.0216843483369262,0.0077152190262444,0.0101595102892067,0.0100558109172356,-0.0052032124403865,1
2020-06-11,-0.0072140849895016,-0.0762758241426602,-0.0495491153520958,-0.0576489806629788,0.018900639798498,0.0126690950532159,0.0324194992190592,0.0194550854831583,0.0223578455527828,0.0118131618931018,0.0897661198358174,2
2020-06-12,0.0014163170663434,0.0239949284640199,0.0079480319588665,0.0119754771429414,-0.0096416677689363,0.0124483789165268,0.0334776081134324,0.019079158872794,0.0226692339139214,0.0120462416841072,0.0733188857775849,1
2020-06-15,-0.0017832572551969,0.0231195157058921,0.0121672707598732,0.0093356874838113,0.0005553865206409,0.0123431666488247,0.0341719806508066,0.0193906808890333,0.0228301325254466,0.0118527449126947,0.0771738125888357,0
2020-06-16,-0.0004928345355281,0.0240446268347973,0.0171728495719527,0.0192478011681949,-0.0153340226275688,0.0121784634511683,0.0348801663571027,0.0199381069236414,0.0234871210646352,0.012804850886029,0.0717264777778969,1
2020-06-17,0.0019106166939522,-0.0180773468948116,0.0031705608319643,-0.0041537613163098,0.0041279957829252,0.0103422768746621,0.0345920110806699,0.0199329606619019,0.0231858895435186,0.0121186665174133,0.0758776171765562,0
2020-06-18,-0.0019684551564682,-0.0003528596506482,0.0027088218646398,0.0003850152692712,0.01058772635338,0.0099291718196325,0.0345929559751114,0.019620989970275,0.0231663601233107,0.0111858109092792,0.0709534066810451,1
2020-06-19,0.0110329957194696,-0.0051511334274547,-0.0001636063061973,-0.0057148792369657,0.0008015577882178,0.0071488382379332,0.0316443482551751,0.0188371092514688,0.0214258478895024,0.0106397903321731,0.1633299430990873,0
2020-06-22,0.0064622176826323,0.010000682597089,0.0119928979630972,0.0064150790296462,0.000123302050822,0.0067950859414003,0.0309569133589836,0.0190263795416618,0.0210613151101779,0.010710777193049,0.147895631941688,1
2020-06-23,0.0084196463776249,0.0042134111923388,0.0085107991886741,0.0046038095516218,-0.0068350842401742,0.0066790053553276,0.030806833109363,0.0190658505872912,0.0211432398230392,0.0107971197565537,0.1455715230714549,0
2020-06-24,-0.0034839130582626,-0.0324474941243227,-0.020615663509118,-0.0255087182741932,0.010725468445484,0.0056868819497157,0.0312875783597144,0.020042979765512,0.0224076720571239,0.0103148061562714,0.1441705034682066,1
2020-06-25,-0.0006027175913517,0.0151055680847473,0.0095196339222038,0.0107204594007048,0.0028824064134143,0.0049001966857587,0.0189826442151579,0.0104388811943264,0.0124922928954454,0.0083523782219237,0.0630254642763829,0
2020-06-26,0.0044631497029827,-0.0269130897948601,-0.0236152027799533,-0.0237514639218648,0.0107038368756837,0.0049480697800897,0.0199583829849287,0.0137698175569863,0.0145017498854465,0.0082747461469751,0.0364507094334602,1
2020-06-29,0.0005404803669293,0.0327060355370254,0.0109068332906556,0.0146977735200193,-0.0031468191332801,0.0047817770168965,0.021404564046724,0.0136726984884395,0.0150101144813232,0.0084198497741252,0.0374418368544865,0
2020-06-30,0.0044409182781661,0.0144538334802453,0.0196012555542051,0.0128094065618333,-0.0048566259047611,0.0046773713566359,0.0204150541335194,0.0139908041645541,0.0141940939334908,0.0065392116988671,0.0427798432671307,1
2020-07-01,-0.0044810899317698,-0.0094986736567903,0.0116722446659547,0.0070044486850431,-0.0019420428798468,0.0052614730852678,0.0197712828676081,0.0143108708170719,0.0143519385226972,0.006653207709432,0.0401048417612856,0
2020-07-02,0.0021606086958432,0.0040897555401386,0.0067865097322796,0.0055073850759115,0.0010406771629238,0.0050303196975394,0.0198070699493454,0.0143580286078562,0.0144516852553246,0.0059124846963355,0.0227066629408481,1
2020-07-06,0.0059887413198387,0.0072330701947787,0.0245846324291751,0.0154372465480536,-0.0040961682635175,0.004327421270614,0.0197907978600043,0.0157313211462367,0.0149512991245862,0.0061251487884304,0.0525650194034625,0
2020-07-07,0.006310260659329,-0.0177085534234027,-0.0068888630331759,-0.0103139613112422,0.0140562292779311,0.0043117745221892,0.0204582499408679,0.016053205106135,0.0154293269234863,0.0074758231990276,0.047995475572598,1
2020-07-08,0.0062115658628811,0.0074527526733503,0.0131718219262861,0.0076486027261928,-0.0039949384616707,0.0040141307175711,0.0205731231713764,0.0162635249583998,0.0155353787033674,0.0071561881503738,0.0520565125578087,0
2020-07-09,-0.0027044004055614,-0.020220039070943,0.0084233596562062,-0.005692883256653,0.015922630821489,0.0038983641543466,0.0187493861863449,0.0136629034379885,0.0127283567968686,0.0079894231018109,-0.0163286333354952,1
2020-07-10,-0.0025938951172596,0.016106990405968,0.0068277425954181,0.0102105589990684,-0.005025354143075,0.0041046767676833,0.0188375215737688,0.0136433610818741,0.012696784470583,0.008347928122168,-0.0155728884151196,0
2020-07-13,0.0012411575864292,-0.0126673213669606,-0.0205707335603686,-0.0086589695978303,0.0033068235016726,0.0040183287146818,0.016956080498638,0.012894030770805,0.0096473962590776,0.0077866714833145,0.0238649545223846,1
2020-07-14,0.004663568910189,0.016556685595596,0.0070778795544705,0.0129591504178825,0.0014379158288138,0.0040956164521052,0.0142860678943215,0.0128367453923768,0.0094644346532682,0.0076407137408245,0.0570173945086836,0
2020-07-15,0.0008813320073604,0.036663749227441,0.0020360311718141,0.0091870793068324,-0.0046667820874215,0.0040259421207715,0.0179414416346761,0.0121126350229221,0.0091843738176335,0.0076231461973596,0.0108207155434201,1
2020-07-16,-0.0094516886519001,-0.0059170300042429,-0.0068225262214565,-0.0032932439177614,0.0047487795968519,0.0050577921750838,0.0177027880538622,0.0124411236386712,0.0094251912237675,0.0075707850768244,0.0543962542041156,0
2020-07-17,0.0082380099854502,0.0029418652662474,0.0011578610697857,0.0028989216359855,-0.0020937092438203,0.0055205579484113,0.0176998036211673,0.012401295315461,0.0093933265896109,0.007691395302302,0.0440141146705259,1
2020-07-20,0.0048201701607966,-0.004297599101,0.0283707800607631,0.0080816678535649,0.0024582757138909,0.0054356001716281,0.0177720366244451,0.0131708225822972,0.0085660943810581,0.0073914295809635,0.0302587584001777,0
2020-07-21,0.012050997596656,0.0141819166031857,-0.0104205783394442,0.0021275989870621,0.0005984278335127,0.006216442650878,0.0166927194119466,0.0135165582373732,0.0073467545663336,0.0062070956480536,0.0293517286692156,1
2020-07-22,0.0152023403630781,0.0005403482980403,0.003522657239861,0.0056920235827429,0.002988650898416,0.0073804731548135,0.0167266421050658,0.0130398043476753,0.0072508067858253,0.0059359594955329,0.031578552868215,0
2020-07-23,0.0088253017700645,0.0010127158453032,-0.0261200641607733,-0.0119316688409117,0.0116810172355024,0.0072489815459229,0.0144481384852064,0.0154838113880437,0.0083069319455758,0.0048868156782548,-0.0029534513202204,1
2020-07-24,0.0085788708392282,-0.014703847172778,-0.0094957241406559,-0.0064403064717213,-5.880427676596689e-05,0.0069062702224133,0.0154267812272392,0.0153690282541451,0.0083090791747984,0.0043701071461771,0.0279853531421589,0
2020-07-27,0.0197537707866848,0.0104051151506394,0.017843103023307,0.0072923350948683,-0.0037120028261197,0.0080266522928057,0.0144457297256056,0.0153250683198779,0.0077476548165885,0.0046955731621294,-0.0063648205745716,1
2020-07-28,0.0083411310327503,-0.0099594826801558,-0.0127249470045873,-0.0063425940331052,0.0069190592843761,0.0079736455369403,0.0146711699122672,0.0156866819531764,0.0072866070889649,0.0050173883558756,-0.0105828327394021,0
2020-07-29,0.0075102306547618,0.0220351531889892,0.0115259999816221,0.0122988070305563,-0.001703145175498,0.0076087687567863,0.0112911828878419,0.0161876540962866,0.0077403427179151,0.0046622674831009,0.045062104149279,1
2020-07-30,-0.0074002611129609,-0.0039501760346465,0.0052354013859206,-0.0035679370288177,0.0065886913948605,0.007083929999729,0.0111616161951477,0.0160980102654002,0.0077578904596699,0.0048087914493812,0.0116785918204134,0
2020-07-31,0.0090879310996234,-0.0094112253607203,0.0178458499845379,0.0079022207216492,-0.0006426399662269,0.007084308832911,0.0116945946120282,0.0169702746831787,0.0080490600359776,0.0046793963227713,-0.0158627550131295,1
2020-08-03,0.0011325390830079,0.0162866975044553,0.013506706711968,0.0069522816005205,-0.0050351555148019,0.0073964791394976,0.0125219455184101,0.0149940724164804,0.0079539864930411,0.0052536608065933,-0.0115726741419436,0
2020-08-04,0.0212777254968168,0.0068777068221432,0.0037120701556847,0.0038622790345161,0.0095321740234295,0.008419925887079,0.0119752226330997,0.0144465367479172,0.0079904915535643,0.0057681285740611,0.0692894008136401,1
2020-08-05,0.0092832417301611,0.0198954159657067,0.0024780902262235,0.0062109562327434,-0.0087428147569976,0.0081574650263855,0.0132273421629811,0.0144419767778822,0.0080218469370114,0.0067945754649752,0.058641961616496,0
2020-08-06,0.0132740695328681,-0.0003904003239253,0.0132447148482472,0.0066847436157526,0.0055858695079542,0.0082890000761712,0.0132681482396098,0.010687037646514,0.006552028053718,0.0060056527837712,0.128325330982903,1
2020-08-07,-0.0158853052800572,0.0158716758125792,-0.0115421487542709,0.0007178177161777,-0.006665705328373,0.0114587447728561,0.0120177467790704,0.0110373288075148,0.0056801738175636,0.0064653875061025,0.1166290458110879,0
2020-08-10,-0.0034589574474822,0.0103732927673489,-0.0042735498419324,0.0029890564658385,-0.0044739019081497,0.0108409954615321,0.012016680271057,0.0106340715011154,0.0055821221405545,0.0065210224984822,0.1256374276127934,1
2020-08-11,-0.0536944085343297,-0.0057667952144238,-0.0189407995545148,-0.0082543692212976,-0.0118848133320897,0.021139585660241,0.0114270782040875,0.0118284546187406,0.005985158634031,0.0070384203700863,0.4234371257931973,2
2020-08-12,-0.0046682023257399,0.0040795502965826,0.0251513876599036,0.0139419017474904,-0.0090960148466497,0.0208873344794689,0.0101760969599227,0.0135442808712398,0.0062670382192702,0.007411980707221,0.314977196582681,2
2020-08-13,0.0236180657922155,-0.0020948585096959,0.0022808111757548,-0.0018075167098871,-0.0106890553540366,0.0224251745685967,0.0100023844606406,0.0135621068519505,0.0060601364895684,0.0070680339286265,0.3241398952345243,2
2020-08-14,-0.0043092158240957,-0.0006364898249165,-0.001174473046011,2.9662683573183912e-05,-0.0039069603025757,0.0222209544684043,0.0088617536487925,0.0127690641841849,0.0059963435521229,0.006959456056131,0.3762284363120119,2
2020-08-17,0.021693912893159,0.005156321801667,0.0116110241028692,0.0031766425784849,0.0025127627821897,0.0233957100800839,0.0081601416025144,0.0125995306628876,0.0058461028349994,0.0073004548908696,0.3730966874895744,2
2020-08-18,0.0090080036234918,-0.0095626883854768,0.0096249084461739,0.0021604975495621,0.0071515202389615,0.0225020494539848,0.0093800877455738,0.0128124647870601,0.0058350514148418,0.0068424624411964,0.314258776426744,2
2020-08-19,-0.0315654554884126,6.362054416708673e-05,-0.0067272335010614,-0.0041641590579485,-0.0062510108762204,0.0241716896856297,0.0074772156218626,0.0131675985530755,0.006037553335721,0.0066951864440612,0.3425149657751728,2
2020-08-20,0.0069139292628215,-0.0040918630544019,0.0138719691819106,0.0031138120222382,0.0090392230632929,0.0237287781594979,0.0076815335513285,0.0132288618230409,0.0058009083826958,0.0072937795792252,0.309514762468376,2
2020-08-21,-0.0080109058348943,-0.0073832788628943,0.0069299932987396,0.0035472765366859,0.0059924616612825,0.0234652616133441,0.0061631704019394,0.012392894161556,0.0058441439072075,0.0077530768805824,0.343870362532941,2
2020-08-24,-0.0056584012866236,0.010478166054997,0.0062442449837243,0.0101331216873026,-0.0016246307645222,0.0234652760250041,0.0061846994252673,0.0120703466641837,0.0064547800416455,0.0077108563613841,0.379225077827565,2
2020-08-25,0.0012154763574758,0.0010878685510407,0.0078622847728109,0.0034993750636749,-0.0076533972709604,0.0159339233212721,0.0059708685957904,0.0086953202458976,0.0053108547740797,0.0071997244713361,0.1562155304610988,2
2020-08-26,0.0118088476726263,-0.0062655481685685,0.0213390815186991,0.010025524396213,-0.0038260421706154,0.0161533336412662,0.0060255566012454,0.0078844944096332,0.0045312416115967,0.0067573624156779,0.1818236523680896,2
2020-08-27,-0.0115619279566462,0.0024448227990674,-0.0031166567196606,0.002186595124169,-0.0170096116311737,0.0148112686918545,0.0061311850160869,0.0084239122572418,0.0042291547172464,0.0079605558776944,0.2403612952542589,2
2020-08-28,0.0173802350530341,0.0084719402515829,0.0050849414513374,0.0064595172699455,-0.0007433896256214,0.0158332362797006,0.0068089839197279,0.0080000924933668,0.0041528299740337,0.007919571232521,0.2529977300914714,2
2020-08-31,0.0023862597910011,-0.0107558163637569,0.0080335228831709,-0.0036225977275,0.0066407564077788,0.0141317329619525,0.0073205313587759,0.0078633433338796,0.0048097703600783,0.0082381601119944,0.2046997277831115,2
2020-09-01,0.0011902895553947,0.0114521311520408,0.0170914772447787,0.0094185432857536,0.0114369919134966,0.0137391342876436,0.0077678489044312,0.0084796228407132,0.0051487124600876,0.0087922303262133,0.3269535397377957,2
2020-09-02,-0.0131316287192421,0.0079511755023995,0.0094693103201561,0.0144642365789766,0.0095208791066172,0.0099976722698837,0.0081060440292457,0.0068080035299912,0.0052122072435219,0.0090372059900198,0.1847470029184053,2
2020-09-03,-0.0081042370337889,-0.0295346838309012,-0.0507004211516327,-0.0344146268182223,0.0028409392219204,0.0100139263430181,0.0126943813852927,0.0199356657395089,0.013835797663379,0.0086419912589419,0.3242412054308678,2
2020-09-04,0.0027602959130217,-0.0063719803141452,-0.0133259781200284,-0.0081647035269524,-0.0189882119551254,0.0097823483796595,0.0126436229163025,0.0204933596060306,0.0141972169542957,0.0103400437503084,0.3564772063734033,2
2020-09-08,-0.0019269219593246,-0.0192412993301545,-0.0480636674112713,-0.0273227650629417,0.0061451521728548,0.0096196091909768,0.0131031368594099,0.0254791543189211,0.0163040792766249,0.0106535893880804,0.3340225449710464,2
2020-09-09,0.0097082565547186,0.0151475473252191,0.0293755675495739,0.019747353187705,-0.0026880411176345,0.0100828049512621,0.0144081205672691,0.0274809780211025,0.0177419433463687,0.0104308922163804,0.365931440196124,2
2020-09-10,-0.0032231430104036,-0.013015228730675,-0.0199367526831534,-0.0173637142797173,0.0050828000676317,0.0093980254540656,0.0147493243043243,0.0265910420308296,0.0179427543811911,0.0105112455522363,0.3712349930046014,2
2020-09-11,-5.486005292487661e-05,-0.006659965019702,-0.0069394348447548,0.0005092964818185,0.0021328212172575,0.0085530871971076,0.0146327555006943,0.0265627224926286,0.0178876926630819,0.0085918963544481,0.3799313683695265,2
2020-09-14,0.0078925868210057,0.0263492157074682,0.0174151964175834,0.0131709202200724,-6.0768036874603304e-05,0.0068546002235169,0.0172232504643983,0.0274567095970359,0.0184422497523958,0.0085691412052453,0.3829709542709281,2
2020-09-15,-0.002392748071492,0.0018945704016404,0.0141736662903855,0.0050525535680698,-0.0024323777122482,0.0068168463300251,0.0170101320385523,0.027865021178401,0.0186314769132319,0.0085276866658009,0.3773898775043754,2
2020-09-16,0.0028345831622316,0.0094541957313578,-0.0159465628405048,-0.0039689122645176,-0.0029864797764801,0.0068877268682169,0.0168560118587485,0.0268767878077366,0.0181555959773455,0.0078122147625388,0.317049475553807,2
2020-09-17,-0.0054899956521948,-0.0072987349539584,-0.0156218938876693,-0.0087949379151182,0.0030565279454601,0.005651394925033,0.016603681506426,0.0261804380571522,0.017005059440221,0.0071642606979658,0.3890836490681614,2
2020-09-18,0.0013117087099276,-0.0026026675753328,-0.0127628687594476,-0.011512515995586,-0.0031080222421892,0.0048401874848053,0.0137468276444561,0.0222324487841093,0.0140641075767547,0.0070757252136273,0.3758874048982258,2
2020-09-21,-0.020087296599797,-0.0350318082274874,0.0023982062205043,-0.0111299060946039,0.005074191386746,0.0082104848445172,0.0176125794647099,0.0223040951850967,0.0141954835995384,0.0037196890151027,0.1386455013336788,2
2020-09-22,-0.0048463143675961,0.0077070128554797,0.0185785930224038,0.0101845313700925,-0.0007908002421987,0.0082929524152938,0.016916388925486,0.0176803632868426,0.0122123466100095,0.0032786814673563,0.1583770881999387,2
2020-09-23,-0.021606497297661,-0.0297922704992078,-0.0305342206873074,-0.0231907283468664,0.0013390377289954,0.009449460236599,0.0182427960002951,0.0171673609612889,0.0118813659550437,0.0031100526246832,0.2286240358599021,2
2020-09-24,0.0037188007336859,0.0,0.004656591420342,0.0026653509349983,0.0038300946318881,0.0098073047199514,0.0180628490849266,0.0165263151465742,0.0111775469765032,0.0029356122491388,0.2965092888352653,2
2020-09-25,-0.0028499771605223,0.0162420248049368,0.0232480718686487,0.0161668496353561,0.0,0.009725920236048,0.019056062210355,0.0182807689346769,0.0126737939287321,0.0028894265171231,0.2963606309568909,2
2020-09-28,0.0100605606623642,0.0246567978018039,0.0207694247076637,0.0166091922546467,-0.0028459946304215,0.010043208953327,0.0187887815219535,0.0186514030618184,0.0131429955127557,0.0030667339468972,0.2610622393052832,2
2020-09-29,0.008432402483858,-0.0045327772630581,-0.0045094993013108,-0.0054458140716246,0.0011539387186534,0.0107839593592175,0.0187705528150644,0.0181012177286641,0.0130432003897033,0.002943122349434,0.2533708159122468,2
2020-09-30,-0.0060048673301443,0.0030130893083668,0.006849107332213,0.0075818355840526,-0.0095854339333542,0.010627167441347,0.0184368079132473,0.0174288191640497,0.0133419199350353,0.004253068026758,0.2947669452660579,2
2020-10-01,0.0089205164555774,0.0159556886544016,0.0158726509723388,0.0064199316405038,0.0016495248226564,0.0113175334278683,0.019249894591602,0.0168662852984716,0.013181090431592,0.0041559843712605,0.3425601862641358,2
2020-10-02,-0.0008953758525005,0.004402989052223,-0.0281314310984217,-0.0094945563837623,-0.003733820454539,0.0112607584036563,0.0192898197752508,0.0191546187878685,0.0129850434741295,0.004206890489104,0.3299592437675733,2
2020-10-05,0.0048729159218812,0.027608508582493,0.0213262667499865,0.0177333383407289,-0.0195392366355084,0.0095729756706287,0.0165283012303845,0.020013316435073,0.0131864692263009,0.0069561287671195,0.3258417394253441,2
2020-10-06,-0.0117607745793563,-0.0028649075114819,-0.0178468607253948,-0.0142161679174818,0.0053892697881148,0.0101901437291307,0.0167805533109012,0.0205373900186668,0.014123383384536,0.0074187714497584,0.3149139831784863,2
2020-10-07,-0.0004512229536247,0.0218361240934112,0.0172991408346856,0.0174066541452626,-0.0072928375304374,0.0070965726537365,0.0119827098384593,0.0177082750829402,0.0119032722240285,0.0074588747801319,0.2102450801230726,2
2020-10-08,0.0035549310375408,0.0113724538962722,0.0053227572093663,0.0088624548543638,0.0053999831479796,0.0070908211798775,0.0113863914571817,0.0177041073371473,0.0118981450931611,0.0076353152874841,0.2396575346909407,2
2020-10-09,0.0181613472965476,0.0051896190380642,0.0152802964175131,0.0089302896552327,-0.000187516612247,0.0086394354506908,0.0114402501448538,0.0170082210265297,0.0114330307175722,0.0076275176655074,0.2322716969779396,2
2020-10-12,-0.0028716825005673,0.0066993100578089,0.030870314263387,0.0160877768721678,0.0031859474173809,0.0085134423477173,0.01035791956093,0.0182860089490081,0.0113774801574866,0.0078720530235357,0.1755636231248894,0
2020-10-13,-0.0157288235284175,-0.0066547279717757,-3.386442798225531e-05,-0.0065261985603946,0.0071601118473978,0.0098676218982955,0.0106796925942979,0.0180470675435498,0.0114962809873971,0.0083822066195525,0.1990532325977294,1
2020-10-14,0.003094772946095,-0.0098957155025664,-0.0083526181935269,-0.006283352201964,0.0022881597093009,0.0096929405414017,0.0121204955185686,0.0186611213770321,0.0120121605538857,0.0079811947781312,0.1702320075158363,0
2020-10-15,0.0036461203842848,0.0103051889585075,-0.0067110138991697,-0.0012359017025355,-0.0017271077955067,0.0093320809049466,0.0118030548129051,0.0185871072191564,0.0120769386785278,0.0079483114951412,0.1390991936486713,1
2020-10-16,-0.0034652086045857,-0.0024578182352809,-0.0054809844492318,-0.0006042084901749,-0.0027806674695816,0.0093995799882824,0.0121520999902896,0.0155105977039886,0.0113499706427099,0.0079162792694101,0.1482983633659715,0
2020-10-19,0.0005047466985432,-0.0119497588734885,-0.0163247296151904,-0.0152035129751958,-0.0037799450871902,0.0092432703935311,0.0107333648933254,0.0157206389977771,0.0117004376974055,0.0046811716584037,0.237238076483032,1
2020-10-20,0.0048209014703402,0.0021818878330652,0.0021490417672875,0.0040058075211975,-0.0095152827998732,0.008459061259248,0.0105886222378154,0.0141981708029679,0.0104697477839886,0.0053678277901053,0.2485352271845655,0
2020-10-21,0.0075314148034344,-0.0085841279759301,-0.000773518240184,-0.0018929075359093,-0.0034544341854916,0.0086677019979277,0.0086628158468849,0.0133580138888199,0.0091170181729131,0.0049683611787587,0.3150081785254741,1
2020-10-22,-0.0098006877776427,0.0172542075948316,-3.520726784289607e-05,0.0054851909205375,-0.0103967718246591,0.0093876715332594,0.0096883525925384,0.0132991846478812,0.0088357308240203,0.0054300097467994,0.1965290505931551,0
2020-10-23,-0.0010624751968953,0.0057980327092013,0.0019706799493528,0.0033949967588895,0.0061126434866574,0.0070722540130161,0.0097249480031984,0.012349898925725,0.0083957794970244,0.0059900581747287,0.1220116211049212,1
2020-10-26,-0.00050378604007,-0.0215859236372061,-0.0149960656184779,-0.0184796055967454,0.0093030556683118,0.0070546343028442,0.0115829929346903,0.0067432640573941,0.0080168197468867,0.0067607772590377,0.0395058950576332,0
2020-10-27,0.0026323226696718,-0.0085863925875321,0.0078086182887429,-0.0034477916039242,0.0067095304594166,0.0048761276848466,0.0116746322799005,0.0077479600169081,0.0079565646095839,0.0067039902401778,0.0590379783537517,1
2020-10-28,-0.0161434438647983,-0.0307879464624515,-0.0389872526646603,-0.0341785028140592,0.0009342999564883,0.0071217755661321,0.0145983434657322,0.0135278436951962,0.0126028794765568,0.0066498513206656,0.2988347678266956,2
2020-10-29,-0.0041447281331413,0.0119365438527545,0.0174865929904206,0.0101631279389464,-0.0097077378227764,0.0069589522860799,0.0147942119245457,0.015615736115038,0.0135808921278284,0.0072199933703682,0.2459471657685575,2
2020-10-30,0.0045610209783129,-0.0132138635302532,-0.0253627911080247,-0.0104248540201995,-0.0098654214652623,0.0072242558286012,0.0150043626204634,0.0169336821751789,0.0135766940266621,0.0076756714899613,0.2414996629166883,2
2020-11-02,0.0097049190890139,0.0178325814697812,0.0022271720124791,0.0112085445102261,0.0074910457207257,0.0080036678617928,0.0165173405809616,0.0167783849380991,0.0141565170177018,0.0082509401824367,0.3350372600467701,2
2020-11-03,0.0056769967177008,0.028366267643157,0.0172976289065167,0.0176561940031059,-0.0058023899855996,0.0080681397237103,0.0192413752276438,0.018111534966058,0.0155420574879632,0.0079137752643059,0.3473443479803335,2
2020-11-04,-0.0005588578456844,0.0011233329702275,0.0446385631746604,0.0223490071361813,0.0216927705870106,0.0076040435012727,0.0190124964114749,0.0236667924898608,0.0173544597469167,0.0105551034249291,0.4127210663107846,2
2020-11-05,0.0229839234046707,0.0279890146917072,0.0260711180234229,0.0195027523757524,0.0017377117932311,0.0100461037932936,0.020303145218604,0.0249214232986522,0.0183508084524254,0.0096776983452808,0.4721129782234688,2
2020-11-06,0.0014213621387162,-0.0078224423628536,0.0007469747735429,-0.0002282404465437,-0.0120844666550786,0.0099838433859233,0.0204678316683779,0.0249344888625848,0.0183510244724079,0.0106592920702416,0.4825382309593655,2
2020-11-09,-0.0442709782317163,0.0362424417041944,-0.0204335051086165,0.0125655324428304,-0.021015088037124,0.0179181826235269,0.0216610412115739,0.0254414572465531,0.0172020096530596,0.0122423006481219,0.3669229172870552,2
2020-11-10,0.0033127817282887,0.0185787925502274,-0.0179147147715525,-0.0014666871999181,-0.0057671324106087,0.0179382238519679,0.0212857374304225,0.0262069219443186,0.0171112634473637,0.0118877116557417,0.3697760445734914,2
2020-11-11,-0.0043265954103411,-0.000405417070933,0.0223695052062922,0.0074288098204344,0.0036092808450642,0.0172608133133682,0.016631054891036,0.0228870304467624,0.0103103367792745,0.0120213894551223,0.2969209135920502,2
2020-11-12,0.0060606795561708,-0.0153509214997756,-0.0046935402904013,-0.0097010087767884,0.0170170997759679,0.0173271499686272,0.0187568044179575,0.0228014940002933,0.0118354198570971,0.0132637797158195,0.2413247153044102,0
2020-11-13,0.0068197141535322,0.0207084186775647,0.0087725011561712,0.0138442435253771,-0.0013246933652548,0.0174011629650924,0.0172313022118782,0.0202470441460154,0.0102761924893402,0.0128477670764855,0.1900099810951397,1
2020-11-16,-5.650127239831271e-05,0.0238039894755934,0.0078025721905019,0.0124826417947463,-0.0024033319703196,0.0171101520795943,0.0175288220359514,0.0201497561895028,0.0103101081420516,0.0126334977368367,0.1883859969966151,0
2020-11-17,-0.0036691725592956,0.0046727192376576,-0.0031718338322646,-0.0053781619430939,0.0065279648793203,0.0170026937649099,0.0168580410270873,0.020192528398756,0.0108312923571419,0.0126530345717594,0.1729759349125456,1
2020-11-18,-0.0057223484806568,-0.0140087731067626,-0.0073902250472519,-0.0120346739637093,0.0028969400896308,0.0170584154772744,0.0184431308265403,0.0153799273326273,0.0109238519669548,0.01039987910027,0.173223148522401,0
2020-11-19,-0.0018804594035273,0.0076721365219531,0.0078244072179678,0.004209851432736,0.0051480205814229,0.01470296658666,0.0172535191208467,0.013002030623201,0.0094349649579832,0.0105572880868174,0.0420433442818956,1
2020-11-20,0.0030257979459697,0.0010714546137735,-0.0068404458078823,-0.0068477496290798,0.0088703241873224,0.0147800542110265,0.0165978951939156,0.0131348298926758,0.0098453771816442,0.0101260874036759,0.0211259443430496,0
2020-11-23,-0.0196938167555728,0.0187045683527404,3.456511558508346e-05,0.0059945279169926,-0.0045814868382167,0.0077004050823742,0.0140478359222963,0.0113003146228405,0.0092252981048924,0.0069171500461063,0.027259385732827,1
2020-11-24,-0.01532833684688,0.0188031585523971,0.0140499629602621,0.0161136621341668,-0.0099524793804334,0.0085814039987707,0.0140693545493111,0.0098890428187836,0.0103416569362254,0.0075994825110305,0.0018546258652319,0
2020-11-25,-0.0004717367343725,-0.0034200546162591,0.0061466310102373,-0.0015417600957482,-0.0030784877723216,0.0086254729583707,0.0142662745164532,0.0075789046705899,0.0102661237395166,0.0077907770767325,0.0229418516757733,1
2020-11-27,-0.0101469015187406,0.0042486954058369,0.0092144894150401,0.0027850858764146,0.0097052039967391,0.0082282235092017,0.0121569183422937,0.0074372184714171,0.0094503985025392,0.0064419569542408,0.0705379116987445,0
2020-11-30,-0.0066749815960571,-0.0181700214092065,0.0020397249696471,-0.0044270187302624,-0.0012482480487087,0.0071646120400729,0.0138237845115444,0.0072230545088557,0.0088607046073734,0.0064386979189625,0.0307580675192096,1
2020-12-01,0.0210595460814611,0.0092807422514704,0.0128166327229484,0.0109373810500703,-0.0147441772413355,0.0111400278125661,0.0122214768592605,0.0077504918392822,0.0086518441935119,0.0081569966339737,0.0274461996734574,0
2020-12-02,0.0075215306920628,0.0010399334627271,0.0012850615790642,0.0021038704186107,-0.0079366922129964,0.0117184628260375,0.012216439050673,0.0074482168604112,0.0083593711626203,0.0081442758788298,0.0368592848207468,1
2020-12-03,0.0078735028103633,0.005631910885703,0.0014152328636394,-0.0002730967322012,0.008064295468622,0.0121273233594184,0.0107548162816351,0.0064110691963064,0.0069092571126617,0.0086046112766633,0.000967865823002,0
2020-12-04,-0.0028354275869303,0.0232708987414735,0.0040749746529089,0.0086176628835412,-0.0146659694728716,0.0121346585249711,0.0122899037219679,0.0063234903383272,0.0071385130243508,0.0092917591355853,-0.0294860099185153,1
2020-12-07,0.014914066598165,0.0009563585040226,0.0056626354524336,-0.0020548234981316,0.0090207335608123,0.0131725727924999,0.0122951329806731,0.0049317618342239,0.0065113746952509,0.009313128507411,-0.0008576444952678,0
2020-12-08,0.0034879101862907,0.0128463616413947,0.0033846970567104,0.0029265429471974,0.0047248317423136,0.0113027388479933,0.0117519408226405,0.0046093609663048,0.006469969034027,0.009591870910352,0.018765707316213,1
2020-12-09,-0.0170940170940171,-0.0072848267705757,-0.0226410414995438,-0.0089689889746928,-0.0033048087308121,0.0116120313249828,0.0113466636895057,0.0095029878438614,0.0058797429975097,0.0092028069221137,0.2507324314445124,2
2020-12-10,-0.0019130540930706,0.0096615341238683,0.0040157308549748,-0.0003272163419354,0.0088637869113226,0.0116517334707055,0.0112987376115536,0.009431767552374,0.0058335273910542,0.0097137317822266,0.2556912135360495,2
2020-12-11,0.0018586706605219,-0.0049153019129511,-0.0022146077997502,-0.0011724552721925,0.0035400024633289,0.0108988706949069,0.0116556689602613,0.0091662092139274,0.0058431489666234,0.0092006848746724,0.2731095895265565,2
2020-12-14,-0.0055076362500834,0.001170087064332,0.0072554318537694,-0.0044775395132606,-0.0027715394895974,0.0107915993480152,0.0090154304696328,0.0093788856549765,0.005848128893536,0.0092220930820275,0.2550064403022644,2
2020-12-15,0.0139909598298173,0.0250092873441702,0.01068931555865,0.0135196954186036,-0.0033474091889729,0.0096430024724901,0.0109726698674379,0.0091142108498572,0.006381557586999,0.0079389374624014,0.3510139348862682,2
2020-12-16,0.0055190953294457,-0.0035956378188828,0.0054995705172398,0.0015695699178255,-0.0026618436424357,0.0095411561554396,0.0113321979844469,0.0092107466487951,0.0063734210505158,0.007499963076348,0.3442769098274059,2
2020-12-17,0.0105203639845106,0.0119082981260472,0.0065375031440584,0.0055917563334166,-0.0026460481755434,0.0097555981313307,0.0114656430629301,0.0093338800614337,0.0065180069075036,0.0070924597376637,0.3437283513154824,2
2020-12-18,-0.0016974258370123,-0.004839446381834,-0.0030222648846772,-0.0039927688171641,-0.0029974764786674,0.0096955659402768,0.0104034715940765,0.0094468473560583,0.0062051257807841,0.0051702801037025,0.4707796375005197,2
2020-12-21,-0.0031738695921845,-0.0005122107669071,-0.0018706296331926,-0.0035756969156722,0.0039661668458796,0.0087436983918991,0.0104628435976285,0.0093796262238014,0.0062863107018241,0.0044833056998138,0.4758385264577298,2
2020-12-22,-0.0079031120710656,0.0113707437985723,0.0027189909070779,-0.0016854511038415,0.0051608467850208,0.009061746180554,0.010332951632022,0.0093612990236891,0.0062255428284885,0.0045325742960247,0.4256942373394774,2
2020-12-23,0.0066478787712902,0.0085079551341995,-0.0050363255831591,0.0008986911063308,-0.0069091155197805,0.0071515318581451,0.0096342331845171,0.0052273485843263,0.0054404787810148,0.0049794417779104,0.2641234229960111,2
2020-12-24,0.0039852674714226,-0.0006528349677216,0.0044127864520333,0.0038903880721961,0.0039569952744276,0.0070506578263307,0.0096765433454561,0.0052419889869685,0.0055205006873681,0.004190341907904,0.2512689684304337,2
2020-12-28,-0.0036291429968693,-0.0037183650895266,0.0100790584613392,0.0085907010188703,0.0004452138445798,0.0073084085980031,0.0095559207614242,0.0054516209668376,0.0059305709837876,0.0039696708712331,0.2129046278274113,0
2020-12-29,0.0036423616481366,-0.0193677291082322,0.000895163785241,-0.0019076638496781,-0.0012711210033399,0.006839096563549,0.0121873988106093,0.0053644649288291,0.0056669281004529,0.0039140159746313,0.2174368959302111,1
2020-12-30,0.0076551788942618,0.0101837052730759,3.2113579307324613e-05,0.0014268353327602,0.0021637907268838,0.0059175486690181,0.0098010597761702,0.0047051695765926,0.0040693986830407,0.0038767611022913,0.117194993398867,0
2020-12-31,0.0037141456018234,-0.0017819426517796,0.0024602225881269,0.0050807436206576,0.0014600300252989,0.0058304797245679,0.009724521532078,0.0045514118669812,0.0042631368280035,0.0037898134507013,0.1280857181046171,1
2021-01-04,0.0222583606588793,-0.0130570881583169,-0.01412007125905,-0.0136139286078899,-0.0012041393212243,0.0083701620979806,0.0098480897412149,0.0064247047360628,0.0061078284271844,0.0036899945804045,0.0302091685223623,0
2021-01-05,0.0029616260665272,0.0154521032270833,0.0082442699414808,0.006887345502512,-0.0074272338104988,0.0081982662531956,0.01107205614769,0.006875140094791,0.0063774121869514,0.0043587491284887,-0.0528274857562871,1
2021-01-06,-0.0162410526603878,0.0409182789964215,-0.013852408488592,0.0059785666275247,-0.0205279850066153,0.0101981795652348,0.0168406776417392,0.0082876784953293,0.0063981070998118,0.007588970166348,-0.0658902113704923,0
2021-01-07,-0.0023346202512212,0.0177967882743501,0.024192049476821,0.0148574585897622,-0.0088142563841856,0.0097193923035218,0.0172377970229862,0.0113911069852957,0.0075094203512666,0.0073208324791664,-0.062098053035715,1
2021-01-08,-0.0342099372398543,-0.0021616854652094,0.0128580758703553,0.0056977357463314,-0.0032282968531138,0.0150686787343122,0.0173557859488868,0.0116133126105896,0.0074987152196748,0.0072399416324556,-0.0493590311788083,0
2021-01-11,-0.0019614419353504,-0.0008665941014456,-0.0144500296960898,-0.006740905399051,-0.0016516821394753,0.0149573723996589,0.0173627776689748,0.0129115380760882,0.0081888313742077,0.0068071439976164,-0.0472216583821782,1
2021-01-12,0.0064739602149566,0.0179243140908968,-0.0015903313924584,0.000211316311252,-0.0007942639168787,0.015161003743422,0.0175940683396123,0.0125867061398554,0.0079354272403866,0.0067279208364355,-0.0428412772071728,0
2021-01-13,-0.0043073743454634,-0.0071476600796298,0.0067532415559468,0.0026929177090406,0.0112618152840624,0.0151102824596569,0.015944519247486,0.0127441901886889,0.0078300401291421,0.0083026064901004,-0.043646940691474,1
2021-01-14,-0.0005190998467168,0.0199761558598443,-0.0053474713546066,-0.0035019819932399,-0.0093678891664337,0.0147713247351621,0.0164062508789567,0.0129045909040999,0.0080397797509498,0.0083256065360793,-0.0537578544992344,0
2021-01-15,-0.0124076287605633,-0.0149104761415223,-0.0079210581792785,-0.0072926470029668,0.0039679645217289,0.014907021421386,0.0178044049786557,0.0131460056997267,0.0084144715348794,0.0085442410232941,-0.0372461124661984,1
2021-01-19,0.0084730725581123,0.0128112534916238,0.0145902018901247,0.0078520365433514,0.0032276194766132,0.0126765503429957,0.016320526001981,0.012980665866076,0.0070336145245135,0.0088036083353964,0.0721152160858388,0
2021-01-20,0.0162822895398075,0.0044039419473973,0.0232604468874038,0.0138386762403488,0.0009846599070655,0.0142552461242163,0.0162827851263123,0.0145162952415304,0.0077991999568544,0.0087710118858146,0.1168594168117612,1
2021-01-21,-0.0006271772092728,-0.0086759552549811,0.0079997508929487,0.0009115930504615,-0.0070181478197022,0.0136153893148392,0.0125672013483928,0.0131344786252008,0.0077746821651313,0.0064063668574113,0.1821207085579292,0
2021-01-22,-0.0078731452100825,0.0116218523452387,-0.0028802971411919,-0.003539470615726,0.0032365537999548,0.0137195417517588,0.01194566213048,0.0116862497409416,0.0067239961383782,0.0059178628965386,0.2007615138932115,1
2021-01-25,0.0008626173693986,-0.0009768553651563,0.008266097140346,0.0039437441800316,0.01178523322733,0.0082773375125562,0.0118912506793238,0.011355678297894,0.0066101245957229,0.0068252997651906,0.3161068904007125,2
2021-01-26,-0.0024705999829396,-0.0069367553013112,0.0014630027528459,-0.0015608196448563,-0.0018863161743831,0.0082952944587386,0.0122826472023818,0.0096453703265809,0.0061362295277053,0.0068379710676257,0.3222109981439705,2
2021-01-27,-0.0063356230599137,-0.018330831105944,-0.0278765903185067,-0.0244406459049664,0.0025422783946147,0.0082400415201955,0.0126699366276399,0.0140523489762654,0.0102319851281985,0.0067926840252417,0.3652303977760829,2
2021-01-28,0.0009273614616172,-0.0032000788396119,0.005916737966684,0.0086003829415246,-0.0055275275739408,0.0081649141034431,0.0125112634939253,0.0140222481041653,0.0106383854042925,0.0062690369897643,0.3557437400978999,2
2021-01-29,-0.0004053281700162,-0.0151399634227186,-0.0210381088896632,-0.0200194456068534,-0.0060164183176464,0.0081647606564358,0.010984942943026,0.0156837623203418,0.0123047714309646,0.0057708153681097,0.4685097574121807,2
2021-02-01,0.0093852911850944,0.0245672045485121,0.0249872748232802,0.0166453393613505,0.0011590855682177,0.0074698611865439,0.0134245183232575,0.0171769611075011,0.0134708365725975,0.0056519972381727,0.5232820503703984,2
2021-02-02,-0.0121677964137859,0.0142441479437955,0.016314300631999,0.0141403890043012,-0.0064469725461789,0.0082398584160412,0.0135829968550879,0.0173091363572563,0.0140028027880676,0.0059076597282438,0.3953489837351189,2
2021-02-03,-0.0015106298641213,0.0029961204498716,-0.0039675769553698,0.0007861330974079,-0.0088731275130684,0.0058494859122347,0.0135413277437241,0.0159697675160869,0.0132456256629834,0.0063942554095219,0.3473576176573037,2
2021-02-04,-0.021530474690833,0.0203969211801373,0.0118265865082745,0.0113658179848921,-0.0026725321915705,0.008451886159266,0.0145509258691259,0.0162024667317814,0.0137675887905727,0.006135440107451,0.2632112617133933,2
2021-02-05,0.0098721601092135,0.0138596245691475,0.0033915920244425,0.0039359388643154,-0.0083738511106742,0.0093857126360455,0.0147158217609472,0.0161439057446043,0.0137211964280679,0.0062846262777351,0.2611542231455739,2
2021-02-08,0.0100701180051376,0.0255355536407286,0.0066995953172972,0.0072218998943787,0.0043914975139893,0.0101546442542973,0.0162032181353564,0.0160830605390909,0.013829058738873,0.004648141566815,0.3183981272139832,2
2021-02-09,0.0032649110578624,0.0047074189069955,-0.000209769693966,-0.0006657609001862,0.0007399398824039,0.0102500226099121,0.0155931871943297,0.0160953222184958,0.0138087240455838,0.0048004523387378,0.3234720504426172,2
2021-02-10,0.0036611162023989,-0.0065679488091862,-0.0022787576617787,-0.0004356723072699,0.0066534687247874,0.0101417255127553,0.0138153905032099,0.0125253502209845,0.0104189719532535,0.0054510253314365,0.3099730462139891,2
2021-02-11,-0.0086850786965985,-0.0011461716725666,0.0054998015053877,0.0016150131799013,-0.0054746041777736,0.0105094353216331,0.0136422517133633,0.0125195608344136,0.0103217155744244,0.0054477804444961,0.3355766475823004,2
2021-02-12,-0.0030372306060941,0.0028244019652283,0.0055890280826602,0.0049397601217111,-0.012419362836085,0.0105312590752004,0.0111636836509588,0.0088747393465168,0.0062137937352852,0.006228468245608,0.2770536969887968,2
2021-02-16,-0.0143534882723035,-0.0062924777113988,-0.0027047702438867,-0.0008661238083014,-0.0152267625118254,0.0105885579015777,0.0109970056217719,0.0065904684595066,0.0052607174712461,0.0070724521819929,0.2472461364591368,2
2021-02-17,-0.0113528506879833,-0.0078377964971458,-0.0047982979488149,0.0002294106058491,0.0063501940752814,0.0105168281019855,0.011594016792971,0.0055053313885692,0.0040384690438427,0.0078503492831741,0.2679623232442485,2
2021-02-18,-6.0088418961767864e-05,-0.0154869016337428,-0.0043722360798685,-0.0042557910607703,-0.004046601909348,0.0105551057647762,0.0132735806509594,0.0055545578198595,0.0045958555526644,0.0076278657677807,0.2630783528016738,2
2021-02-19,0.0041485519013484,0.0208531091985522,-0.0043613018535154,-0.0017660378957744,-0.0132918306209551,0.0085343815447465,0.0133406313086027,0.0046065589397434,0.0034547543369576,0.0082867340553656,0.3373284137539338,2
2021-02-22,0.0149691640154965,-0.0064833928051287,-0.0259199014161933,-0.0076917483943488,-0.0076085504806389,0.0093460439361218,0.0130562777110791,0.0093082803973267,0.0042257707338215,0.0082460021890335,0.2076333363984617,2
2021-02-23,-0.0023007456922117,-0.0088051431895616,-0.0029770685654033,0.0012144677641345,-0.0028835588606235,0.0086365983727053,0.0100617161976959,0.008707818041848,0.0034060707881105,0.0077287600305165,-0.0089003118748859,0
2021-02-24,-0.0007095264939214,0.0236289492823191,0.0082428422834079,0.0110192401808422,-0.0065599875759553,0.0084895709543397,0.0129237958976557,0.0094572191929785,0.0050518678526135,0.0074969483046396,0.050815142741287,1
2021-02-25,-0.0188165247087648,-0.0369601751974997,-0.034862509597604,-0.024095905375936,-0.0163302527463133,0.0097702904375422,0.0173252266942251,0.0138483374029002,0.0092680730672416,0.0068707430187075,0.4012574366974107,2
2021-02-26,-0.0241829066970455,-0.001372251520758,0.0041877445222842,-0.0051523007764386,0.0330590615857493,0.011642334251279,0.0173218587350498,0.013732306774312,0.0092245258952813,0.0146686165965424,0.3018668275135569,2
2021-03-01,-0.0017304170540851,0.0355457065435598,0.0300821668822024,0.024239837722354,-0.0132076931111203,0.0116811866003722,0.0213021100073991,0.0176839351110105,0.0124443076045407,0.0147215373367798,0.2869498042789336,2
2021-03-02,0.0054479346837295,-0.0192419107640087,-0.0160387759287429,-0.0078030466186435,7.102005012082913e-05,0.0116804398171275,0.0220846643270519,0.0180944449336506,0.0126455409576545,0.0142082392555809,0.2536716739345378,2
2021-03-03,-0.0110215411893342,-0.0108245385674559,-0.0290201743092515,-0.013245708852111,-0.0108459509776794,0.0116560049911202,0.0221980631526493,0.0196100289173277,0.0131594011952198,0.0140654128775477,0.2918919636682638,2
2021-03-04,-0.009836893780889,-0.0279499132528638,-0.0163671129039434,-0.0123747501155416,-0.0064494443181991,0.0117519799927613,0.0233639851068575,0.0197634345608929,0.013508207987808,0.0140836886546829,0.3113398105865466,2
2021-03-05,0.0006288110395962,0.0212016753068529,0.0150606298147282,0.0183964911497371,0.0019472659032959,0.0115177663904038,0.0234040180018549,0.0211436741723869,0.0152048501816783,0.0138375355829524,0.3571560880735164,2
2021-03-08,-0.0103681909187671,0.0047310722198832,-0.0283136903378031,-0.0049786701856803,-0.0077744960760586,0.009262734095899,0.0234937812867004,0.021396717086225,0.0151069604244017,0.0138439332840707,0.4068814941488737,2
2021-03-09,0.0212711329473664,0.0210293282543125,0.0394411438314954,0.0142775629488878,0.0138575481048479,0.0129418329325262,0.0244106713553353,0.0259937842340586,0.0158908844538649,0.0148233754894114,0.5145101807086964,2
2021-03-10,0.0050982799234593,0.017372838125214,-0.0028546117437903,0.0062242950321402,0.0020038173829897,0.013278308740046,0.0238391581293193,0.0257072182992037,0.0155919212605024,0.0147278730589079,0.5285085565197094,2
2021-03-11,-0.0008660112982618,0.0220051692717646,0.0230313827265336,0.0101392750947937,-0.0072136008213505,0.0122813957247766,0.0206655369422477,0.0244393958699131,0.013432360284177,0.0138881635335733,0.405504156112389,2
2021-03-12,-0.0001857279501198,0.005899502873182,-0.0081124737455562,0.0013468154027971,-0.0212213156872487,0.0096482687993894,0.0204947693880953,0.0246214819716718,0.0131498371578493,0.00976316945289,0.5630878148714481,2
2021-03-15,0.0043965039997981,0.0035533222299368,0.0106828486919505,0.005963677945509,0.0058798474838333,0.0097313789121702,0.0178683849131227,0.0227408430522139,0.0110717762245351,0.009820563052674,0.655068188704816,2
2021-03-16,0.0009248406787658,-0.0167222998168955,0.0054889252183807,-0.0012613803810125,-0.0040186407916869,0.0095774971742666,0.0175221304907024,0.0221976851833593,0.010625979645266,0.0097646379029206,0.6805691798230747,2
2021-03-17,0.0071449852769374,0.0078525070414234,0.0041176602558983,0.0034097813755049,-0.0074832372927177,0.0089565651924745,0.0167408711762833,0.0195496962358817,0.0090864345658552,0.0095342787818253,0.627673032582923,2
2021-03-18,-0.0058100237303994,-0.0304333885273717,-0.0306304353192315,-0.01454967053967,-0.0101264279239413,0.0084504229757097,0.0173076069629973,0.0216282295637775,0.0095396929576053,0.0097485625117908,0.6485360342626281,2
2021-03-19,0.0041831197390687,0.0075474407484257,0.0035249915377859,-0.0018502030760448,0.0061979632906401,0.0084506468272552,0.0164622569649726,0.0212045955232648,0.0081707237125818,0.0100948717335563,0.653630270478674,2
2021-03-22,-0.0014702614866924,-0.0075350138459148,0.0187532753314447,0.0079848599560954,0.0112057563714058,0.0073300923095072,0.0168769586824981,0.0189181068531019,0.0079893870629799,0.0108512952755975,0.6156798421574455,2
2021-03-23,-0.0073006284748849,-0.0362739144848157,-0.0043626570809568,-0.0078706285653376,0.0090269724435163,0.0047256817981522,0.0196045031512282,0.0150864578504132,0.0076293996623515,0.0101998273582614,0.4238768407306958,2
2021-03-24,0.0034608341081703,-0.0231273325364377,-0.0168653723824978,-0.00508356892163,0.0053820202222893,0.0045790347008732,0.0191819230017783,0.0161936336329802,0.0075993560851795,0.0103857728960296,0.3795858275925748,2
2021-03-25,-0.0036336537268772,0.0237099523653248,-0.0017315618484704,0.005625746385407,-0.0078854069214636,0.0047477948651507,0.0194710130652032,0.0141390365677829,0.0070313592448271,0.0104308029075278,0.3632640848202866,2
2021-03-26,0.0028434090575977,0.0182312682305232,0.0150001214074846,0.0161149385326795,-0.0034997925326119,0.0048186092966134,0.0206990850959793,0.0148826311002077,0.0088165876715091,0.0078594627765817,0.3787144159981924,2
2021-03-29,-0.0118960051110922,-0.028149034180531,-0.000284590247121,-0.0005052561656143,-0.0084885618762533,0.0059633558201303,0.021597351283118,0.0144379472473865,0.0086350126457488,0.0080706909206493,0.3643089423246524,2
2021-03-30,-0.0170918238169988,0.0168374498420256,-0.0050331308894036,-0.0026530738395788,0.0052401706438698,0.0077261383010298,0.0227525145761886,0.0143198096785011,0.0086723428597922,0.0082118086062402,0.3026252233645697,2
2021-03-31,0.0151678573240827,0.0134397014462566,0.0153030125214359,0.0040534511992362,-0.0055800168981354,0.0091728021503111,0.0231715910714074,0.0152366637632781,0.0087022858490584,0.0080404782372253,0.3154294683873923,2
2021-04-01,0.0126280878275104,0.0126731326679718,0.01704642683976,0.0107989845103313,0.0165972816859072,0.0101567512941037,0.0217953946527869,0.0119013358719324,0.0075705308603795,0.008663346071219,0.3156220326693323,2
2021-04-05,-0.0003704010382533,0.0054973020662119,0.019964821910924,0.0143533289322794,-0.0043633872865991,0.0100342202524317,0.0217232700043434,0.0129011576355736,0.0082050362686277,0.0088475398829561,0.2956645525098947,2
2021-04-06,0.0080286750645921,-0.0029334102106266,-0.0006948120667432,-0.0005907720588882,0.0067926944598695,0.0104030040637289,0.0216053938712445,0.0121733578454582,0.008223138639637,0.0084241700511496,0.2789132609932803,2
2021-04-07,-0.0028183231860485,-0.0161384776775813,0.0024180304553125,0.001157362499903,-0.0069643495154944,0.010137887616815,0.0185760584160719,0.011850619856376,0.0072876832394749,0.0083161879139245,0.3158143231649351,2
2021-04-08,0.0107520278880723,0.0084735386598069,0.0104336866973095,0.0047468364545277,0.0082552530538366,0.010614923239847,0.0163843949369656,0.00923441086702,0.0064973880887281,0.0085789130606937,0.3681535802873118,2
2021-04-09,-0.0075374766019062,0.0001346092003358,0.0060582782458786,0.0072701713175382,-0.003622865982942,0.0108873095251911,0.0150621122531124,0.0087067929880949,0.006527004772091,0.0082423012641489,0.4094831904124055,2
2021-04-12,-0.006063609158189,-0.0039085801670466,-0.0013051862707468,0.0003644615845961,-0.0004362044725566,0.0110797152714372,0.014141983791808,0.0087810624665704,0.0054924694874115,0.0081359801334828,0.4393929954942185,2
2021-04-13,0.007086479573175,-0.0026157506043054,0.0116734236471147,0.0029638810930558,0.0074936085394465,0.010405538915912,0.010104879395527,0.0085830122194768,0.0052891362570185,0.0076779157639325,0.3288655271618187,2
2021-04-14,-0.0043443155289533,0.0098581111407378,-0.0120086863706313,-0.0034150897278488,-0.0031778013400891,0.0083966722840824,0.0092598424033685,0.0099043350230922,0.0054038296723023,0.0077854775364271,0.4069117573795263,2
2021-04-15,0.0161627634161907,0.0043434308535668,0.0151555812619226,0.0107421579656836,0.0167347162586439,0.008557883501081,0.0084735103359588,0.009890518613987,0.0057880592962996,0.0086777108047578,0.5058795337492468,2
2021-04-16,0.0060477772185503,0.001605010292015,0.0011709197596749,0.003342560367648,-0.0077663369119984,0.0080002280129168,0.0075275421732874,0.0093348205777268,0.0054024144416895,0.0080623115313251,0.3822501543088851,2
2021-04-19,-0.0027652942409929,-0.0129979148613906,-0.0091516027755175,-0.0049130827862002,-0.0028721384828175,0.0081368458676521,0.0083696372346579,0.0087717038300137,0.004730625123464,0.007959163223632,0.5281055040209534,2
2021-04-20,0.0035565515706876,-0.0204753840476722,-0.0072887132594249,-0.0073215018597774,0.0046085189954767,0.0079163737529759,0.0103310468918152,0.0092622307292283,0.0055707906666877,0.0078249004458701,0.5154620095425527,2
2021-04-21,0.0099111556800723,0.0244485885123406,0.0085611781058292,0.0094621804438024,0.0020073599205854,0.0080759724292474,0.0124303506880887,0.009514289238982,0.0061081791997939,0.0072767115646303,0.5352472120109125,2
2021-04-22,-0.0064831473563533,-0.0041349087149094,-0.0120546832256195,-0.0091332130845408,0.0043642250901401,0.0081431333272845,0.0122128271416906,0.010029772075814,0.0070073599697203,0.0070115361236617,0.4857134470969292,2
2021-04-23,-0.0038314141245932,0.0188646079147418,0.0125893731515356,0.0108423931567351,-0.0023506905415686,0.0077584859635847,0.0136511002098797,0.0106553706313218,0.007443601739599,0.0069144241362749,0.4727250509034316,2
2021-04-26,0.0026442455381336,0.0104095384149653,0.006510813280536,0.0020875746003674,-0.0014282117707773,0.0072327709024535,0.0137712895412868,0.0107751468581894,0.0074396496266344,0.0069580150989574,0.4616786642816545,2
2021-04-27,-0.0025173710031419,0.0014901749220097,-0.0043319297562623,-0.0002152700281259,-0.0087230814497678,0.0072377460784014,0.0136482121283482,0.0102758310328762,0.0074364450847601,0.0073521830988759,0.481215908552269,2
2021-04-28,0.0029443906895529,0.0017072050738231,-0.0033804744357268,-0.0002874516462209,0.0006493226087727,0.0069053431753486,0.0134578276062453,0.0094960324974037,0.0072874913270879,0.0072593305180228,0.4957013536413432,2
2021-04-29,-0.0041339789483384,-0.0037142243074915,0.0035984663075665,0.0063726909980048,-0.0029554157305705,0.005249497854068,0.0135776100013456,0.0081612653123864,0.0067826589957992,0.0045309496748877,0.2898245210163053,2
2021-04-30,-0.0033690142851713,-0.0135972612620572,-0.0065545101579602,-0.0065705604919903,0.0023133513831263,0.0049893355751558,0.0144170654764929,0.0083615743712882,0.0071220207212335,0.0040661829828567,0.3073296137231759,2
2021-05-03,0.0129783523418822,0.0048913296251444,-0.0053256650932977,0.0021567907961976,0.0005999893090047,0.0064358271009284,0.0136889476672682,0.0080359724536646,0.0069247212358107,0.0039826863528074,0.2315047820660596,2
2021-05-04,-0.0073296927801311,-0.0119473112353537,-0.0179957724513297,-0.0061693852095882,0.0067857252174512,0.0068918345490581,0.0123323674450835,0.0095685379413706,0.0067838566492394,0.0043139049150184,0.2559674702227793,2
2021-05-05,0.0041421685305662,-0.0039858928684122,-0.0033622108291559,0.0003127644642033,0.0016492916770001,0.0061825338830352,0.0098188945041421,0.0088441331266787,0.006073786155723,0.004298013054815,0.1377314946554148,2
2021-05-06,0.0166795792124705,0.0008541785983007,0.0075373231582378,0.0079856209278017,0.0016464503096897,0.0078137762904838,0.0097117109216031,0.008792880906332,0.0056286354186406,0.0040780387795808,0.1995542205576286,2
2021-05-07,0.0089968176012098,0.0125791901010579,0.00811432284856,0.0072780981321793,-0.0049313573774177,0.0078357381822847,0.0085213363476426,0.0081075440870615,0.0050667721387708,0.0043058651136371,0.2446293060989323,2
2021-05-10,0.0030305045955998,-0.0254224190926783,-0.0252541848388165,-0.0099022977902762,-0.0101267794071101,0.0078341743621421,0.0108200254067847,0.0104858228781821,0.0061592505929793,0.0052932393380316,0.4189861175582851,2
2021-05-11,0.0001743000359681,-0.0031867814594822,-0.001381473750458,-0.0089249788398187,-0.0056601263069822,0.007662476389412,0.0106700982681478,0.0105385650786525,0.0067915332948091,0.0048898137294566,0.4164955352226419,2
2021-05-12,-0.0099338138720245,-0.032471868481863,-0.025882998636864,-0.021245158924541,-0.0105076894133092,0.0087541243881385,0.0136359753238433,0.0125138892394073,0.0093689610874301,0.0056799312572074,0.5924205898625955,2
2021-05-13,0.0041073299132443,0.0184093140855399,0.0077314464883373,0.0120126259394344,0.0015483810490797,0.0084833136788336,0.015937039912457,0.0129506290925162,0.0101263597450119,0.0057838198394243,0.6319753044366088,2
2021-05-14,0.0091158622923082,0.0244263762697545,0.0220766623627355,0.0153552228631956,0.0093512903480184,0.0083683185719708,0.0181438991482587,0.0157377067544536,0.0113948097083859,0.0066807965245129,0.7095693737185427,2
2021-05-17,0.0116393217813401,0.0013575163264563,-0.0060661952497792,-0.0025445483134275,-0.0021154359197868,0.0082216057145778,0.0180378420568313,0.0157496470061238,0.0113876900104396,0.0066653094314576,0.7026231893358162,2
2021-05-18,0.0019461725462499,-0.0075907060491461,-0.006750853392802,-0.0086155641405124,-0.0025581640105091,0.007260629664102,0.0178205536614921,0.0149781162330762,0.0115461656597469,0.006041577214099,0.7909695845457941,2
2021-05-19,0.0006856168908804,-0.0076946972708418,0.0011484138756276,-0.0026218719312216,-0.0024186766384454,0.0073866515795246,0.017916303003693,0.0150112522153255,0.0115512196317995,0.005890883202357,0.7943223829724285,2
2021-05-20,0.0045672701246401,0.0066529358353959,0.0193433127587823,0.0107579820947019,0.0082284631663021,0.0060694829336984,0.0181072367918425,0.0162469587869683,0.011824147952381,0.0067240326084276,0.7869162711241351,2
2021-05-21,0.0004545724551812,0.0025982374862338,-0.005534783081089,-0.0008185787570089,0.0032062738904921,0.0057942933697501,0.0175232166965622,0.0159963197869093,0.0114782588468714,0.0068108223986092,0.7941409947784008,2
2021-05-24,0.0017610362940592,0.006500627733101,0.0168189668527074,0.0101942246638144,0.0037046056054261,0.0057972009259495,0.0156488103650774,0.0146974050999141,0.0116320516712469,0.0061472813412078,0.8080008565260108,2
2021-05-25,0.0090728142293763,-0.0096656543596821,0.0013835229081715,-0.0022187873450526,0.0092630650765104,0.006084597175348,0.015967683750866,0.0146495116647877,0.0112237425620799,0.0063535179704016,0.7508349061523685,2
2021-05-26,-0.0017420486873281,0.0186535708929997,0.0034838915469892,0.0019844611394874,-0.0017209863270308,0.0044233845091362,0.0120234318580512,0.0107750123209475,0.0080603616491236,0.0049105975531856,0.4428778171335853,2
2021-05-27,0.0003940966249678,0.0102978231845307,-0.0037409444107996,0.0005251748218135,-0.004022263278636,0.0045814034849171,0.0112973014830588,0.011100694502139,0.0074865300117765,0.0053459806286615,0.4480482296163255,2
2021-05-28,0.0037701769378923,-0.0006647594444233,0.0031539894277134,0.0017886399858166,-0.0015864456173102,0.0041856317558746,0.0089318958262857,0.0091612357499485,0.0058985035415835,0.0047851836131976,0.2365739496547302,2
2021-06-01,-0.0026909461441234,0.0113524502154587,-0.0033238631960468,-0.0008808501642776,-0.0002242142656453,0.0033697115327181,0.0093937638829022,0.0089200490800672,0.0058152109563019,0.0046847782772586,0.285992386531967,2
2021-06-02,0.004890446350902,0.0011840357805434,0.0019530911298013,0.0015724201637357,0.002314694281311,0.0035075854486788,0.0086721033279532,0.0083102452494575,0.0047334033894179,0.0045017734560435,0.2282666990228783,2
2021-06-03,-0.0195782285414375,-0.0083651896978019,-0.0104060893890114,-0.0037111950816481,-0.0037533246403712,0.0077335626013488,0.0087738885095782,0.0094004358229871,0.0048630691127204,0.0046538228709494,0.3981176788555965,2
2021-06-04,0.0107833590664514,0.0043282352601499,0.0169697983594816,0.0091460152813229,0.0136948209675988,0.0083580362274312,0.0087221455442358,0.0089414210340403,0.0045544654291078,0.0057244877889168,0.431845838436023,2
2021-06-07,0.0040076283608136,0.013412637277302,0.0029798153750097,-0.0009702307527015,-0.0030738937516353,0.0084211820101061,0.0092363840793062,0.008532215006299,0.0045642405899385,0.005928965277909,0.4167104671258812,2
2021-06-08,-0.0030920774052216,0.0105877593286591,0.0004756372878014,0.0002130885956814,0.0070265980484109,0.0085160378676745,0.0094134802448135,0.0070040254404595,0.0034712389436654,0.0061573937357625,0.4351054614210207,2
2021-06-09,-0.0019175027218333,-0.0066553119124281,0.0002374261478004,-0.0014919948383379,0.0088292008027646,0.0079914571372002,0.0089237902450502,0.0070117502609315,0.0034093493941246,0.0061001627239751,0.4787802272018316,2
2021-06-10,0.0042943258219705,-0.007415921893949,0.0104201519781266,0.004648415022008,0.0059989130229685,0.0081156978696523,0.0084196825421676,0.0075848315287383,0.0036088954030315,0.0061008024489179,0.4479282377277543,2
2021-06-11,-0.0112523907853536,0.0105546884248215,0.002615107107414,0.001652592872736,-0.0016135477498333,0.0088674439510983,0.0084454297725035,0.0073240502080597,0.0036071095841205,0.0058564396051116,0.439362532739482,2
2021-06-14,-0.005860923791407,-0.002934571445584,0.0095826824874198,0.0022389237974169,-0.007659522517768,0.0088051106150168,0.0085792886677469,0.0076614675826185,0.0036181137937498,0.006622211327007,0.4059604667840875,2
2021-06-15,-0.0037777095572453,-0.002857047776366,-0.0065308882177328,-0.001834199882253,-0.001203999410818,0.0088207080193201,0.0081346956896013,0.0080212590496405,0.0036920607824552,0.0066683943656887,0.4480288328604667,2
2021-06-16,-0.0168917115188557,-0.002127026161911,-0.0036525403457513,-0.0055834339450556,-0.0008506578428938,0.0095483247803651,0.0082017992069183,0.0082809940149065,0.0042514066489037,0.0067295955288777,0.4737662157710544,2
2021-06-17,-0.0307404271408653,-0.0112237668980174,0.0126977472014788,-0.0003316623217286,0.0149717727780158,0.0118935568275758,0.0085989710199594,0.0075416681107191,0.0040132176147863,0.0075824918493627,0.2258731530477049,2
2021-06-18,-0.0055472619467987,-0.0227021977419626,-0.0078474960577225,-0.0134901766816774,0.0188063006129084,0.0104514780579229,0.0111540884590687,0.0070805793672725,0.0050205356186308,0.008459306095368,0.0026811118679874,0
2021-06-21,0.0122476466510967,0.0213836865875616,0.0062152674212874,0.0143158152049078,-0.0167436011043142,0.0116756965153412,0.0125821133498906,0.0071983056684667,0.0070960719528431,0.0105881253764454,0.0219088426745794,1
2021-06-22,-0.0041928539145718,0.00453987896545,0.0093216335704728,0.0053460916851877,0.0024428297575473,0.0116477314579167,0.0120804823425515,0.0074710114394024,0.0072933935852798,0.0104813903922922,0.0335447985256838,0
2021-06-23,-0.0006616578066259,0.0032908522158074,0.0004890274852376,-0.0012053104072292,-0.0025756492459546,0.0117076147474661,0.0120588938501935,0.0074599449760761,0.0072850467981217,0.0103108327111524,0.0317498464840271,1
2021-06-24,-0.0006019387497473,0.0141257124619438,0.0061828811236745,0.005916044778121,0.0016053261734243,0.011313950305815,0.0126832352447076,0.0071253795386813,0.0073742700867049,0.0101743055942957,0.0441719695345511,0
2021-06-25,0.0033124733437563,0.0016819281308821,-0.0012291029661622,0.0035519242865584,-0.010383688299376,0.011600643961041,0.0122597746760091,0.0072455832072165,0.0074257408888932,0.0107588050122201,0.0511136568094206,1
2021-06-28,-5.999463986816611e-05,-0.0079215351419418,0.0121618990102716,0.0020158506466914,0.0102815372252114,0.011712391421199,0.0125057314353818,0.007563734470575,0.0074215803148887,0.0108644628385729,0.0640611661360045,0
2021-06-29,-0.0105054627252006,-0.0047734287688031,0.0036185210239783,0.0005380999050692,0.0016726787054075,0.0118465372529444,0.0125658353970904,0.0068197672759266,0.0073632188144604,0.0108189281205104,0.0609666179810036,1
2021-06-30,0.0048535038698707,0.0001307851890166,-0.0015776323070854,0.0008415829664516,0.0044533737061314,0.01148570602395,0.0125510846831757,0.0065958621308639,0.006985136679837,0.0107978523180521,0.0090906270191394,0
2021-07-01,0.0034413575356286,0.0088067844254013,0.0003953185863825,0.005536613480831,5.526020024348987e-05,0.0062837964724561,0.0121797329874439,0.0059051492767168,0.0070371451720523,0.0098664662586724,0.0856962609885123,1
2021-07-02,0.0065583415036407,-0.0095077306775203,0.0114785302327933,0.0076436509982202,0.0060346269213547,0.0062131207210265,0.0096823232686675,0.0051583552275292,0.0044560135086467,0.0079380303730625,0.0480946581527969,0
2021-07-06,0.0049614553432077,-0.014529398949405,0.0043219186411396,-0.0018213788391827,0.0117207802417684,0.005139172812566,0.0087983000783467,0.00513146531525,0.0032431236750889,0.0063341359053155,0.0312902321027307,1
2021-07-07,0.0038068011434471,-0.0092979467548633,0.0021099942241984,0.003533911457431,0.0088590120991929,0.0049085443625341,0.0090177670761979,0.0048817770104243,0.0031361676844551,0.0066417406982614,0.0355724641345989,0
2021-07-08,-0.0006518168637834,-0.0092062889989481,-0.0060396699899318,-0.0081479576624925,0.0039182705300286,0.0049080614533336,0.0090995399508053,0.0057350421952717,0.004539984900442,0.0063273181337064,0.0889262420834327,1
2021-07-09,0.0033205623341234,0.0211097245055655,0.0062436920990693,0.0106747832875304,-0.0140631481278371,0.0048770358326823,0.0106927378686508,0.0057386556166983,0.0052017926911148,0.0085030747383347,0.051379857699216,0
2021-07-12,-0.0012411010314674,0.0008392552158167,0.0039056055359236,0.0035820474687096,-0.0012965679663115,0.0049430212868519,0.0106606987731252,0.0055293596696954,0.0052025189326476,0.0074187637063717,0.0419222742406974,1
2021-07-13,0.0013017823710244,-0.0188462803861975,0.0,-0.0034092255358949,-0.007653173695451,0.004915531280692,0.0117858107530146,0.0047320504503615,0.0055245229730732,0.0076703906800799,0.133554696728403,0
2021-07-14,0.010755182911599,-0.0154297487022427,0.0017935727213038,0.0014922429313801,0.0113620361216271,0.0034990943324812,0.0123778677848717,0.0047169571981182,0.0055066521453834,0.0082990808681499,0.152878859027061,1
2021-07-15,0.0001754796495796,-0.0056653896497192,-0.0070238058460003,-0.0034154939902226,0.0110303001547724,0.0036392226057913,0.0122672999255131,0.0054648049773527,0.0057640606922872,0.0087344439312501,0.1409885021043486,0
2021-07-16,-0.0097036510845718,-0.0123146230177391,-0.0080993196265606,-0.0078435272222513,-0.0018853984322069,0.0054720261739196,0.011379071613898,0.0062910870962615,0.006270874278143,0.0088281176576323,0.2411625900836005,1
2021-07-19,0.0011805498135817,-0.0149801969871347,-0.0081931405873638,-0.0147679489620452,0.0219276463394579,0.0052251257796668,0.0116267502605291,0.005647662511626,0.0072542246705836,0.0107055603408981,0.1675190975162075,0
2021-07-20,-0.001297100524211,0.0310302598299649,0.0116162822119567,0.0143302360627395,-0.0096389923789039,0.0051237170018129,0.0165814215773805,0.0067825199228527,0.0089104625438007,0.0112002673659795,0.1371671959262478,1
2021-07-21,-0.0037192566567244,0.0172240150420159,0.0077203482216738,0.0080963070637705,-0.0126669008930562,0.0051796519404728,0.0176009587889908,0.0072277560752108,0.0092446416306237,0.0118404698892444,0.097967438968482,0
2021-07-22,0.0019554505913503,-0.0158965712183359,0.006610244778884,0.0020943786456844,0.0094534732919635,0.0052080640681236,0.0180839538595043,0.0071220566866097,0.0087905609664817,0.0121635943696469,0.0892728484069482,1
2021-07-23,-0.0031344183025339,0.0046674718550376,0.0116774366387495,0.0102876644777327,-0.0066891104850952,0.0051883293677527,0.016498741834605,0.0077107557457547,0.0087443601414803,0.0113696636187975,0.0653493070953452,0
2021-07-26,-0.0023730060647713,0.0029149868187654,0.0007874474042315,0.0024550949421644,-0.0029627881169664,0.0052216197905418,0.0165644595103158,0.0076881796213184,0.0087152389918031,0.0114255521564624,0.0653215645800914,1
2021-07-27,0.001665073579919,-0.0116716593255976,-0.0110178001300893,-0.0045576734886502,0.0106708414883907,0.0052366815111323,0.0159321390732553,0.008682304809682,0.0087860801294242,0.0113118172831774,0.0310203236875975,0
2021-07-28,0.0050462528639669,0.0147046385533691,0.0038416144753656,-0.0004100615335725,6.680983393958506e-05,0.0040579674252925,0.0159621363268497,0.0087379026401968,0.0087904315043505,0.0109488434859309,0.0516614365591691,1
2021-07-29,0.0111052333709702,0.007698446574277,0.0017766831342798,0.0041476080299356,-0.0055461327353687,0.0055962305785182,0.0159012793215434,0.0082952303629202,0.0087291312743731,0.0106693400019421,0.0494730827923515,0
2021-07-30,-0.007886842666167,-0.006606118906229,-0.0052115940527299,-0.0048565654504945,0.0047038681909825,0.0052631639216713,0.0154117525363677,0.0079607999487966,0.0084241025385632,0.0107245623476347,-0.0199749059893313,1
2021-08-02,-0.0012366429443513,-0.004976053739368,8.22444961288138e-05,-0.0020979889097333,0.0089194178548781,0.0052713926673937,0.0144139242903888,0.0071798179711829,0.0063798874243337,0.0084406626356339,-0.0065578400907783,0
2021-08-03,-0.0007074766626713,0.0041370022858042,0.0060615310104998,0.0081354854494164,0.0005309910149355,0.0052583986091471,0.0108628433830259,0.0066134813239174,0.0053733399117075,0.0077870009333973,-0.0127287237788319,1
2021-08-04,0.0002359625041987,-0.0124510929670564,0.0014447109775141,-0.004919036664551,0.0020562516965294,0.0050875680728435,0.0100260692224516,0.006326425612789,0.0053975136742662,0.0062249902661317,0.0093200828513489,0
2021-08-05,-0.003952092100334,0.0179722056409545,0.0063430715617607,0.006332744547336,-0.0050977823558571,0.0052363328452867,0.0104279885293474,0.0063034628275963,0.0056510184853898,0.0060176381752105,-0.0050192481441104,1
2021-08-06,-0.0249911240403277,0.0061254136394566,-0.0043823892484118,0.0016526871835922,-0.0167002744864868,0.0094769970002645,0.0104850701240844,0.0054299148857682,0.0047365763809714,0.0079117348668076,0.1488434221843381,0
2021-08-09,-0.0177356546390323,-0.0055060980418201,0.0018476888098755,-0.0008135266739924,-0.0035870384289876,0.0106598071908633,0.0107197547379682,0.0054578735524525,0.0047061159592293,0.0079371864155161,0.1546960426285364,1
2021-08-10,0.0003091952224856,0.0019807090172172,-0.0051257505748455,0.0012438429517531,-0.004617837817745,0.0105903205706524,0.0097612375341258,0.0043279361169733,0.004393228278597,0.0069832692265667,0.2138765804605658,0
2021-08-11,0.0137849766251052,0.0048967309632614,-0.0017173010112577,0.0024851075335166,-0.0006139707334253,0.0117184644599718,0.0088250863373684,0.0042308985528566,0.0043969790391095,0.0069649649327181,0.1893078823134305,1
2021-08-12,0.0002438615008097,-0.0023692825468328,0.0036043483178425,0.0029967595854054,-0.0016386590788052,0.010715179986516,0.0085885770419225,0.0043486424163916,0.0043237020408616,0.0068523166282903,0.1799265269939757,0
2021-08-13,0.014325811995228,-0.0090966330930762,0.0035101625155118,0.0018197336038634,0.0157964564996559,0.0120799346603977,0.0088440575859568,0.0039806477144048,0.0037998817927205,0.0086492227695098,0.1747443665872104,1
2021-08-16,0.0049882915685997,-0.0093157094908545,0.0004336676637766,0.002354777067427,0.0024230302652172,0.0122807766790492,0.0092178149475943,0.0039715496041346,0.0035608899743171,0.008089373308659,0.1891866572128911,0
2021-08-17,-0.0014950364679763,-0.0121882798108744,-0.0088081711895735,-0.0065553538662307,-0.0004026860770202,0.012278724747466,0.0097619405322097,0.0046718514580564,0.0038278701245036,0.0080732533120819,0.2042339807927481,1
2021-08-18,0.0007786122169375,-0.0087336514487837,-0.0096245543156635,-0.0109451497601303,0.0033589488772702,0.0122880939780902,0.0093829542073367,0.0054611594158149,0.0050749167990016,0.0081425328314674,0.1969889277456019,0
2021-08-19,-0.0029324085892642,-0.0119806370112828,0.0048313633277949,0.0015485465775837,0.0073651598036643,0.0122685416573929,0.0068792943862574,0.0052396881365837,0.0046229555644548,0.008413287665036,0.1385083518796151,1
2021-08-20,0.0005401616803368,0.0168914410082849,0.0103584828769534,0.0079572251569086,0.0006643898876046,0.009007245241051,0.0091989287888886,0.0063152863646173,0.0053152659548736,0.0059966310872338,0.2618455021821506,2
2021-08-23,0.0121775573872815,0.0190235922517054,0.0149565097961164,0.0087963250733282,-0.0006639487667581,0.0066483839362969,0.0115795185053122,0.0079152024847345,0.005941626828763,0.0057676829685075,0.3199231714065368,2
2021-08-24,-0.0004741411312774,0.009835349988603,0.0030545382016227,0.0015874728301399,-0.0077767092057519,0.0067046411232252,0.0120670290568408,0.0076004476565957,0.0059430936792202,0.0062471463788213,0.2920991499715759,2
2021-08-25,-0.0069374338054435,0.0035171272184528,0.0011483973404584,0.0020985044297463,-0.0083062378433442,0.0066126182642878,0.0120087125698062,0.0074955066663752,0.0059350899899986,0.0070112682164088,0.3188565549596504,2
2021-08-26,0.0011344784228162,-0.0106040543060481,-0.0063499849697572,-0.0059033138573679,0.002769453208703,0.0065904796568603,0.0124305173058722,0.0079566943610219,0.0062869172993135,0.0069595939418012,0.3243509948207953,2
2021-08-27,0.0150295479213984,0.028201671952972,0.0097202846973891,0.008940971951356,0.0068031450056338,0.0067363636224529,0.0151235820973448,0.0083752727148933,0.0068585481117231,0.00529129348835,0.4507900907203059,2
2021-08-30,-0.0049356385559711,-0.0041075918265884,0.0112224274913939,0.0043975689445985,0.0026099927610054,0.007018298489834,0.0147580836534272,0.0088372305551686,0.0069337893959694,0.005298683765732,0.4262704059961827,2
2021-08-31,0.0020076547129428,0.0019514015244519,-0.0008155348765161,-0.0014816609812733,-0.0068069198608857,0.0069510219646858,0.0137882481991942,0.0079637571523863,0.0064742808690593,0.0058021068488719,0.4167233464555843,2
2021-09-01,5.8898619200498104e-05,0.0067281409435306,0.0016579639911924,0.00053148147431,0.0016749415004209,0.0069646311216157,0.0129960651276631,0.0065089714470111,0.0047789955632308,0.0057176638218833,0.4694491155721515,2
2021-09-02,-0.0026517204262498,0.0069469310788214,-0.0004727905459672,0.0030765971114263,0.0043657478005865,0.0069450213984783,0.0113720178711612,0.0067344991775945,0.004757233942442,0.0053451930617878,0.5115743363989431,2
2021-09-03,0.0106942248661374,-0.0046285652074194,0.0030756217319665,-0.00024266891214,-0.0090948396782235,0.0074942489010279,0.0115039208761253,0.0064102985579606,0.0045080223486677,0.0059701353180149,0.4686987793001041,2
2021-09-07,-0.0195837185346566,-0.0068871790408486,0.0014151020472177,-0.0035755894154662,-0.0084355352787356,0.0094612707516973,0.0110761965208124,0.0050611463970184,0.0041759653190938,0.0063511915167597,0.4635674044902521,2
2021-09-08,-0.0025044029033459,-0.010910335355535,-0.0034806070682504,-0.001217994120058,0.0068060768526345,0.0094808487868421,0.0116037892761353,0.0053745237241807,0.0042218388029133,0.0066026688432118,0.434042433461721,2
2021-09-09,0.0044234892872423,-0.0004912491079239,-0.0034401861798152,-0.0042804590126352,0.0121001875553274,0.0093391616347273,0.0115771753499763,0.0056183451438666,0.0044561507534953,0.0071430733790068,0.3845915349675721,2
2021-09-10,-0.0050586568451511,-0.0097851628183976,-0.0075895822864721,-0.007884525322566,-0.0088164242895586,0.0094868106205306,0.011491542771732,0.0058149711912397,0.0047811745872451,0.0077852394103967,0.4748330836816494,2
2021-09-13,0.0033497597913456,0.0056854866568003,-0.0006903677968131,0.0025593492546995,0.0060645333192734,0.0079986155159285,0.0067197601854532,0.0049776432080764,0.0037425095215914,0.0077180093139443,0.2841548937750813,2
2021-09-14,0.0064385465344383,-0.0127425511771667,-0.0028432198726174,-0.0053966338422987,0.0121233333575092,0.0082479676438193,0.0075841611815736,0.003123930484673,0.0035015572309795,0.0086044678391109,0.2538582818005762,2
2021-09-15,-0.0058642663796522,0.0090438205223164,0.0074348570216271,0.008352677145158,-0.0035071213842634,0.0083796968207914,0.0083324024481681,0.0041818331300176,0.004754872821805,0.0083308099646419,0.2249648008259284,0
2021-09-16,-0.0226419770619026,0.0007208247803445,0.0006877844704415,-0.001585130617279,-0.0045824718508945,0.0107730448365501,0.007860093068587,0.0041373960320841,0.0047357036614353,0.00853437796302,0.2089822606445643,1
2021-09-17,-0.0015850424237688,0.001305254618225,-0.0118423176493358,-0.0097411134879914,-0.0048035149728096,0.0107858886712974,0.0073051329398882,0.0054541422385673,0.0052143259660222,0.0085894442174369,0.1778700980330402,0
2021-09-20,0.007144154231069,-0.023777420871484,-0.0206633014817474,-0.0166741590026541,0.0124024825103101,0.0103251286574957,0.009875244855842,0.0077951541659877,0.0068316866376192,0.0088073494208676,0.1185974754440641,1
2021-09-21,0.0066690361855508,0.001519488087758,0.0012307187257007,-0.0009446695965653,-0.0008616899206912,0.0090670876387516,0.0100328628974318,0.007780861359692,0.006897805177013,0.0081148660016804,0.12070722224047,0
2021-09-22,-0.0037340107339023,0.0155388232734765,0.0093403751620912,0.0097548109845786,0.0059646894367053,0.0090985972408849,0.011387013441831,0.0088769468093439,0.0081010126559533,0.008071723165623,0.1729057595001544,1
2021-09-23,-0.0115463890899011,0.0177001235974896,0.0092269259105575,0.0121498273262448,-0.0225968275614331,0.0094199853148422,0.0128848390572859,0.009651389299458,0.0092966507507459,0.0105997675000049,0.0736645340391608,0
2021-09-24,-0.0012842729015525,-0.0048230711335959,0.0009384394148581,0.0016473024620966,-0.0097735599088037,0.0093897836523196,0.0125346314488018,0.0094348166293957,0.0089891898233182,0.0106835720237194,0.0303665448412094,1
2021-09-27,0.0020820350982042,0.0151983632421062,-0.0079822500792616,-0.0028607313931747,-0.0036757441780012,0.0093131940941784,0.0132678316188078,0.0097102073424446,0.0089819456174956,0.0104128683930441,-0.0049906500079201,0
2021-09-28,-0.0097164284027198,-0.0227430036893089,-0.0282975889970468,-0.0201519968658996,-0.0155770793194037,0.0089993282047476,0.0147894782243897,0.0129219676258982,0.0108814374010109,0.0099320357672985,0.2108736926096517,1
2021-09-29,-0.0045047560246321,-0.0021241580664635,-0.0016393071948627,0.0016831576170863,0.0017353594425517,0.0089790829592057,0.0145313276066214,0.0123356382735329,0.010368325992731,0.010138276778277,0.2091814305758267,0
2021-09-30,0.0179766536376111,-0.0093741806787951,-0.0036742448329298,-0.0122223063480785,-0.0001384236953294,0.0087490323071454,0.0148121659265478,0.0121923824117349,0.0107818057702582,0.0102156262554862,0.1938431663293587,1
2021-10-01,0.0022530453929923,0.0161370721911444,0.0062018424984677,0.011884152269697,0.008415425874559,0.0087486423122381,0.0157961152209389,0.0124549292994875,0.0115824966205422,0.0108943427690962,0.2511511234160276,2
2021-10-04,0.0046783175745395,-0.0090875706092163,-0.0209895761150402,-0.0128959167539203,-0.002545939568407,0.008574648777999,0.0138713932113949,0.0125051203181414,0.0110861648828686,0.0095825512836099,0.3316321648600601,2
2021-10-05,-0.0046565328351404,0.0034503814343564,0.013498944671048,0.0104047937872171,-0.0096561319298192,0.0083839132512057,0.0138805804632262,0.0135831495752181,0.0116797709493764,0.0096752863753693,0.2921162615803694,2
2021-10-06,0.0026733243283083,-0.0052030692488698,0.0064078060830372,0.0041559683648522,0.0056413833704898,0.008383448228946,0.0131616814522897,0.0133323513853664,0.0112844774478848,0.0096358347783998,0.2725464495915307,2
2021-10-07,-0.0052717392208854,0.015418178161408,0.0091752187908342,0.0086458383821574,-0.0104578012173345,0.0076422886624848,0.0128347496584082,0.0133272506095684,0.0108914356227261,0.0077216025522699,0.3605768440997839,2
2021-10-08,0.0004263649114784,-0.007524883280173,-0.004986715600026,-0.0018237422944624,-0.0069989134165556,0.0076189377160403,0.0129679363127703,0.0132823112597167,0.0108539667983357,0.0075225310405565,0.3711648178902393,2
2021-10-11,-0.0018875818465466,-0.0057314137151162,-0.007669684667537,-0.0072398090636102,-0.0025371463514951,0.0076361883108305,0.011771244607504,0.0132702440643899,0.0110103327312494,0.0075252619122306,0.3990197721323419,2
2021-10-12,0.0045144308286373,0.0054921807482584,-0.0034878488536538,-0.0024615135557015,0.0171001840248938,0.0068711381737244,0.0096119119580752,0.0099632853977863,0.0089556690813755,0.0085801488540836,0.1202541535839933,2
2021-10-13,0.0177941978052773,0.0047399209220098,0.008007953359453,0.0035976439440963,0.0097261969111044,0.0081600228304726,0.0096767122663668,0.0103245031336124,0.0090156010454045,0.0091097072944585,0.2116402442054112,2
2021-10-14,0.0024464685904206,0.0148268442335943,0.0184169001365133,0.0168206517405424,0.0037152386833678,0.0064770032396064,0.0098651226414885,0.011667928583222,0.009242718272037,0.0091444628352252,0.308746881587469,2
2021-10-15,-0.0158928462437221,-0.0031434348481759,0.0063004272985167,0.0076158175390239,-0.0058268539030409,0.0086635022893247,0.0089043024043385,0.0116714848980888,0.0088840378585633,0.0090109029638383,0.270810008176228,2
2021-10-18,-0.0024799108302698,-0.0005774166503239,0.0100558430798514,0.0029605905456144,0.0046891408587821,0.0085735547098054,0.0081755502758878,0.0084128773102477,0.0070126809550845,0.0090902948308806,0.2537944445766503,2
2021-10-19,0.0032136719935804,0.0037329192896964,0.0075676614474053,0.0077147460468016,-0.0137949073548957,0.0084831629051686,0.0081809350595049,0.0079903787387866,0.0067994559340824,0.0096810970707826,0.2657307160639487,2
2021-10-20,0.0087639587487922,0.006641009439126,-0.0013049687669361,0.0039276615725474,-0.0067498300464726,0.0088624249841591,0.0078398380453001,0.0082064317349174,0.0067992521876863,0.0096896709739409,0.263034582418879,2
2021-10-21,-0.0008987052245035,0.0025510341098073,0.0061066308026846,0.0026083396372726,-0.0011910531208347,0.0086140596784091,0.0066044668725985,0.0080560288657881,0.0066037353403967,0.0091232896618502,0.3281526098441626,2
2021-10-22,0.00611696715119,-0.0023689477934124,-0.008402342880593,-0.0010363231181754,0.0110130658796292,0.0087152831238732,0.0059370645768665,0.0085329942587232,0.0065392778656318,0.0094027093744949,0.2429361497458049,2
2021-10-25,0.0069141585133207,0.009498221472638,0.0102379690541094,0.0053629540130968,-0.001526878304477,0.0087045192804093,0.0054946629556662,0.0077585990742928,0.005357695741417,0.0093584703947608,0.1510964215793806,0
2021-10-26,-0.0073995149126601,-0.0075359445622138,0.0031485222043647,0.0008999937643137,0.0082691328010147,0.0092781306020767,0.0065762872838881,0.0071809925245841,0.0049474190295002,0.0080738971520718,0.1912663537532842,1
2021-10-27,0.0026240604760581,-0.0183901105260051,0.0023213934138994,-0.0044301527056136,0.0181942897699405,0.0074413244983652,0.0093254160637557,0.0072304874079357,0.0057885631170496,0.0094390226445755,0.0770924654522637,0
2021-10-28,-0.0002378853633973,0.0199420337336655,0.011105120867576,0.00964874884844,-0.0033844579400875,0.0074052565341482,0.0102877952905307,0.0060455422007433,0.0043136582361966,0.0095353728335662,-0.0381863062633607,1
2021-10-29,-0.0085079005175623,-0.0002630318028977,0.0049192770365968,0.0020290700254188,0.0030563088688044,0.0058387518978905,0.0101977385872758,0.006020989397571,0.0040807906635052,0.0092411474552587,-0.0300167354581765,0
2021-11-01,0.0052205845054933,0.0259153082509433,0.0034186857841371,0.0017203278934421,-0.0071994573774242,0.0058642560024319,0.0127668393423571,0.0057074009860763,0.0040998627861976,0.0095943572442861,-0.0478042375087845,1
2021-11-02,-0.0021490007233168,0.0020942901010401,0.004181309975771,0.0040431777506428,0.0044383409177346,0.0059430285897079,0.0127807608103581,0.00556507337131,0.003766071235405,0.0081665796480275,-0.0540794122517998,0
2021-11-03,-0.0083153826226166,0.017871694831685,0.010615602628754,0.0061053033974687,-0.0103339563857024,0.0059322953482204,0.0135288608656184,0.0056795954111125,0.0039190975875632,0.0086797718910047,-0.0635149160483575,1
2021-11-04,0.0113409517739619,-0.0003771382953537,0.0128185718493047,0.0047122904927039,0.0105106739374216,0.0070379443354766,0.0136175051778114,0.006226041687733,0.0039700632148727,0.0089658396431429,-0.0046254121222896,0
2021-11-05,0.0130629437586407,0.0136656941076938,0.0009540133200347,0.0034697995801507,0.0149555545844464,0.0079330758101501,0.0136446918834913,0.0043294725860289,0.003720845422319,0.00941779371906,0.0435244533458819,1
2021-11-08,0.0035916193093763,0.0031017519778595,-0.0013547126790554,0.0008535647022576,-0.0018750940026512,0.0077368886780213,0.0136250037633457,0.0047142505204866,0.00372386357489,0.0094398764915574,0.0506698486797412,0
2021-11-09,0.0049281100201232,-0.0058130133355026,-0.0068830742228217,-0.0033052673012311,0.0130183336378633,0.0072289038902299,0.0134501758508718,0.0060736464141631,0.0041844311094578,0.0098095784404699,0.0221468958316239,1
2021-11-10,0.0108587815007061,-0.0157578334061857,-0.0146970901272059,-0.0080450048408714,-0.018283363691168,0.0077391849518484,0.012940821974695,0.0085436005676513,0.0049366864124307,0.0107400120037681,0.1903419726905296,0
2021-11-11,0.005602086369596,0.0080473039328188,0.0027725743409401,0.0003235550589473,-0.0014844083637031,0.0076896269342099,0.012035826006255,0.0080010454147557,0.0041799360283218,0.0106804882867484,0.2083720940532334,1
2021-11-12,0.0018952552280546,0.0010030288314206,0.0105227092753314,0.0075470369068257,-0.0043920364613898,0.0064843368364498,0.0119826242830737,0.0084378298728909,0.00464162744154,0.0107558292386402,0.1718789938108415,0
2021-11-15,-0.0015477459282561,-0.0039665649457666,-0.0002281220850406,0.0003422360059219,-0.0125569384605251,0.0067601520870907,0.0096862932833635,0.008459758769791,0.0046627676812951,0.011271761482704,0.244057287060833,1
2021-11-16,-0.0072338647365848,0.0018446400190224,0.0071210633914069,0.0039579167485304,-0.0025436593465111,0.007426349612542,0.009686307527003,0.0085989270391337,0.0046578887107145,0.0111404544112698,0.2402780754400956,0
2021-11-17,0.0091371839450924,-0.0130968661543323,0.0005284055798684,-0.0024292085031308,0.0079252373339364,0.006332666553809,0.0089577040871984,0.0080729138472526,0.0045197158754052,0.0109903249274848,0.289965949631347,1
2021-11-18,-0.0032091550635745,-0.0042399979452674,0.0103612755286401,0.003396416937347,0.0037598856752727,0.0064264627167545,0.009004563205619,0.0077075889329733,0.0044091051696755,0.0105056147577486,0.2019395425772354,0
2021-11-19,-0.0076463252408123,-0.0091116813661233,0.0055753976105816,-0.0017882572072153,0.0105581846429836,0.0064138283890856,0.0074894952352162,0.0078478118434154,0.0043433468765221,0.0098763798078392,0.0740472869630116,1
2021-11-22,-0.0224204571201155,-0.0042540525044162,-0.0116089371478629,-0.0028152411993851,-0.011728245602128,0.0098744540007998,0.0070868413912563,0.0088496389446149,0.0044254170587831,0.0104914674643952,0.2315596783601088,0
2021-11-23,-0.0086524040911349,-0.001726198462897,-0.0045580061023702,0.0013261595024205,-0.0144588592957295,0.009907940953732,0.0071226686156639,0.0086672576628803,0.0043147806870727,0.0098222715928016,0.2708130040626205,1
2021-11-24,-0.00095650205211,0.0010806875139748,0.0032203469234861,0.0026694903685162,0.0160554826208114,0.0088045762365577,0.0059632406728957,0.0068118291107022,0.0032419020293781,0.0103847707522009,0.2916102812223856,0
2021-11-26,-0.0016155398609397,-0.0376975383412749,-0.0189586776016283,-0.0223028741058173,0.0252689851695817,0.0082538393448415,0.0117554399509859,0.0095752225689602,0.0081473215752752,0.0132613498024203,0.1689189127956863,1
2021-11-29,-0.0013785494630753,-0.0006279628866651,0.0217022864701814,0.0122666839589744,-0.0080386814021082,0.0080464349848026,0.0116425847421331,0.0113944946109711,0.008807989553565,0.0134982198954393,0.1415521441554978,0
2021-11-30,-0.0067218530188996,-0.0203855787306515,-0.0146863506774274,-0.0194577395910796,0.015202329052111,0.0079979729950188,0.012279456288333,0.0124779052715248,0.0106260534342798,0.0131534860464476,0.1358697600759987,1
2021-12-01,0.0039879375354041,-0.0225051891370675,-0.0170129269572518,-0.0111072138928037,0.0061692620823383,0.0084358593041967,0.0123434778332447,0.0132307638413964,0.010673791735194,0.0129440512302107,0.1186300547188496,0
2021-12-02,-0.0055368208273283,0.0279001253782444,0.0072071017455401,0.0153161986655372,0.0012468916226517,0.0070730780269245,0.0174261200412584,0.013567354852028,0.0123170377824702,0.0129527262093859,0.1312498581444371,1
2021-12-03,0.0084120028046472,-0.0205279587653712,-0.0173886918721456,-0.0087011452452283,0.0119326433340265,0.0083204583860187,0.0178785387221558,0.0136241332696578,0.012294956934683,0.0131637212995009,0.0884789747570718,0
2021-12-06,-0.0024605632244788,0.0200733703081128,0.0080131678099326,0.0118431588249663,-0.0137357069084581,0.0082467344812853,0.0200674767993098,0.0138474224638037,0.0132215630496772,0.0142649303887038,0.081058317654167,1
2021-12-07,0.0035494906362516,0.0231940551871809,0.0301136006337725,0.0206848246179998,-0.0080796237669799,0.0052547722635093,0.0220880503543013,0.0172931992723353,0.0150426164062449,0.0138941309859345,0.0507552506777775,0
2021-12-08,0.0005395140531609,0.0068274746718608,0.004474468984263,0.0026480909446042,-0.0172848385932959,0.0045509351788331,0.0223125991089522,0.0172781862560856,0.0150588874454672,0.0143145979100161,0.0130405141912873,1
2021-12-09,-0.00611137837611,-0.0226476007401972,-0.0147143521498205,-0.0067516245342414,0.0055931080713942,0.0049207885168433,0.0231625523150024,0.0179033638602676,0.0151942439573226,0.013609059652709,0.0247331601482676,0
2021-12-10,0.0042198994914228,-0.0027663915164285,0.0108704041508749,0.0094135145635851,-0.0024122985247408,0.0051454538758256,0.0200477297103041,0.0170673450993361,0.0133486062792618,0.0108459022692326,0.0381886123238253,1
2021-12-13,0.0025213000620043,-0.0146138057060919,-0.0144467868114862,-0.0088584666202881,0.0147790304680162,0.0051895957645427,0.0204904867507786,0.0162036137817056,0.0133231040030907,0.0115631875894393,0.0461553677966855,0
2021-12-14,-0.0093413027460703,-0.0086096453803732,-0.0103503321923033,-0.0068797594637166,-0.0023832601630651,0.0056276569456483,0.0196733614865271,0.0158738476625731,0.0117274623962705,0.0105101905231369,0.0770481625016338,1
2021-12-15,0.0042915343604976,0.0158746174712118,0.0227974481730697,0.0156249031211281,-0.0096218569574306,0.0056524573023854,0.0188165484767924,0.0164822516675679,0.011513130624753,0.010596521480749,0.1142008826415678,0
2021-12-16,0.0120975614773557,-0.020222475354737,-0.0257146133901065,-0.0088185730966778,0.0003892616479466,0.006427845769733,0.01771152160087,0.0186216193398326,0.0115081026687054,0.0105707929251704,0.070717141373792,1
2021-12-17,-0.0021408218512823,0.0091939971268102,-0.0049891913932423,-0.0106429161493363,0.0113319746135613,0.0060730281696784,0.0167904830656743,0.0177756690607811,0.0117234769104268,0.0104836536730223,0.091772004184951,0
2021-12-20,-0.0042312675861405,-0.0140372241512662,-0.0097002557393369,-0.0106332474293687,-0.0074922007135451,0.0062004323965286,0.0158396021868365,0.0178379246872719,0.0117442366936868,0.0098853464899182,0.1633704591892448,1
2021-12-21,-0.0004188884251822,0.0285684745420169,0.0223802211395511,0.0177588212595114,-0.0038078152744034,0.0061127512012299,0.0168761217711049,0.0164443682229164,0.0111830023500082,0.0096600252540739,0.1496479868641156,0
2021-12-22,0.0094000241005176,0.0096254064737248,0.0121787196246747,0.0099987037495261,0.0046273311469906,0.0067821888877715,0.0170653500036001,0.0169509150765993,0.0116599504362449,0.0079041798710683,0.2085042981141613,1
2021-12-23,0.0022540179789249,0.0079897544500653,0.0075390868819444,0.0062221698278341,-0.008676899554479,0.0063026100616083,0.015629046578459,0.0164277162160075,0.011543832460003,0.0082820442511356,0.1895066091472509,0
2021-12-27,0.0023672479942868,0.0093675267250408,0.0165272283164978,0.0141521734419967,0.0024233954732391,0.0062527351713201,0.0157659165379904,0.0168939826025155,0.0120012448117395,0.0082879093003409,0.2108646337082526,1
2021-12-28,-0.0043100652334197,-0.0061125550730383,-0.0046347890930427,-0.0008172241876791,-0.0039629205955482,0.0065181439263064,0.0149603622690801,0.016124414931379,0.0114657568519238,0.0065510386549167,0.2863694975771562,2
2021-12-29,-0.0002965076609273,0.0010774176468799,-0.0001491184151981,0.0012791502821138,-0.0109246021839594,0.0054669834686317,0.0144170703135037,0.0155254002995249,0.010997228309281,0.0071746501407479,0.252655227910935,2
2021-12-30,0.0071772153754725,-0.0002691902395512,-0.0029887289051792,-0.002764482154252,0.0083864211857354,0.0056792078537405,0.0138487959972028,0.0140591200882189,0.010239589954131,0.0074626234039511,0.2626897680145271,2
2021-12-31,0.0068315879932923,-0.0021530957272454,-0.0062444290085589,-0.0025200956074444,0.0019608045902992,0.0048406906170503,0.0115380430250721,0.0109447368812394,0.0097093232195014,0.0075061831323472,0.3707908847829053,2
2022-01-03,-0.0153837434459995,0.012901799426249,0.0096265444113647,0.005789990578592,-0.0262498800791606,0.0072225127173312,0.0117691552029156,0.0107343935914158,0.0086234401470515,0.009890392530756,0.3600752521161682,2
2022-01-04,0.0073665150577768,-0.0015090685957528,-0.0129705759520576,-0.000334998787944,-0.0041584366032031,0.0073373538548546,0.0101022278788085,0.011250899387138,0.0071994440907621,0.0098295185552537,0.2563767805296529,2
2022-01-05,-0.0030076649383511,-0.0338696054085869,-0.0307208042382135,-0.0192021662655998,-0.0054277193945148,0.0074572192208002,0.0133436639664649,0.0138980417853105,0.00909027938399,0.0098386426251034,0.3611469153157066,2
2022-01-06,-0.0122441269095148,0.0057049314103698,-0.0007027403457384,-0.0009394431730281,0.0025887009330207,0.0079503590550315,0.0130746861005735,0.0130957342346965,0.0085535168681808,0.0096548091668668,0.2557392753113026,2
2022-01-07,0.004551137683908,-0.0115737132507727,-0.0108325792282424,-0.0039535098260997,-0.0071883470774055,0.0080844575038598,0.0130957165217052,0.0128210593199632,0.0083452234997882,0.0095928893683568,0.2474206702730853,2
2022-01-10,0.00304020570394,-0.0034711981305443,0.0006578624727597,-0.00124441304713,0.0024606428177385,0.0081155199398909,0.0123980990316206,0.0107742167431129,0.0064607666497038,0.0095957774901914,0.1795954010614102,2
2022-01-11,0.0120646549718888,0.0106351255555496,0.0150218843184737,0.0091082968346611,0.0066612836265578,0.0089036372209091,0.0131768333515753,0.0126582425740328,0.0074323730434285,0.0102003781109373,0.3242291637449415,2
2022-01-12,0.0026426227304801,-0.0074442228060597,0.0039658377183062,0.0027036277038503,-0.003831389097826,0.0089042304220526,0.0132130470486545,0.0128600935564524,0.0075043929105319,0.0098430617641539,0.3257704031620403,2
2022-01-13,-0.0033969884760131,-0.0091670963573111,-0.0250160881976175,-0.0137786263086956,0.0088808757316038,0.0087558726639276,0.0133001861672324,0.014536433997318,0.0084819851538348,0.0099047604588662,0.2752129298873392,2
2022-01-14,-0.0028796749096049,0.0014017545661446,0.0062223311023033,0.0004090418255826,-0.0151097628653757,0.0084785017338013,0.0134019918901002,0.0150133683971248,0.0085292470535838,0.0105160379283634,0.2529274371726014,2
2022-01-18,-0.0016502550970624,-0.0302365922746947,-0.0248940761611976,-0.0177097306127727,-0.0140742718965818,0.0067829305684581,0.0143923247454765,0.0153750895635646,0.0093025816550749,0.0080982759874349,0.4669518969083006,2
2022-01-19,0.0158805268970951,-0.0162632941350947,-0.0109836792242349,-0.0103836053543621,0.0069232264085954,0.00812202063871,0.0144145761583022,0.0153153911241955,0.0093460097118398,0.0086494073515161,0.4257131659837281,2
2022-01-20,-0.0024988838330701,-0.0180971720034492,-0.0129884019697529,-0.0110679001629619,0.0061674631330528,0.0080921846498062,0.0121239794154675,0.0132439382247922,0.008318327769757,0.0088847953479158,0.3538966357988485,2
2022-01-21,-0.0032624385581478,-0.0187299675890403,-0.0277285188488636,-0.0196307245269428,0.0119062436500145,0.0067835509118712,0.0115363815920638,0.0147274483456397,0.0094112041287625,0.0097124485831744,0.3807092850598688,2
2022-01-24,0.0054941987347396,0.0230468802415637,0.004577780045081,0.0042469377063656,-0.0082151855631705,0.0068224646226863,0.0155918608866106,0.0152707952316873,0.010001789909656,0.0098051608775297,0.3388862097477844,2
2022-01-25,0.0031971345443269,-0.0133478357849344,-0.0231814743547209,-0.0122092207725912,-0.0016152007120376,0.0068239146717859,0.0156679078927278,0.0157747535512704,0.0100557117193499,0.0097843731124394,0.3334946344290879,2
2022-01-26,-0.0161664649166773,-0.0144336618023792,-0.0015646815968953,-0.0025088521701467,-0.0120937951949273,0.0081628107536848,0.0143358228713274,0.0136369843624307,0.0085711115821634,0.0101086594633209,0.1602606472522459,2
2022-01-27,-0.0128982111385479,-0.0227076608967506,-0.0100703486627476,-0.0049379155118922,0.0183628920532903,0.0089858265278988,0.0147998189732124,0.0125893532983278,0.0078191603010134,0.0119555328988912,0.1295803777077044,2
2022-01-28,-0.0029832934474428,0.0194758787382385,0.0313689271252741,0.0248355942588192,0.0003494711591547,0.0089786993786758,0.0178374791206048,0.017899106487611,0.0129288560442637,0.0115581569518225,0.1952565507180779,2
2022-01-31,0.0059245373920675,0.0306786253812376,0.031978292815981,0.0180109893565174,-0.0051699291199026,0.0092849645965091,0.0217138715081277,0.0214932510406513,0.014794852498824,0.0105702461837833,0.2440893788409718,2
2022-02-01,0.0008328835308379,0.0105346023723751,0.0068035943296291,0.0067569833255007,-0.0033195853890151,0.0092957589606091,0.0204618745996514,0.0204380373195564,0.0141247503947861,0.0094367707665014,0.1580967328673439,2
2022-02-02,0.0036259919505645,-0.0099330598483162,0.0081253892418033,0.0097139607390743,0.0033870372498781,0.0075111593169136,0.0200651203688671,0.0203123905994753,0.014021463614781,0.009268629457372,0.2103986091527977,2
2022-02-03,-0.0014214062993387,-0.0189234109927504,-0.0405438727163582,-0.0235048080733967,-0.0078057408701276,0.00750891853922,0.0201432867943487,0.0239278076818766,0.0156942340473128,0.0094505051193646,0.2643268411592777,2
2022-02-04,0.0015420788696549,0.0043033994763448,0.0126150536174258,0.0047021432158891,-0.014742325749379,0.0075560690850791,0.0192425451314345,0.0224688376625983,0.0141049841886565,0.0093447134134024,0.295965829546002,2
2022-02-07,0.0074025819938519,0.0049399538766439,-0.0080445680700265,-0.0032092733561632,0.0006475514247161,0.0077674602347652,0.0177150962256692,0.0226623239276339,0.0141997554934207,0.0092237209713384,0.2974703969259466,2
2022-02-08,0.0030568706754168,0.0170546202507182,0.0112354576273931,0.0082278099559369,-0.0066861195252807,0.0077589715374357,0.0179564993534476,0.021189880682439,0.0134140100032662,0.0093268161389576,0.3160363640737064,2
2022-02-09,0.0033991784238243,0.0189877743235749,0.021190651983171,0.014636211195893,0.0018820494026976,0.005745606497635,0.0176450501172136,0.0217184251388689,0.0136110676190345,0.0087959715605182,0.2629894619496657,2
2022-02-10,-0.0037965605384254,-0.0153428932485779,-0.0226323843284733,-0.0179657764336111,-0.0158925815499538,0.0036732570718819,0.016453058500918,0.0231004834235513,0.0152485854399407,0.0067052517737378,0.5473799802338448,2
2022-02-11,0.0190548783215331,-0.0101257814685182,-0.0317218112108975,-0.019718682939314,0.0148277667869567,0.0062321458333232,0.0164575392723265,0.0237680281422368,0.0150637823186606,0.0090709059082137,0.3324932845897561,2
2022-02-14,0.005350715998122,-0.0034760530919061,0.0012390562638535,-0.0032694578679728,-0.0124412270593612,0.0062146864218936,0.0133819257805896,0.0208196376205923,0.0136351751719874,0.009518966735672,0.3084309264414632,2
2022-02-15,-0.0094998489751925,0.026809143184302,0.0248638841740447,0.0161270988572557,-0.0113530000784337,0.0075068170990535,0.0156325769579197,0.0225860473388903,0.0146180764787595,0.0097889766977917,0.2114019301657423,0
2022-02-16,0.0102842544515013,0.0020864952492933,-0.0002524181810953,0.0011208436612735,0.0059269383817639,0.0078677812983601,0.0151153976324743,0.0223072559224495,0.0141350456088434,0.0100548540276743,0.2419855424760841,1
2022-02-17,0.0136680737807737,-0.02561872573423,-0.0297440548015677,-0.021361500335394,0.0074383595919751,0.0082488597676189,0.0162796847015688,0.0204857442633807,0.0137895714666455,0.0106468576612726,0.0821114868628021,0
2022-02-18,-0.0007334549100845,-0.0085984600148638,-0.0114054311654533,-0.0064750421594965,0.0105270703889746,0.0083865039018858,0.0165819287114611,0.0199670419346655,0.0136316478034391,0.0105589849993502,0.0893684113198468,1
2022-02-22,0.0020890378623359,-0.0140873066705773,-0.0100436122883944,-0.0107318138461807,0.0026047594695384,0.0083729188664923,0.0171206384034313,0.0200161166564633,0.0138388925400807,0.0106009291588249,0.0914071630212669,0
2022-02-23,0.0045072272703239,-0.0187124494285368,-0.0256153853550082,-0.0177385529665995,-0.0137818636955384,0.0083617910712529,0.0166043725172105,0.0201426181182291,0.0137376216724874,0.0112897441294864,0.149887950872184,1
2022-02-24,-0.006450131470019,0.0262202321854667,0.033604579757493,0.0150492160732635,0.0006583998648406,0.0090488551853764,0.0178656269319905,0.0224231892074108,0.0138087878172763,0.0112613162806659,0.1013548603952503,0
2022-02-25,-0.0033306782201846,0.022520873700371,0.0155069828882861,0.0220638483572412,0.0007310599665231,0.0090085248457352,0.0191785751075886,0.0227424019452101,0.0157763713434282,0.0099992595001399,0.0106674210427593,1
2022-02-28,0.0103653457911194,0.0040493676986623,0.0029791168034174,-0.002558540069906,0.0219187571752041,0.0076587311767871,0.0188932271267701,0.0204670673501834,0.0145826838087652,0.0112946431409092,0.0825508432902546,0
2022-03-01,0.0181634159977936,-0.0188370678802283,-0.0153116253330803,-0.0152300871890426,0.0115616755675334,0.0091012843856571,0.0199056940833517,0.0210274296213927,0.0152834565291017,0.0105971035468316,0.0652346787206332,1
2022-03-02,-0.0104063398329514,0.0238105218796005,0.0167794191301597,0.0183961316660925,-0.0341826698501299,0.0092528980270471,0.019467756659026,0.0200312153166817,0.0155956957810733,0.0155047160981596,0.039722533917287,0
2022-03-03,0.0059534153989566,-0.0118486730090193,-0.0142848012329042,-0.004978514490965,0.0101851579606009,0.0090147835058592,0.0197416292037518,0.020356785168272,0.0155903637511203,0.0157019016748953,0.0198794730077328,1
2022-03-04,0.015929145881701,-0.0156576650333182,-0.0144918139141724,-0.0081246210813573,0.0172641296288915,0.0093244632423692,0.0186444732447009,0.0186967825764175,0.0143065419335962,0.0163887083098281,0.0271665944785983,0
2022-03-07,0.0148628652830302,-0.0248664782754584,-0.0368811784392659,-0.0294791059968031,-0.0076297384294494,0.009809224627028,0.0200284343572728,0.0215968880820816,0.0168942791779596,0.0164369093714155,0.0456369373865426,1
2022-03-08,0.0273589976102941,0.0055231261681381,-0.0046482561943395,-0.0075817041785575,-0.0100597939531014,0.0119493122646457,0.0197521828014528,0.0215179148901428,0.0167699070003975,0.0167781429021226,0.0590423737274911,0
2022-03-09,-0.029711176156992,0.028184303016272,0.0359981861854883,0.0268107905595933,-0.0097987442233361,0.0168558170459276,0.020571688544617,0.0234504462159511,0.0182747028792062,0.0164678152778913,-0.0283312872278747,1
2022-03-10,0.0031212277978962,-0.0017974047813799,-0.0111048782863688,-0.0045155831231482,-0.0143675515757569,0.0164459983296453,0.0190469313906856,0.0208582642605528,0.0176934873463442,0.0170817109867499,-0.0204066361054868,0
2022-03-11,-0.0070278841281574,-0.0159564012592549,-0.020738437256214,-0.0127151832223239,0.0033465671904799,0.016699454172974,0.018103743850768,0.0205190821047043,0.0161082719238313,0.0171385388736565,-0.0107690139513314,1
2022-03-14,-0.0150737119311383,-0.0204340018611899,-0.0192043447692236,-0.0073081875485061,-0.0233487988154371,0.0176767935129236,0.0187283691229304,0.0206189040665108,0.0161311314076745,0.0163193670065068,0.0232149094846265,0
2022-03-15,-0.0187054503841188,0.0159304968335858,0.0313666150391489,0.0219903948616257,-0.0017453926265186,0.0178485110627158,0.019135714103419,0.0239000976903044,0.0176003510803574,0.0152635444556876,0.0392497165648944,1
2022-03-16,0.0062608034043758,0.0314638376160931,0.0370866943712682,0.0221742756754512,0.0098074576396265,0.0176883981096033,0.0203823119588012,0.0265511919520307,0.0180907467506292,0.0126921915840288,0.2082105891942341,2
2022-03-17,0.0048886445734495,0.0156977879715369,0.0121062904620656,0.0125109222366288,-0.0074535258170113,0.0176537350906225,0.0206053071312285,0.0264717112648175,0.0184380757945366,0.0119144477437292,0.230248078718573,2
2022-03-18,-0.008789852082788,0.010530942023037,0.0204678147648742,0.0109526469042544,0.0122125734048159,0.0169204692716117,0.0197867078771037,0.026514396839562,0.0183324614237831,0.0109630318470886,0.2916336080184712,2
2022-03-21,0.0076407980695463,-0.0088290181550898,-0.0027799070548333,-0.0002922391637415,-0.023156515411655,0.0162481679707703,0.0176870904030024,0.0224973725249596,0.0144487508602186,0.0123976640902641,0.3278246500316611,2
2022-03-22,-0.0072507752912509,0.0100272044328089,0.0196527062097564,0.0117012100621718,-0.0128115866485469,0.0122582538654518,0.0177300067069238,0.0223084134508968,0.0136704941494968,0.0125165026127887,0.3485509430468043,2
2022-03-23,0.0136596617969724,-0.0173491781805694,-0.0143713751040057,-0.0128783540300214,0.0219150456248033,0.0106920254739026,0.0173805862921783,0.021530481923196,0.0134034394067587,0.015350023379731,0.3229815111942279,2
2022-03-24,0.0072603670972126,0.0114986111203865,0.0222264378862475,0.0150744081317495,-0.0078327553504605,0.0109936628699352,0.0175714137505657,0.0212963222496968,0.0134258188222116,0.0149732878006166,0.3347046256144372,2
2022-03-25,-0.0040954512095379,0.0013603911936379,-0.0008339820245972,0.0048835059877119,-0.0138730926938658,0.0108746295630878,0.0162727134678869,0.0190647548383978,0.0117285600124678,0.0151631905021269,0.344373412460829,2
2022-03-28,-0.0182037900829754,0.0003395194074475,0.0154724723013348,0.007112989799038,0.0085497835206236,0.0113461056734105,0.0138054585574326,0.0159455350927923,0.010472808983235,0.0141058572440988,0.1644670794652137,0
2022-03-29,0.0004467878484613,0.0267715994466246,0.0172095814161672,0.0123710005964639,0.007552420127213,0.0096530532121929,0.0149564983943518,0.0148253373711607,0.0095840795744831,0.0143870312009641,0.2126315567835971,1
2022-03-30,0.0080384193720695,-0.0200747218246679,-0.0110455646467249,-0.0061747377197248,0.0078015273207243,0.0097927944433023,0.0149103608748957,0.0137769438835887,0.0092304311805687,0.0142404475311922,0.0569021357869531,0
2022-03-31,0.0003875958839294,-0.0105563057692606,-0.0123947206886868,-0.0153912923172452,0.0024289871986999,0.0096640854657398,0.0147359747452808,0.0150480793942899,0.0109428104697594,0.0140622313296349,0.0642907074034057,1
2022-04-01,-0.0063658673420345,0.0112048147350782,-0.0019033498837401,0.0028340024629422,0.0038064655190797,0.0094496647200113,0.0147890389430879,0.0141910809996083,0.0105599326014446,0.0135099866330089,0.0464151412840662,0
2022-04-04,0.0048467694550835,0.0016379815138014,0.0205887186769508,0.0085664833506822,-0.0069495516425674,0.00924266865345,0.0144261357668684,0.0150113587646202,0.0107236596499615,0.0112876474580554,0.0188917308718909,1
2022-04-05,-0.0062648425714558,-0.0236641751463639,-0.0222040176500756,-0.0126311401561011,-0.0225924297397064,0.0091631586260483,0.0160523041056561,0.0163867907295204,0.0112305977831064,0.0129276789127125,0.2328640110271507,2
2022-04-06,0.0023432166707968,-0.0141879499700101,-0.0217115239857792,-0.0099993281168181,-0.0080940253032321,0.0078959360121842,0.0157420135626839,0.0173041970889958,0.0108846152349273,0.0105627931279448,0.3335601086978357,2
2022-04-07,0.0037848862402347,-0.0032480401858282,0.0023776186944721,0.0050389588564743,-0.0075325214427076,0.0075531372999046,0.0150579161712897,0.015594197307903,0.0098188868082512,0.0105476944465888,0.3087225497017146,2
2022-04-08,0.0062659693121833,-0.0079716538480375,-0.0139789395062915,-0.0026741279001011,-0.0108308934298454,0.0078631168204859,0.0150439544817719,0.01608336603933,0.0096618492773135,0.0102349628007999,0.3148513905644773,2
2022-04-11,0.0049594637704872,-0.0067216101159081,-0.0236574737703464,-0.0170922271088022,-0.0158249304950413,0.0049203907177212,0.0149845455245936,0.0159140695057667,0.0103822846286006,0.0101906272290473,0.3863271357797646,2
2022-04-12,0.007676751619003,0.0031546698534155,-0.0042241102682711,-0.0037052185557753,-0.0013804777190755,0.0052146192676601,0.0107351185164733,0.0136179693471152,0.0087682853412705,0.0093200990323164,0.3546908929945841,2
2022-04-13,0.0047885378656178,0.0190199790793368,0.0203269947220645,0.0114536073807518,0.0020330117593942,0.0049292150607181,0.0124444317663082,0.0163806104662248,0.0101900960378046,0.0085209403006524,0.4998792166908364,2
2022-04-14,-0.0033035506662054,-0.0097057980210077,-0.022867166783976,-0.0124517847430336,-0.020045398023445,0.0052135309296475,0.0123908532408316,0.017173312031414,0.0098408850420594,0.0088630634204102,0.597841359505096,2
2022-04-18,0.0030971927027434,-0.0067349307441403,0.0007681100130569,0.0004112197808581,-0.00496897605799,0.0043370545500164,0.0113532182704692,0.0172771212542256,0.0097084203495099,0.0078603940931977,0.719166516153525,2
2022-04-19,-0.0151129043762994,0.0199373468865997,0.0223509114294093,0.0161426379778528,-0.0074906491120482,0.0070467518863715,0.0137380447866541,0.0175897974043721,0.0109537937220592,0.0078418196167523,0.4585233792855665,2
2022-04-20,0.0048949474964072,0.0038200782640893,-0.0145844032012371,-0.0007416693519425,0.0201256262500419,0.0066732386430596,0.0117532184385326,0.016977833721891,0.0103676456986637,0.011015076980804,0.2763015373400105,2
2022-04-21,-0.003557600193685,-0.0223890622192249,-0.0206909530934553,-0.0149533536503363,-0.0073980738475795,0.0068909087271777,0.0130476174676125,0.0168724290214038,0.0109293791902166,0.0109983567721337,0.3148848571432074,2
2022-04-22,-0.0097220932450649,-0.0258849074141209,-0.0261859461994554,-0.0274393564856541,-0.0062942226614948,0.0076431763357696,0.015243674422695,0.01779844345482,0.0132349195915866,0.010977771686856,0.3944167223605722,2
2022-04-25,-0.0179709931500907,0.0060722850696286,0.0128456778362289,0.0057977579272918,0.0100011163553852,0.0091326647435479,0.0154162804061475,0.0188344121279619,0.0136717553032687,0.0117420676111506,0.3478719486566396,2
2022-04-26,0.0015250170449419,-0.0315191154971513,-0.0377449833069742,-0.0289608072632137,0.0100669514030933,0.0088853356369972,0.0180412044194418,0.0207638241633554,0.015324928307164,0.0114821086569515,0.2818086009927848,2
2022-04-27,-0.0075570242574463,-0.0041546810272065,-0.0011978642599002,0.0028115661861731,-0.0128260384414977,0.0081728787559171,0.0178471116955674,0.0208307318267787,0.0155441096126462,0.01212802805875,0.2590272436820807,2
2022-04-28,0.0053983235100938,0.0186672096513997,0.0355156259470401,0.0252596646461988,0.0014896042423286,0.0082500663692888,0.0177942904926623,0.0234137750866563,0.0176217172680858,0.0121107498195422,0.2890695075496957,2
2022-04-29,-0.0001129769654628,-0.0288791458799875,-0.0449986594795354,-0.0369556634730423,-0.0129727859077757,0.0083509912401415,0.0193039568427332,0.026156777590073,0.0204888037268505,0.0110856927931559,0.2998474503289621,2
2022-05-02,-0.0185404935356936,0.0104891423307498,0.0166960209608895,0.0060195374612259,-0.0173336966056519,0.009102531755756,0.0200930783508082,0.0271740819383487,0.0207546541077331,0.0122071023104785,0.2487370050016882,2
2022-05-03,0.0026492624669831,0.008561374439634,0.0010675525199375,0.0045838472208759,0.0067415286361629,0.0088732114824233,0.0187792611088927,0.0255066243874565,0.0197239241163139,0.0123586408176603,0.3319099758835402,2
2022-05-04,0.0098225443726718,0.0266858708712338,0.0338120136523716,0.0304530446344295,0.0055099014932569,0.0095514381707315,0.0213891222503951,0.0285169943374881,0.022934028336139,0.0102957697741747,0.4377565920165856,2
2022-05-05,-0.0038111385512777,-0.0405643338265439,-0.0503640636466375,-0.0355429003550193,-0.0273983985369771,0.0095510402572886,0.0237455579103812,0.0318957931539174,0.0249300301505285,0.0129867495215833,0.4893186702186811,2
2022-05-06,0.0016558743678838,-0.0166424561228564,-0.0119806931730933,-0.0059689530746908,-0.0147352977601629,0.0094485631398013,0.0230577694448395,0.0312085594637671,0.0237157605112333,0.0133984544285135,0.4639590925613112,2
2022-05-09,-0.0144794967087308,-0.0420637780557636,-0.0391269042665908,-0.0320172339382539,0.0087975492134353,0.0088679923034343,0.0253684116326715,0.0322830822660939,0.0250878637212222,0.0132518782630274,0.4867035151568459,2
2022-05-10,-0.0084452028726911,0.000286038156704,0.0121486633822824,0.0023106248069613,0.0090693952244913,0.008944683624092,0.0243353658915404,0.0313313358263447,0.0239750259227911,0.0131267962032012,0.5378759340198516,2
2022-05-11,0.0081671285160884,-0.0248643123809599,-0.0296581475856467,-0.0158863083852507,0.0192720197475062,0.009487043971947,0.0249620127434264,0.032242809419391,0.0241217017688181,0.0149039704184529,0.4780970785169239,2
2022-05-12,-0.0153339257201967,0.0117231628622556,-0.0023642338548404,-0.0010440467372375,-0.0018651054977764,0.0099981358908403,0.0241968749912536,0.0286252114131684,0.0216712334295739,0.0148504532992664,0.4099587813908233,2
2022-05-13,-0.008109566302295,0.0316919132736761,0.0370596054353773,0.0239082959527816,-0.0147805341641898,0.0099864518402217,0.0263037552188245,0.0296897731574839,0.0213055132811721,0.0150024439473791,0.3484867483518422,2
2022-05-16,0.0095384837632068,-0.0047734796946639,-0.0115913822696475,-0.0040578702718814,-0.0010347861080802,0.009583934712782,0.0258425628490016,0.0289134181319247,0.0211046941075683,0.0140902574430349,0.3817974196942687,2
2022-05-17,-0.0062792963835415,0.0305835222808963,0.0259013142500115,0.0205703924689335,-0.012083593360309,0.0095355741115689,0.0279764682824486,0.0306139011529886,0.022339782013946,0.0141919347295363,0.3252410473759434,2
2022-05-18,0.0005314848929158,-0.0350416757198815,-0.0490904168894974,-0.0403114032497421,0.0213175784701649,0.0085818303182248,0.0275559880773386,0.0305770794866198,0.0222210181053976,0.0160009105584215,0.1504974820321901,2
2022-05-19,0.0146972348015317,0.0016455727208151,-0.0053582112917995,-0.0061248218462781,0.002395277370814,0.010357028792917,0.0253202181936407,0.0274387695042567,0.0201373786389605,0.0131261123814199,0.0303950724281095,1
2022-05-20,0.0006980112537449,-0.0025493954424077,-0.0031082064865914,0.0004365604111671,0.0113499010237911,0.0103258396352891,0.0249743119298829,0.0274178499796081,0.0202352421575242,0.012059985585367,0.0164461291450202,0
2022-05-23,0.0046503694555282,0.0120971758485797,0.0166274171897677,0.0187101623161085,-0.0164544572148832,0.0094735482360232,0.0212353842077959,0.0256628786186958,0.0190979338127674,0.013551968296639,-0.0724105832708929,1
2022-05-24,0.0075218598506328,-0.0148142054019486,-0.0212617467369214,-0.0076338862822483,0.0197323817358501,0.0092323640147118,0.0219034841461619,0.0259423726244133,0.019214194044376,0.014575456789763,-0.0699133584564619,0
2022-05-25,-0.0060299949595961,0.017998443676148,0.0139950156138379,0.0088349947236385,0.0039542562726977,0.0092032297604409,0.0205237075263212,0.0248480056237584,0.0186897556426639,0.0134084276160273,-0.0588839879652019,1
2022-05-26,-0.0018488983177334,0.0223241705659165,0.0277071476520174,0.0199814277518646,-0.0045251259993749,0.007507896233643,0.0211810761010857,0.0262966233584887,0.0195557441664794,0.0135032113716675,-0.0854898615999613,0
2022-05-27,0.0005210210670394,0.026926375107191,0.0326397249678986,0.024549162847137,0.0024410144532314,0.0067317189408285,0.0205818445647801,0.0256923962230381,0.0196312102895289,0.0123147076194964,-0.0416883740280916,1
2022-05-31,-0.009893009276743,-0.0124172625580269,-0.0026529659377474,-0.0056110313525064,-0.0211621960596212,0.0072283951186968,0.0211377216882309,0.0252944400958892,0.0197036205060917,0.0144536995128205,0.0936079213903707,0
2022-06-01,0.0063690331995909,-0.005666256434751,-0.0073957709605662,-0.0080886360937718,-0.0011428804351854,0.0070223988268655,0.0192224829110431,0.0241912868687789,0.018990337264824,0.0137770638717245,0.1275324965182732,1
2022-06-02,0.0123091820737795,0.0244219303209096,0.027385340788766,0.0190437007126542,0.0005160384069096,0.0077505071761117,0.0156898611176503,0.0182271127117491,0.0132276981707734,0.0119504419762143,0.2344100772200403,2
2022-06-03,-0.0101520172669798,-0.0090059520734001,-0.0260190604202252,-0.0164116788110308,-0.0021499285779651,0.0075280167711629,0.0164372528360291,0.0208708710740903,0.0146358329037429,0.0119233856468204,0.3562024325520779,2
2022-06-06,-0.0044037229040009,0.0043301310142205,0.0033309962392733,0.0030449213778054,-0.018443488728112,0.0076780496739172,0.0161848883611778,0.0206640854926698,0.0145609731967598,0.0122825216480955,0.3888689219153328,2
2022-06-07,0.0065184208441693,0.0161279190407535,0.0086256188174775,0.0095920321980287,0.0108000212606891,0.0078276161503135,0.0163854144998025,0.0203785295178164,0.0139232329772446,0.0121669608858339,0.4395353223498083,2
2022-06-08,-0.0009251975242893,-0.0154531707568333,-0.0071964283825314,-0.0108719555319594,-0.0088605978300561,0.0073796043202421,0.0164809976704987,0.0187349208781675,0.0142759129858477,0.0099030345093878,0.5975266138787128,2
2022-06-09,-0.0031832564859568,-0.0207298711977492,-0.0267847421149284,-0.0237829617293489,0.0033304551715276,0.0072063172060368,0.0180720691471424,0.0213139949387818,0.0166761401414793,0.0098501852590498,0.5607374396791576,2
2022-06-10,0.0134122836665924,-0.0271285859741212,-0.0352702892921752,-0.0289958235501668,-0.006201842693369,0.0083988747321681,0.0189667369155379,0.0224637916869885,0.0176904707861907,0.0098758737897362,0.4617853893843411,2
2022-06-13,-0.0264122882300914,-0.0469792515210958,-0.0464964438898727,-0.0379680313720276,-0.0313794050096266,0.0120950808356731,0.0208129206159695,0.0223215644251845,0.0176237290177585,0.0127612749159276,0.6660565156573203,2
2022-06-14,-0.0080032096167819,-0.0048178656223804,0.001815423893998,-0.003013591562183,-0.0126131964563389,0.011965808055466,0.0208231621126288,0.0225562170247381,0.0177145900450536,0.0120060557676919,0.6720822501040199,2
2022-06-15,0.0130509393881133,0.0146419113426399,0.0249719456386923,0.0142566387097653,0.0186563849298653,0.0126194786751264,0.0220814409325348,0.0252594479963977,0.0192863605803674,0.0144021047691933,0.7298757990397694,2
2022-06-16,0.0112431815945965,-0.0463171082308988,-0.0403464877929506,-0.0330960844462162,0.0079393024959051,0.012500578318354,0.0224175189156666,0.0238906407255822,0.0183342300748212,0.0148804435608151,0.5838350092464556,2
2022-06-17,-0.008222816311715,0.0078096974748005,0.0121595553413447,0.0021557452473768,0.0032224889748424,0.0123557263373428,0.0234038281677432,0.0248477510722418,0.0188522121263111,0.0150463939017024,0.5691760893290128,2
2022-06-21,-0.0037367862070599,0.0179199697868046,0.0252296877937083,0.0251734967924071,-0.0169523174093872,0.0123352515233607,0.0248007227980938,0.027069645451085,0.0217437140528598,0.0148867871245715,0.5238045997820532,2
2022-06-22,0.003985188163408,-0.0019031658733252,-0.0014589102435984,-0.0018127604236278,0.0275003159916835,0.0121974728512223,0.0232577244551623,0.0265506983555631,0.020965463175192,0.017363316323345,0.4929342366333756,2
2022-06-23,-0.006129257292171,0.0119772598540299,0.0148931677730219,0.0098023680492114,0.008215110004385,0.0123101489186962,0.024431905926137,0.0276449910227188,0.0218482953340697,0.0174025342759586,0.4864716150518516,2
2022-06-24,-0.0009984622015154,0.0309718571593158,0.0342635231045602,0.0317939415570578,-0.0138427432216423,0.0122943530641422,0.0271257689151023,0.0295004293100346,0.0242475338825496,0.0178965230017164,0.4411328472058516,2
2022-06-27,-0.0011170700540719,0.0037124399160242,-0.0073314018703054,-0.0038195697555034,-0.008528689090683,0.0111867304163037,0.0259813919039906,0.0271239710703348,0.0223885353591324,0.0179787262594027,0.5009947112102489,2
2022-06-28,-0.0016480211262837,-0.0187778291260468,-0.0304668649684056,-0.0204328489408271,0.0046595904313968,0.0074574912655812,0.0216398659733183,0.0242790700564345,0.0195625018863574,0.0146986381330862,0.1711569404579603,0
2022-06-29,-0.0007663579045243,-0.0101483678976406,0.0009166962451936,-0.0008145795906164,0.015608111049395,0.0069450848441347,0.02187772418286,0.0242871381918978,0.0195109157043297,0.0143227977657039,0.1300688018459079,1
2022-06-30,-0.0060770472943221,-0.0077918190524424,-0.0124030401786832,-0.008124229334064,0.0087821770196696,0.0056349925383508,0.0214685090875627,0.02343962713236,0.0192717961828316,0.0135703294215386,-0.0021691793916434,0
2022-07-01,-0.0008310541616338,0.012104590775062,0.0066004553418175,0.0105765534360469,0.0102665510808246,0.0035427428159341,0.0147370026953975,0.0188052491243801,0.0154962064516288,0.013671444232849,0.1261225348325492,1
2022-07-05,-0.0212096433512041,0.0082840631931702,0.0171200645314193,0.0018885316572143,0.0078570289568509,0.0067658180730512,0.0147492854493786,0.0191004646434826,0.0155008315324758,0.0137246371326466,0.0998221186867825,0
2022-07-06,-0.0158421888336969,-0.0074061744477985,0.0064117340672735,0.003377383999499,-0.0167909390004515,0.0077535892598708,0.0143845048632025,0.0177352999067504,0.0136849028109743,0.0136968643939908,0.1893512990011017,1
2022-07-07,0.0005550532763625,0.0236665318813702,0.0213991242095596,0.0149771951230179,-0.008800244813259,0.0073754612932218,0.0157966872791466,0.0185709283942581,0.0141538894129606,0.0115243707762597,0.1790659343473667,0
2022-07-08,0.0004315313201161,-0.0001138711082573,0.0012542211396575,-0.0008227250396771,-0.0110760508740767,0.0075926239976218,0.0156362398130347,0.018273529049877,0.0140619572779721,0.0117469954854846,0.164208036999698,1
2022-07-11,-0.0053605074529734,-0.0201036272441588,-0.0213643610197756,-0.0114233846302477,0.0172444986123512,0.0074775556597386,0.0138920149015094,0.016324655884639,0.010326412511747,0.0121326372483668,0.13730568929873,0
2022-07-12,-0.003716724722472,-0.0034290617314522,-0.009687289153373,-0.0088491324589322,0.0059421548342839,0.0073646946663785,0.0137683054394328,0.0164302288704315,0.0105735384577767,0.0115988807147439,0.1353989512910015,1
2022-07-13,0.0047876905036026,-0.0008746532192958,-0.0020612353217533,-0.0052515602674307,0.0114661860843181,0.0079883030578008,0.0125038601968113,0.0130799711099638,0.008517184772798,0.0118793387955658,0.1312869043796647,0
2022-07-14,-0.014047055610919,-0.0102731642079232,0.0035708722758422,-0.0024284237850674,-0.0081590979759166,0.0083389265165215,0.0125145274687784,0.0131090787733322,0.0085401906847446,0.0116859356424087,0.1639450319650005,1
2022-07-15,-0.0020084561635671,0.0208184681379084,0.0181392909643742,0.0191050378711006,0.0056285109729956,0.0084404866155589,0.0138817818763731,0.0131754294888416,0.010079569188803,0.0115140607890536,0.233567513279521,0
2022-07-18,0.0009433945063559,-0.0028309197089517,-0.0084627393509586,-0.008257062899842,-0.0104185477552649,0.0085724051689827,0.0135041052375628,0.0137127722695621,0.0100823760040666,0.0115935519692146,0.1965422500283347,1
2022-07-19,0.0023874693093759,0.0352839764978596,0.0307531904658648,0.0270193609871094,-0.0053944492584804,0.0068582116871676,0.0173298029317936,0.0158277993945317,0.0131933161391066,0.0112579192281277,0.3066997631774518,2
2022-07-20,-0.0094020312343235,0.0156694894819535,0.0158565340217691,0.0063730061615359,0.0026245201555017,0.0057507544263135,0.0172562815727267,0.0162638069874291,0.0132431929871347,0.0100386756478116,0.2482717412015838,2
2022-07-21,0.0141104219252317,0.0051244229071421,0.0143550174698929,0.0101832735265623,0.0172758898057923,0.0077960340910458,0.016076839438226,0.0156111684742433,0.0128439850707368,0.0108776330900254,0.3381242487825188,2
2022-07-22,0.0024957502079077,-0.0159523496906247,-0.0175351741475083,-0.0092781127095331,0.0168111770296728,0.0078706345593174,0.0172561113762628,0.0170722051255361,0.0133597327342608,0.0105771859796125,0.2799357323216988,2
2022-07-25,-0.0027385476219622,0.0051808564949566,-0.0056953975005912,0.0012149126589082,-0.0097851173962183,0.0077512969640837,0.0153486127080189,0.0152779676355987,0.0125516431660158,0.0106397271676,0.3231497344482586,2
2022-07-26,-0.0011858106875901,-0.0061518257515903,-0.019649246016218,-0.0118308835055512,0.0007666980051481,0.0076835573386311,0.0155352408492739,0.0165369603706946,0.0128946896575128,0.0105847769533007,0.3311378948558812,2
2022-07-27,0.0101849846987824,0.0227516577403157,0.0422598167523333,0.0259662648649849,-0.0056179248496605,0.0082614201325022,0.0163836330852351,0.0205128200467627,0.0144454262594803,0.010275982157175,0.3641195342144424,2
2022-07-28,0.01218532345528,0.013739666753872,0.0097779942473306,0.0125423604124688,0.0079610546010444,0.007399137416075,0.015300806933048,0.020479334228632,0.0142718501507159,0.0100507207076625,0.3278690497272622,2
2022-07-29,0.0028110896821249,0.0070992897965687,0.018237004422122,0.0145786051450393,-0.0027176294360277,0.0072131946907792,0.0147652622735554,0.0204847427776343,0.0139235061766821,0.0100610892364311,0.3316429626920555,2
2022-08-01,0.0056672312077465,-0.0003739442525849,-0.0006022999204703,-0.0029611686075826,0.024083687444494,0.0072051799791949,0.0145845020781936,0.0199264849736688,0.0133749136243421,0.0114701197180291,0.2496523564729211,2
2022-08-02,-0.0059382884008237,-0.0009615776996441,-0.0029814913900639,-0.0065973011952142,-0.0211598557077308,0.0078221017176903,0.0112352578503206,0.0186040759695636,0.0120494283213627,0.013836040264248,0.3889007520290001,2
2022-08-03,0.0024382437613132,0.014705909942035,0.0272325509518094,0.0156596282625269,0.0157446638022902,0.006561159665467,0.0111335646788861,0.0196336808299422,0.0125964522129575,0.0144043180990201,0.4785104792154647,2
2022-08-04,0.0165399894872555,-0.0021080469000936,0.0046764509113057,-0.0006755745850828,-0.0003349106451489,0.0070068617121001,0.0113229676407635,0.0194432544343037,0.0125629758549585,0.0137061679465772,0.4015170000118258,2
2022-08-05,-0.0112460663002014,0.0076579393674391,-0.0081688917652096,-0.0016903480632193,-0.0238040465547115,0.0085629816800243,0.0089641410910099,0.0184042832623547,0.0118924148417819,0.0149776576183331,0.4937148014571698,2
2022-08-08,0.0084700176183678,0.0105868668926645,-0.003232394952006,-0.0011608289424495,0.016141540050155,0.0084801887375048,0.0090614158558843,0.0182385468762019,0.0119913293296977,0.015612051049882,0.4588808895272526,2
2022-08-09,0.0030595386607856,-0.0136396209461294,-0.0113187383294698,-0.0039711357406468,-0.0038864480385097,0.0082964126761606,0.0104447030648541,0.0170500513110863,0.0110295090505967,0.0156924345750221,0.4407418141281755,2
2022-08-10,-0.0025119508170524,0.0285503379417659,0.0279110257380816,0.0210041612295797,-0.0065315903517112,0.0082871983296548,0.0115805970284278,0.0141681958701898,0.0100587992704994,0.0157355259189516,0.3649579953978645,2
2022-08-11,-0.0026382206776995,0.0037318810571738,-0.0056758949550754,0.0,-0.0233093527501657,0.0078025483786831,0.0113173427379329,0.0145661083452696,0.0097455971900728,0.0171431878992103,0.3528972277775842,2
2022-08-12,0.0091980209990443,0.0204226377018468,0.0194704831567187,0.0169289440651345,0.0101408266237363,0.0081599933401381,0.0122676306301373,0.0146989635650162,0.0100676668173611,0.0176074463678977,0.4278454021673184,2
2022-08-15,-0.0128670308342623,0.0035435504603957,0.0080813331502525,0.0041208880550389,-0.000865666273459,0.0093319099188053,0.0120720462268204,0.0146050770335291,0.0097960782678917,0.0152177938760965,0.4708801607797229,2
2022-08-16,-0.0017500967544019,-0.000397571900795,-0.0023419488561926,0.0019585500059002,0.0041578160475568,0.0091045374756662,0.0120306708971637,0.0145646712752993,0.0090800211474439,0.0140689202845393,0.4212926108995034,2
2022-08-17,-0.0064683356140343,-0.0168169268440951,-0.0114061292413961,-0.0070980335304674,-0.010437383221892,0.0093658898355102,0.0138659568225388,0.0132749239229712,0.0090238018916084,0.0129451969831798,0.4374119230633164,2
2022-08-18,-0.0026164156896926,0.0066292416454205,0.0024049782242998,0.0029064937763001,0.0014819955623253,0.0073426926348413,0.0137018978468018,0.0132396138703146,0.0089349172622005,0.0130129449462196,0.4805869372702054,2
2022-08-19,-0.0073206256811044,-0.0214661185921424,-0.019497221346944,-0.0134381912971323,-0.0161024136086499,0.0068800875425534,0.0159854474128245,0.0145822915793602,0.0103277077937519,0.0118678426995897,0.5489581813390011,2
2022-08-22,-0.0066371793445959,-0.020600923626973,-0.0263271975295941,-0.0208222586964579,-0.0033617993594668,0.006044669117138,0.0171488512597907,0.0168767677858828,0.0126362797592805,0.0098114696060888,0.5662568740094696,2
2022-08-23,0.0069908740848763,0.0016259334290757,-0.000827021397791,-0.002419275536705,-0.0055031495696744,0.0065898110828548,0.0165687541936867,0.0165469960554664,0.0125893647027459,0.0098067551677361,0.5741647377431613,2
2022-08-24,0.0029489200401788,0.0076462177657583,0.0028971691445434,0.0032009497694491,-0.0073189438166633,0.0068256813880775,0.0137120774053702,0.0132914589288854,0.0104082753228111,0.009823269895345,0.6352450116774839,2
2022-08-25,0.003062787136294,0.0155396463576589,0.017681856357036,0.0141177233372673,0.01393642614431,0.0070127377161292,0.0146925340183376,0.0147987814889312,0.0115266236821962,0.0091980033805963,0.7408485971994344,2
2022-08-26,-0.0121527053017652,-0.0328558171692818,-0.0409881730176542,-0.0338489819336008,0.0075375766646841,0.0066172601976062,0.0159168419893838,0.0175978910196152,0.0141089623366767,0.008866339552815,0.548519957252466,2
2022-08-29,0.000618237555092,-0.0092069963755431,-0.0098553530030277,-0.0066123577731757,-0.0082733238552078,0.0058690119315397,0.0156002895554277,0.0167814364398536,0.0137299997725405,0.009100121672842,0.6162319608045222,2
2022-08-30,-0.0083405788856106,-0.0139928671729845,-0.0111363690100216,-0.0109779068336299,0.0024845963034176,0.0061592089070694,0.0155542388950479,0.0166336735815646,0.0134825155033602,0.0089809884397291,0.5893718043603989,2
2022-08-31,-0.0077253147891809,-0.0060664392306192,-0.005813428726395,-0.0076088234223435,-0.0095605817721541,0.0062502026695985,0.0152729777430875,0.0166641278026434,0.0134817944209897,0.0088993997201892,0.575936516602437,2
2022-09-01,-0.008790162100319,-0.0108994925191833,0.0004341526776496,0.0031377082577703,-0.0183080175492466,0.0064953444798769,0.0144854892174009,0.0165233972535072,0.013501903769217,0.0100495139862546,0.5242018574156134,2
2022-09-02,0.0088047091444871,-0.0077684480763604,-0.0141280866879535,-0.0105444995132248,0.005656907116831,0.0074392109460838,0.0138105154381211,0.0162416190245771,0.0133917024164476,0.009590657738219,0.4521322820989726,2
2022-09-06,-0.0058394619355668,-0.0098839223754849,-0.007182270053354,-0.0037729754538027,-0.0247688134158994,0.0073895259563072,0.0130916484549952,0.0150300158708436,0.0125274719489368,0.0119580788912141,0.4465816688891314,2
2022-09-07,0.0101686388664954,0.0217597968407143,0.0202011889481745,0.0179647690985216,0.0158153930026789,0.0078736171693998,0.0157693135047585,0.0172759959939315,0.0145805447330212,0.0135378409600046,0.5928797596514533,2
2022-09-08,-0.0060022927298558,0.008343048071169,0.0051845249844559,0.0065362950238703,-0.010257411545694,0.0077916692375642,0.0158307277138904,0.0174037378774129,0.014787402697609,0.0136904006837804,0.5691827089888164,2
2022-09-09,0.0052837565684635,0.0200860195751866,0.0218620299173677,0.0155353476130124,0.0022209493612599,0.0080004951240226,0.016520539658891,0.0180360397573642,0.0149770320652116,0.0125765311075914,0.5429609317209941,2
2022-09-12,0.0050681862187038,0.012113038002689,0.0118858839072217,0.0107475863438071,-0.0082172449518274,0.0075054678421228,0.0136848218245035,0.013112307379135,0.0108472312807416,0.0119786691064202,0.618246166222786,2
2022-09-13,-0.0130113399311944,-0.0391206601564634,-0.0548368456194746,-0.0434823988992367,0.0023275176249648,0.0084255763827418,0.0184645867502456,0.0220051501456393,0.0178768665817949,0.0121561015481031,0.5655949974385932,2
2022-09-14,-0.0038476134488705,0.0038959324229057,0.0079333564534147,0.0038158114366313,0.0034363544340723,0.0081680273084367,0.0180948976573112,0.0220818484686868,0.0176851151199621,0.0122183478971397,0.5788714238413558,2
2022-09-15,-0.018679143196684,-0.0072696171455829,-0.0166538433605972,-0.0113532652289543,-0.0006480062244144,0.0096773967560792,0.0181380940817107,0.0225805373172496,0.0178845841974549,0.0121056212362001,0.5465456434190423,2
2022-09-16,0.0055491072013156,-0.0145348158316945,-0.0061148256559155,-0.0076290250305387,-0.008335776742508,0.009734354909407,0.0183959440377314,0.0225799861514496,0.017922388024356,0.0110984216205279,0.5321008064136048,2
2022-09-19,0.0007700871329356,0.0085479763704305,0.0077872407241599,0.007754974221152,0.0023348860543099,0.0091246813492579,0.0184757847897664,0.0224630755202753,0.0179120043448868,0.0108821648345929,0.5805298059431936,2
2022-09-20,-0.0057065872745265,-0.0136273087500685,-0.0079710336194628,-0.0114783739375365,-0.0099699024225035,0.0091186511898184,0.0187431449098416,0.0224885920944378,0.0182365800761809,0.0082126240982784,0.5860369896998272,2
2022-09-21,0.0046429736758102,-0.0152758024271878,-0.0179058267159781,-0.0174439369736886,0.0167532053019798,0.0084386558611076,0.0175938112747234,0.021697997736972,0.0175349518965839,0.0084300930680603,0.3878933999308953,2
2022-09-22,-0.0005776772692025,-0.022527720380664,-0.0123079069516442,-0.0083998578017632,-0.0255489735013443,0.0083692355109307,0.01795364931628,0.0215004029190139,0.0171023247383947,0.0112154677601568,0.4464811728091883,2
2022-09-23,-0.0172768304054653,-0.0238053945099171,-0.0162815521495406,-0.0167546576593801,0.0040850511476253,0.0091744456159503,0.015906676508074,0.0191372332022376,0.0155189791141998,0.0113188619046591,0.3781777557511241,2
2022-09-26,-0.0116332190262078,-0.0136917220424019,-0.0041379547022936,-0.0098927697050154,-0.0191108816854084,0.0087902953424253,0.0136437425891232,0.0176744893149633,0.0138176313256398,0.0124144576744672,0.3684363656127029,2
2022-09-27,0.0020498417466878,0.0034109927353334,0.0004010616685026,-0.0025527627857008,-0.0263310376098149,0.0087412730528672,0.0112769557665533,0.0096064844109848,0.0082116498526617,0.0141188917232694,0.3214304770301192,2
2022-09-28,0.02078665233491,0.0316275513176782,0.0198921850843114,0.0196762839644253,0.0334820315930517,0.0118535496319192,0.01692784769238,0.0120419922430542,0.0114932164371674,0.018837435094487,0.6510929124079794,2
2022-09-29,-0.0001939283652686,-0.0224196889977635,-0.0288277268093781,-0.020888914711365,-0.0051757990312303,0.0103049827793877,0.017645767444476,0.0138009579228907,0.0123668462788065,0.0188202433457825,0.6449958955955923,2
2022-09-30,6.462244018679009e-05,-0.0072834292078011,-0.0169566991099398,-0.0154635800219953,-0.0129108446535931,0.0101115668257222,0.0175063135029034,0.0141838183753527,0.0126723447445575,0.0189980186062721,0.6495104663678425,2
2022-10-03,0.0243097856814409,0.0264976987339429,0.0234601856584395,0.0264011582223047,0.015889479681417,0.0128601850233773,0.0200679007089067,0.0167165795572671,0.0160857267193279,0.019977474965505,0.7336350321887154,2
2022-10-04,0.014328122056449,0.0396360580003394,0.0314408526982026,0.0309867330318658,-0.0027930802838233,0.0131448062353591,0.0243454608616016,0.0204466963021049,0.0196050818008601,0.019822937855265,0.7024010000822449,2
2022-10-05,-0.0055382663755437,-0.0073861553439836,-0.0005316893699387,-0.0023280822481372,-0.0095612804483956,0.0134500993561882,0.023933564175522,0.0196803119154899,0.0187996519516537,0.018749945025485,0.7525231115518459,2
2022-10-06,-0.0011262917122268,-0.00560976028366,-0.0078728137491709,-0.0103158863350915,-0.005558481262204,0.0134657552761797,0.0226984034545566,0.019430148574405,0.0189051294207132,0.017301376781009,0.7483863178794625,2
2022-10-07,-0.0109628512589766,-0.0294152241923998,-0.0381043183871369,-0.0278939262579162,-0.0097079595204965,0.0125481509340964,0.0234660600970654,0.02245875196752,0.0202732897844423,0.0172413321898783,0.7907158608028548,2
2022-10-10,-0.015201476317757,-0.0055749918353824,-0.009995906216056,-0.007635241791714,-0.0155457039241133,0.0130574874439376,0.0230168732381606,0.0225931228616545,0.0201784198586277,0.0169323260141149,0.783462449038548,2
2022-10-11,-0.0020580915501852,0.000298138173939,-0.0137384690676347,-0.0063332372935579,0.0044255654877287,0.013149806593776,0.0230219532330206,0.0228181533711222,0.0202460148343839,0.0150814699459669,0.8080305477489651,2
2022-10-12,0.0053493285090542,-0.0027426023044102,-0.000342567220531,-0.0032984014659561,0.0049064576971746,0.0115677507638339,0.0205459037569062,0.0212984437174648,0.018846349443452,0.0095789981929184,0.7666903187218017,2
2022-10-13,-0.0069235322329802,0.0247518728159255,0.0234524634038528,0.0263910600016694,-0.0095660119507611,0.0118310272180195,0.0205987716712179,0.0215277482648993,0.0199470319041348,0.0097580156778334,0.6913190416098733,2
2022-10-14,-0.0124588979984795,-0.0267793294398522,-0.0300573599343109,-0.0227888066253255,-0.0082503728521474,0.0124940379949032,0.0225442817078304,0.0229629453325307,0.0207396473267639,0.0093918023325306,0.7113088217664074,2
2022-10-17,0.0028762090057179,0.0318924418032362,0.0330217594372466,0.0256971568845731,-0.004869680012535,0.0090197265618822,0.0232654628102435,0.0243109724070719,0.0206422393183134,0.006442241129683,0.612450159733448,2
2022-10-18,0.0021509701146735,0.0118516428070378,0.0079076841785348,0.0117496016658085,0.0023448358597462,0.0069877750148584,0.0196348755882411,0.021801955573363,0.0182127369037343,0.006885241403907,0.5886015487352376,2
2022-10-19,-0.0133983581046748,-0.0169949888182953,-0.0036464907696089,-0.007086491924739,-0.018206226595079,0.0075507619513731,0.0202156436325076,0.0217750675624169,0.0182936603071462,0.00796097440222,0.5977242157584162,2
2022-10-20,-0.0015822103586343,-0.0127329651245646,-0.0051018548467678,-0.008385302817799,-0.0170927616361791,0.0075249296346864,0.0204872095590423,0.0217370239122576,0.0182079107524009,0.008691508398075,0.5907134993355002,2
2022-10-21,0.017827646105301,0.0217121142682195,0.0234477635106842,0.0243013805608971,-0.0180228389944093,0.0101379198852642,0.0193863902174396,0.0194995728028881,0.0174108439683649,0.009336545551308,0.4945860084033712,2
2022-10-24,-0.0032435940304724,0.0042850505227547,0.0110012616104979,0.0122366594109266,-0.0082643854342604,0.0091051915978756,0.0191758076941419,0.0191321666374465,0.01716124734968,0.0089578688809174,0.4547050610388108,2
2022-10-25,0.0022779441420051,0.0272715639498737,0.02068578120197,0.0159685498706532,0.0291125713611923,0.0091600124231729,0.0205171002501874,0.0185553000875771,0.0169365735654401,0.0143280408589483,0.5539364041465104,2
2022-10-26,0.0063636086203835,0.0049391035335648,-0.0220962811952729,-0.0075339914392206,0.0144072041866736,0.009239859413198,0.0202854369722109,0.0207877120461125,0.0172854059591689,0.0153229519825724,0.4977332982613199,2
2022-10-27,-0.0015485239449671,0.0002233690844959,-0.0182060347034841,-0.0053400570789198,0.0104706991622252,0.0089846601689838,0.0193651564762136,0.0210433934152675,0.016221159044489,0.0157939100644939,0.5240770875409406,2
2022-10-28,-0.0102106874432319,0.0227262056978021,0.0306007118369044,0.0237905887907741,-0.006873856261966,0.0086626670168652,0.0165904521605921,0.0195639457067074,0.0142836429571028,0.0157377031675205,0.3753545761063178,2
2022-10-31,-0.0081613996481592,0.0009279946645071,-0.0116279571312397,-0.0072232605222699,-0.0071281644570128,0.0089744648465739,0.0147363524541364,0.0182063362533954,0.0136704324773926,0.0158043181295711,0.3999298487065398,2
2022-11-01,0.0102034297570385,0.0013638756324723,-0.0102177640471177,-0.0043759296287742,0.0093454925225293,0.0096217783527845,0.0146800020620165,0.0185943651400723,0.0137689866685712,0.0161654086116791,0.3588986682440802,2
2022-11-02,-0.0069725483996219,-0.0331735771444373,-0.034276997546063,-0.0250962648685205,-0.0043399735898986,0.0088196172812059,0.0179469312871416,0.021782900158549,0.0162766795399237,0.015107039975479,0.3617451953920538,2
2022-11-03,-0.0038060360481508,-0.0067048197154038,-0.0195348145702768,-0.0102967335641195,-0.0053973041104351,0.0089054417758118,0.017425271632648,0.0225083155829042,0.0164206129553654,0.01403772166965,0.3615870056214335,2
2022-11-04,0.030696289684813,0.0134998855835137,0.0160851263504715,0.0143930410664674,-0.0168002899263157,0.0120858650666999,0.0166946783435146,0.0216503146251632,0.0151513639014678,0.0138545697670587,0.3542816385854905,2
2022-11-07,-0.0039623896743823,0.0045331890488196,0.0109944344516643,0.0095657601333238,-0.0099765692864796,0.0121196974520152,0.0166960999567397,0.0216497975743807,0.0149466207937901,0.0139978447965958,0.3559206109428962,2
2022-11-08,0.0230990741337246,0.0003899597215446,0.0072873017282542,0.0053953459721876,0.0109344070928414,0.013924588436848,0.0144699808674486,0.0203440817857656,0.0140700396241513,0.0107962953167713,0.2739206866389146,2
2022-11-09,-0.0050172660211307,-0.0274559984223919,-0.0230765334151522,-0.0206022486471223,0.0032875417546751,0.0141344094943029,0.0168834126948572,0.0204372279529101,0.0153287680223653,0.0095916573885565,0.2897681793412208,2
2022-11-10,0.0304443871217932,0.0615587732996065,0.0737883882047718,0.0549544389366838,0.0384738154217709,0.0165480068618225,0.0263924165974355,0.0315917152531782,0.0235261424027109,0.0156789585431766,0.6775393403568947,2
2022-11-11,0.0066063240719351,0.0081992185026262,0.0184263151989545,0.0096783905808428,-0.0036641019082087,0.0155857135113234,0.0256214179524564,0.0306740583015157,0.0226161207987427,0.0155285207570858,0.7397509764614985,2
2022-11-14,0.0021876556617193,-0.0111822610340147,-0.0087510614531415,-0.0085068682374211,-0.0024516598509326,0.0147660732985301,0.0259779224911572,0.0305370482470186,0.0226818634426123,0.0153095686419727,0.7449869369951471,2
2022-11-15,0.0035168677995043,0.0148260874379824,0.0138382820964984,0.0085290732767293,0.0161800816194024,0.014823993500327,0.0263392583938437,0.0303205217672028,0.0226135127166815,0.0158208650789855,0.7459712561324745,2
2022-11-16,-0.0022961020109516,-0.0175954329390558,-0.0136493978782124,-0.0076286292806003,0.0218685083386858,0.0143774619862652,0.0243865873920698,0.0279222179067197,0.0207294678872366,0.0166860969860846,0.6784634045041465,2
2022-11-17,-0.0072674235933118,-0.0092808431456744,-0.0022072430959502,-0.0030599362489828,-0.0105522257140641,0.0147344387013861,0.0245255200088364,0.0265597086264582,0.020235280352518,0.0171252686656894,0.6784637747949317,2
2022-11-18,-0.0068936365021664,0.0064643168061024,3.5163375924351925e-05,0.004540473100649,-0.0068774008470419,0.0129286569469157,0.0243147350520006,0.0265872850665993,0.0200347905448721,0.0159889073232233,0.7608571493299723,2
2022-11-21,-0.0055899529507372,-0.0052255392477589,-0.0102872189881668,-0.0036361464026479,0.0042153082969671,0.0130502877137621,0.0244438917186347,0.0271375333261954,0.0201560857055474,0.0150424721568906,0.7847502679369273,2
2022-11-22,0.0011737239663651,0.0106700388572746,0.0144024778418536,0.0134569452697972,0.0141915231966049,0.0111685318762078,0.0245811767320968,0.0272813196695335,0.0203795646986675,0.0151684614045949,0.8278758351050396,2
2022-11-23,0.0062318409402886,0.0025986367120305,0.0100370832592806,0.0063016174135457,0.0174415579273401,0.010983276648999,0.0221472158717614,0.0252607555368492,0.0183303506567985,0.01539381684673,0.8304306149327436,2
2022-11-25,0.0008584706161181,0.002105834142303,-0.0065782658240961,-0.000223546821206,-0.0033895803948336,0.0051466141733951,0.0105498683419838,0.0117035456093894,0.0076244776505565,0.0117020102509678,0.4968797989401283,2
2022-11-28,-0.0079034954985544,-0.0201529065215826,-0.0146733384649855,-0.0159571769041967,0.0028181183654483,0.0050759192912634,0.0118752087501923,0.0110556000604749,0.0089328690721139,0.0113620420996142,0.5674391593037006,2
2022-11-29,0.004940425418036,0.0029146440623548,-0.0075694167575384,-0.0017175429048386,-0.0117258343108651,0.0053701622506906,0.011586610201187,0.0109789018678026,0.0085149300476006,0.0124001691451228,0.5318034933020394,2
2022-11-30,0.0127819202707855,0.0274166615052393,0.0455856445874993,0.0315007048055508,0.0073542931608603,0.0068838521869346,0.0139689001605015,0.018185221818641,0.0129809084738161,0.0117678752961775,0.5685846481575413,2
2022-12-01,0.0183847996127761,-0.0021880165074085,0.001227078811347,-0.0007359318265828,0.0319460522404049,0.0090236870941628,0.0125957731667733,0.0173988371329339,0.0125681654670485,0.0137730502795558,0.5701751394865531,2
2022-12-02,-0.0034556830535615,0.0058300250618272,-0.0039835950431031,-0.0011536918999431,0.0125754875685166,0.0086780169173767,0.0120489491523991,0.0174668114451731,0.0124793919913926,0.0128688944761725,0.5269017514510761,2
2022-12-05,-0.017158885635801,-0.0275458994980495,-0.016783131732126,-0.0179893103191196,-0.0140070875063289,0.0103079540539611,0.015329440071932,0.0185413433384534,0.0141411174123557,0.0138725946753202,0.6547567391580134,2
2022-12-06,0.0027373742314797,-0.0153112975017706,-0.0207205754777094,-0.0144146897160368,0.0128799387687461,0.0100471306711684,0.016002321112744,0.0195232150081033,0.0149216835894881,0.014008808034131,0.6168398900732599,2
2022-12-07,0.0090391017123649,-0.0029435578011638,-0.0040826498368375,-0.0017011798367274,0.0235626625448195,0.0102923951482439,0.0154335557142103,0.0188825605435038,0.0141417827280367,0.0148319623638666,0.6047791081183298,2
2022-12-08,0.0008416965556858,0.007240964346201,0.0118347256094282,0.0078339580705548,-0.0027404960181175,0.0102246326598307,0.0156794274982996,0.0190153765877135,0.0142449491253486,0.0147692258439633,0.5679126806609852,2
2022-12-09,0.0035441601103156,-0.0122762474114153,-0.0063764547376246,-0.0074702727923572,-0.0260143435314368,0.0102234785593919,0.0158922895262456,0.0190095820443035,0.0143591647900207,0.0177809171663427,0.5698363467235732,2
2022-12-12,-0.008260534556326,0.0117569286770189,0.01255134153504,0.0144173042580968,0.0031972942499209,0.0102639071158011,0.0154185253012711,0.0188709433045886,0.0143337236389106,0.017779315047052,0.5056650247329229,2
2022-12-13,0.0170811320386325,0.0082828272010384,0.0107501493136799,0.0075696962190017,0.0096559378025609,0.0112740747259837,0.0156428485904094,0.0188175926076813,0.0144487932978316,0.0169856658765083,0.5248821532065604,2
2022-12-14,-0.002433021284703,-0.0065608410330079,-0.0074139721918127,-0.0063933663029931,0.0042713122495043,0.0109110970394633,0.0123827644802915,0.0115516267630781,0.0101062415918366,0.0169831250656834,0.5080410285372521,2
2022-12-15,-0.0163593093405752,-0.0250292756209665,-0.0335765220535626,-0.0244616741415293,0.0039020479732365,0.0106540561487946,0.0141243740570771,0.0150762230407592,0.0123183921038985,0.0142290185092543,0.5339499196690559,2
2022-12-16,0.0087087216780366,-0.007456592276026,-0.0095343960405315,-0.0118062270543292,-0.011170844770005,0.0110843975696478,0.0135365803161639,0.0151048889444931,0.0124684291815422,0.0143836861067874,0.5169805629601373,2
2022-12-19,-0.0028178306902848,-0.0135344545043468,-0.0140533933457689,-0.0084797933565,-0.0168051440339004,0.0094586935959762,0.0117834352918035,0.0149186119151662,0.0117468557317574,0.0147174284790513,0.4644644236675182,2
2022-12-20,0.0165944828360649,0.005290327674404,-0.0007784850115755,0.0013686203206009,-0.0177570206477546,0.0106479040861018,0.0116942401854659,0.0140489809845012,0.0113177832882243,0.0149425016269517,0.4728052648399249,2
2022-12-21,-0.0016560135809358,0.0172333791013725,0.0145060901634974,0.0149523970816054,0.0025133138906698,0.0104641317866662,0.0134187994316765,0.0152271906271076,0.0126612978824279,0.0119742602640507,0.4578931304787074,2
2022-12-22,-0.0120853584599542,-0.0130755832759441,-0.0244651798422703,-0.0142661982841911,-0.0001925637480568,0.011321217631651,0.0134852832280706,0.0158224255497349,0.012827804215831,0.012056746050131,0.4614617708135479,2
2022-12-23,0.0029983210390398,0.0045507197809264,0.0022491571040366,0.0057521689422452,-0.0146605922066266,0.0113047760878549,0.0133224800841128,0.0160237084093362,0.0130477367193336,0.0102387422851431,0.4370921400830759,2
2022-12-27,0.0084300114098816,-0.0067090860076935,-0.0141384600744129,-0.003943432415555,-0.0197730311592035,0.0111516937858156,0.0124793247715835,0.0149677939080939,0.0116799050547045,0.0110618471031819,0.4591481062660188,2
2022-12-28,-0.004505807286929,-0.015529472083644,-0.0132024877833329,-0.0124277135946619,-0.0058919039860603,0.0098932299201994,0.0122074966319133,0.0135458929817379,0.0111859490103428,0.009614562674218,0.32717896022861,2
2022-12-29,0.0055982515687262,0.0253328194489794,0.0243752160302095,0.0180002716108811,0.0113514027530983,0.0100270496071837,0.0157273767065788,0.0174098484427987,0.0135032682607372,0.0107731992686145,0.4728082778114008,2
2022-12-30,0.0046786689817972,-0.0028023830868246,-0.0006007827993753,-0.0026340711506304,-0.0111244031041535,0.0081256696937738,0.0136899438860307,0.0146996313962129,0.0113339123431317,0.0101362278786641,0.5035780197315659,2
2023-01-03,0.0083706565317989,-0.0055058569468016,-0.0067596359857193,-0.0042100174975955,0.0190840143824473,0.0080980609169291,0.013596071083497,0.0146002683010132,0.0107969674522422,0.0132408695672232,0.4852122377774621,2
2023-01-04,0.0094119059589024,0.0124566722167878,0.0047638656211432,0.0077202705456895,0.0136998177033975,0.0081190110034783,0.0133033042508703,0.014267270729412,0.0106963050476496,0.0138042526476471,0.4839962919775676,2
2023-01-05,-0.012451461859522,-0.0107086041044777,-0.0156541480731016,-0.0114135340293213,0.0041807749730022,0.0082215959749906,0.013831765247573,0.0149536699358807,0.0113925825587979,0.0127753153422869,0.5378474393199466,2
2023-01-06,0.0187074968418907,0.0224552568308236,0.0276014602225065,0.0229322529434592,0.0183968029378196,0.0098788037755042,0.0146093833,0.0170702326233842,0.0127715242990088,0.014056862400793,0.6813786901728828,2
2023-01-09,0.0022451175785793,0.0016894259259918,0.0064732506155353,-0.0005668771017783,0.0053242295914286,0.0083878941590928,0.013744040401619,0.0151589068369193,0.0116949165045911,0.0140909636034676,0.6674701848103506,2
2023-01-10,0.0036760446135073,0.0147851101867697,0.0084645857353409,0.0070128602292804,-0.0165501109726684,0.0083785072073454,0.0142823211735649,0.0153191224742955,0.0117474823364988,0.0143503520110107,0.6379244115511339,2
2023-01-11,-0.0006867939350113,0.0124645901273061,0.017299979506598,0.0126477281669628,0.0162516483925601,0.008389217047664,0.0140374850162202,0.0148270166271018,0.0119767994971715,0.0127455614323405,0.6403143207773487,2
2023-01-12,0.0115680009675027,0.0167981176610465,0.0054044663536643,0.0036408395387186,0.0196820994282236,0.0082221375884648,0.0122778196709383,0.0133437420532636,0.0105666007720117,0.0127776630129986,0.575292069869368,2
2023-01-13,0.0120017839929393,0.0065652758787424,0.0068807181333976,0.003879531968262,-0.0093724238893361,0.0085086020829789,0.0107974131759154,0.0119014322802516,0.009580217616254,0.0138173303250983,0.5571626471592949,2
2023-01-17,-0.0065450783446996,-0.0012297246551434,0.0020285088930165,-0.0018320261427525,-0.0064639723453903,0.0093632782566508,0.0106521694207942,0.011782894561376,0.0095226128265588,0.0132438645469303,0.5638952956268517,2
2023-01-18,-0.0028717524486322,-0.0161653548724882,-0.0129997512615732,-0.0157879709151701,0.0242314568340702,0.0095375176496628,0.0124257946902512,0.0126467101514879,0.0111874846747549,0.0138755852783136,0.524249467450235,2
2023-01-19,0.0158685200448249,-0.0095756380207437,-0.0098247711658726,-0.0072798248365928,-0.0062599596039363,0.0101787779931296,0.0130726797301276,0.0134934384139019,0.0114602262462302,0.014226004269943,0.4640481674240415,2
2023-01-20,-0.0033354055564589,0.0164798292247834,0.0273669707503843,0.0186292479363641,-0.0162111367646748,0.0088478406029514,0.0125584104467681,0.0135422111309903,0.0116859041861989,0.0157293346844398,0.3162671089885492,2
2023-01-23,0.0018964337632443,0.0123757834554085,0.0222160535354203,0.0119984126744252,-0.0047079624283972,0.0074546425977389,0.0114878690262182,0.0127545062818193,0.0101641858096661,0.0148742402750935,0.1160082260493206,1
2023-01-24,0.0036185151634795,-0.0021352720558303,-0.002041785135482,-0.0010731924690853,0.0143805002302865,0.0074440202817151,0.0116877557369061,0.0130977507701741,0.0101864608281851,0.0154585731172348,0.1083858191997028,0
2023-01-25,0.0046039595999265,0.0027817935586302,-0.0022193017925493,0.0003747514345235,0.0024248660139385,0.0074519741121045,0.0111806756214217,0.0133511284018927,0.0101252998994115,0.0141021141602484,0.1190720191997118,1
2023-01-26,-0.0090552668771549,0.0059216077563954,0.0194972915755446,0.0109902247705824,-0.0046519721925954,0.0083981552850138,0.0108047464451607,0.0135845751865443,0.0099531879367494,0.0135220487449604,0.0628470075690449,0
2023-01-27,-0.0013929904624704,0.0054094674222211,0.0099545255112811,0.0022979189377283,-0.002524111995496,0.0078741271641147,0.0097597106528298,0.013652182791011,0.0099429505727477,0.0118942170540514,-0.0213568717996756,1
2023-01-30,-0.0025667152702487,-0.0139255363890413,-0.0202186736080076,-0.0125468841315307,-0.0036546440171136,0.0070113232747213,0.0108002790932407,0.015969752924663,0.0109446835698334,0.0115756704483618,0.0405533924431666,0
2023-01-31,0.003636211541999,0.0242858546332429,0.014985754906575,0.014703248036979,0.0079946612288757,0.0066832924361735,0.0132217077989986,0.0163689446737611,0.0117590563672339,0.011629132281511,0.0810202797941503,1
2023-02-01,0.0125968143398083,0.0157197387050844,0.0213835305615541,0.0106277784068176,0.0120212183511374,0.0074261056396981,0.0119960006828068,0.0158474321572955,0.010113486859958,0.0093481024043937,0.2492469579688335,2
2023-02-02,-0.0207519365358004,0.0196925722623255,0.0358901875352699,0.0145569574410933,0.0012941316546466,0.0090094109030741,0.0114014817971496,0.0166712350848225,0.009539294496812,0.0090985962885261,0.2127255510634814,2
2023-02-03,-0.0249577702920029,-0.0067064800216584,-0.0177726177543426,-0.0106289764200772,-0.0149557650185624,0.0117806259816671,0.0119777091346733,0.0182859954834363,0.0100674846005937,0.0088454521881502,0.508860525446906,2
2023-02-06,0.0020754098721176,-0.0144677377048759,-0.0084588292925941,-0.0061113602965927,-0.0074040740264543,0.0117894245837403,0.0133988734844013,0.0182402990666634,0.0101234943195711,0.0090689708533349,0.5136437480580852,2
2023-02-07,0.0009204257080825,0.0074174183944883,0.020718501809454,0.0130786594090261,-0.0080256474017973,0.0116455428635234,0.0132799839293614,0.0186651953362494,0.0105756571989399,0.0079560876777894,0.5448796365186225,2
2023-02-08,0.0024715941207615,-0.0146231488526242,-0.0177811274113707,-0.0109348392511234,0.004759330387323,0.0114994937746597,0.0146196220197092,0.020144205132483,0.0115359610629059,0.0081246002996565,0.4861924270749798,2
2023-02-09,-0.007912418174625,-0.0144769165468969,-0.0088379939648786,-0.0086691929041299,-0.0094734926878842,0.0114459392301269,0.0155409504739743,0.0199988677267342,0.0116226972574897,0.0084673063468976,0.5336910488194203,2
2023-02-10,0.0019071943211166,0.0020006977457291,-0.006562971760842,0.0023335409164328,-0.0111896602873886,0.0115632396613177,0.0154666110520885,0.0200414650695507,0.0116232681995497,0.0089565510383946,0.5129056027379227,2
2023-02-13,-0.0050761702798468,0.0120329087978152,0.0160159294822452,0.0117392165094838,0.0084146445645256,0.0115737928955159,0.0149477089164238,0.0189579881055839,0.0110864136947562,0.0096262347981583,0.5243069722185859,2
2023-02-14,0.0007537389032514,-0.0004672697964478,0.0073891073461065,-0.0004601270152984,-0.002301877882373,0.0114108125913958,0.0129653383661194,0.0186614036608956,0.0103295616410565,0.0090101794862904,0.4843489076042856,2
2023-02-15,-0.0099646672534683,0.0101292946636861,0.0076610172577464,0.0032471492514987,-0.0093249014295533,0.0099455554122286,0.0123473425235343,0.0177390384624328,0.00986222990779,0.0075487451243752,0.3442342060899661,2
2023-02-16,-0.0008192368783922,-0.0095649205256646,-0.0187642591505501,-0.013768754234087,-0.0141681936584411,0.0085754642130022,0.0105056130474394,0.0145535885657482,0.0095393217180987,0.0077382680552399,0.4300770349957662,2
2023-02-17,0.0029867906696101,0.0027518001242992,-0.0070557889264287,-0.0024982348458599,0.0077763354927595,0.0046750936261226,0.0105477789918759,0.0136839971792652,0.0090581461174774,0.0082564298112735,0.2738816336983389,2
2023-02-21,-0.0037370046138994,-0.0295138766806907,-0.023675055426353,-0.0200608825498107,-0.0194371498874578,0.004573766072175,0.0132599405331241,0.0152874746768053,0.0108037031613604,0.009565562036461,0.4087294426976897,2
2023-02-22,-0.0056264885860463,0.0027211247731377,0.0007482854649425,-0.0013782541991861,0.0091643015699687,0.0046021013048883,0.0129116027825159,0.0129589010762831,0.0093408956317698,0.010517901101964,0.3878539332958318,2
2023-02-23,-0.0005304511136865,0.0071298177356631,0.0087339790145348,0.0053194438200809,0.0097719406837641,0.0043316043660813,0.0127356979421287,0.0127842510676369,0.0094226380007619,0.0110646286772219,0.4832643607026735,2
2023-02-24,-0.0071946757563704,-0.0093512173226744,-0.0167440759695884,-0.0106822972516777,-0.0130007350847334,0.0042425450128617,0.0122597357170477,0.0134513028904425,0.0095909935714291,0.0113439004582311,0.4927171892844907,2
2023-02-27,0.0039203348939262,0.0035198590540468,0.0071612259784132,0.0034058262955918,0.002772999972826,0.0045253752943733,0.012313280516109,0.013769308622008,0.0096582976843988,0.0111400820607995,0.551512405113576,2
2023-02-28,0.0045559688627159,5.312252168332421e-05,-0.0012925624615371,-0.0036958971951801,0.0045428955949486,0.0049299302516998,0.0114503044456344,0.0122809837787945,0.0082594886842389,0.0107986670776793,0.5860295529459727,2
2023-03-01,0.0057721506336738,0.0012754602175826,-0.0080392678084193,-0.003835979734115,-0.0107427900781037,0.0054230209508263,0.0114937878767967,0.0117049167895941,0.0081645761083617,0.0111136726393835,0.5590632396370866,2
2023-03-02,-0.0005855636445488,0.0023881796380427,0.0082757563991695,0.0077773609736986,-0.0088672848805794,0.0044333028519572,0.0108207260632041,0.0117809071839123,0.0087410427276708,0.011086855553737,0.6267710681293559,2
2023-03-03,0.0107230856192757,0.0139250447547725,0.0206737059555248,0.016037901444849,0.0242261011059357,0.0055855261009355,0.0117158629882654,0.0132010009949991,0.0100079204525362,0.0133007269128159,0.7411585611074656,2
2023-03-06,-0.0050438306468199,-0.0146215098670926,0.0011346571655996,0.0006926095568684,-0.0077536128668851,0.005843997448495,0.0124439311845282,0.0130450586449879,0.0100043328250696,0.0132790181086701,0.7355904819454493,2
2023-03-07,-0.0174804806278633,-0.0116056756600241,-0.0122658291640738,-0.0153286800543718,0.0061324600679448,0.0080710642072842,0.0088550613211919,0.0111324654721956,0.0090501469279614,0.0116861431471132,0.6598020453893852,2
2023-03-08,-0.0004744504410588,0.0004826966256363,0.0049942517783887,0.00163208386789,0.0009830295564108,0.0079164484823546,0.0087938891568868,0.011209344593347,0.0090555115458522,0.0113820771309436,0.6763275445315097,2
2023-03-09,0.0098493160569381,-0.027813471951601,-0.0173256617011924,-0.0184499098559671,0.0024556167067557,0.0085838498974505,0.0117808298517964,0.0122595385968554,0.0105404588882407,0.0109694156832897,0.5174303329803436,2
2023-03-10,0.0215628568434191,-0.0288299493304883,-0.0140438386506447,-0.0144293187148486,0.0344857666057369,0.0103836914028599,0.0141115888596116,0.0119073013293126,0.010933025120439,0.0144167899244922,0.2668686961105476,2
2023-03-13,0.0229482119124395,-0.0162900221071252,0.0074163563076932,-0.0014254076577315,0.0022731371084172,0.0121134189858808,0.0139975704681835,0.011927160806117,0.0107422712522186,0.0144255533995329,0.2489661795178459,2
2023-03-14,-0.0057910647462177,0.0185217228164449,0.0229800660391505,0.0165300912041854,-0.016441410393571,0.0126048466586075,0.0162332137110793,0.0141368307120347,0.012395097335446,0.0159124542113124,0.1710573842321343,0
2023-03-15,0.0078041331704048,-0.0164854256298646,0.0052458384190781,-0.0062543114548522,0.0193102477758508,0.0126502344681738,0.0162890613124127,0.0137728477547717,0.0124781566781075,0.0159346776715497,0.1676415653893085,1
2023-03-16,0.0020200920082427,0.0136511901210132,0.0263607332752489,0.0175452833507194,-0.0078229487281766,0.0125637895145249,0.017438513129669,0.0156451912363573,0.0136013463409366,0.0158318307692247,0.1583030964549653,0
2023-03-17,0.0291202146774898,-0.0269915816868374,-0.0047262297966671,-0.0116926576311212,0.0150091637606029,0.0147200124036405,0.0167960068135414,0.0147679531982568,0.0126861384497796,0.0148785252021948,0.0156052997497941,1
2023-03-20,0.0003808677357699,0.0129649869451866,0.0035489559198682,0.0096154312636425,-0.0087976361066914,0.0143444766860469,0.0183301731355417,0.0147723857591842,0.0132836625583533,0.0149802090645809,-0.0149644710773281,0
2023-03-21,-0.0188751158062764,0.0184489609519844,0.0142825132970847,0.0131306493807079,-0.0085920091387755,0.0146131313391085,0.0200958124459626,0.0142566768159644,0.0132129545339955,0.0155432530792626,-0.1037018074749759,1
2023-03-22,0.0170206098981382,-0.0283610036735856,-0.0135980401444556,-0.0170465100285446,0.0133331445370923,0.014685294289013,0.0212225030510885,0.0154052079715684,0.0143272816970946,0.0158279501334247,-0.1043159779136187,0
2023-03-23,0.0125381760856249,-0.0044383660453635,0.0118580079149865,0.0027033123719062,0.0,0.0147351608304233,0.0200681110491572,0.0138050949927391,0.0130059224262234,0.0158825137428975,-0.150123621598967,1
2023-03-24,-0.011252350246951,0.0090455009583814,0.0036806789708021,0.0065620498606071,0.0042295761166499,0.0152404121914118,0.0187666191252189,0.0119713956718393,0.0119105512756498,0.0118607721211849,-0.142861015370021,0
2023-03-27,-0.0092567220514061,0.0111181438792005,-0.0068515633127618,0.0018698539574497,-0.0234912490488096,0.0145522890684209,0.0184453323460491,0.0128291270198284,0.0118207776511828,0.0141845377137652,-0.0828672786723992,1
2023-03-28,0.0081890932572421,-0.0014392047191494,-0.0053115089583866,-0.0022446951540304,0.0018212373192454,0.0143511970929116,0.0173560233142188,0.0118161862734119,0.0109437852372576,0.0131609626166761,-0.0733457427884383,0
2023-03-29,-0.0049607700065313,0.011357703155121,0.018233961773874,0.0145347852415633,-0.0020088915554145,0.0145191118305089,0.0168665428132253,0.0127152543994059,0.0112932133280646,0.0113818323035015,-0.0622710030945822,1
2023-03-30,0.0090395765491646,-0.0013680500358492,0.0094651465079738,0.0058553873476303,0.0046008909129631,0.0146627133709283,0.0163279218628087,0.0104439561401619,0.0102327899168124,0.0113087964833097,-0.0614601589606428,0
2023-03-31,-0.0052122461355942,0.0183809459742614,0.0166308777536372,0.0140946636742858,0.014981282767047,0.0116218454897958,0.0141413398505791,0.0108509801964143,0.0095319790070648,0.0113045808626483,0.0387514661589051,1
2023-04-03,0.0072044103080191,0.0004484581769756,-0.0024305679906966,0.0038104448861935,0.0047028209778361,0.0118601487412844,0.0138670931911282,0.0111132812288666,0.0093890992165571,0.0109910471206518,0.0421665325163274,0
2023-04-04,0.0186409589604377,-0.0175368600049277,-0.0033733857370452,-0.0055480246398805,0.0049718516790067,0.0109704841382383,0.0141705560880639,0.0108015067060177,0.0093006512399751,0.0105079188289083,0.0554247219476416,1
2023-04-05,-0.0007979247786651,-0.0098089743937145,-0.009872353051921,-0.0026181523117881,0.010454761395384,0.0100656143816492,0.0109293477453938,0.0102205209269976,0.0066917043770941,0.0102076743783529,0.1126753815217068,0
2023-04-06,-0.0071340910654725,0.0014973254472743,0.0067421819020161,0.0039006737752487,0.0025866281056954,0.0097853969823368,0.0107257061994347,0.0098608664743981,0.0066785730285241,0.0101833684097234,0.119729150534858,1
2023-04-10,-0.0073998865470733,0.0106964214639238,-0.0005658295266386,0.0010264024083119,-0.0161246005553851,0.0093393337063929,0.0108552261439556,0.0099048659452978,0.0066740302288346,0.0116762210992293,0.1267609891133976,0
2023-04-11,0.0063205562373052,0.0079089237468241,-0.0064176971685878,0.0002685202157306,0.0020603067220574,0.0087502942549405,0.0106113978870427,0.0098613416510757,0.0067355666056835,0.0081743248267128,0.0862767064203741,1
2023-04-12,0.0048851388666131,-0.0073387261090602,-0.0088338187987171,-0.0040759785176844,-0.0010281534172477,0.0085674231075756,0.010982209890665,0.0102201964860664,0.0069255250494117,0.0082616082318225,0.1104339293806614,0
2023-04-13,0.0135156725588954,0.013250727599088,0.0195821181721997,0.0132827531238024,-0.0078583806093254,0.0088723211139257,0.0111868779893941,0.0104647185196699,0.0067041094007408,0.0088069554467014,0.1630520189755027,1
2023-04-14,-0.0177103130335891,-0.0093170106973249,-0.0018798355388989,-0.0024427016803765,-0.0091465340447304,0.0109434406619909,0.011693190489146,0.0101879529538249,0.0068238486113903,0.0093976906416424,0.2593361625526639,0
2023-04-17,-0.004453755249712,0.0128604631988038,0.000847310108887,0.003588353965706,-0.0118961063329974,0.0108963459072598,0.0108734844118809,0.00858691419034,0.0054554470118714,0.0086267735512352,0.1452965894161762,1
2023-04-18,0.0038807806038938,-0.0042510769380241,6.267099099743767e-05,0.0006520135403078,0.0035637876520122,0.0107461307938227,0.0109658905642265,0.0085646758598401,0.0053731347993825,0.0085335818961427,0.1359057534872088,0
2023-04-19,-0.0047785202128775,0.0012921246329331,-0.0004704401889999,-0.0001688542735091,-0.0009597938638693,0.0088535631221779,0.0091202431767472,0.0085005563335749,0.0049164857021023,0.0081750865335863,0.2294722586562143,1
2023-04-20,0.0039382591990468,-0.0051612109396169,-0.0076243875421063,-0.0054569394951135,0.0085494735124402,0.009012652978122,0.0085716852740527,0.0082385270501168,0.0052417069787471,0.0078465459863777,0.2209353779570939,0
2023-04-21,-0.0098876692680979,0.0012968859034083,0.0010431758229261,0.0007767747860711,-0.0056195245069583,0.0092630836594552,0.0085735990817296,0.0079224518329933,0.0051456373169697,0.007620266202726,0.2255487530538731,1
2023-04-24,0.0030393354604816,-0.0006757366246946,-0.002084177482292,0.0010432343646618,0.00967422581496,0.0090690580491293,0.0080482799544276,0.0079399667051858,0.0051457423339994,0.0073642393790398,0.2482384715121325,0
2023-04-25,0.0050863181311835,-0.0246845228109364,-0.0188639395036103,-0.0158739256415735,0.0147046374460972,0.0089795477805315,0.0109940582392899,0.0097307217401397,0.0073655898972219,0.0089200086984854,0.1532281611103446,1
2023-04-26,-0.0054373863086726,-0.0096498478832756,0.0060648555581783,-0.0042356725537643,-0.01065808228256,0.0089169367912089,0.0111357627618747,0.0096783050242116,0.0073734879724856,0.0095413226250541,0.171082717019015,0
2023-04-27,5.410039265330013e-05,0.0133612342626963,0.0271909016316904,0.0199082601717821,-0.009922796241831,0.0073054984279623,0.0111531753741305,0.0115382406631351,0.008922753094996,0.0097275685087429,0.1030965482178197,1
2023-04-28,0.0002706525128974,0.0087518150662935,0.0068986412473488,0.0085350714316954,0.0161308158918873,0.005043005902037,0.0113859839777167,0.011676211034162,0.0092869094899346,0.0106639744179784,0.1021621963451077,0
2023-05-01,-0.0044913518254771,0.00057069921565,-0.0011472424450315,-0.0010098456922423,-0.0288345105813814,0.005046021772756,0.0103801883541345,0.0117019331468086,0.0092515046511755,0.0138670804861364,0.1682274567633305,1
2023-05-02,0.0192966409099437,-0.0205360561445179,-0.0087215569109857,-0.0112391356514556,0.0249197602432318,0.0080854116254783,0.0119466517823438,0.0121115688418371,0.0099553650875637,0.0160130185783244,0.0826237909939174,0
2023-05-03,0.0084790758407855,0.0036691072095698,-0.0065439137615316,-0.00686399076256,0.0055820392545407,0.0081720984701418,0.0120764953017311,0.0123013109932094,0.0101338176695981,0.0160214416804841,0.0741930375629146,1
2023-05-04,0.0070329534491149,-0.0111994375995727,-0.0035298444777003,-0.0070829239535494,-0.0098788801484477,0.008309629112096,0.012327913399845,0.0120998346706319,0.0102180966493319,0.0162996680195721,0.0826352885784518,0
2023-05-05,-0.0156479504796054,0.0237676750459956,0.0212543844547421,0.0185125814147515,-0.0033255757862302,0.0093821992447636,0.0151152124597577,0.0138492870901075,0.0120519523848875,0.0162181969856781,0.0297177514564496,1
2023-05-08,0.0012269055761324,-0.0022929716864353,0.0024776988870502,0.0002664020681237,-0.0140147441804558,0.0093724171480679,0.0151121329264134,0.0137728343159234,0.0120481968625955,0.0165117222062185,0.0322550284162146,0
2023-05-09,0.0070861623621636,-0.0029876054599868,-0.0063332196954978,-0.0043852954052152,-0.0035775229806276,0.0094761423650431,0.0128541990985274,0.0120780986266041,0.0108442266447287,0.0154953313027142,0.0487978851879027,1
2023-05-10,-0.001428442843921,0.0050713004000881,0.0108816741226784,0.0046724220740539,0.0097038615537288,0.009217831619492,0.0124178636644521,0.0122746332583705,0.0107094385596364,0.0157649601990111,0.0277127077784663,0
2023-05-11,-0.0085827555877483,-0.0076830896251903,0.0032600611212627,-0.0017440572665488,0.0105720252693997,0.0098246273995309,0.0120210476879792,0.0092681006465406,0.008720007819994,0.0158544983825475,0.0332276327211094,1
2023-05-12,-0.0017100802429794,-0.0020225298259058,-0.0035868082724808,-0.0013101369541868,-0.0083688536809471,0.0098680981636494,0.0115962475642356,0.0092264588724594,0.0081843751775654,0.0150840435016623,0.0035330468160326,0
2023-05-15,0.0021412620336231,0.0122164320712723,0.0054150681732616,0.0034499130166834,-0.0103577884973702,0.009669480487683,0.0123710511419287,0.009305517216798,0.0083055052623406,0.0122615654019132,-0.0332020706770763,1
2023-05-16,-0.0124993937971285,-0.0145857427145755,0.0011322976627021,-0.006682556172983,-0.0030040951383132,0.0084199207013738,0.0113882814377855,0.0086030965882875,0.0077625273525675,0.0086292457371827,0.0977781575983266,0
2023-05-17,-0.0034618889303412,0.0222893950074845,0.0121039842498493,0.0121388856947666,-0.002916336032301,0.0076788712802751,0.0133383246678615,0.0084585573331729,0.0082386382003269,0.0081306622047947,0.1351217138819448,1
2023-05-18,-0.0129729112797845,0.0060755210610887,0.0185736085394869,0.0096333251948768,-0.0074088082078799,0.0074988360667464,0.0124937730249574,0.0090502611427899,0.0079298215884691,0.0079514534302703,0.1085249600054562,0
2023-05-19,0.0098988291245512,-0.0060951277869739,-0.0022537490301283,-0.0014551569314467,-0.007071099796603,0.0076609898255668,0.0106766394759368,0.0077579957351348,0.0059949273415308,0.0080420733967737,0.1421499366643978,1
2023-05-22,-0.0023414979155433,0.0122081033632341,0.0033581554697923,0.0004060882351168,-0.0035611022715151,0.0075750429516735,0.0111540092051018,0.0077416718180972,0.0059920033873451,0.007177187651908,0.1249808487080485,0
2023-05-23,0.0012007311492414,-0.0047122000163813,-0.0126764776317154,-0.011222716409839,0.0028787532922445,0.0069609850597519,0.0112602290434396,0.0088815886318441,0.0070341588497379,0.007367253106822,0.1071767920096886,1
2023-05-24,-0.0080684500170863,-0.0105963137881639,-0.0051295786184568,-0.0072447886745624,-0.0049488995568144,0.007112056091161,0.0118999375750615,0.0088703987559874,0.0073072552224997,0.0061472697257552,0.0896354694787444,0
2023-05-25,-0.0096180270917938,-0.0078045559081669,0.0243331923444531,0.008659818740202,-0.0024869655032819,0.007199009723748,0.0119095140640766,0.0113534300895078,0.0078179174038309,0.0037738341056233,0.0461035400137004,1
2023-05-26,0.0039955673301699,0.0113684764322881,0.0255503664063398,0.0129505651223442,0.0080773513401835,0.0075933488260025,0.0123156332635234,0.0128004577094716,0.0086767034353691,0.0052887235955323,0.2506257429285656,0
2023-05-30,0.0061905545463338,-0.003690207957487,0.0045350298399111,0.0003810106971287,0.0099911984200058,0.0080050136736743,0.0118740250177408,0.0128158915769382,0.0086764845667887,0.00603888476011,0.2660104466046549,1
2023-05-31,0.0015382006614657,-0.0098573395869355,-0.0056861048137237,-0.0055450276553441,0.0087168165706446,0.0073094327578832,0.0112886593895828,0.0133309860511024,0.0085602298720783,0.0067159032012702,0.1575358805301049,0
2023-06-01,0.0078981303464762,0.0108187031517821,0.0115520854727197,0.0095008506512401,0.0039235506235717,0.0078125871767762,0.009279890993564,0.0133052714176793,0.0082434002009492,0.0067198086719868,0.242091362152703,1
2023-06-02,-0.0147474506752737,0.0362653746641568,0.0074998202426412,0.0144611764143016,-0.0109581589070423,0.0081472275506419,0.0148172816372351,0.0126048463548884,0.0088823532020696,0.0072731705370001,0.1418790672664637,0
2023-06-05,0.0060204160150112,-0.0134051244479396,0.0007049416496998,-0.0019162342415819,-0.0018630333885467,0.0076811896598952,0.015470282096112,0.0124465699536438,0.0089039663275111,0.0068483402009449,0.1524607581238005,1
2023-06-06,0.0010980396887689,0.0263390506849967,-0.0001689969802264,0.0021775112035546,0.0058940798168649,0.0076811636171256,0.0170636096053824,0.0125604479598926,0.0088853818980455,0.0068047536641968,0.1556862985050723,0
2023-06-07,-0.0120105434100591,0.0187107734435696,-0.0169655025497887,-0.003457823882751,-0.014843772256326,0.0084622713041454,0.0174191752758669,0.0132853749750934,0.0078602264861698,0.008599261186012,0.2047686759825563,1
2023-06-08,0.0132112404299056,-0.0037388336930439,0.0124132637759046,0.0060487536001361,0.0116971470385236,0.0093332741218605,0.0168262117468723,0.013009943365315,0.0070142981181306,0.0090991279368096,0.1376683028978026,0
2023-06-09,-0.0026845203333208,-0.0080945912415205,0.0038228539080824,0.001793994153757,-0.0013720661459906,0.0087491198533701,0.01685383683287,0.0113790804400059,0.0068776557828623,0.0090472447896855,0.2091142926368507,1
2023-06-12,-0.0008788640365902,0.0041615176972618,0.0168969183114617,0.0090720753246094,0.002943652616421,0.008702499117282,0.0167750800813193,0.0098059698617745,0.0063860250246066,0.0088017545485408,0.1595775608166031,0
2023-06-13,-0.0073675586139503,0.0114637115750704,0.0076839088831339,0.0065927955085598,-0.009880554239351,0.0087841882802813,0.0165098165964661,0.0098944701948446,0.006377879849022,0.0088926051964332,0.1552104006820455,1
2023-06-14,0.0005539277015322,-0.0107485271932928,0.0072676400688846,0.0011908260035669,0.0080028697159082,0.0087606564174874,0.016614591927259,0.0093511893752597,0.0055782952482042,0.0088122261048031,0.1676879487437154,0
2023-06-15,0.0070305816914972,0.0082297941775011,0.0119157777628198,0.0123978461948377,0.0096060957612114,0.0086677549109369,0.016571659800215,0.0093798613718843,0.0059284231768132,0.0093088326096074,0.1816994490166563,1
2023-06-16,-0.0015392159510752,-0.0080025694742011,-0.0062927812948709,-0.003406335394832,-0.0038833902136548,0.0072220903741532,0.0134866062495724,0.0099835629223319,0.0053715958193595,0.0086344164377571,0.3259484832476789,2
2023-06-20,-0.0103507395929735,-0.0043561575659252,-0.0014317443418564,-0.0051881979060192,0.0069202252447528,0.0076358825063662,0.0125742061096535,0.0100778660118864,0.0057909499215391,0.0087978133194836,0.3207845977373015,2
2023-06-21,-0.0014464228474878,-0.0023227871547421,-0.0136276501932893,-0.0051237750997609,0.0024197135616097,0.0075895795478179,0.0097021800837915,0.0114320806915867,0.0063047324326858,0.0086730941253718,0.2827130949680297,2
2023-06-22,-0.0099169799143199,-0.0074176547641903,0.0117990542154842,0.0036097372325969,-0.0120702538051014,0.0072919518371925,0.007539216592209,0.0095460468294112,0.0060154254192773,0.008131879658082,0.3417080805259006,2
2023-06-23,0.0027572461643308,-0.0150546952914644,-0.0099133773944781,-0.0075599198082364,0.0099698555275913,0.0055045155142067,0.0085912431792301,0.0102184181414412,0.0066763834807172,0.0079049386557934,0.2334904124130775,0
2023-06-26,0.0017396047357047,0.0009969105591449,-0.0134055644702406,-0.0040858193206313,0.0010645295383013,0.0056534747154677,0.0084979393131629,0.0114117503902004,0.0068873346765158,0.0078519768990721,0.2042907012279683,1
2023-06-27,-0.0045935358840554,0.0144398954585873,0.0171940264322683,0.0109635197908426,-0.0026101133464087,0.005697735089428,0.0098767226982265,0.0114577730083688,0.0071617812290702,0.0079352193387588,0.1656460108456704,0
2023-06-28,-0.0023074098512918,0.0049083650911112,0.0019515847793563,0.0005042721597399,0.004264640236032,0.0054167615783942,0.00912615221244,0.0112340428126042,0.0068810318264847,0.0069942545160678,0.220752792325077,1
2023-06-29,-0.0010717646813772,0.0115055369513128,-0.0020025227577341,0.0039413617067411,-0.0180484213031857,0.0053621419915534,0.0094453095399613,0.0109977208065209,0.0069736055828586,0.0091742976128501,0.1872275329589731,0
2023-06-30,0.0066633235020165,0.0047751235283197,0.0154200746440698,0.0118006838806166,0.0117946970786184,0.0052944784326484,0.0091822641991044,0.0114784155612522,0.0068630844259896,0.0094569467230109,0.189427391518936,1
2023-07-03,0.0011218766110339,0.0020290596735239,0.0023551039898754,0.0011505571420937,-0.005668789840038,0.0053866526125397,0.0087553018515237,0.0112782450741425,0.006721354313151,0.0095543853828972,0.1708936940763389,0
2023-07-05,-0.0035300323780096,-0.0099651365290845,-2.698639050424667e-05,-0.0014873367539954,-0.0095026933115311,0.00454065539171,0.009296000704947,0.0112556156770079,0.0064386304179324,0.0096065157726174,0.202425867541687,1
2023-07-06,-0.0029802001248914,-0.0161483166203783,-0.007615881894342,-0.0078305356078132,-0.0141429079455857,0.0045809441068512,0.0106706656817526,0.0105259425809912,0.0067893620201627,0.0102001865775964,0.2956491928817955,2
2023-07-07,0.0075009974021074,0.0105592481129299,-0.0033201372575977,-0.0025248560841321,-0.0060193648580839,0.0041986648872193,0.0109779201507515,0.0099652059068445,0.00681456289405,0.0098068553882287,0.3075438747857579,2
2023-07-10,0.000783695645582,0.0171078702777967,0.0003276712130659,0.0025312471188205,0.0013123144762132,0.0041281334091779,0.0105170176806342,0.0093320776068155,0.0062109525166095,0.008884196040929,0.3902828582658628,2
2023-07-11,0.0037476125602418,0.0102729964433234,0.0049404807394719,0.0063685196593137,0.005140415970732,0.0042511774190498,0.0106291496038063,0.0078522407824392,0.0060445782116539,0.0092171621873213,0.4629740308818497,2
2023-07-12,0.0135414208743129,0.0109062492921696,0.0126299213392411,0.0080460337335983,0.0111309940740944,0.0055044024158754,0.0103331648498078,0.0070189598499491,0.0056504872282015,0.0103000556140838,0.6282078701274784,2
2023-07-13,0.0007146999149643,0.0080782535788388,0.0169788292401515,0.0079367315488971,0.0105128080334255,0.0052996211788263,0.0103922945239331,0.0083743658921246,0.0058795250833854,0.0108929895308256,0.6161257899081906,2
2023-07-14,-0.0031866482531699,-0.009771370517923,-0.0002110093689465,-0.0006227995945932,-0.0058886413442534,0.0055029081037701,0.0110496746815642,0.0082506815491556,0.0059741386490901,0.0093978067161049,0.7012789386488687,2
2023-07-17,0.0007165567329587,0.0107032906376436,0.0093386863437026,0.0034722156665838,0.0004938951456643,0.005313585446372,0.0113239635500137,0.0075192094134509,0.0050479095914353,0.0084341799840993,0.6911799577251359,2
2023-07-18,0.0114562781395908,0.0123462613867058,0.0081804971675523,0.0074306346575359,0.0045389689220747,0.006103941060677,0.0116527115165084,0.0076418960497339,0.0053528487705166,0.0084594101084089,0.7106447056085441,2
2023-07-19,0.000163356455002,0.0042353652518145,-0.0002332298102024,0.0022237049381217,0.0112966832299452,0.0057761646687903,0.010516241150495,0.0076546060755177,0.005184637877455,0.0084865347896112,0.63769717401583,2
2023-07-20,-0.0050633891493035,-0.0087397974705827,-0.0230520587211997,-0.0066345036428068,-0.0121418692246926,0.0060564216382518,0.0089385617484471,0.0110731439886933,0.0049217721241403,0.0080818060310944,0.6577902345976008,2
2023-07-21,-0.0030645332195952,-0.0031782275807515,-0.0029992299307791,0.0,0.0002951095255026,0.0061125577238049,0.0093054255685941,0.0110546656378847,0.0046755676224323,0.007615586152431,0.7339627465314053,2
2023-07-24,-0.0042814733266841,0.0024684058493948,0.0015974829019664,0.0044673880464176,-0.0036373228889355,0.0064246810161609,0.0083229057372626,0.0110330627660742,0.0046906042679444,0.0078701564698669,0.760279607294614,2
2023-07-25,0.0055678599757911,-0.0001027009546198,0.0067775693062008,0.002729975424826,-0.0018744168737439,0.0065213015744093,0.0080594636397787,0.0110893492302022,0.0045628211370612,0.0078889866575061,0.7416097964559115,2
2023-07-26,0.0048791150253855,0.0079008972445466,-0.0033264401063134,0.0001536207344809,0.0009885487661196,0.0052108349375099,0.0077700676219726,0.0106740778379592,0.0042463565408339,0.0071242015326923,0.66223766909375,2
2023-07-27,-0.015711974003619,-0.0129289291048053,-0.0023839821573796,-0.0066299201432818,-0.0194529411342232,0.0073764422911597,0.0088299892320914,0.0091643967328293,0.0045174541776323,0.0085788019185329,0.6970376768073292,2
2023-07-28,0.0079813904002916,0.0129434949701898,0.0182148240278288,0.0097903601102031,0.005135841807687,0.0078161061580045,0.0088747509046719,0.010938816625874,0.0053183248165329,0.0088057688645579,0.7504413805447278,2
2023-07-31,0.002694410488945,0.0116071977006542,0.0005214055829525,0.0019040350388652,0.0024046603958489,0.0078537554750946,0.0089709348157215,0.0105597162074718,0.0052832782615573,0.0088727686267941,0.7442535885294999,2
2023-08-01,-0.0103646796072797,-0.0045796576974334,-0.0023196625265162,-0.0028616051753479,-0.0163870661215619,0.007482314240637,0.0085249747729018,0.0102085306813795,0.005004125490633,0.0097785811170243,0.7209329515054016,2
2023-08-02,-0.0047656022296128,-0.0135995917092353,-0.0219440079217421,-0.0139107481126431,-0.0106989808856053,0.0075067711467922,0.00956622990797,0.0122065476250192,0.0067040577775911,0.0085130409437003,0.740764834421403,2
2023-08-03,-0.0003341470787491,-0.0028190010724347,-0.0016025256988335,-0.0028658426743732,-0.0230710403422697,0.0074560359659145,0.009197780961642,0.0099454035253544,0.0064597920639092,0.0100228838573379,0.6869395781505763,2
2023-08-04,0.0036204142786031,-0.0020044836369991,-0.0046818735340435,-0.0045227499607676,0.0177118905302395,0.0076219169483067,0.0091633858357913,0.0100018267841354,0.0065611367205864,0.0125536694099714,0.614910089965547,2
2023-08-07,-0.0022753962847783,0.0006696378969637,0.0084667144870236,0.0087285606635949,-0.0098412705815656,0.0075541411655967,0.0091246899040424,0.0104206545990099,0.0070856741305545,0.0126380040380684,0.5900345364355345,2
2023-08-08,-0.0063410801946213,-0.0062789333533167,-0.0085023317899111,-0.004348682245489,0.011613130239191,0.0073625880540375,0.0093174932434273,0.0103995490580704,0.007053074613214,0.0137405481667705,0.5450387526102113,2
2023-08-09,-0.0047582070444458,-0.0078205728710414,-0.0109946817552636,-0.0066853367710745,0.0051711672483256,0.006973574776441,0.0089862994219152,0.0108031147917885,0.0072094585936475,0.0139763107275808,0.5344539078324004,2
2023-08-10,-0.0010686044760203,-0.0044369869472777,0.0018484594559482,0.0003589575809825,-0.0164628959709194,0.0053656968047636,0.0082612816778081,0.01089169558868,0.00706313040862,0.0136305441971619,0.5052823429433124,2
2023-08-11,0.0,0.0014155775061797,-0.0063757512455675,-0.0005832288657565,-0.002301312505173,0.0042703521813547,0.0066482654819764,0.0082516847671683,0.0058955270803393,0.0133096017942497,0.3578837258814199,2
2023-08-14,-0.0030405885493445,-0.0017278049926597,0.0112222533271002,0.0055201503039699,-0.0022017187323114,0.0038838474118378,0.0043970126069167,0.0095718745378972,0.0062917980720558,0.0131347148654762,0.3284251931994152,2
2023-08-15,-0.0026544743430688,-0.0132172304672012,-0.0106117015411326,-0.0116489552824794,-0.0060951148053466,0.0028801653660715,0.0052612043513175,0.0098154510231253,0.0069830076785004,0.0125004806675195,0.3367609306211402,2
2023-08-16,-0.005776029417432,-0.0122249745580591,-0.0105887383079092,-0.0073380869247672,-0.0078241514448116,0.0029970171877783,0.0050236231899004,0.0080472849532343,0.006094266688456,0.0123517020486331,0.2805083661206839,2
2023-08-17,-0.0015378724223797,-0.0117843507462617,-0.0109231631510265,-0.0076198614474499,-0.0042623631274671,0.0029344676484039,0.005407326824835,0.0083770338589667,0.006321174236763,0.0102679102961534,0.2974005596511768,2
2023-08-18,0.0001711282303173,0.0054451749863175,-0.0012550807821827,0.0004813067694817,0.0035313950558506,0.0022801429228461,0.0064011461427956,0.0084211999163143,0.0063687569675997,0.0080720251869501,0.2814245641309024,2
2023-08-21,0.0027376702362758,-0.001462111910914,0.016111690953531,0.0065063192944632,-0.0133304514644407,0.002866438180664,0.0062245600144571,0.0098768573386837,0.0059667391290678,0.0084724524600817,0.2967372153345143,2
2023-08-22,0.0016495566176504,-0.0029831374784217,-0.0014288689856279,-0.0027086852911574,0.0076740504689432,0.0027010721059418,0.0062488333564886,0.009691106376172,0.0059338200152952,0.0077687314324317,0.3660843909268224,2
2023-08-23,0.0101646406819577,0.0106621271336673,0.0157684853864534,0.0111377878557299,0.0247776873294052,0.0043035427083963,0.0078185516490966,0.0106691674108967,0.0070634104286498,0.0117070467602967,0.6674462216642988,2
2023-08-24,-0.0002248203174435,-0.0138329134311906,-0.0213757539904519,-0.0138590816671545,-0.0065940995174454,0.0042870973076098,0.0085377394497904,0.0126559151151099,0.0081921023326962,0.0106914675125651,0.6854531326414439,2
2023-08-25,-0.001293286356112,0.0042572643415703,0.0077515734865114,0.0070498309002737,0.0032658785656065,0.0043115266147008,0.008780776669638,0.0128927294977172,0.0086809638273452,0.0107414854618764,0.6806062365020356,2
2023-08-28,0.0028713533365909,0.0089129803398366,0.0075269865393021,0.0063414681518456,0.0010503226791598,0.0042501775469813,0.0096466023435658,0.0125672178586068,0.0087556761889033,0.0107201903677187,0.7183998220978696,2
2023-08-29,0.0097680917682547,0.0139519375507641,0.021839840997313,0.01445462528709,0.0103859375743444,0.0049479330819926,0.0101443554611295,0.0139006279323611,0.0091646544348925,0.0109068174572066,0.7487282137823389,2
2023-08-30,0.0025018747942815,0.0037717668054679,0.0055767788199956,0.0041187403068663,-0.0010381758368447,0.0041593834891,0.0092035283328218,0.0131493640614375,0.0086461836793188,0.0104378530077395,0.7107816201809626,2
2023-08-31,-0.0016637258183913,-0.0017464686554923,0.00299843391858,-0.0014633179276403,0.0044694107452338,0.0041737322922702,0.0080446111457968,0.0120931930655902,0.008036052276257,0.0101667211706933,0.6676362656888567,2
2023-09-01,0.00049992409596,0.011876316604058,-0.0010581210297953,0.0018653305173277,-0.0155782082110139,0.0041531190655771,0.0085310207235653,0.0120813922831083,0.0079957307603128,0.0118069237778953,0.6186664005585538,2
2023-09-05,-0.0081616857238444,-0.0210636557087503,0.0012712049105296,-0.0043219827727869,-0.0140225208989115,0.0053888297048443,0.0114944012418769,0.01151359262117,0.0082491329122311,0.0119051851867978,0.6896861234489565,2
2023-09-06,-0.0045342451934685,-0.0037467032429465,-0.0088078438220589,-0.0067225226467638,0.0024595168958465,0.0057280630822608,0.0115290941288915,0.0121129950033924,0.0086076990588585,0.0117144149963966,0.697654687768432,2
2023-09-07,0.0010684498647577,-0.0096706367681281,-0.0071516701086079,-0.0030702093448083,0.0027732012893018,0.0047481642458808,0.0114882397175828,0.0116182238971882,0.0080614152394907,0.0083050607955905,0.6112941623219287,2
2023-09-08,0.0003370270596214,-0.0022244260588367,0.0013976142770855,0.0015061803395124,0.0038295517040762,0.004747438672949,0.0105665361751589,0.0086215228764637,0.0063066410761645,0.0082180616538676,0.6154059494339352,2
2023-09-11,0.0018531099936069,0.0023923257214215,0.0117827627232247,0.0065765525753991,-0.0072056887312992,0.0047462024133617,0.0105078119335956,0.0089494016257908,0.0062659773019394,0.0083870432369305,0.5947722284216486,2
2023-09-12,-0.0051566512530748,-0.000976246262907,-0.0110883817336122,-0.0054855429161662,0.0057636803234795,0.0049657621140195,0.0100571239577141,0.0099117046448215,0.0064538347667106,0.0086609991815684,0.5346494331931917,2
2023-09-13,-0.0023100098564432,-0.006569842259383,0.0038089413065189,0.0011658962354463,-0.0002123247317559,0.0034774885762503,0.0087317076913249,0.0070682140855807,0.0043391373605142,0.0077370528329832,0.2789214180418852,2
2023-09-14,0.0005082241752882,0.0141007383516227,0.0081772847909116,0.0086224116705178,-0.00721783885339,0.003269916499451,0.0100988167261323,0.007343846926958,0.0050558958163186,0.0079075942644834,0.2593961748096395,2
2023-09-15,0.0066038165662203,-0.0104552250461337,-0.0171229720141977,-0.0120483768343073,-0.0060942776053916,0.0042067840438814,0.0104660700150585,0.0090336436387121,0.0063163524394299,0.0075724765023494,0.1472817934922109,0
2023-09-18,0.0058876476018785,-0.006644585556185,0.0010423998256603,0.0005864854573001,0.0057013734639255,0.0047234355482808,0.0091717593107635,0.0090791609280044,0.0062602888489659,0.0067637149022183,0.2151684007391691,1
2023-09-19,-0.0009476457412548,-0.003892880870344,-0.002131302289708,-0.0020738661323221,-0.0073804724174503,0.0038803128620724,0.0070956489330124,0.0090202933701408,0.00618032686157,0.0056179891218488,0.0928880860186175,0
2023-09-20,0.0007253927124595,-0.0100175312842745,-0.0144103356244852,-0.009193177942511,0.0031251198007375,0.0034837766552429,0.007459447669006,0.0096420245695423,0.0064727847793862,0.0056641028916571,0.0716293440217928,1
2023-09-21,-0.0072484137581099,-0.0155119326853758,-0.0183246124322521,-0.0165283682162696,-0.025674102454251,0.0043200467391347,0.0081975937833026,0.0108087417747369,0.0080733887520084,0.0095447757195115,0.4347673695589458,2
2023-09-22,0.0032013033173832,-0.0022590077201815,0.0001397622108707,-0.0022486765095309,0.0080484938640807,0.0044364016672509,0.008196778176176,0.0107501577671641,0.0079429533306771,0.0099894282583259,0.4391132482562707,2
2023-09-25,-0.0051505889267421,0.004471406374001,0.0047496974687499,0.0042052779631491,-0.024608997783001,0.0047103915450201,0.0084003058472625,0.009805007730906,0.007653327146189,0.0120788270900102,0.3478530061438549,2
2023-09-26,-0.0079909858938203,-0.0128572615854165,-0.0150162259565823,-0.0146912771180398,-0.0034762294542591,0.0050984549442142,0.0087914902686356,0.0101694516139113,0.0084569142510966,0.0115166103511535,0.410220287689402,2
2023-09-27,-0.0123666478946974,0.0093486563271389,0.0023432273864645,0.0003991573736386,-0.0051760405627985,0.0063062030107462,0.0098462283069471,0.0100395770050441,0.0084059765285298,0.0113558766152633,0.3395741047195136,2
2023-09-28,-0.0049971875099147,0.009034547585355,0.0083652398827531,0.005797449895059,0.0030539016173964,0.0063344082961712,0.0089355440250401,0.0100672407045322,0.0079591486189179,0.0117198696612475,0.3306483559289275,2
2023-09-29,-0.0102753496692138,-0.0047302330203471,0.0007263899953195,-0.0024269459675766,0.000112947092395,0.0059570650054498,0.0086460572209216,0.0092340708216451,0.0075256990159174,0.0118338978121928,0.3731285854860014,2
2023-10-02,-0.0104987056506113,-0.0151069307739056,0.0083455244586769,-0.0003976633797798,-0.0167404301270571,0.0051611879302193,0.0093911626729865,0.009877772592416,0.0074708509016333,0.0117853425394197,0.2990637003243629,2
2023-10-03,-0.0028882419805683,-0.0168325026878749,-0.0175495695705641,-0.0133861466511006,-0.0215116375495195,0.0050027603028906,0.0102074429803381,0.0109547510738277,0.0080301183298643,0.0126673332730014,0.3128743321189521,2
2023-10-04,-0.0001182565147072,0.0004676636373317,0.0136085650069102,0.0072819295527912,0.0141076816357679,0.0048872274531636,0.010224193928569,0.0115795565614507,0.0087013739476719,0.0141551915782129,0.4528504882374278,2
2023-10-05,-0.0018327868021307,0.0007593131467615,-0.0029464652206843,-0.000376639754138,-0.004984901210199,0.0050114720353313,0.0095300458902489,0.0099711055336547,0.0073458076159257,0.0125767594286203,0.3804950980472451,2
2023-10-06,0.0051530836211095,0.0096292614932254,0.0167553941889415,0.0118727154984259,-0.0121166666119614,0.0054018031685888,0.010310478972356,0.011248358086378,0.0084745240074299,0.0118253710852354,0.4244068217189512,2
2023-10-09,0.0183854474489362,0.0057802810747769,0.0050999663543003,0.0064022869027415,0.0234693904474636,0.0091810364190627,0.0104037434612305,0.0112586264800956,0.0086277134663323,0.0135752921630515,0.5323816490280644,2
2023-10-10,-0.0016780958953311,0.0113218896508198,0.0055381199686925,0.0052047270616042,-0.0013825772729885,0.008995244473636,0.0102670354706055,0.0095605078149171,0.0069898166445859,0.0135717293075328,0.5141702544720355,2
2023-10-11,0.007303045938392,-0.0017048255615562,0.0071353546623449,0.0040962436054954,0.0208861242405136,0.0086474953855344,0.0098510067281573,0.0095867061095601,0.006991330329103,0.0153100554766867,0.5375406327991865,2
2023-10-12,-0.003049650726577,-0.0225992005373014,-0.0034749933133195,-0.0060963749005803,-0.0271280104926817,0.0085474194938562,0.0115165185032647,0.0097864513568341,0.0073527724547227,0.0175582493675409,0.587627485909269,2
2023-10-13,0.0321482598454023,-0.0083284589667773,-0.0125700342948936,-0.0049809528024095,0.0178925528418467,0.0124776708980743,0.0116218467516179,0.0110058589112761,0.0075355119061403,0.0187174035406723,0.4259419831682777,2
2023-10-16,-0.0048649281903458,0.0161508418353331,0.0113063546994129,0.0105215983664717,-0.0160941195163507,0.0118468759870278,0.0123801936263116,0.0112331884567599,0.0080875033410933,0.0186570755998973,0.362700726903453,2
2023-10-17,0.001854273768354,0.0111547708318966,-0.0032754256936978,-4.594996637397042e-05,-0.0110209401034067,0.011594664389452,0.011412314306543,0.0091447820193825,0.006118156993327,0.017622211688248,0.2040331971807225,2
2023-10-18,0.01447081680526,-0.0205771804496076,-0.0131178249113071,-0.0133250255805883,-0.0087973583820372,0.011749761048624,0.0135250253318866,0.0098139252854441,0.0078781185385561,0.0171185610562068,0.2261038387042472,2
2023-10-19,0.0122740160371253,-0.0159324750475771,-0.0093569117863727,-0.0087865871904228,-0.0204733639268207,0.0114424330846166,0.014441604114173,0.0103009024935606,0.0085042258921268,0.0180985378393613,0.242916733410233,2
2023-10-20,0.0027308974274993,-0.0129285222962227,-0.0149179618515271,-0.0122879568156251,0.0056781079407117,0.0115393161331767,0.0142689660099784,0.0095571474336106,0.0083403473905988,0.0180293048596798,0.2729162640129426,2
2023-10-23,-0.0033770637265356,-0.0084715634307467,0.0030173976694032,-0.0017331846967774,0.0120136815156495,0.0114054953392306,0.0139169027886775,0.0093879547755822,0.0078177075433095,0.0165563492730857,0.1700433748710055,0
2023-10-24,-0.0001093308866343,0.0087257280232713,0.0097281619696711,0.0075393908564131,0.0131765108120156,0.0113018150283587,0.0135951175261994,0.0098900408143404,0.0081108069801257,0.0173214625041237,0.2021540084905234,1
2023-10-25,0.0042088236420074,-0.0165194235406757,-0.0244757235870407,-0.0143521335616747,-0.0222612964878886,0.0113026481352856,0.0139442194571615,0.0113878968982851,0.0085285829900797,0.0165119460213693,0.2285066191999369,0
2023-10-26,0.0015784524505007,0.002565435047992,-0.0190671730036088,-0.0119746646617046,0.0153386233446539,0.010998476227347,0.0130444245913576,0.0120929258939157,0.0088581747809219,0.0158361144982748,0.1642903912770459,1
2023-10-27,0.0116297997583436,-0.0117582451143841,0.0048013781713662,-0.0045328290330534,-0.004248865710887,0.0066525885652556,0.0132028507840823,0.012488671149574,0.0088590923538474,0.0143042610741857,0.0723093268119689,0
2023-10-30,-0.0056405470179743,0.0055483285118811,0.0112650900657897,0.0119557436921269,-0.0045040727377008,0.0067714009663656,0.0116743511898682,0.0124824931973133,0.0091434851067164,0.0136397520607061,0.0975405189513184,1
2023-10-31,-0.0054565625733159,0.0086445150012322,0.0047822665202594,0.0062803169303546,-0.0048814785569504,0.0073906022898479,0.0112894588624124,0.0128980633940215,0.0097069400931483,0.0133491688324282,0.105560640138203,0
2023-11-01,-0.0031506428518262,0.0057135236164229,0.0173569579667278,0.0106648746273676,0.0216820724740971,0.0064543427175244,0.0105743813049956,0.0142286836527802,0.0101347142395235,0.0149784919377246,0.1414286531158205,1
2023-11-02,0.0033240729584831,0.0266528966766559,0.0181534506614897,0.019164341558054,0.0227968899553101,0.0053083348813553,0.013227224153302,0.0152067737790312,0.0117030699787781,0.0142704477058357,0.2762256434486326,2
2023-11-03,0.0036389212834753,0.0271973776107894,0.0117485627205984,0.0091233447753364,0.0067783347541829,0.0053568776110841,0.0146081782167676,0.014409948867208,0.0109195606813454,0.0142763932516569,0.3016739983868361,2
2023-11-06,-0.0077925603925288,-0.0124936835723477,0.0040793745675913,0.002300528553331,-0.0096997858103351,0.0058831588910931,0.0150633822625565,0.0144080182763051,0.0107902622284889,0.0148311359624779,0.3450944838779008,2
2023-11-07,-0.0041451308444239,-0.0035400793445433,0.0094526472759044,0.0028459411513088,0.0147502820160136,0.0060447013170925,0.0151734983981743,0.0143957600211054,0.0107024054704001,0.014954035939557,0.3251204015586773,2
2023-11-08,-0.0099676439122202,-0.0106581499939378,0.000643964320282,0.000732483939521,0.0170334900950548,0.0065427607796609,0.0144216666009768,0.0106039763472019,0.0088676221602463,0.0123459930763237,0.2739061454127999,2
2023-11-09,0.0039829684332912,-0.0154823634929972,-0.0076957600258844,-0.0077987559536539,-0.0230010356067261,0.0067144085679943,0.01566706020054,0.0078242027108562,0.008058884361158,0.0152535494249029,0.4143628964644401,2
2023-11-10,-0.0109097521979121,0.0111815285104557,0.0224824733675828,0.0156047960736385,0.005599757878915,0.0055528920088257,0.0151007937379776,0.009057534187941,0.0079062620125869,0.0150012645317786,0.4268219034833604,2
2023-11-13,0.0055707204646029,0.000354796456542,-0.0031186624996326,-0.000953164623787,-0.0022729644486587,0.0061926711605603,0.0151414424960347,0.0098088388141185,0.0080751039607326,0.0148658809353719,0.3979446778202746,2
2023-11-14,0.0089191771056786,0.0549151421461135,0.021526624893809,0.0194006665645385,0.0226678949699139,0.0070384764216569,0.0222174525842246,0.0106331778021039,0.0091560023797443,0.0153993334522638,0.5194971761134404,2
2023-11-15,-0.0026356014737985,0.0017370440795281,0.0007525754483543,0.002117131969195,-0.0140345410298551,0.0070232893114982,0.0223059706012467,0.0105597000442018,0.0091860466466348,0.0159123597917192,0.5412939723066434,2
2023-11-16,0.0112860771781893,-0.016165895408257,0.000855834402492,0.0012229975616628,0.0124270152131495,0.0079573423967472,0.0224340060808642,0.0100816636806128,0.0080683629265688,0.0148587767419605,0.4405958866133107,2
2023-11-17,-0.0001089023474063,0.0137024092781434,0.0002331661335515,0.0012438240776055,0.0046861321576063,0.0078436134732711,0.0212377940608767,0.01001878927403,0.007946126172788,0.0148147174349547,0.4138278419362544,2
2023-11-20,-0.0016333808174913,0.0058331865438079,0.0121747888609859,0.0076975734240096,0.0061083391278717,0.0074460749056341,0.0205950891827589,0.0102671924624569,0.0080255399344653,0.0141598001621993,0.3889564211218067,2
2023-11-21,0.0107979006328857,-0.0128812014245546,-0.0058094023626437,-0.0021792971184443,-0.0004413634283273,0.0079931074691983,0.0211878466424459,0.0107742863406963,0.0082740178511717,0.0137340738638248,0.3729597418963159,2
2023-11-22,-0.004262252597287,0.0062704390048353,0.0040929445454842,0.0038607427906682,0.0035336520420157,0.0072503283079677,0.0206215333613623,0.0107026075927857,0.0082078567474242,0.0128211233631584,0.3929839027931098,2
2023-11-24,0.0052015969146423,0.006736611466898,-0.0014101542829961,0.0006154339834734,-0.0117748643322551,0.0072955806863635,0.019332546286798,0.0100693871059115,0.0072351045300025,0.0107607141892667,0.3585425830869869,2
2023-11-27,0.0067378178698411,-0.003345679519798,-0.0008727464459812,-0.0018010914088613,0.0167039053849045,0.0057330987886881,0.0195421566534099,0.0081319260769777,0.0064104994670024,0.0116362450811408,0.4314259401617904,2
2023-11-28,0.0133318529604067,-0.0038608098788361,0.0026209232981639,0.0009902040405835,0.0019715037305991,0.0064515759487837,0.0197153521024746,0.0078625228125793,0.0063017508814446,0.0114679145778727,0.4141668362981098,2
2023-11-29,0.0014794398574642,0.0052797392549823,-0.0009739134345265,-0.0007032956143462,0.0125709346342992,0.0063472203587094,0.0093668652540557,0.0046790676174464,0.0028763943575713,0.0100117959198724,-0.0118613679921492,0
2023-11-30,-0.0041679503752024,0.0037994879045926,-0.0025139907205354,0.0039373709014269,-0.0115513142831469,0.0065412696420705,0.0094238071905292,0.0048229780348272,0.0029887959977248,0.0095580306660263,-0.0224370019680653,1
2023-12-01,0.0172714940759519,0.0292217692514973,0.002854654242419,0.0059158869189996,0.0188340208621557,0.0074993218108318,0.0112403740899821,0.0048649554803638,0.0032952079741173,0.0104057719281935,0.2405649462157567,2
2023-12-04,-0.0216134264632595,0.0107078465426559,-0.0092833427068861,-0.0052494458493973,-0.0039788075474477,0.0111508220143592,0.0110227929538149,0.0058676803717612,0.0040130771579571,0.0107046927966437,0.3251927416348844,2
2023-12-05,-0.0037794459254785,-0.013376743987054,0.0025107125307322,-0.0001971509899639,0.0214855192507863,0.0112554012707898,0.0124053095504172,0.0042204031989549,0.0033359273814127,0.0121730295379906,0.3123917863933482,2
2023-12-06,0.0036868953454944,-0.0017896738924683,-0.0057837795410753,-0.0040296393646921,0.0133178674115643,0.0108625780315409,0.0112874801425424,0.0042170833596536,0.0035468671907973,0.0122998387355378,0.292781481147307,2
2023-12-07,0.0016503277504122,0.0072259166091976,0.0139722850493131,0.0076303049478472,-0.0057371478066629,0.0106802043962326,0.0113131852593547,0.0062010085852885,0.0041177169431263,0.0128526689361476,0.2383831962996841,2
2023-12-08,-0.013340391114851,0.0076055412366031,0.0044567070374825,0.004299174796466,-0.0081828795027664,0.0116263631192647,0.0113393357791557,0.0063174302647204,0.0042701841523972,0.0123670659408733,0.2041372078607864,2
2023-12-11,-0.0110428951653622,0.0020879488358482,0.0085421494842681,0.0038895444479229,-0.002115252806406,0.0118600709260042,0.0110673426969152,0.0067443358677233,0.0042226047197631,0.0119032180206925,0.196321618877463,2
2023-12-12,-0.0005446421195114,-0.0010152275794176,0.0079642153151533,0.0045673614148256,0.0029680151346433,0.0106635143549969,0.010857652836483,0.007036021904523,0.0043112484925398,0.0118916639076228,0.21774605045037,2
2023-12-13,0.0225625334661765,0.0338503124941018,0.0127171786716528,0.0137900781672284,0.0234620231591924,0.0133915896097393,0.014193425983261,0.0076597033235353,0.0055557765306789,0.0132134474339408,0.4682211754238928,2
2023-12-14,0.0058625529824698,0.0278281113182612,-0.0008667773603384,0.0032093435793498,0.0260130270837848,0.0134974915855744,0.0154162233254509,0.0075315995566028,0.00555352787008,0.0133712129150089,0.4401597906716227,2
2023-12-15,-0.0091665117718572,-0.0084042601850875,0.0048338261688134,-0.0016465299207815,0.0011103839999986,0.0122892645185388,0.0148483470066853,0.0075326763426116,0.0056836003541556,0.0130353611610796,0.4355598209413629,2
2023-12-18,0.0045454871845755,0.0003554669992285,0.0062988100427021,0.0056251726475979,-0.0079673108296407,0.0104292015359355,0.0148810566005835,0.0059455627973864,0.0050096557758105,0.0134571713106359,0.3762908839310251,2
2023-12-19,0.0068139405786951,0.0193798136382687,0.0051096157037315,0.0060808574480692,0.0053882617427409,0.0105352238621544,0.0138490897388449,0.0058582604101991,0.0048561115045273,0.0123762234652801,0.4190124564382287,2
2023-12-20,-0.0054459829361029,-0.019560796673728,-0.0148597671826136,-0.0138573920799818,0.0067750452651513,0.0106811633532873,0.0162742953880247,0.0081097043439859,0.0071779206997094,0.0120459321698784,0.4934603829877896,2
2023-12-21,0.0070706354551297,0.0170163653747503,0.0116354864898478,0.0094818751418712,-0.0063276059704434,0.0108988476408588,0.0165852433912185,0.0078459569961253,0.007322768184138,0.0121012180229698,0.4980683250872902,2
2023-12-22,0.0044344170889423,0.0093178290029771,0.0014957751892912,0.0020097728163204,-0.0045486536917296,0.0097363236611388,0.0165905393373231,0.0079068923617351,0.0073323150605816,0.0117401244778334,0.5118125696139362,2
2023-12-26,0.0076207332510795,0.0130038133985521,0.0061218353033938,0.0042225310184282,0.0028431932079968,0.008568732398164,0.0165109940030407,0.007798470653898,0.0073359693366782,0.0115337166617632,0.5493736507318305,2
2023-12-27,0.0045378422264141,0.0035277343085617,0.0020356741597695,0.0018080590189479,0.0177196396785603,0.0083934222469074,0.0162599844847167,0.0076920443580455,0.0073369151125004,0.012174543489029,0.5537862862915792,2
2023-12-28,-0.0058154376576368,-0.0038083408826317,-0.0004860745737692,0.0003778149223807,-0.0072631644856302,0.0062843511679537,0.0142662783790748,0.0070296562236938,0.0063146704889447,0.0112448368218876,0.4287486140106089,2
2023-12-29,-0.0015668410186722,-0.0163201697446508,-0.0043277254859681,-0.0028949420373853,-0.0090197302230078,0.0062218354550709,0.0135264652703605,0.0072746215353149,0.0064495048651749,0.008540013790654,0.4495311620220808,2
