Date,GLD,IWM,QQQ,SPY,TLT
2012-01-03,155.9199981689453,62.1314582824707,50.440914154052734,99.877685546875,82.65547943115234
2012-01-04,156.7100067138672,61.79167556762695,50.653648376464844,100.03434753417969,81.6727066040039
2012-01-05,157.77999877929688,62.1397705078125,51.070308685302734,100.3006820678711,81.5273666381836
2012-01-06,157.1999969482422,61.982261657714844,51.247596740722656,100.04217529296875,82.17098236083984
2012-01-09,156.5,62.29718780517578,51.07917404174805,100.2850112915039,82.02568054199219
2012-01-10,158.63999938964844,63.20881652832031,51.45149612426758,101.15458679199219,81.88725280761719
2012-01-11,159.6699981689453,63.457462310791016,51.557865142822266,101.20935821533203,82.95306396484375
2012-01-12,160.3800048828125,63.648067474365234,51.76176834106445,101.45220947265625,82.83541870117188
2012-01-13,159.25999450683594,63.30827331542969,51.57560348510742,100.9273910522461,83.6590347290039
2012-01-17,160.5,63.28339385986328,52.045440673828125,101.31904602050781,84.0466079711914
2012-01-18,161.60000610351562,64.41050720214844,52.73688888549805,102.43926239013672,83.02919006347656
2012-01-19,161.22000122070312,64.8083267211914,53.06488800048828,102.97978973388672,81.88725280761719
2012-01-20,162.07000732421875,64.84976196289062,52.985107421875,103.3636245727539,80.9598617553711
2012-01-23,163.16000366210938,64.76688385009766,53.00284194946289,103.0972671508789,80.44771575927734
2012-01-24,162.00999450683594,65.13980102539062,52.905338287353516,102.97978973388672,80.59309387207031
2012-01-25,166.4199981689453,65.69508361816406,53.570194244384766,103.84146118164062,80.39929962158203
2012-01-26,167.27000427246094,65.62047576904297,53.384037017822266,103.30877685546875,81.465087890625
2012-01-27,168.97000122070312,66.06800842285156,53.5435905456543,103.26175689697266,81.72114562988281
2012-01-30,168.02999877929688,65.55419158935547,53.587913513183594,102.90927124023438,82.68318176269531
2012-01-31,169.30999755859375,65.48788452148438,53.658836364746094,102.87010192871094,83.63826751708984
2012-02-01,169.55999755859375,66.89674377441406,54.09320831298828,103.77098846435547,82.68017578125
2012-02-02,171.0500030517578,67.27796936035156,54.261653900146484,103.9354476928711,82.64552307128906
2012-02-03,167.63999938964844,68.74486541748047,55.00630569458008,105.39251708984375,80.8695068359375
2012-02-06,167.17999267578125,68.52112579345703,54.96197509765625,105.32199096679688,81.67424011230469
2012-02-07,169.6999969482422,68.47969055175781,55.077205657958984,105.58830261230469,80.661376953125
2012-02-08,168.5,68.62886047363281,55.3697395324707,105.90169525146484,80.72383880615234
2012-02-09,168.02000427246094,68.2890853881836,55.76868438720703,106.03482818603516,80.12027740478516
2012-02-10,167.13999938964844,67.3525619506836,55.37860870361328,105.25151824951172,81.160888671875
2012-02-13,167.50999450683594,68.22274017333984,55.89278030395508,106.03482818603516,81.26493835449219
2012-02-14,167.1199951171875,67.91610717773438,56.03459548950195,105.90169525146484,81.69506072998047
2012-02-15,168.11000061035156,67.3525619506836,55.644569396972656,105.40819549560547,81.5494155883789
2012-02-16,168.0,68.62055206298828,56.40694808959961,106.57537078857422,80.89726257324219
2012-02-17,167.35000610351562,68.6122817993164,56.22962951660156,106.85734558105469,80.87643432617188
2012-02-21,171.02000427246094,68.1481704711914,56.38920593261719,106.90435791015625,79.98153686523438
2012-02-22,172.94000244140625,67.60950469970703,56.13213348388672,106.55970764160156,80.98743438720703
2012-02-23,173.02000427246094,68.62055206298828,56.504451751708984,107.02970886230469,80.98743438720703
2012-02-24,172.22999572753906,68.48796844482422,56.69947814941406,107.26470947265625,81.51470184326172
2012-02-27,171.6999969482422,68.37193298339844,56.779258728027344,107.44488525390625,82.23621368408203
2012-02-28,173.49000549316406,68.18962860107422,57.35546112060547,107.75823974609375,81.96560668945312
2012-02-29,164.2899932861328,67.17027282714844,57.09839630126953,107.33525085449219,81.46617126464844
2012-03-01,166.61000061035156,67.51831817626953,57.55049133300781,107.89138793945312,80.6991958618164
2012-03-02,166.33999633789062,66.5072250366211,57.506195068359375,107.56243133544922,81.45709228515625
2012-03-05,165.64999389648438,66.5818099975586,56.9122314453125,107.12372589111328,80.8104476928711
2012-03-06,162.6999969482422,65.2558364868164,56.35375213623047,105.55699157714844,81.79085540771484
2012-03-07,163.6300048828125,65.86911010742188,56.788124084472656,106.29334259033203,81.29024505615234
2012-03-08,165.27999877929688,66.72270202636719,57.399810791015625,107.35089874267578,80.47667694091797
2012-03-09,166.3800048828125,67.62604522705078,57.639137268066406,107.76603698730469,80.63661193847656
2012-03-12,165.07000732421875,67.49344635009766,57.66575241088867,107.77389526367188,80.6227035522461
2012-03-13,162.3000030517578,68.83602142333984,58.73837661743164,109.71660614013672,79.20427703857422
2012-03-14,159.57000732421875,68.27247619628906,58.942283630371094,109.59910583496094,77.2086410522461
2012-03-15,161.0800018310547,68.84430694580078,59.110721588134766,110.2336196899414,77.32689666748047
2012-03-16,161.3000030517578,68.78630828857422,59.068965911865234,110.38629150390625,77.47982025146484
2012-03-19,161.58999633789062,69.36646270751953,59.48634338378906,110.8189926147461,76.55506896972656
2012-03-20,160.1300048828125,68.74486541748047,59.59286880493164,110.49640655517578,76.86097717285156
2012-03-21,160.2100067138672,68.72827911376953,59.60176467895508,110.3154296875,77.73014831542969
2012-03-22,159.57000732421875,68.0652847290039,59.47745895385742,109.52085876464844,77.98046112060547
2012-03-23,161.52999877929688,68.73116302490234,59.441932678222656,109.8748550415039,78.71756744384766
2012-03-26,164.39999389648438,70.1610107421875,60.48087692260742,111.41693115234375,78.31421661376953
2012-03-27,163.24000549316406,69.6705093383789,60.569671630859375,111.07076263427734,78.8774642944336
2012-03-28,161.50999450683594,69.26319885253906,60.32993698120117,110.52002716064453,78.76618957519531
2012-03-29,161.27999877929688,69.06369018554688,60.09906005859375,110.33123016357422,79.35723876953125
2012-03-30,162.1199951171875,68.83924865722656,59.98360061645508,110.78753662109375,78.01526641845703
2012-04-02,162.94000244140625,69.68716430664062,60.60517120361328,111.59791564941406,78.44749450683594
2012-04-03,159.88999938964844,69.22162628173828,60.587440490722656,111.14154052734375,77.08802795410156
2012-04-04,157.2100067138672,68.11602020263672,59.76161193847656,110.04010009765625,78.14771270751953
2012-04-05,158.30999755859375,67.81676483154297,60.13457489013672,109.98501586914062,78.71237182617188
2012-04-09,159.3699951171875,66.70279693603516,59.68169021606445,108.74974822998047,80.55286407470703
2012-04-10,161.10000610351562,65.13166809082031,58.72266387939453,106.92440032958984,81.46602630615234
2012-04-11,161.07000732421875,66.05438995361328,59.006805419921875,107.78988647460938,80.49002838134766
2012-04-12,162.6999969482422,67.0020751953125,59.68169021606445,109.19821166992188,80.15545654296875
2012-04-13,160.85000610351562,66.12092590332031,58.775936126708984,107.9000244140625,81.45208740234375
2012-04-16,160.4600067138672,66.22898864746094,58.11881637573242,107.82920837402344,81.33357238769531
2012-04-17,160.25,67.18498229980469,59.29985046386719,109.42638397216797,81.28474426269531
2012-04-18,159.30999755859375,66.67784881591797,59.14890670776367,109.05661010742188,81.52178192138672
2012-04-19,159.42999267578125,66.29547882080078,58.4828987121582,108.35636901855469,81.59843444824219
2012-04-20,159.5399932861328,66.67784881591797,58.32305908203125,108.5373306274414,81.6124267578125
2012-04-23,159.07000732421875,65.75514221191406,57.790283203125,107.62464904785156,82.20497131347656
2012-04-24,159.3000030517578,66.25393676757812,57.4794807434082,108.03379821777344,81.62638854980469
2012-04-25,159.6199951171875,67.28469848632812,59.006805419921875,109.51294708251953,81.20809173583984
2012-04-26,161.02999877929688,67.94973754882812,59.35310745239258,110.2761001586914,81.696044921875
2012-04-27,161.3800048828125,68.48176574707031,59.70830535888672,110.45710754394531,81.76577758789062
2012-04-30,161.8800048828125,67.72530364990234,59.28209686279297,110.04795837402344,81.78675079345703
2012-05-01,161.32000732421875,67.79180908203125,59.37977600097656,110.73248291015625,81.36255645751953
2012-05-02,160.58999633789062,67.97469329833984,59.548492431640625,110.4020004272461,81.93553924560547
2012-05-03,158.97000122070312,67.0186996459961,58.91801071166992,109.5601577758789,81.91460418701172
2012-05-04,159.47000122070312,65.74681091308594,57.45282745361328,107.78988647460938,82.55746459960938
2012-05-07,159.0800018310547,65.9214096069336,57.50611877441406,107.8685302734375,82.5714111328125
2012-05-08,156.0,65.87983703613281,57.292999267578125,107.43580627441406,83.01171112060547
2012-05-09,154.47000122070312,65.5057373046875,57.11540985107422,106.79853057861328,83.067626953125
2012-05-10,154.77000427246094,65.75514221191406,56.99995803833008,107.01882934570312,82.82305145263672
2012-05-11,153.55999755859375,65.58889770507812,56.9910774230957,106.69622039794922,83.50785827636719
2012-05-14,151.3300018310547,64.71604919433594,56.458290100097656,105.51606750488281,84.67486572265625
2012-05-15,149.74000549316406,64.59966278076172,56.27180862426758,104.91020202636719,85.01729583740234
2012-05-16,149.4600067138672,64.13412475585938,55.889976501464844,104.50897216796875,85.2618408203125
2012-05-17,152.8000030517578,62.67935562133789,54.708953857421875,102.95899200439453,86.77125549316406
2012-05-18,154.5500030517578,62.08915328979492,53.99856948852539,102.07779693603516,86.79220581054688
2012-05-21,154.64999389648438,63.55222702026367,55.50814437866211,103.83233642578125,86.61060333251953
2012-05-22,152.0800018310547,63.16982650756836,55.445987701416016,104.01326751708984,85.64620971679688
2012-05-23,151.6199951171875,63.57716751098633,55.552547454833984,104.06838989257812,86.24021911621094
2012-05-24,151.41000366210938,63.71018600463867,55.1884765625,104.27293395996094,85.91179656982422
2012-05-25,152.67999267578125,63.66862487792969,55.11743927001953,103.93460083007812,86.23320007324219
2012-05-29,151.02000427246094,64.59134674072266,55.818946838378906,105.1934814453125,85.96768951416016
2012-05-30,151.91000366210938,63.35270690917969,55.348304748535156,103.6670913696289,88.14796447753906
2012-05-31,151.6199951171875,63.26958465576172,55.10853958129883,103.43895721435547,89.168212890625
2012-06-01,157.5,61.36591339111328,53.643375396728516,100.83467864990234,91.28504943847656
2012-06-04,157.32000732421875,61.224605560302734,54.05183792114258,100.78746032714844,90.56385040283203
2012-06-05,157.13999938964844,62.01432800292969,54.273826599121094,101.5506362915039,89.35236358642578
2012-06-06,157.2100067138672,63.543922424316406,55.51702117919922,103.83233642578125,87.56676483154297
2012-06-07,154.5,63.12826156616211,55.2950325012207,103.895263671875,87.69976806640625
2012-06-08,154.72999572753906,63.98450469970703,55.82781219482422,104.72138214111328,87.67880249023438
2012-06-11,155.36000061035156,62.571292877197266,54.88656234741211,103.39175415039062,88.07793426513672
2012-06-12,156.4600067138672,63.36103057861328,55.552547454833984,104.57975769042969,87.27264404296875
2012-06-13,157.1199951171875,62.62949752807617,55.17070388793945,103.9109878540039,88.13392639160156
2012-06-14,157.75,63.34441375732422,55.37494659423828,105.01253509521484,88.02189636230469
2012-06-15,157.83999633789062,64.19229888916016,56.062931060791016,106.08649444580078,88.51210021972656
2012-06-18,157.92999267578125,64.26713562011719,56.58806610107422,106.29215240478516,88.9883041381836
2012-06-19,157.16000366210938,65.38107299804688,57.17547607421875,107.32025146484375,87.82583618164062
2012-06-20,155.97000122070312,65.28129577636719,57.21997833251953,107.14628601074219,88.25999450683594
2012-06-21,152.02000427246094,63.693546295166016,55.79594039916992,104.74202728271484,88.72915649414062
2012-06-22,152.63999938964844,64.41675567626953,56.38335037231445,105.54872131347656,87.54569244384766
2012-06-25,153.75999450683594,63.4108772277832,55.29751968383789,103.85626983642578,88.82018280029297
2012-06-26,152.6199951171875,63.65903091430664,55.644615173339844,104.37823486328125,88.4700927734375
2012-06-27,152.8300018310547,64.69495391845703,55.98283386230469,105.31935119628906,88.61011505126953
2012-06-28,151.0500030517578,64.58633422851562,55.35982131958008,105.01881408691406,88.82716369628906
2012-06-29,155.19000244140625,66.46601104736328,57.104286193847656,107.63660430908203,87.67179870605469
2012-07-02,155.08999633789062,67.23461151123047,57.27338409423828,107.9608154296875,88.57636260986328
2012-07-03,157.4600067138672,68.11181640625,57.75399398803711,108.67263793945312,87.89559173583984
2012-07-05,155.67999267578125,68.0365982055664,57.78958511352539,108.18228149414062,88.34480285644531
2012-07-06,153.7100067138672,67.27638244628906,57.068660736083984,107.1541748046875,89.16578674316406
2012-07-09,154.0399932861328,67.01740264892578,56.961875915527344,107.0197525024414,89.95185089111328
2012-07-10,152.14999389648438,66.27388763427734,56.40115737915039,106.08649444580078,90.1343002319336
2012-07-11,152.99000549316406,66.04832458496094,56.08965301513672,106.1023178100586,90.24653625488281
2012-07-12,152.58999633789062,65.82279205322266,55.56451416015625,105.58824157714844,90.8851547241211
2012-07-13,154.13999938964844,66.64146423339844,56.41004180908203,107.35978698730469,90.64657592773438
2012-07-16,154.2100067138672,66.37413024902344,56.24985122680664,107.10670471191406,91.06759643554688
2012-07-17,153.47000122070312,66.60807800292969,56.54356002807617,107.84222412109375,90.35181427001953
2012-07-18,153.0500030517578,67.01740264892578,57.308990478515625,108.64098358154297,90.40093994140625
2012-07-19,153.3800048828125,66.79185485839844,57.94090270996094,108.92572021484375,90.16936492919922
2012-07-20,153.6699981689453,65.93973541259766,57.17547607421875,107.92919921875,91.27111053466797
2012-07-23,153.02999877929688,64.88707733154297,56.48124694824219,106.83781433105469,91.78341674804688
2012-07-24,153.52000427246094,64.03495025634766,56.03623580932617,105.92041015625,92.5062484741211
2012-07-25,155.6699981689453,64.17698669433594,55.66242218017578,105.94415283203125,92.74481201171875
2012-07-26,156.77000427246094,64.7283706665039,56.40115737915039,107.69193267822266,91.89566040039062
2012-07-27,157.5399932861328,66.26551055908203,57.7361946105957,109.67704010009766,90.16232299804688
2012-07-30,157.42999267578125,66.03998565673828,57.69169616699219,109.67704010009766,90.83598327636719
2012-07-31,156.49000549316406,65.45518493652344,57.67390823364258,108.9099349975586,91.01848602294922
2012-08-01,155.13999938964844,64.37748718261719,57.504791259765625,108.8149642944336,90.5634994506836
2012-08-02,154.1300048828125,64.1435546875,57.30008316040039,108.0636978149414,91.07684326171875
2012-08-03,155.5500030517578,65.67240905761719,58.385921478271484,110.20691680908203,89.60706329345703
2012-08-06,156.3000030517578,66.18199157714844,58.83092498779297,110.42044067382812,89.64220428466797
2012-08-07,156.27999877929688,66.78348541259766,59.32044219970703,110.97404479980469,88.48894500732422
2012-08-08,156.47999572753906,66.68324279785156,59.29373550415039,111.1084976196289,88.01776123046875
2012-08-09,156.99000549316406,67.00072479248047,59.471763610839844,111.20341491699219,87.95442199707031
2012-08-10,157.17999267578125,66.76679992675781,59.50737762451172,111.38532257080078,88.39752960205078
2012-08-13,155.99000549316406,66.65817260742188,59.64974594116211,111.32991027832031,88.24981689453125
2012-08-14,155.1300048828125,66.49946594238281,59.676456451416016,111.34577941894531,87.05431365966797
2012-08-15,155.6300048828125,67.08423614501953,59.8277587890625,111.4722671508789,85.83063507080078
2012-08-16,156.55999755859375,67.7859878540039,60.539772033691406,112.29479217529297,85.09929656982422
2012-08-17,156.72000122070312,68.26217651367188,60.80678939819336,112.44507598876953,85.51422119140625
2012-08-20,157.25999450683594,68.11181640625,60.89580154418945,112.45294952392578,85.68997955322266
2012-08-21,158.8300018310547,68.07002258300781,60.65548324584961,112.1128921508789,86.06974029541016
2012-08-22,160.5399932861328,67.74421691894531,60.90470504760742,112.1603775024414,87.49034118652344
2012-08-23,161.88999938964844,67.26805877685547,60.406272888183594,111.24292755126953,87.85598754882812
2012-08-24,161.97000122070312,67.4518051147461,60.78007888793945,111.91515350341797,87.77161407470703
2012-08-27,161.36000061035156,67.65232849121094,60.87799835205078,111.93888854980469,88.28498840332031
2012-08-28,161.63999938964844,67.96145629882812,60.87799835205078,111.82817077636719,88.49596405029297
2012-08-29,160.58999633789062,68.1702651977539,60.87799835205078,111.91515350341797,88.10918426513672
2012-08-30,160.52000427246094,67.49356842041016,60.263885498046875,111.1084976196289,88.5662612915039
2012-08-31,164.22000122070312,67.7693099975586,60.66438674926758,111.63834381103516,89.81803131103516
2012-09-04,164.47999572753906,68.59635162353516,60.602081298828125,111.53555297851562,89.7279052734375
2012-09-05,164.30999755859375,68.61305236816406,60.539772033691406,111.44066619873047,89.30501556396484
2012-09-06,164.88999938964844,69.8745346069336,61.88372039794922,113.70254516601562,87.81795501708984
2012-09-07,168.44000244140625,70.39247131347656,61.79473114013672,114.14540100097656,87.40918731689453
2012-09-10,167.2899932861328,70.0750503540039,61.00257873535156,113.49687957763672,87.62061309814453
2012-09-11,167.89999389648438,70.22543334960938,60.90470504760742,113.8132553100586,87.07098388671875
2012-09-12,167.9199981689453,70.58464813232422,61.08269119262695,114.19285583496094,85.98568725585938
2012-09-13,171.30999755859375,71.511962890625,61.910423278808594,115.93277740478516,85.64737701416016
2012-09-14,171.8000030517578,72.1803207397461,62.462249755859375,116.44682312011719,83.37106323242188
2012-09-17,170.39999389648438,71.84612274169922,62.48896026611328,116.0513687133789,84.37181091308594
2012-09-18,171.72000122070312,71.61221313476562,62.5423469543457,115.95651245117188,84.79466247558594
2012-09-19,171.74000549316406,71.48690795898438,62.65803909301758,116.01973724365234,85.35137176513672
2012-09-20,171.47000122070312,71.16947174072266,62.59575653076172,116.02767944335938,85.56280517578125
2012-09-21,171.9600067138672,71.4284439086914,62.613609313964844,115.97917175292969,85.66144561767578
2012-09-24,171.0500030517578,71.19526672363281,62.247657775878906,115.80426025390625,86.3310317993164
2012-09-25,170.77000427246094,70.17208099365234,61.3729133605957,114.5718994140625,87.18372344970703
2012-09-26,169.80999755859375,69.72758483886719,60.87308883666992,113.92784881591797,88.12102508544922
2012-09-27,172.33999633789062,70.48238372802734,61.71211242675781,115.00120544433594,87.49382781982422
2012-09-28,171.88999938964844,69.97918701171875,61.203330993652344,114.46849060058594,87.54315185546875
2012-10-01,172.2899932861328,70.21406555175781,61.11408996582031,114.77061462402344,87.86798858642578
2012-10-02,172.10000610351562,70.34820556640625,61.2926025390625,114.88988494873047,87.74796295166016
2012-10-03,172.41000366210938,70.14690399169922,61.685325622558594,115.3590087890625,87.77626037597656
2012-10-04,173.61000061035156,70.62496185302734,61.899559020996094,116.1859130859375,86.68157196044922
2012-10-05,172.6199951171875,70.54108428955078,61.569332122802734,116.19386291503906,85.55863189697266
2012-10-08,172.0500030517578,70.09661102294922,61.00697326660156,115.79629516601562,86.27903747558594
2012-10-09,170.99000549316406,69.27470397949219,60.03407669067383,114.6513900756836,86.12361907958984
2012-10-10,170.83999633789062,69.1656723022461,59.730613708496094,113.91991424560547,86.73101806640625
2012-10-11,171.32000732421875,69.41725158691406,59.54316711425781,113.98346710205078,87.3312759399414
2012-10-12,170.05999755859375,68.85536193847656,59.51641082763672,113.60980987548828,87.55018615722656
2012-10-15,168.35000610351562,69.3082504272461,59.9537467956543,114.55595397949219,87.35244750976562
2012-10-16,169.4199981689453,69.81983947753906,60.80168533325195,115.71674346923828,86.14483642578125
2012-10-17,169.5399932861328,70.44886016845703,60.7660026550293,116.24153900146484,85.34680938720703
2012-10-18,168.7899932861328,70.06304931640625,60.06087112426758,115.93937683105469,84.82421112060547
2012-10-19,166.97000122070312,68.64569854736328,58.623836517333984,114.00733947753906,85.97528839111328
2012-10-22,167.5800018310547,68.62889099121094,58.927303314208984,114.02325439453125,85.4244384765625
2012-10-23,165.42999267578125,68.2850570678711,58.364986419677734,112.44103240966797,86.64623260498047
2012-10-24,164.86000061035156,68.10054016113281,58.159698486328125,112.12299346923828,85.79173278808594
2012-10-25,166.02000427246094,68.37732696533203,58.159698486328125,112.4489974975586,85.35386657714844
2012-10-26,165.92999267578125,68.05023956298828,58.32927703857422,112.38542175292969,86.61093139648438
2012-10-31,166.8300018310547,68.461181640625,57.972251892089844,112.38542175292969,87.11941528320312
2012-11-01,166.07000732421875,69.18245697021484,58.79342269897461,113.56212615966797,86.4061508178711
2012-11-02,162.60000610351562,68.09217834472656,58.16860580444336,112.5523681640625,86.34261322021484
2012-11-05,163.22999572753906,68.5450668334961,58.55241775512695,112.78295135498047,86.82984161376953
2012-11-06,166.3000030517578,69.05664825439453,58.65953826904297,113.66549682617188,86.01068878173828
2012-11-07,166.49000549316406,67.37926483154297,57.27604293823242,111.0893783569336,87.57139587402344
2012-11-08,167.99000549316406,66.43158721923828,56.374542236328125,109.7536392211914,88.87085723876953
2012-11-09,167.82000732421875,66.57417297363281,56.61555480957031,109.84901428222656,88.9697036743164
2012-11-12,167.4499969482422,66.38126373291016,56.60661315917969,109.93650817871094,89.11802673339844
2012-11-13,167.10000610351562,66.00386047363281,56.21389389038086,109.55484008789062,89.41462707519531
2012-11-14,167.13999938964844,64.77941131591797,55.55339431762695,108.07601165771484,89.4993667602539
2012-11-15,166.08999633789062,64.44393157958984,55.3659553527832,107.89313507080078,89.32281494140625
2012-11-16,165.8800048828125,64.98068237304688,55.60696029663086,108.42587280273438,89.24517822265625
2012-11-19,167.8699951171875,66.3561019897461,56.927955627441406,110.62026977539062,88.74372100830078
2012-11-20,167.38999938964844,66.47352600097656,56.94580841064453,110.6679916381836,87.8538818359375
2012-11-21,167.55999755859375,66.82575225830078,57.06184005737305,110.87472534179688,87.80441284179688
2012-11-23,169.61000061035156,67.48831939697266,57.92762756347656,112.38542175292969,87.71969604492188
2012-11-26,169.42999267578125,67.70636749267578,58.17753982543945,112.14688110351562,88.13638305664062
2012-11-27,168.7100067138672,67.62252807617188,57.98118591308594,111.5744400024414,88.48240661621094
2012-11-28,166.5500030517578,68.19283294677734,58.48100280761719,112.4728775024414,88.35530853271484
2012-11-29,167.17999267578125,68.9728012084961,58.829132080078125,112.99760437011719,88.36941528320312
2012-11-30,166.0500030517578,68.8386001586914,58.73093795776367,113.02146911621094,88.12928771972656
2012-12-03,166.1300048828125,68.76311492919922,58.61492156982422,112.46490478515625,88.210693359375
2012-12-04,164.4199981689453,68.84698486328125,58.57919692993164,112.30587005615234,88.72014617919922
2012-12-05,164.1199951171875,68.76311492919922,57.92762756347656,112.50465393066406,88.67772674560547
2012-12-06,164.5,68.87213897705078,58.30248260498047,112.88630676269531,88.86873626708984
2012-12-07,165.16000366210938,68.92247009277344,57.95439147949219,113.22818756103516,88.04796600341797
2012-12-10,165.8000030517578,69.2243881225586,58.123992919921875,113.27586364746094,88.43714904785156
2012-12-11,165.64999389648438,69.95403289794922,58.88268280029297,114.04708099365234,87.76490020751953
2012-12-12,165.77000427246094,69.55985260009766,58.757720947265625,114.10273742675781,86.74591064453125
2012-12-13,164.3699951171875,69.11536407470703,58.293556213378906,113.40311431884766,86.80963134765625
2012-12-14,164.1300048828125,69.07342529296875,57.74019241333008,112.981689453125,87.46058654785156
2012-12-17,164.44000244140625,70.04631805419922,58.50779342651367,114.30951690673828,86.15156555175781
2012-12-18,162.0800018310547,71.00240325927734,59.40033721923828,115.5816421508789,85.27413177490234
2012-12-19,161.69000244140625,71.16056823730469,59.1414909362793,114.72295379638672,85.5571517944336
2012-12-20,159.72999572753906,71.51587677001953,59.1414909362793,115.38285827636719,85.57130432128906
2012-12-21,160.3300018310547,71.21976470947266,58.519508361816406,114.33556365966797,86.50533294677734
2012-12-24,160.6199951171875,70.87295532226562,58.402854919433594,113.98321533203125,86.34969329833984
2012-12-26,160.77999877929688,70.36539459228516,57.89124298095703,113.50271606445312,86.66030883789062
2012-12-27,161.16000366210938,70.31462860107422,57.801490783691406,113.35063171386719,86.95105743408203
2012-12-28,160.5399932861328,69.81551361083984,57.245018005371094,112.12551879882812,87.44747924804688
2012-12-31,162.02000427246094,71.32976531982422,58.45669174194336,114.03125,85.93694305419922
2013-01-02,163.1699981689453,73.42768859863281,60.314571380615234,116.9538803100586,84.78809356689453
2013-01-03,161.1999969482422,73.25849151611328,60.00046157836914,116.68965148925781,83.63927459716797
2013-01-04,160.44000244140625,73.7999267578125,59.803001403808594,117.20210266113281,83.96548461914062
2013-01-07,159.42999267578125,73.520751953125,59.82094955444336,116.88180541992188,84.00093841552734
2013-01-08,160.55999755859375,73.46998596191406,59.70425033569336,116.5455322265625,84.5541000366211
2013-01-09,160.49000549316406,73.8252944946289,59.92864990234375,116.841796875,84.4760513305664
2013-01-10,161.97999572753906,73.9944839477539,60.28766632080078,117.77062225341797,84.24201202392578
2013-01-11,161.05999755859375,73.88450622558594,60.368446350097656,117.76262664794922,84.99372863769531
2013-01-14,161.5399932861328,73.92678833007812,60.09920120239258,117.68256378173828,84.75972747802734
2013-01-15,162.55999755859375,74.24825286865234,59.803001403808594,117.76262664794922,85.1497573852539
2013-01-16,162.64999389648438,74.02831268310547,60.04536056518555,117.7465591430664,85.32705688476562
2013-01-17,163.35000610351562,74.7135238647461,60.332557678222656,118.50727844238281,84.4760513305664
2013-01-18,163.08999633789062,74.92501068115234,60.19792175292969,118.77153778076172,85.1285171508789
2013-01-22,163.6699981689453,75.4664077758789,60.296661376953125,119.412109375,85.29158782958984
2013-01-23,163.2100067138672,75.28875732421875,60.66462326049805,119.60427856445312,85.16398620605469
2013-01-24,161.4199981689453,75.5340805053711,59.82992935180664,119.63631439208984,84.86608123779297
2013-01-25,160.64999389648438,76.0839614868164,60.135074615478516,120.30892944335938,83.70306396484375
2013-01-28,160.2899932861328,76.13471221923828,60.26971435546875,120.164794921875,83.39810943603516
2013-01-29,160.99000549316406,76.1770248413086,60.27869415283203,120.63722229003906,82.9371109008789
2013-01-30,162.19000244140625,75.26336669921875,60.15303421020508,120.164794921875,82.79533386230469
2013-01-31,161.1999969482422,75.7794189453125,60.01841354370117,119.86856842041016,83.19955444335938
2013-02-01,161.4499969482422,76.44770812988281,60.72745895385742,121.10164642333984,82.11920928955078
2013-02-04,162.0,75.52564239501953,59.668373107910156,119.74039459228516,83.17105865478516
2013-02-05,161.9600067138672,76.20237731933594,60.54795455932617,120.94943237304688,82.43196868896484
2013-02-06,162.38999938964844,76.52384185791016,60.350486755371094,121.03756713867188,83.10713195800781
2013-02-07,161.83999633789062,76.27005004882812,60.40436935424805,120.87748718261719,82.92233276367188
2013-02-08,161.57000732421875,76.81145477294922,61.023658752441406,121.5500259399414,83.2421875
2013-02-11,159.6999969482422,76.72688293457031,61.0416374206543,121.52605438232422,83.17825317382812
2013-02-12,159.88999938964844,77.06525421142578,60.79031753540039,121.72618103027344,82.97209930419922
2013-02-13,159.0500030517578,77.38670349121094,61.00570297241211,121.8303451538086,82.29692077636719
2013-02-14,158.35000610351562,77.58126068115234,60.98773956298828,121.94239044189453,83.04318237304688
2013-02-15,155.75999450683594,77.60664367675781,60.80824279785156,121.79828643798828,82.80156707763672
2013-02-19,155.3300018310547,78.29188537597656,61.24805450439453,122.71106719970703,82.38932800292969
2013-02-20,151.44000244140625,76.83684539794922,60.30564880371094,121.18170928955078,82.6380615234375
2013-02-21,152.6199951171875,76.0924072265625,59.65939712524414,120.44508361816406,83.12133026123047
2013-02-22,152.97000122070312,77.00604248046875,60.2607536315918,121.62212371826172,83.17825317382812
2013-02-25,154.33999633789062,75.30565643310547,59.515785217285156,119.30799865722656,84.81294250488281
2013-02-26,156.22000122070312,75.60176086425781,59.740177154541016,120.12476348876953,84.322509765625
2013-02-27,154.57000732421875,76.39697265625,60.350486755371094,121.63817596435547,84.07373809814453
2013-02-28,153.0,76.54075622558594,60.22483825683594,121.39788818359375,84.23017120361328
2013-03-01,152.44000244140625,76.88761138916016,60.476139068603516,121.79828643798828,84.68879699707031
2013-03-04,152.3000030517578,77.09060668945312,60.745418548583984,122.44686889648438,84.2401123046875
2013-03-05,152.3800048828125,77.98731231689453,61.64295196533203,123.54386138916016,83.99790954589844
2013-03-06,153.22999572753906,78.19033813476562,61.49036407470703,123.71202087402344,83.23579406738281
2013-03-07,152.69000244140625,78.56256866455078,61.651939392089844,123.9361801147461,82.59478759765625
2013-03-08,152.7100067138672,79.29006958007812,61.72373580932617,124.46467590332031,81.73291015625
2013-03-11,152.99000549316406,79.26469421386719,61.903228759765625,124.93708038330078,81.811279296875
2013-03-12,154.19000244140625,79.10395812988281,61.67885208129883,124.65686798095703,82.4024658203125
2013-03-13,153.66000366210938,79.40003967285156,61.59807205200195,124.8330078125,82.31694030761719
2013-03-14,153.67999267578125,80.19523620605469,61.80453109741211,125.49760437011719,82.06768035888672
2013-03-15,154.0,80.1529312133789,61.63268280029297,125.33195495605469,82.45230865478516
2013-03-18,155.3800048828125,79.71304321289062,61.497737884521484,124.64022827148438,83.07911682128906
2013-03-19,156.0800018310547,79.37467956542969,61.38080596923828,124.3506851196289,83.64178466796875
2013-03-20,155.3699951171875,80.1106185913086,61.81259536743164,125.21931457519531,82.70870971679688
2013-03-21,156.25,79.40848541259766,61.11090850830078,124.14955139160156,83.50652313232422
2013-03-22,155.5500030517578,79.65381622314453,61.70465850830078,125.14692687988281,83.57052612304688
2013-03-25,155.24000549316406,79.69963073730469,61.479740142822266,124.62417602539062,83.49221801757812
2013-03-26,154.72000122070312,79.9541244506836,61.81259536743164,125.62146759033203,83.59194946289062
2013-03-27,155.36000061035156,80.0050277709961,61.89356994628906,125.62146759033203,84.30421447753906
2013-03-28,154.4499969482422,80.10681915283203,62.04649353027344,126.00753021240234,83.87683868408203
2013-04-01,154.6699981689453,79.02945709228516,61.62367248535156,125.50889587402344,84.50857543945312
2013-04-02,152.42999267578125,78.53744506835938,62.10947036743164,126.1281509399414,84.16592407226562
2013-04-03,150.72999572753906,77.30735778808594,61.542724609375,124.84933471679688,84.92256164550781
2013-04-04,150.2899932861328,77.96906280517578,61.56072235107422,125.35604095458984,85.93619537353516
2013-04-05,152.80999755859375,77.81635284423828,61.04794692993164,124.79307556152344,87.67076110839844
2013-04-08,152.16000366210938,78.46106719970703,61.371822357177734,125.63761138916016,86.99979400634766
2013-04-09,153.33999633789062,78.23204040527344,61.78561019897461,126.07190704345703,86.78561401367188
2013-04-10,150.75,79.64873504638672,62.99110412597656,127.61607360839844,85.59358215332031
2013-04-11,151.0500030517578,79.7590103149414,62.964115142822266,128.0343475341797,85.75773620605469
2013-04-12,143.9499969482422,79.4366455078125,62.919132232666016,127.72071838378906,87.0354995727539
2013-04-15,131.30999755859375,76.44209289550781,61.67765808105469,124.76092529296875,87.79212951660156
2013-04-16,132.8000030517578,77.76544952392578,62.49633026123047,126.60266876220703,87.07118225097656
2013-04-17,132.8699951171875,76.41661834716797,61.272830963134766,124.75282287597656,87.6493911743164
2013-04-18,134.3000030517578,75.99249267578125,60.42719268798828,123.97272491455078,87.86349487304688
2013-04-19,135.47000122070312,76.86625671386719,61.254844665527344,125.05046844482422,87.67791748046875
2013-04-22,137.89999389648438,77.08680725097656,61.88457489013672,125.60539245605469,87.74215698242188
2013-04-23,136.8800048828125,78.30838012695312,62.47831344604492,126.90028381347656,87.43524932861328
2013-04-24,138.3699951171875,78.71556091308594,62.451332092285156,126.98066711425781,87.6564712524414
2013-04-25,141.6300048828125,79.2330551147461,62.78419494628906,127.49552917480469,87.27815246582031
2013-04-26,140.91000366210938,78.80891418457031,62.58627700805664,127.27019500732422,88.07764434814453
2013-04-29,142.3000030517578,79.37727355957031,63.16202926635742,128.12281799316406,87.75643157958984
2013-04-30,142.77000427246094,79.82689666748047,63.6208381652832,128.42840576171875,87.80638122558594
2013-05-01,141.11000061035156,77.89274597167969,63.32398223876953,127.30243682861328,88.7083969116211
2013-05-02,141.9199981689453,79.1312484741211,64.12460327148438,128.48471069335938,88.59400177001953
2013-05-03,142.08999633789062,80.38680267333984,64.88029479980469,129.78768920898438,86.50521087646484
2013-05-06,142.14999389648438,80.90425109863281,65.1322021484375,130.117431640625,86.29056549072266
2013-05-07,140.3800048828125,81.56594848632812,65.0962142944336,130.7769317626953,85.95439147949219
2013-05-08,142.4600067138672,81.803466796875,65.41107940673828,131.37217712402344,86.09029388427734
2013-05-09,140.80999755859375,81.52349090576172,65.32109069824219,131.00209045410156,85.86852264404297
2013-05-10,139.60000610351562,82.1427993774414,65.71696472167969,131.4284210205078,84.94580841064453
2013-05-13,138.42999267578125,82.08341979980469,65.79790496826172,131.53298950195312,84.29484558105469
2013-05-14,137.80999755859375,83.13530731201172,66.13978576660156,132.89218139648438,83.37924194335938
2013-05-15,134.6300048828125,83.30496978759766,66.27470397949219,133.60806274414062,83.93714904785156
2013-05-16,134.08999633789062,83.09291076660156,66.20269775390625,132.98065185546875,84.80988311767578
2013-05-17,131.07000732421875,84.02606964111328,66.84143829345703,134.2675323486328,83.73684692382812
2013-05-20,135.1199951171875,84.16178131103516,66.74252319335938,134.2594757080078,83.63671875
2013-05-21,132.8800048828125,84.17876434326172,66.81446838378906,134.45254516601562,84.29484558105469
2013-05-22,131.94000244140625,82.94869995117188,66.22972869873047,133.45516967773438,83.04299926757812
2013-05-23,134.61000061035156,83.05048370361328,66.07681274414062,133.06915283203125,83.43644714355469
2013-05-24,133.75999450683594,83.03351593017578,66.04080200195312,132.95654296875,83.55091857910156
2013-05-28,133.49000549316406,84.11087799072266,66.47261810302734,133.7527618408203,81.4334716796875
2013-05-29,134.8300018310547,83.33043670654297,66.15775299072266,132.88421630859375,82.34913635253906
2013-05-30,136.6999969482422,83.89032745361328,66.50861358642578,133.37474060058594,82.14884948730469
2013-05-31,133.9199981689453,82.96569061279297,65.89688110351562,131.4605712890625,81.86983489990234
2013-06-03,136.50999450683594,83.7546157836914,66.01380157470703,132.1844024658203,82.30369567871094
2013-06-04,135.22999572753906,82.86385345458984,65.67196655273438,131.54908752441406,81.54360961914062
2013-06-05,135.52000427246094,81.803466796875,64.81733703613281,129.70724487304688,82.66937255859375
2013-06-06,136.52999877929688,82.66873168945312,65.1322021484375,130.88153076171875,82.61915588378906
2013-06-07,133.27999877929688,83.30496978759766,66.02279663085938,132.54635620117188,81.14201354980469
2013-06-10,133.94000244140625,83.81401062011719,66.0497817993164,132.54635620117188,80.75485229492188
2013-06-11,133.25,82.90628051757812,65.39308166503906,131.1791229248047,81.71570587158203
2013-06-12,134.25,82.08341979980469,64.63739013671875,130.09329223632812,80.5468978881836
2013-06-13,133.74000549316406,83.5340576171875,65.45606231689453,132.07186889648438,81.80885314941406
2013-06-14,134.42999267578125,82.88929748535156,65.02424621582031,131.243408203125,81.61526489257812
2013-06-17,133.77000427246094,83.4322509765625,65.6539535522461,132.2567901611328,81.18510437011719
2013-06-18,132.1300048828125,84.41629028320312,66.19371795654297,133.3024139404297,81.22808837890625
2013-06-19,130.58999633789062,83.38134765625,65.45606231689453,131.4605712890625,80.38912200927734
2013-06-20,123.5999984741211,81.17572784423828,63.89972686767578,128.20326232910156,79.06970977783203
2013-06-21,125.05000305175781,81.41323852539062,63.56037902832031,128.61476135253906,77.72879028320312
2013-06-24,123.93000030517578,80.34435272216797,62.92866516113281,126.98960876464844,78.051513671875
2013-06-25,123.47000122070312,81.11632537841797,63.38893127441406,128.21047973632812,77.35596466064453
2013-06-26,118.27999877929688,81.49806213378906,63.957481384277344,129.47996520996094,77.85792541503906
2013-06-27,115.94000244140625,82.76205444335938,64.22822570800781,130.23997497558594,78.65383911132812
2013-06-28,119.11000061035156,82.28700256347656,64.31846618652344,129.70626831054688,79.19166564941406
2013-07-01,121.12999725341797,83.62737274169922,64.71556091308594,130.46636962890625,79.35118865966797
2013-07-02,120.05000305175781,83.56771850585938,64.74260711669922,130.34507751464844,79.30089569091797
2013-07-03,120.73999786376953,83.73810577392578,65.00431823730469,130.40170288085938,79.06376647949219
2013-07-05,118.08999633789062,84.9224624633789,65.50067138671875,131.8085174560547,76.36858367919922
2013-07-08,119.51000213623047,85.26326751708984,65.56385040283203,132.56039428710938,77.10890197753906
2013-07-09,120.62000274658203,86.0556640625,65.96094512939453,133.51454162597656,77.18791198730469
2013-07-10,120.94999694824219,86.29422760009766,66.33998107910156,133.56307983398438,76.58418273925781
2013-07-11,124.23999786376953,87.30815887451172,67.65754699707031,135.3822784423828,77.48255157470703
2013-07-12,124.12999725341797,87.48709106445312,67.95538330078125,135.4388427734375,77.41795349121094
2013-07-15,124.18000030517578,88.25390625,68.10877990722656,135.95631408691406,77.82757568359375
2013-07-16,124.88999938964844,87.81084442138672,68.0185317993164,135.4469451904297,78.09347534179688
2013-07-17,123.31999969482422,88.15165710449219,68.1900405883789,135.7946319580078,78.23721313476562
2013-07-18,124.01000213623047,88.7396011352539,68.0185317993164,136.53848266601562,77.25981903076172
2013-07-19,125.11000061035156,88.8758544921875,67.31462097167969,136.78103637695312,78.48157501220703
2013-07-22,128.83999633789062,89.0633316040039,67.51316833496094,137.04794311523438,78.59654235839844
2013-07-23,129.7100067138672,89.0036849975586,67.01683807373047,136.75680541992188,78.26597595214844
2013-07-24,127.4800033569336,88.26239776611328,67.23341369628906,136.25552368164062,77.27415466308594
2013-07-25,128.6699981689453,89.07186889648438,67.65754699707031,136.58702087402344,77.24539184570312
2013-07-26,128.77999877929688,88.7139892578125,68.0185317993164,136.7325439453125,77.71978759765625
2013-07-29,128.47000122070312,88.09199523925781,67.89221954345703,136.3120574951172,77.15196990966797
2013-07-30,128.1199951171875,88.16870880126953,68.25316619873047,136.3120574951172,77.12323760986328
2013-07-31,127.95999908447266,88.32207489013672,68.3795394897461,136.40916442871094,77.40357208251953
2013-08-01,126.61000061035156,89.52345275878906,69.07444763183594,137.9857940673828,75.91213989257812
2013-08-02,126.36000061035156,89.60012817382812,69.4625015258789,138.22024536132812,76.74787139892578
2013-08-05,125.69999694824219,89.90685272216797,69.50761413574219,138.01809692382812,76.15705108642578
2013-08-06,123.97000122070312,89.0036849975586,69.09245300292969,137.2338104248047,76.38040924072266
2013-08-07,124.1500015258789,88.3731918334961,68.96612548828125,136.78912353515625,76.94961547851562
2013-08-08,126.86000061035156,88.7396011352539,69.3090591430664,137.29042053222656,77.15856170654297
2013-08-09,126.86000061035156,88.64583587646484,69.02931213378906,136.8942413330078,77.281005859375
2013-08-12,129.1300048828125,89.11444854736328,69.1917495727539,136.7325439453125,76.75505065917969
2013-08-13,127.73999786376953,88.99516296386719,69.57981872558594,137.13682556152344,75.64549255371094
2013-08-14,129.0,88.64583587646484,69.3180923461914,136.43336486816406,75.76074981689453
2013-08-15,131.69000244140625,87.00143432617188,68.14493560791016,134.5252227783203,74.73767852783203
2013-08-16,132.5800018310547,86.6350326538086,68.1178207397461,134.0805206298828,74.47832489013672
2013-08-19,132.00999450683594,85.7574462890625,68.0005111694336,133.22348022460938,73.82984161376953
2013-08-20,132.4499969482422,86.99288177490234,68.29830932617188,133.8783721923828,74.39901733398438
2013-08-21,132.07000732421875,86.46465301513672,68.06368255615234,133.05368041992188,73.58484649658203
2013-08-22,132.80999755859375,87.68302917480469,68.73152923583984,134.26651000976562,74.33422088623047
2013-08-23,134.89999389648438,87.9045639038086,69.1917495727539,134.71925354003906,75.1411361694336
2013-08-26,135.4499969482422,87.91310119628906,69.22784423828125,134.2179412841797,75.51580047607422
2013-08-27,136.75,85.8511734008789,67.81098175048828,132.05917358398438,76.46688842773438
2013-08-28,136.7100067138672,86.02157592773438,68.07272338867188,132.5281524658203,75.84727478027344
2013-08-29,135.8699951171875,86.88212585449219,68.5510025024414,132.73837280273438,76.45246124267578
2013-08-30,134.6199951171875,85.52742767333984,68.10877990722656,132.31788635253906,76.36600494384766
2013-09-03,136.4199981689453,86.10678100585938,68.49685668945312,132.9162139892578,75.28889465332031
2013-09-04,134.66000366210938,86.8650894165039,69.22784423828125,134.0158233642578,75.12274932861328
2013-09-05,132.1999969482422,87.00143432617188,69.34516906738281,134.18569946289062,74.0752944946289
2013-09-06,134.14999389648438,87.23998260498047,69.4263916015625,134.2502899169922,74.44367980957031
2013-09-09,133.91000366210938,88.56063079833984,70.23860168457031,135.5359344482422,74.47979736328125
2013-09-10,131.74000549316406,89.4296875,70.5815658569336,136.53848266601562,73.95965576171875
2013-09-11,131.6999969482422,89.47233581542969,70.4461669921875,136.96702575683594,74.61705017089844
2013-09-12,127.66999816894531,88.81625366210938,70.40106964111328,136.60317993164062,74.51593017578125
2013-09-13,127.81999969482422,89.30191802978516,70.4461669921875,136.91041564941406,74.80490112304688
2013-09-16,126.44999694824219,89.49788665771484,70.25666046142578,137.70277404785156,74.30643463134766
2013-09-17,126.5,90.38400268554688,70.72594451904297,138.3173065185547,74.92049407958984
2013-09-18,132.00999450683594,91.24457550048828,71.5742416381836,139.918212890625,75.84513092041016
2013-09-19,131.75,91.15083312988281,71.7457275390625,139.68373107910156,75.39725494384766
2013-09-20,127.95999908447266,90.81854248046875,71.49951934814453,138.7071075439453,75.79458618164062
2013-09-23,127.55000305175781,90.82704162597656,71.35467529296875,138.06521606445312,76.35083770751953
2013-09-24,127.66000366210938,91.12860870361328,71.35467529296875,137.74029541015625,77.17439270019531
2013-09-25,128.7899932861328,90.95775604248047,71.11029815673828,137.34217834472656,77.33329772949219
2013-09-26,127.79000091552734,91.46179962158203,71.66242218017578,137.8702850341797,76.79151916503906
2013-09-27,128.97000122070312,91.05175018310547,71.57191467285156,137.2364959716797,76.97933197021484
2013-09-30,128.17999267578125,91.0773696899414,71.39994812011719,136.5052947998047,76.86370086669922
2013-10-01,124.58999633789062,92.13668823242188,72.12409210205078,137.58592224121094,76.6304931640625
2013-10-02,127.05999755859375,91.76081848144531,72.09693908691406,137.4558563232422,76.74642181396484
2013-10-03,127.18000030517578,90.82105255126953,71.25511932373047,136.18846130371094,76.62323760986328
2013-10-04,126.52999877929688,91.42765045166016,71.8706283569336,137.22027587890625,76.56534576416016
2013-10-07,127.63999938964844,90.3597412109375,71.2732162475586,136.03399658203125,76.87677764892578
2013-10-08,127.4000015258789,88.89888000488281,69.8973617553711,134.4497528076172,76.89850616455078
2013-10-09,126.11000061035156,88.54009246826172,69.68012237548828,134.54722595214844,76.28286743164062
2013-10-10,124.2699966430664,90.67584991455078,71.155517578125,137.44776916503906,76.40596771240234
2013-10-11,122.5999984741211,91.99149322509766,71.7167739868164,138.33335876464844,76.38427734375
2013-10-14,122.83000183105469,92.45281219482422,72.2236557006836,138.88584899902344,75.7685775756836
2013-10-15,123.7300033569336,91.5472183227539,71.94305419921875,137.87835693359375,75.7178726196289
2013-10-16,123.54000091552734,92.68347930908203,72.75770568847656,139.803955078125,76.6667251586914
2013-10-17,127.41999816894531,93.49504089355469,73.174072265625,140.73831176757812,77.36209106445312
2013-10-18,126.8499984741211,94.56292724609375,74.35987091064453,141.68896484375,77.5286636352539
2013-10-21,126.9800033569336,94.3749771118164,74.52278137207031,141.69699096679688,77.28235626220703
2013-10-22,129.33999633789062,94.62272644042969,74.63141632080078,142.51763916015625,78.144287109375
2013-10-23,128.69000244140625,94.30664825439453,74.17882537841797,141.8351593017578,78.44854736328125
2013-10-24,129.89999389648438,94.81069946289062,74.50468444824219,142.3064422607422,78.144287109375
2013-10-25,130.4600067138672,94.8961181640625,75.03874969482422,142.9563751220703,78.43402099609375
2013-10-28,130.55999755859375,94.8533935546875,75.05685424804688,143.1838836669922,78.16602325439453
2013-10-29,129.77000427246094,95.12673950195312,75.18354797363281,143.9476318359375,78.26742553710938
2013-10-30,129.60000610351562,93.8282241821289,75.11116790771484,143.23263549804688,77.79664611816406
2013-10-31,127.73999786376953,93.2814712524414,74.93916320800781,142.8264617919922,77.96329498291016
2013-11-01,126.94999694824219,92.87995910644531,74.95726013183594,143.1676483154297,77.11934661865234
2013-11-04,126.80999755859375,93.94783782958984,75.06587219238281,143.67141723632812,77.19197082519531
2013-11-05,126.55999755859375,93.6231689453125,75.14734649658203,143.21641540527344,76.26960754394531
2013-11-06,127.19999694824219,93.2216567993164,75.1292495727539,143.9476318359375,76.30598449707031
2013-11-07,126.16000366210938,91.64977264404297,73.71717071533203,142.12765502929688,76.95233917236328
2013-11-08,124.27999877929688,93.31563568115234,74.712890625,144.04515075683594,75.1003646850586
2013-11-11,123.87000274658203,93.44378662109375,74.59520721435547,144.0695343017578,74.81714630126953
2013-11-12,122.44999694824219,93.52068328857422,74.712890625,143.7770233154297,75.16573333740234
2013-11-13,122.8499984741211,94.41767120361328,75.6180648803711,144.93077087402344,75.44173431396484
2013-11-14,124.2699966430664,94.32373809814453,75.85335540771484,145.6538543701172,75.90653228759766
2013-11-15,124.31999969482422,94.68254852294922,75.99820709228516,146.28761291503906,76.05902862548828
2013-11-18,122.9000015258789,94.01616668701172,75.2559814453125,145.7757568359375,76.51653289794922
2013-11-19,122.94999694824219,93.43522644042969,75.03874969482422,145.45883178710938,75.9355697631836
2013-11-20,120.12000274658203,93.40108489990234,74.85769653320312,145.00387573242188,74.6428451538086
2013-11-21,119.94000244140625,95.0840835571289,75.6180648803711,146.1738739013672,74.76632690429688
2013-11-22,119.91999816894531,95.55391693115234,76.02540588378906,146.90504455566406,75.46351623535156
2013-11-25,120.45999908447266,95.67353057861328,76.20638275146484,146.7588348388672,75.6813735961914
2013-11-26,119.81999969482422,96.38257598876953,76.60469055175781,146.79945373535156,75.96459197998047
2013-11-27,119.45999908447266,96.92081451416016,77.13874053955078,147.1569061279297,75.8338851928711
2013-11-29,120.69999694824219,96.97207641601562,77.6003646850586,147.05943298339844,75.85565185546875
2013-12-02,117.58000183105469,95.99813842773438,77.37409210205078,146.67759704589844,75.26567077636719
2013-12-03,117.95999908447266,95.5368423461914,77.31071472167969,146.04383850097656,75.54251098632812
2013-12-04,119.95999908447266,95.2805404663086,77.38313293457031,146.027587890625,74.82135772705078
2013-12-05,118.30000305175781,95.34889221191406,77.28355407714844,145.3856964111328,74.61011505126953
2013-12-06,118.55000305175781,96.09214782714844,77.84481048583984,147.0107421875,74.96702575683594
2013-12-09,119.72000122070312,96.06652069091797,78.16157531738281,147.38446044921875,75.14183807373047
2013-12-10,121.81999969482422,95.19511413574219,78.1072769165039,146.85630798339844,75.68084716796875
2013-12-11,120.86000061035156,93.6317367553711,77.1025390625,145.20700073242188,75.09819030761719
2013-12-12,118.29000091552734,93.8367691040039,76.90337371826172,144.72764587402344,74.81404113769531
2013-12-13,119.37999725341797,94.1443099975586,76.8038101196289,144.71141052246094,75.17826843261719
2013-12-16,119.69000244140625,95.2634506225586,77.2292251586914,145.61329650878906,74.90148162841797
2013-12-17,118.6500015258789,95.12673950195312,77.07539367675781,145.15011596679688,75.23653411865234
2013-12-18,117.61000061035156,96.43384552001953,77.97149658203125,147.628173828125,74.85775756835938
2013-12-19,114.81999969482422,95.71623992919922,77.75425720214844,147.4575958251953,74.78495025634766
2013-12-20,115.94000244140625,97.33087158203125,78.54605102539062,148.3152618408203,75.93582153320312
2013-12-23,115.56999969482422,98.43457794189453,79.37242126464844,149.10763549804688,75.50605010986328
2013-12-24,116.0999984741211,98.81193542480469,79.40868377685547,149.4344482421875,74.90148162841797
2013-12-26,116.73999786376953,98.82051086425781,79.67206573486328,150.19418334960938,74.61283874511719
2013-12-27,117.12000274658203,98.7604751586914,79.47227478027344,150.18597412109375,74.40087127685547
2013-12-30,115.38999938964844,98.70046997070312,79.35420989990234,150.1614990234375,74.9124755859375
2013-12-31,116.12000274658203,98.93201446533203,79.87181854248047,150.8721923828125,74.43740844726562
2014-01-02,118.0,97.86002349853516,79.24527740478516,149.42623901367188,74.66397094726562
2014-01-03,119.29000091552734,98.35739135742188,78.67317199707031,149.4017791748047,74.66397094726562
2014-01-06,119.5,97.55984497070312,78.38263702392578,148.9688262939453,74.97822570800781
2014-01-07,118.81999969482422,98.37458038330078,79.10906219482422,149.8837127685547,75.168212890625
2014-01-08,118.12000274658203,98.50321197509766,79.28158569335938,149.91641235351562,74.96359252929688
2014-01-09,118.45999908447266,98.5289306640625,79.01826477050781,150.01441955566406,75.40203857421875
2014-01-10,120.26000213623047,99.06922149658203,79.27249908447266,150.4228973388672,76.30089569091797
2014-01-13,121.0199966430664,97.7142333984375,78.10113525390625,148.42149353027344,76.68095397949219
2014-01-14,119.88999938964844,98.91482543945312,79.5903091430664,150.0389862060547,76.33016967773438
2014-01-15,119.66000366210938,99.6523666381836,80.24408721923828,150.8477325439453,76.249755859375
2014-01-16,119.79000091552734,99.7724609375,80.25321960449219,150.65162658691406,76.7613296508789
2014-01-17,120.93000030517578,99.42080688476562,79.79914855957031,150.01441955566406,77.08283996582031
2014-01-21,119.69999694824219,100.01256561279297,80.40754699707031,150.45555114746094,77.14131164550781
2014-01-22,119.19000244140625,100.5185546875,80.61640930175781,150.55357360839844,76.9512939453125
2014-01-23,121.79000091552734,99.84103393554688,80.34400939941406,149.32009887695312,78.0401840209961
2014-01-24,122.29000091552734,97.29398345947266,78.7640151977539,146.1342010498047,78.54442596435547
2014-01-27,120.95999908447266,95.87039947509766,78.0012435913086,145.4153289794922,77.99629211425781
2014-01-28,120.94999694824219,96.88233947753906,77.95585632324219,146.28121948242188,78.18632507324219
2014-01-29,122.47000122070312,95.4844741821289,77.12045288085938,144.87615966796875,78.82939910888672
2014-01-30,119.7699966430664,96.90807342529297,78.54605102539062,146.41192626953125,78.60291290283203
2014-01-31,120.08999633789062,96.18769073486328,78.33721923828125,145.55422973632812,79.12907409667969
2014-02-03,121.31999969482422,93.17754364013672,76.53929901123047,142.27845764160156,80.09317779541016
2014-02-04,120.98999786376953,93.88078308105469,77.1022720336914,143.2750244140625,79.24337005615234
2014-02-05,121.29000091552734,93.17754364013672,76.90251159667969,143.09539794921875,78.51068115234375
2014-02-06,121.23999786376953,93.91508483886719,77.8832015991211,144.982421875,78.1736831665039
2014-02-07,122.16999816894531,94.97850036621094,79.27249908447266,146.77955627441406,78.23963928222656
2014-02-10,122.91999816894531,95.22718811035156,79.72651672363281,147.04916381835938,78.45939636230469
2014-02-11,124.36000061035156,96.07621002197266,80.63460540771484,148.6584014892578,78.00515747070312
2014-02-12,124.43000030517578,96.45355224609375,80.7889404296875,148.73191833496094,77.60220336914062
2014-02-13,125.48999786376953,97.67990112304688,81.38823699951172,149.49978637695312,78.04180145263672
2014-02-14,127.1500015258789,97.8171615600586,81.55170440673828,150.32489013671875,78.08568572998047
2014-02-18,127.4000015258789,98.83768463134766,81.95124816894531,150.50462341308594,78.26160430908203
2014-02-19,126.2699966430664,97.8257064819336,81.38823699951172,149.50794982910156,77.9319076538086
2014-02-20,127.5999984741211,98.88055419921875,81.7696533203125,150.39019775390625,77.74137878417969
2014-02-21,127.58000183105469,99.18924713134766,81.66065979003906,150.2186737060547,78.15167999267578
2014-02-24,128.99000549316406,99.91822052001953,82.09652709960938,151.0519256591797,77.95384216308594
2014-02-25,129.2100067138672,100.02114868164062,82.00574493408203,150.99468994140625,78.64987182617188
2014-02-26,128.11000061035156,100.63865661621094,81.93309020996094,151.0028839111328,79.06749725341797
2014-02-27,128.1999969482422,101.18746185302734,82.46469116210938,151.79527282714844,79.499755859375
2014-02-28,127.62000274658203,100.78438568115234,82.37348937988281,152.17926025390625,79.54373168945312
2014-03-03,130.2899932861328,100.24410247802734,81.76256561279297,151.10910034179688,80.0746841430664
2014-03-04,128.67999267578125,102.76544189453125,82.80204010009766,153.23304748535156,78.8702621459961
2014-03-05,128.88999938964844,102.70542907714844,83.0300064086914,153.37188720703125,79.0391845703125
2014-03-06,130.1699981689453,102.68826293945312,82.95706176757812,153.72315979003906,78.26065063476562
2014-03-07,129.08999633789062,102.6539535522461,82.54674530029297,153.78846740722656,77.76861572265625
2014-03-10,129.1300048828125,102.31090545654297,82.61968994140625,153.70680236816406,77.8787841796875
2014-03-11,129.86000061035156,101.24747467041016,82.26409149169922,152.94712829589844,78.08448028564453
2014-03-12,131.75999450683594,101.55622100830078,82.57408905029297,152.98794555664062,78.62787628173828
2014-03-13,132.2100067138672,100.38133239746094,81.40697479248047,151.2724151611328,79.68545532226562
2014-03-14,133.10000610351562,100.80155944824219,80.85076141357422,150.8477325439453,79.70020294189453
2014-03-17,131.63999938964844,101.24747467041016,81.56198120117188,152.21194458007812,79.10521697998047
2014-03-18,130.6199951171875,102.72256469726562,82.54674530029297,153.29835510253906,79.39169311523438
2014-03-19,128.08999633789062,102.05364227294922,82.09996032714844,152.48150634765625,78.7748031616211
2014-03-20,127.86000061035156,102.19084930419922,82.32789611816406,153.37188720703125,78.63525390625
2014-03-21,128.47000122070312,101.71919250488281,81.33721923828125,152.77700805664062,79.48716735839844
2014-03-24,126.18000030517578,100.56143188476562,80.6243896484375,152.14523315429688,80.05268859863281
2014-03-25,126.41000366210938,100.53733825683594,80.889404296875,152.8672637939453,79.75154113769531
2014-03-26,125.41000366210938,98.61135864257812,79.84758758544922,151.76776123046875,80.3758316040039
2014-03-27,124.58999633789062,98.362060546875,79.39976501464844,151.44786071777344,80.77974700927734
2014-03-28,124.55999755859375,98.26746368408203,79.55512237548828,152.1945343017578,80.32444763183594
2014-03-31,123.61000061035156,100.03008270263672,80.12175750732422,153.44163513183594,80.12611389160156
2014-04-01,123.38999938964844,101.34557342529297,81.5291519165039,154.45904541015625,79.44132232666016
2014-04-02,124.31999969482422,101.80128479003906,81.73934936523438,154.9759521484375,78.98483276367188
2014-04-03,123.91999816894531,100.76951599121094,81.09046936035156,154.77090454101562,79.33085632324219
2014-04-04,125.56999969482422,98.43940734863281,78.93367767333984,152.94110107421875,79.86106872558594
2014-04-07,124.91000366210938,97.00352478027344,78.18426513671875,151.25094604492188,80.33968353271484
2014-04-08,126.08999633789062,97.68277740478516,78.90625762939453,151.87442016601562,80.53108978271484
2014-04-09,126.31999969482422,99.0928955078125,80.25883483886719,153.5072479248047,80.13346099853516
2014-04-10,127.01000213623047,96.26410675048828,77.77301788330078,150.28271484375,80.87715911865234
2014-04-11,126.93000030517578,94.9314193725586,76.8682632446289,148.92889404296875,81.53250885009766
2014-04-14,127.8499984741211,95.19793701171875,77.4714126586914,150.1021728515625,81.31896209716797
2014-04-15,125.48999786376953,95.5676498413086,77.72733306884766,151.13600158691406,81.82699584960938
2014-04-16,125.54000091552734,96.6080322265625,78.76004028320312,152.7195587158203,81.93012237548828
2014-04-17,124.75,97.08951568603516,78.77830505371094,152.93287658691406,81.0318374633789
2014-04-21,124.23999786376953,97.54520416259766,79.36318969726562,153.4661865234375,80.96554565429688
2014-04-22,123.77999877929688,98.55118560791016,79.99378204345703,154.16363525390625,81.23798370361328
2014-04-23,123.76000213623047,97.93212127685547,79.29008483886719,153.8026123046875,81.70183563232422
2014-04-24,124.55999755859375,97.68277740478516,80.04862976074219,154.1144256591797,81.85652160644531
2014-04-25,125.43000030517578,95.96316528320312,78.7691650390625,152.8508758544922,81.97434997558594
2014-04-28,124.87999725341797,95.40428924560547,79.02507781982422,153.3349151611328,81.5766372680664
2014-04-29,124.86000061035156,95.64502716064453,79.65564727783203,154.04879760742188,81.46623229980469
2014-04-30,124.22000122070312,96.28131866455078,79.86583709716797,154.5082550048828,81.80497741699219
2014-05-01,123.80000305175781,96.24690246582031,80.10343933105469,154.5247039794922,82.68255615234375
2014-05-02,125.05999755859375,96.32428741455078,79.9572525024414,154.3031768798828,83.19182586669922
2014-05-05,126.22000122070312,96.20391082763672,80.37765502929688,154.5985107421875,82.68994140625
2014-05-06,125.9800033569336,94.63908386230469,79.33578491210938,153.2528533935547,83.02210235595703
2014-05-07,124.16999816894531,94.69927978515625,79.1072769165039,154.1554718017578,82.7268295288086
2014-05-08,124.16999816894531,93.744873046875,79.03423309326172,153.9913787841797,82.37255859375
2014-05-09,124.0999984741211,94.60466766357422,79.32665252685547,154.22108459472656,82.10680389404297
2014-05-12,124.94000244140625,96.75421142578125,80.63352966308594,155.7226104736328,81.774658203125
2014-05-13,124.5999984741211,95.80840301513672,80.68836975097656,155.86209106445312,82.48322296142578
2014-05-14,125.80999755859375,94.25214385986328,80.26799774169922,155.12364196777344,83.37633514404297
2014-05-15,124.7699966430664,93.61587524414062,79.63739776611328,153.7615966796875,84.0406494140625
2014-05-16,124.5,94.20918273925781,80.15827941894531,154.294921875,83.8044662475586
2014-05-19,124.58000183105469,95.22374725341797,80.71578979492188,154.86109924316406,83.18441772460938
2014-05-20,124.69000244140625,93.77067565917969,80.42334747314453,153.88465881347656,83.36898040771484
2014-05-21,124.38999938964844,94.25214385986328,81.19100189208984,155.1810760498047,82.85972595214844
2014-05-22,124.66999816894531,95.23235321044922,81.54741668701172,155.5585174560547,82.7415542602539
2014-05-23,124.51000213623047,96.272705078125,82.14146423339844,156.18214416503906,83.18441772460938
2014-05-27,121.8499984741211,97.6570053100586,83.16505432128906,157.14205932617188,83.6716079711914
2014-05-28,121.19999694824219,97.14971160888672,82.9091567993164,157.02719116210938,84.70497131347656
2014-05-29,120.94000244140625,97.47644805908203,83.43923950195312,157.83949279785156,84.25471496582031
2014-05-30,120.43000030517578,97.0379638671875,83.4483413696289,158.09381103515625,84.21778869628906
2014-06-02,119.69999694824219,96.5134506225586,83.3661117553711,158.2743682861328,83.59172058105469
2014-06-03,120.01000213623047,96.28131866455078,83.32955932617188,158.19227600097656,82.56315612792969
2014-06-04,119.76000213623047,96.6596450805664,83.64024353027344,158.5123291015625,82.54092407226562
2014-06-05,120.66000366210938,98.6887435913086,84.3439712524414,159.54612731933594,82.57792663574219
2014-06-06,120.61000061035156,99.63453674316406,84.8283462524414,160.30918884277344,82.57792663574219
2014-06-09,120.6500015258789,100.51155090332031,84.76437377929688,160.47335815429688,82.45951080322266
2014-06-10,121.38999938964844,100.31381225585938,84.91060638427734,160.48971557617188,82.15612030029297
2014-06-11,121.41000366210938,99.82368469238281,84.8923110961914,159.93173217773438,82.30413818359375
2014-06-12,122.63999938964844,99.2132339477539,84.12464904785156,158.79946899414062,83.03673553466797
2014-06-13,122.95999908447266,99.38521575927734,84.37136840820312,159.2836151123047,82.99231719970703
2014-06-16,122.41999816894531,99.86668395996094,84.44448852539062,159.41485595703125,83.19953918457031
2014-06-17,122.27999877929688,100.57174682617188,84.49019622802734,159.85800170898438,82.54092407226562
2014-06-18,122.66999816894531,101.25099182128906,84.9654312133789,161.03126525878906,83.1773681640625
2014-06-19,126.94000244140625,101.33698272705078,84.91060638427734,161.2117156982422,82.11174011230469
2014-06-20,126.5,101.67227172851562,85.01045989990234,161.53904724121094,82.73330688476562
2014-06-23,126.8499984741211,101.47456359863281,85.02881622314453,161.4895477294922,82.47432708740234
2014-06-24,126.9800033569336,100.3912124633789,84.94630432128906,160.51673889160156,83.31057739257812
2014-06-25,126.98999786376953,101.2424087524414,85.4869613647461,161.24229431152344,83.5251693725586
2014-06-26,126.7300033569336,101.07044982910156,85.53279113769531,161.12684631347656,83.9247817993164
2014-06-27,126.66000366210938,101.74969482421875,85.90850067138672,161.4401092529297,83.7989501953125
2014-06-30,128.0399932861328,102.15377807617188,86.05509185791016,161.357666015625,84.00617218017578
2014-07-01,127.69999694824219,103.19415283203125,86.99895477294922,162.4376678466797,83.30287170410156
2014-07-02,127.69999694824219,102.7962646484375,87.14556121826172,162.60260009765625,82.41251373291016
2014-07-03,127.16000366210938,103.41767883300781,87.69541931152344,163.40220642089844,82.11573791503906
2014-07-07,127.0199966430664,101.64832305908203,87.42964172363281,162.83335876464844,82.71670532226562
2014-07-08,127.06999969482422,100.41407775878906,86.3758316040039,161.7863311767578,83.64409637451172
2014-07-09,127.83999633789062,100.54353332519531,87.01728820800781,162.5118408203125,83.71086883544922
2014-07-10,128.5399932861328,99.47331237792969,86.74240112304688,161.86883544921875,83.73310089111328
2014-07-11,128.77999877929688,99.34383392333984,87.30136108398438,162.09140014648438,84.26728820800781
2014-07-14,125.72000122070312,99.85308074951172,87.82367706298828,162.90756225585938,83.90380096435547
2014-07-15,124.52999877929688,98.86912536621094,87.52127075195312,162.60260009765625,83.73310089111328
2014-07-16,124.97000122070312,98.60151672363281,87.86951446533203,163.20437622070312,84.17826080322266
2014-07-17,127.08999633789062,97.08248901367188,86.70574951171875,161.34945678710938,85.23919677734375
2014-07-18,126.12999725341797,98.59292602539062,88.08027648925781,162.9983367919922,84.9646987915039
2014-07-21,126.33999633789062,98.1958999633789,87.97030639648438,162.69320678710938,85.38763427734375
2014-07-22,125.73999786376953,99.02449035644531,88.5292739868164,163.40220642089844,85.56568145751953
2014-07-23,125.62000274658203,99.14531707763672,89.09742736816406,163.7649688720703,85.45440673828125
2014-07-24,124.3499984741211,98.94678497314453,88.99662017822266,163.77322387695312,84.81634521484375
2014-07-25,125.79000091552734,98.0491714477539,88.64836883544922,163.0065460205078,85.81793212890625
2014-07-28,125.58000183105469,97.55718231201172,88.67591094970703,163.07249450683594,85.69922637939453
2014-07-29,125.19999694824219,97.82476806640625,88.52012634277344,162.3717498779297,86.01085662841797
2014-07-30,124.83000183105469,98.2131576538086,88.86833953857422,162.39645385742188,84.81634521484375
2014-07-31,123.38999938964844,95.96907043457031,87.07230377197266,159.18942260742188,84.56407928466797
2014-08-01,124.37999725341797,95.52887725830078,86.75155639648438,158.70298767089844,85.21869659423828
2014-08-04,123.98999786376953,96.37474822998047,87.34716796875,159.84898376464844,84.99554443359375
2014-08-05,123.87000274658203,96.1330795288086,86.67823791503906,158.29901123046875,85.27078247070312
2014-08-06,125.66999816894531,96.43515014648438,86.61410522460938,158.3485107421875,85.32283020019531
2014-08-07,126.18000030517578,95.96907043457031,86.33919525146484,157.49107360839844,86.11880493164062
2014-08-08,126.19000244140625,96.90122985839844,86.9623031616211,159.31307983398438,85.93283081054688
2014-08-11,125.95999908447266,97.82476806640625,87.47549438476562,159.77476501464844,85.92536926269531
2014-08-12,125.98999786376953,97.15151977539062,87.43880462646484,159.5522003173828,85.36748504638672
2014-08-13,126.19999694824219,97.91108703613281,88.36432647705078,160.6321258544922,85.92536926269531
2014-08-14,126.30999755859375,98.05777740478516,88.822509765625,161.39064025878906,86.61719512939453
2014-08-15,125.4800033569336,97.8678970336914,89.25321197509766,161.357666015625,87.56192016601562
2014-08-18,124.95999908447266,99.29203033447266,89.94051361083984,162.70973205566406,86.69155883789062
2014-08-19,124.68000030517578,99.63728332519531,90.44446563720703,163.55894470214844,86.42378997802734
2014-08-20,124.22000122070312,99.21436309814453,90.44446563720703,163.99583435058594,86.28244018554688
2014-08-21,122.87999725341797,99.43014526367188,90.62777709960938,164.47406005859375,86.76593780517578
2014-08-22,123.19000244140625,99.43877410888672,90.76521301269531,164.21849060058594,87.24951171875
2014-08-25,122.73999786376953,99.90486907958984,91.0859146118164,165.0511474609375,87.57677459716797
2014-08-26,123.3499984741211,100.81108856201172,91.17756652832031,165.15834045410156,87.29412078857422
2014-08-27,123.31999969482422,100.5608139038086,91.19588470458984,165.09234619140625,88.0379867553711
2014-08-28,124.0,100.04295349121094,91.09505462646484,165.00164794921875,88.49919128417969
2014-08-29,123.86000061035156,100.60395812988281,91.43413543701172,165.47157287597656,88.55870056152344
2014-09-02,121.6500015258789,101.15635681152344,91.69986724853516,165.38914489746094,87.03101348876953
2014-09-03,122.1500015258789,100.51764678955078,91.15924835205078,165.29843139648438,87.515625
2014-09-04,121.4800033569336,100.12926483154297,91.07675170898438,165.059326171875,86.44943237304688
2014-09-05,122.05999755859375,100.44860076904297,91.5349349975586,165.80133056640625,86.2854995727539
2014-09-08,120.7300033569336,100.60395812988281,91.70903778076172,165.37261962890625,86.32271575927734
2014-09-09,120.87000274658203,99.41288757324219,90.94847106933594,164.3256378173828,86.25562286376953
2014-09-10,120.26000213623047,99.99979400634766,91.69986724853516,164.9439239501953,85.71134185791016
2014-09-11,119.47000122070312,100.64714050292969,91.62659454345703,165.13357543945312,85.42803955078125
2014-09-12,118.37999725341797,99.57687377929688,91.15924835205078,164.16896057128906,84.53335571289062
2014-09-15,118.63999938964844,98.4893569946289,90.27951049804688,164.04530334472656,84.66012573242188
2014-09-16,118.83000183105469,98.76557922363281,91.06758880615234,165.28195190429688,84.31713104248047
2014-09-17,117.54000091552734,99.02449035644531,91.2050552368164,165.5045623779297,84.1009521484375
2014-09-18,117.77999877929688,99.62866973876953,91.89234161376953,166.3866729736328,84.36931610107422
2014-09-19,117.08999633789062,98.3685302734375,91.83538055419922,166.23678588867188,85.44295501708984
2014-09-22,116.8499984741211,96.98753356933594,90.98114013671875,164.95298767089844,85.5473403930664
2014-09-23,117.5999984741211,96.08129119873047,90.73312377929688,164.00868225097656,86.07670593261719
2014-09-24,117.05000305175781,96.95108032226562,91.70677947998047,165.29249572753906,85.59953308105469
2014-09-25,117.38999938964844,95.31531524658203,89.77783966064453,162.62547302246094,86.61354064941406
2014-09-26,117.05999755859375,96.17217254638672,90.73312377929688,163.91757202148438,86.48673248291016
2014-09-29,117.02999877929688,96.09427642822266,90.61371612548828,163.61940002441406,87.18010711669922
2014-09-30,116.20999908447266,94.64025115966797,90.7422866821289,163.188720703125,86.68807220458984
2014-10-01,116.7699966430664,93.29875946044922,89.29103088378906,160.97714233398438,88.36904907226562
2014-10-02,116.73999786376953,94.1902084350586,89.29103088378906,161.00201416015625,87.59920501708984
2014-10-03,114.61000061035156,94.89987182617188,90.17279052734375,162.77455139160156,87.97286987304688
2014-10-06,116.02999877929688,94.08635711669922,89.97994232177734,162.5840606689453,88.02521514892578
2014-10-07,116.36000061035156,92.53714752197266,88.70314025878906,160.07431030273438,89.2136459350586
2014-10-08,117.47000122070312,94.31135559082031,90.43000030517578,162.8739776611328,89.23604583740234
2014-10-09,117.63999938964844,91.76686096191406,88.96952056884766,159.64364624023438,88.847412109375
2014-10-10,117.58999633789062,90.65038299560547,86.74667358398438,157.82144165039062,89.7293472290039
2014-10-13,118.5199966430664,90.28689575195312,85.38723754882812,155.22882080078125,90.27497863769531
2014-10-14,118.58999633789062,91.3427734375,85.39643096923828,155.46902465820312,90.865478515625
2014-10-15,118.98999786376953,92.26016998291016,84.8453140258789,154.4171142578125,91.5829849243164
2014-10-16,119.22000122070312,93.29875946044922,84.31254577636719,154.28468322753906,91.00001525878906
2014-10-17,118.98999786376953,93.02181243896484,85.42400360107422,156.1068878173828,90.49179077148438
2014-10-20,119.80000305175781,94.11229705810547,86.70074462890625,157.62261962890625,90.82061767578125
2014-10-21,120.0199966430664,95.66153717041016,88.97869110107422,160.7452392578125,90.09561157226562
2014-10-22,119.33999633789062,94.29402923583984,88.51946258544922,159.60220336914062,90.19278717041016
2014-10-23,118.5199966430664,95.96444702148438,89.8512954711914,161.4575653076172,89.39300537109375
2014-10-24,118.3499984741211,96.12885284423828,90.58616638183594,162.6999969482422,89.48271942138672
2014-10-27,118.05999755859375,96.07694244384766,90.65044403076172,162.4763641357422,89.64715576171875
2014-10-28,118.0999984741211,98.8118667602539,92.0190658569336,164.34002685546875,89.08659362792969
2014-10-29,116.41000366210938,98.57820129394531,91.67921447753906,164.09156799316406,89.28839874267578
2014-10-30,115.19000244140625,99.41771697998047,91.8720932006836,165.14344787597656,89.3631362915039
2014-10-31,112.66000366210938,100.88037109375,93.13970184326172,167.03196716308594,89.1314468383789
2014-11-03,112.1500015258789,100.70726013183594,93.41525268554688,167.12303161621094,89.13142395019531
2014-11-04,112.22000122070312,100.23992156982422,93.10295867919922,166.543212890625,89.40865325927734
2014-11-05,109.79000091552734,100.42166900634766,93.11215209960938,167.59519958496094,89.28125762939453
2014-11-06,109.87999725341797,100.8543930053711,93.40605926513672,168.26608276367188,88.70433044433594
2014-11-07,112.97000122070312,101.01020050048828,93.3233871459961,168.42343139648438,89.72332763671875
2014-11-10,110.45999908447266,101.51214599609375,93.6540756225586,168.95352172851562,88.89916229248047
2014-11-11,112.04000091552734,101.5813980102539,93.94796752929688,169.1192626953125,88.9590835571289
2014-11-12,111.5,102.04012298583984,94.11331939697266,168.93701171875,88.88414001464844
2014-11-13,111.66999816894531,101.17462921142578,94.51749420166016,169.1274871826172,89.09394073486328
2014-11-14,114.47000122070312,100.99288940429688,94.8114242553711,169.1688995361328,89.52853393554688
2014-11-17,114.05000305175781,100.15335083007812,94.52668762207031,169.27659606933594,89.30376434326172
2014-11-18,115.05000305175781,100.73324584960938,95.23394775390625,170.25393676757812,89.55096435546875
2014-11-19,113.68000030517578,99.6600570678711,94.80225372314453,169.98062133789062,88.98155212402344
2014-11-20,114.86000061035156,100.77650451660156,95.22476959228516,170.27880859375,89.44612121582031
2014-11-21,115.38999938964844,100.89766693115234,95.40848541259766,171.18992614746094,89.98558044433594
2014-11-24,115.11000061035156,102.10069274902344,96.1524887084961,171.67034912109375,90.06047821044922
2014-11-25,115.37999725341797,102.17857360839844,96.29945373535156,171.5460662841797,90.80976104736328
2014-11-26,115.16000366210938,102.51612854003906,96.92405700683594,171.98512268066406,91.05696105957031
2014-11-28,112.11000061035156,100.99288940429688,97.37416076660156,171.6206817626953,91.77628326416016
2014-12-01,116.58000183105469,99.41771697998047,96.27190399169922,170.42787170410156,91.24083709716797
2014-12-02,115.13999938964844,100.61207580566406,96.65769958496094,171.52947998046875,90.354736328125
2014-12-03,116.33000183105469,101.5813980102539,96.83222961425781,172.19215393066406,90.7076644897461
2014-12-04,115.87999725341797,101.0967025756836,96.78629302978516,172.00161743164062,91.46617126464844
2014-12-05,114.43000030517578,101.85836029052734,96.79548645019531,172.2832489013672,90.9330062866211
2014-12-08,115.77999877929688,100.58610534667969,96.10655212402344,171.13194274902344,92.04437255859375
2014-12-09,118.19000244140625,102.27378845214844,96.4096908569336,171.01600646972656,92.51744079589844
2014-12-10,117.95999908447266,100.10143280029297,94.89410400390625,168.27444458007812,93.19335174560547
2014-12-11,117.69000244140625,100.49955749511719,95.34420013427734,169.1274871826172,93.57633209228516
2014-12-12,117.41000366210938,99.27922821044922,94.30626678466797,166.39425659179688,94.84542846679688
2014-12-15,114.38999938964844,98.2752685546875,93.33256530761719,165.25111389160156,94.65017700195312
2014-12-16,114.94999694824219,98.13679504394531,91.83538055419922,163.92587280273438,95.82170104980469
2014-12-17,114.2699966430664,101.16598510742188,93.50708770751953,167.1396484375,94.95807647705078
2014-12-18,115.1500015258789,102.67192077636719,95.75751495361328,171.27276611328125,93.26844787597656
2014-12-19,114.7699966430664,102.90560150146484,96.1788558959961,172.0015106201172,94.5225601196289
2014-12-22,112.55000305175781,103.60661315917969,96.4185791015625,172.79269409179688,94.65017700195312
2014-12-23,112.73999786376953,103.73643493652344,96.07745361328125,173.0259552001953,92.7728042602539
2014-12-24,112.7699966430664,104.03614044189453,96.1604232788086,173.04258728027344,93.27771759033203
2014-12-26,114.83000183105469,104.71372985839844,96.84268951416016,173.60060119628906,93.6239242553711
2014-12-29,113.66999816894531,105.15678405761719,96.8242416381836,173.8337860107422,94.32378387451172
2014-12-30,115.19999694824219,104.53999328613281,96.1788558959961,172.90097045898438,94.57962799072266
2014-12-31,113.58000183105469,103.91455078125,95.19233703613281,171.185302734375,94.76026916503906
2015-01-02,114.08000183105469,103.31512451171875,94.90657043457031,171.0937042236328,95.81388092041016
2015-01-05,115.80000305175781,101.93390655517578,93.51438903808594,168.0037841796875,97.31888580322266
2015-01-06,117.12000274658203,100.17039489746094,92.26051330566406,166.42141723632812,99.07234954833984
2015-01-07,116.43000030517578,101.40397644042969,93.44986724853516,168.4951171875,98.87667846679688
2015-01-08,115.94000244140625,103.12401580810547,95.23844909667969,171.485107421875,97.56722259521484
2015-01-09,117.26000213623047,102.13367462158203,94.61149597167969,170.11090087890625,98.63590240478516
2015-01-12,118.55999755859375,101.79488372802734,93.6250228881836,168.77835083007812,99.20030212402344
2015-01-13,118.16000366210938,101.8730697631836,93.59737396240234,168.30361938476562,99.20030212402344
2015-01-14,117.97000122070312,101.46476745605469,93.08106231689453,167.28750610351562,99.95280456542969
2015-01-15,120.94000244140625,99.7534408569336,91.87329864501953,165.7550811767578,101.52568054199219
2015-01-16,122.5199966430664,101.37789916992188,92.95198059082031,167.9288787841797,100.23125457763672
2015-01-20,124.19999694824219,100.95226287841797,93.68953704833984,168.28695678710938,101.56328582763672
2015-01-21,124.2300033569336,100.63084411621094,94.16899871826172,169.13648986816406,100.38925170898438
2015-01-22,125.2300033569336,102.68096923828125,95.91149139404297,171.65170288085938,100.02810668945312
2015-01-23,124.2300033569336,102.61146545410156,96.12352752685547,170.71058654785156,101.42027282714844
2015-01-26,122.98999786376953,103.60177612304688,96.01290130615234,171.11033630371094,101.1117935180664
2015-01-27,124.4000015258789,103.10665893554688,93.52360534667969,168.85337829589844,101.26978302001953
2015-01-28,123.41999816894531,101.36923217773438,93.044189453125,166.6878662109375,102.92538452148438
2015-01-29,120.76000213623047,102.76786804199219,93.93849182128906,168.22866821289062,102.24810028076172
2015-01-30,123.44999694824219,100.50923156738281,93.21012878417969,166.11325073242188,104.06170654296875
2015-02-02,122.41999816894531,101.43003845214844,94.02147674560547,168.1703338623047,103.66881561279297
2015-02-03,121.05000305175781,103.2456283569336,94.92500305175781,170.6022491455078,101.4744873046875
2015-02-04,121.58000183105469,102.86341857910156,94.8420181274414,169.9526824951172,101.64796447753906
2015-02-05,121.79000091552734,104.19252014160156,95.66258239746094,171.6683807373047,100.5319595336914
2015-02-06,118.63999938964844,104.07960510253906,95.08169555664062,171.19361877441406,98.7522964477539
2015-02-09,119.16999816894531,103.25432586669922,94.77747344970703,170.42739868164062,98.59395599365234
2015-02-10,118.47000122070312,103.91455078125,96.25263977050781,172.24302673339844,97.80978393554688
2015-02-11,117.06999969482422,103.76685333251953,96.6029281616211,172.3429412841797,97.99072265625
2015-02-12,117.33999633789062,104.9482650756836,97.72774505615234,174.0003204345703,97.66650390625
2015-02-13,117.9800033569336,105.57373046875,98.56674194335938,174.71656799316406,96.66360473632812
2015-02-17,116.01000213623047,105.90388488769531,98.65895080566406,174.99143981933594,95.20820617675781
2015-02-18,116.33999633789062,106.01679992675781,98.7972183227539,175.00816345214844,95.77379608154297
2015-02-19,115.94000244140625,106.02548217773438,99.2858657836914,174.8832244873047,95.14032745361328
2015-02-20,115.27999877929688,106.31217956542969,99.94969940185547,175.9325408935547,95.41938781738281
2015-02-23,115.43000030517578,106.41638946533203,100.05108642578125,175.9076690673828,96.51273345947266
2015-02-24,115.26000213623047,106.55540466308594,100.12483215332031,176.4073028564453,97.7795639038086
2015-02-25,115.69999694824219,106.6770248413086,99.87590789794922,176.25743103027344,98.20186614990234
2015-02-26,116.06999969482422,107.06794738769531,100.38301086425781,176.0491485595703,96.85961151123047
2015-02-27,116.16000366210938,106.48591613769531,99.94043731689453,175.4495086669922,97.67396545410156
2015-03-02,115.68000030517578,107.25904846191406,100.84400177001953,176.55722045898438,95.85462951660156
2015-03-03,115.47000122070312,106.62489318847656,100.37374877929688,175.83265686035156,95.50711822509766
2015-03-04,115.11000061035156,106.29478454589844,99.98655700683594,175.09141540527344,95.53739166259766
2015-03-05,115.0,106.6075210571289,100.16170501708984,175.282958984375,95.41648864746094
2015-03-06,111.86000061035156,105.26101684570312,99.0277328491211,172.8177490234375,93.30855560302734
2015-03-09,111.97000122070312,105.72145080566406,99.31353759765625,173.5339813232422,94.16989135742188
2015-03-10,111.41999816894531,104.5052719116211,97.4696044921875,170.71890258789062,95.4089126586914
2015-03-11,110.75,105.14807891845703,96.90719604492188,170.31912231445312,96.1040267944336
2015-03-12,110.72000122070312,106.89421081542969,97.54334259033203,172.48455810546875,96.0360107421875
2015-03-13,110.87999725341797,106.51197052001953,97.1192626953125,171.4268341064453,95.7413558959961
2015-03-16,110.80999755859375,107.13743591308594,98.37309265136719,173.7172393798828,96.66311645507812
2015-03-17,110.20999908447266,107.42411041259766,98.52986907958984,173.2008514404297,97.46398162841797
2015-03-18,112.37000274658203,108.28411102294922,99.49790954589844,175.282958984375,99.34521484375
2015-03-19,112.29000091552734,108.49260711669922,99.64543151855469,174.48342895507812,98.83904266357422
2015-03-20,113.56999969482422,109.44818115234375,100.29041290283203,176.02357482910156,99.36040496826172
2015-03-23,114.29000091552734,109.35265350341797,100.09639739990234,175.6805877685547,99.23951721191406
2015-03-24,114.56999969482422,109.32656860351562,99.73597717285156,174.69342041015625,100.19898986816406
2015-03-25,114.7300033569336,106.71511840820312,97.45347595214844,172.13343811035156,99.35281372070312
2015-03-26,115.4800033569336,106.58439636230469,97.12084197998047,171.7235870361328,97.80396270751953
2015-03-27,115.05999755859375,107.2640609741211,97.50892639160156,172.11680603027344,99.02034759521484
2015-03-30,113.75,108.71922302246094,98.62709045410156,174.21653747558594,98.52931213378906
2015-03-31,113.66000366210938,108.37068176269531,97.58285522460938,172.69398498535156,98.74082946777344
2015-04-01,115.5999984741211,108.41422271728516,97.07463836669922,172.08328247070312,100.03780364990234
2015-04-02,115.27999877929688,108.6146469116211,97.13932037353516,172.7023468017578,98.97781372070312
2015-04-06,116.69000244140625,109.09390258789062,97.93403625488281,173.86526489257812,98.42514038085938
2015-04-07,116.11000061035156,108.3968276977539,97.76768493652344,173.40505981445312,99.2503433227539
2015-04-08,115.47000122070312,109.32917785644531,98.54393005371094,173.99069213867188,99.28067779541016
2015-04-09,114.66999816894531,108.93705749511719,99.1630630493164,174.76039123535156,97.99356079101562
2015-04-10,115.97000122070312,109.45989227294922,99.56964874267578,175.71397399902344,98.13740539550781
2015-04-13,115.13999938964844,109.52957153320312,99.32015991210938,174.91929626464844,98.27369689941406
2015-04-14,114.44000244140625,109.50343322753906,99.03368377685547,175.25392150878906,98.9702377319336
2015-04-15,115.43000030517578,110.270263671875,99.65284729003906,176.04025268554688,98.88700103759766
2015-04-16,115.02999877929688,110.20926666259766,99.51419067382812,175.9900360107422,98.39486694335938
2015-04-17,115.5999984741211,108.42295837402344,97.96173858642578,173.96560668945312,99.52296447753906
2015-04-20,114.72000122070312,109.48601531982422,99.4310302734375,175.55511474609375,98.64466094970703
2015-04-21,115.37999725341797,109.37274932861328,99.85610961914062,175.34596252441406,98.19795227050781
2015-04-22,113.83000183105469,109.53831481933594,100.40132141113281,176.2075958251953,96.69890594482422
2015-04-23,114.66000366210938,110.03498077392578,100.78018951416016,176.6510009765625,97.11531829833984
2015-04-24,113.05000305175781,109.66899871826172,102.14784240722656,177.06092834472656,97.72103118896484
2015-04-27,115.33000183105469,108.45783233642578,101.88909912109375,176.3247528076172,97.72103118896484
2015-04-28,116.33000183105469,109.05903625488281,101.685791015625,176.88525390625,96.37333679199219
2015-04-29,115.51000213623047,107.87403106689453,101.04817199707031,176.1573944091797,95.19223022460938
2015-04-30,113.47000122070312,105.59103393554688,99.4587631225586,174.3922119140625,95.35881805419922
2015-05-01,113.08000183105469,106.27945709228516,100.7709732055664,176.2829132080078,94.07514953613281
2015-05-04,114.0999984741211,106.662841796875,100.93728637695312,176.78482055664062,93.18748474121094
2015-05-05,114.41999816894531,105.30353546142578,99.29242706298828,174.76039123535156,93.05851745605469
2015-05-06,114.36000061035156,105.66947174072266,98.60859680175781,174.04086303710938,91.46526336669922
2015-05-07,113.41999816894531,106.07029724121094,99.20002746582031,174.73519897460938,92.6943359375
2015-05-08,113.97000122070312,106.86324310302734,100.43828582763672,177.0358123779297,92.9447021484375
2015-05-11,113.52999877929688,106.9242172241211,100.05016326904297,176.19088745117188,90.68389892578125
2015-05-12,114.5,106.73257446289062,99.59735107421875,175.66387939453125,90.91907501220703
2015-05-13,116.55000305175781,106.73257446289062,99.80066680908203,175.69729614257812,90.19071960449219
2015-05-14,117.18000030517578,107.86528778076172,101.26071166992188,177.52940368652344,90.43347930908203
2015-05-15,117.52999877929688,107.74332427978516,101.26071166992188,177.72183227539062,92.2467269897461
2015-05-18,117.5199966430664,108.96321868896484,101.70427703857422,178.27392578125,90.6990966796875
2015-05-19,115.88999938964844,108.81507873535156,101.59337615966797,178.21534729003906,89.89482116699219
2015-05-20,116.08000183105469,109.0155029296875,101.6580810546875,178.08995056152344,90.0466079711914
2015-05-21,115.69000244140625,108.89350891113281,102.18476867675781,178.60861206054688,91.30596923828125
2015-05-22,115.5999984741211,108.42295837402344,102.0831298828125,178.181884765625,91.34388732910156
2015-05-26,113.91000366210938,107.38607025146484,100.90956115722656,176.26617431640625,92.90680694580078
2015-05-27,113.88999938964844,108.70179748535156,102.53594207763672,177.9393310546875,93.11917877197266
2015-05-28,114.0199966430664,108.60594940185547,102.30493927001953,177.738525390625,92.89161682128906
2015-05-29,114.0999984741211,107.95243072509766,101.69508361816406,176.63426208496094,93.0964584350586
2015-06-01,114.0,108.292236328125,102.03691864013672,176.99395751953125,92.09587860107422
2015-06-02,114.45999908447266,108.50138854980469,101.71350860595703,176.81822204589844,90.81092071533203
2015-06-03,113.63999938964844,109.58189392089844,102.01847076416016,177.2867431640625,89.35115814208984
2015-06-04,112.83999633789062,108.48393249511719,101.24226379394531,175.7893524169922,90.51446533203125
2015-06-05,112.23999786376953,109.26818084716797,101.00196838378906,175.48817443847656,89.41200256347656
2015-06-08,112.56999969482422,108.7627944946289,99.97624206542969,174.408935546875,89.31319427490234
2015-06-09,112.81999969482422,108.43167877197266,99.80992126464844,174.3838653564453,88.60606384277344
2015-06-10,113.77999877929688,109.78227996826172,101.17752075195312,176.47531127929688,87.83055114746094
2015-06-11,113.26000213623047,110.06111145019531,101.32542419433594,177.04415893554688,89.6781234741211
2015-06-12,113.2300033569336,109.72998809814453,100.49372863769531,175.6888885498047,89.6781234741211
2015-06-15,113.7300033569336,109.38148498535156,99.99470520019531,174.93601989746094,89.82257080078125
2015-06-16,113.31999969482422,110.156982421875,100.53993225097656,175.88973999023438,90.5296859741211
2015-06-17,113.8499984741211,109.99137878417969,100.81715393066406,176.17420959472656,89.83015441894531
2015-06-18,115.31999969482422,111.46399688720703,102.28643798828125,178.0062255859375,89.38917541503906
2015-06-19,115.12000274658203,111.41170501708984,101.78076171875,177.21604919433594,90.5372543334961
2015-06-22,113.63999938964844,112.17852020263672,102.53097534179688,178.1239013671875,88.68968963623047
2015-06-23,112.88999938964844,112.41377258300781,102.61431884765625,178.25001525878906,88.15751647949219
2015-06-24,112.58999633789062,111.46399688720703,102.08638000488281,176.9553985595703,88.91780090332031
2015-06-25,112.44000244140625,111.40300750732422,101.88263702392578,176.4174041748047,88.60606384277344
2015-06-26,112.55999755859375,111.09803771972656,101.20647430419922,176.3838348388672,87.61009216308594
2015-06-29,113.06999969482422,108.292236328125,98.81686401367188,172.68496704101562,89.92897033691406
2015-06-30,112.37000274658203,108.79765319824219,99.16886138916016,173.04641723632812,89.30555725097656
2015-07-01,111.9800033569336,109.12006378173828,99.95613098144531,174.43350219726562,88.1001205444336
2015-07-02,111.76000213623047,108.31414031982422,99.98389434814453,174.2738037109375,88.3896484375
2015-07-06,112.05999755859375,108.27912139892578,99.75235748291016,173.77780151367188,90.02791595458984
2015-07-07,110.76000213623047,108.4016342163086,100.00242614746094,174.87071228027344,90.87369537353516
2015-07-08,111.08999633789062,106.74778747558594,98.2611312866211,171.936767578125,91.65855407714844
2015-07-09,111.36000061035156,107.13278198242188,98.20558166503906,172.24783325195312,89.85269165039062
2015-07-10,111.48999786376953,108.62039184570312,99.70603942871094,174.4166717529297,88.42778015136719
2015-07-13,110.98999786376953,109.84546661376953,101.45657348632812,176.34178161621094,88.15347290039062
2015-07-14,110.73999786376953,110.45800018310547,102.12342071533203,177.1067657470703,88.4429702758789
2015-07-15,110.16000366210938,109.87173461914062,102.23455810546875,177.0479278564453,89.38023376464844
2015-07-16,109.76000213623047,110.52802276611328,103.67947387695312,178.4685516357422,89.99744415283203
2015-07-17,108.6500015258789,110.0467529296875,105.20767974853516,178.619873046875,90.46227264404297
2015-07-20,105.69999694824219,109.45171356201172,105.56892395019531,178.7123565673828,90.08126831054688
2015-07-21,105.37000274658203,108.93543243408203,105.50407409667969,178.00621032714844,90.56891632080078
2015-07-22,104.80000305175781,109.33793640136719,104.30928039550781,177.68678283691406,91.13279724121094
2015-07-23,104.33000183105469,108.13037109375,103.9202651977539,176.6864013671875,92.26817321777344
2015-07-24,105.3499984741211,106.38903045654297,102.9014663696289,174.8538360595703,92.49674224853516
2015-07-27,104.86000061035156,105.50519561767578,102.04936981201172,173.83657836914062,92.99200439453125
2015-07-28,105.0199966430664,106.4065170288086,102.92925262451172,175.97186279296875,92.3138656616211
2015-07-29,105.16999816894531,106.70402526855469,103.3182601928711,177.1824188232422,91.97093963623047
2015-07-30,104.2699966430664,107.01030731201172,103.80913543701172,177.22445678710938,92.67960357666016
2015-07-31,104.93000030517578,107.5965805053711,103.688720703125,176.9553985595703,93.36540985107422
2015-08-03,104.0999984741211,107.06279754638672,103.36455535888672,176.3585662841797,94.34822082519531
2015-08-04,104.30999755859375,106.80902099609375,103.1700439453125,176.01388549804688,93.59983825683594
2015-08-05,103.93000030517578,107.05406188964844,103.96658325195312,176.5939483642578,92.89729309082031
2015-08-06,104.38999938964844,105.61023712158203,102.29942321777344,175.14801025390625,93.72201538085938
2015-08-07,104.6500015258789,104.90140533447266,102.16973114013672,174.8118133544922,94.95153045654297
2015-08-10,105.72000122070312,106.1090087890625,103.33678436279297,177.01426696777344,93.77546691894531
2015-08-11,106.26000213623047,105.19892120361328,102.01229095458984,175.41702270507812,95.26457214355469
2015-08-12,107.75,104.99766540527344,102.36427307128906,175.62721252441406,94.74529266357422
2015-08-13,106.86000061035156,104.64763641357422,102.197509765625,175.40872192382812,94.4398193359375
2015-08-14,106.8499984741211,105.32145690917969,102.35498809814453,176.0475616455078,94.66126251220703
2015-08-17,107.12999725341797,106.43278503417969,103.20707702636719,177.03114318847656,95.08893585205078
2015-08-18,107.11000061035156,105.5839614868164,102.6791763305664,176.5183563232422,94.34053802490234
2015-08-19,108.55000305175781,104.49015808105469,102.00301361083984,175.12286376953125,95.27220916748047
2015-08-20,110.44000244140625,101.84748077392578,99.1780776977539,171.46607971191406,96.23440551757812
2015-08-21,111.12999725341797,100.65741729736328,94.84347534179688,166.30447387695312,96.52458190917969
2015-08-24,110.52999877929688,96.7284164428711,91.19422149658203,159.30189514160156,96.49405670166016
2015-08-25,109.16000366210938,95.98463439941406,90.85151672363281,157.4273223876953,94.94384002685547
2015-08-26,107.66999816894531,98.426025390625,95.42695617675781,163.47154235839844,93.11111450195312
2015-08-27,107.7300033569336,100.18488311767578,97.84436798095703,167.51504516601562,93.16455078125
2015-08-28,108.69999694824219,101.17369842529297,97.8258285522461,167.52340698242188,93.43946838378906
2015-08-31,108.81999969482422,100.80618286132812,96.6125259399414,166.1699981689453,92.72167205810547
2015-09-01,109.19999694824219,97.91849517822266,93.59307861328125,161.21017456054688,93.38975524902344
2015-09-02,108.62000274658203,99.6773452758789,96.2327651977539,164.27011108398438,92.58619689941406
2015-09-03,107.83999633789062,99.51985931396484,95.7603988647461,164.38778686523438,93.03770446777344
2015-09-04,107.48999786376953,98.76729583740234,94.62118530273438,161.89952087402344,93.88719940185547
2015-09-08,107.5199966430664,101.02495574951172,97.28865051269531,165.9682159423828,92.50198364257812
2015-09-09,106.12999725341797,99.86112976074219,96.19573974609375,163.74891662597656,92.94589233398438
2015-09-10,106.37999725341797,100.31614685058594,97.24232482910156,164.6400146484375,92.3183364868164
2015-09-11,106.16000366210938,100.7886734008789,97.7795181274414,165.38818359375,92.89994812011719
2015-09-14,106.22000122070312,100.32489013671875,97.4831314086914,164.77452087402344,93.04539489746094
2015-09-15,105.9000015258789,101.45372009277344,98.63164520263672,166.83412170410156,91.26219940185547
2015-09-16,107.30999755859375,102.32878112792969,99.18738555908203,168.28001403808594,90.91780090332031
2015-09-17,108.41000366210938,102.67878723144531,99.22440338134766,167.90174865722656,92.02751922607422
2015-09-18,109.20999908447266,101.2612075805664,97.81314086914062,165.15792846679688,93.44336700439453
2015-09-21,108.52999877929688,101.07743835449219,98.11954498291016,166.01141357421875,91.92035675048828
2015-09-22,107.79000091552734,99.54608917236328,96.65255737304688,163.85659790039062,93.19841766357422
2015-09-23,108.22000122070312,99.24858093261719,96.72686004638672,163.59466552734375,93.19075012207031
2015-09-24,110.48999786376953,99.08231353759766,96.3740463256836,163.0031280517578,93.82598876953125
2015-09-25,109.80999755859375,97.77825164794922,95.5570068359375,162.96090698242188,93.01480865478516
2015-09-28,108.41999816894531,95.04026794433594,92.83663177490234,158.87106323242188,94.6065902709961
2015-09-29,107.9800033569336,94.36450958251953,92.35380554199219,158.96401977539062,94.87443542480469
2015-09-30,106.86000061035156,95.83004760742188,94.48001098632812,161.93002319335938,94.54535675048828
2015-10-01,106.7300033569336,95.66332244873047,94.9070816040039,162.3524932861328,94.94873046875
2015-10-02,108.98999786376953,97.08499145507812,96.56902313232422,164.77772521972656,95.52387237548828
2015-10-05,108.7699966430664,99.4017562866211,97.95240020751953,167.70985412597656,94.22787475585938
2015-10-06,109.86000061035156,98.7172622680664,97.48820495605469,167.13526916503906,94.63431549072266
2015-10-07,109.69999694824219,100.46360778808594,98.07315063476562,168.50416564941406,94.31986999511719
2015-10-08,109.13999938964844,101.36747741699219,98.46308898925781,170.0251922607422,93.52994537353516
2015-10-09,110.87000274658203,101.5693130493164,98.90872955322266,170.12660217285156,93.77538299560547
2015-10-12,111.30999755859375,101.4201431274414,99.15013885498047,170.28717041015625,94.48859405517578
2015-10-13,111.86000061035156,100.0335693359375,98.5094985961914,169.21397399902344,94.649658203125
2015-10-14,113.80999755859375,99.05072784423828,98.35165405273438,168.4027862548828,95.47792053222656
2015-10-15,113.29000091552734,101.4201431274414,99.9671859741211,170.98851013183594,95.01007843017578
2015-10-16,112.48999786376953,101.28850555419922,100.3849868774414,171.7659454345703,95.040771484375
2015-10-19,112.0199966430664,101.48157501220703,100.96063232421875,171.8504180908203,94.77999877929688
2015-10-20,112.7300033569336,101.34117126464844,100.44068908691406,171.6307373046875,94.19718933105469
2015-10-21,111.7300033569336,99.7966537475586,99.82791137695312,170.56600952148438,95.13275146484375
2015-10-22,111.69000244140625,100.67422485351562,101.86125183105469,173.44754028320312,95.29383850097656
2015-10-23,111.5,101.66584777832031,104.71160125732422,175.34878540039062,94.48091125488281
2015-10-26,111.43000030517578,100.97260284423828,104.7765884399414,174.91778564453125,95.10979461669922
2015-10-27,111.68000030517578,99.86685180664062,104.99014282226562,174.57986450195312,95.3475341796875
2015-10-28,110.77999877929688,102.78036499023438,105.8629150390625,176.56564331054688,94.96410369873047
2015-10-29,109.72000122070312,101.68341064453125,105.69575500488281,176.46421813964844,93.45329284667969
2015-10-30,109.30000305175781,101.21833801269531,105.22224426269531,175.70370483398438,94.15884399414062
2015-11-02,108.58999633789062,103.324462890625,106.41069793701172,177.78245544433594,93.72613525390625
2015-11-03,106.9800033569336,103.85978698730469,106.78206634521484,178.2978973388672,92.95755767822266
2015-11-04,105.97000122070312,103.80712890625,106.79135131835938,177.75709533691406,93.06519317626953
2015-11-05,105.63999938964844,103.88610076904297,106.50353240966797,177.57965087890625,92.81922912597656
2015-11-06,104.0999984741211,104.62323760986328,106.57780456542969,177.48666381835938,91.45890808105469
2015-11-09,104.4000015258789,103.39466857910156,105.44509887695312,175.83045959472656,90.94393157958984
2015-11-10,104.18000030517578,103.70182037353516,105.17583465576172,176.236083984375,91.21292877197266
2015-11-11,103.83000183105469,102.79792785644531,105.04586029052734,175.5431671142578,91.02078247070312
2015-11-12,103.8499984741211,100.8321762084961,104.02454376220703,173.09262084960938,91.45890808105469
2015-11-13,103.55999755859375,100.10379791259766,101.98194885253906,171.14913940429688,91.98146057128906
2015-11-16,103.70999908447266,100.96382904052734,103.44889068603516,173.7517547607422,91.89695739746094
2015-11-17,102.33999633789062,100.57770538330078,103.51386260986328,173.62498474121094,92.05070495605469
2015-11-18,102.43000030517578,102.28015899658203,105.50080871582031,176.3796844482422,92.24278259277344
2015-11-19,103.55999755859375,101.85016632080078,105.5750732421875,176.22764587402344,92.85765838623047
2015-11-20,103.08999633789062,102.50831604003906,106.29000091552734,176.86984252929688,92.57331085205078
2015-11-23,102.26000213623047,103.01732635498047,105.98361206054688,176.66702270507812,92.85765838623047
2015-11-24,102.94000244140625,103.77203369140625,105.8907470703125,176.90362548828125,92.84993743896484
2015-11-25,102.45999908447266,104.57937622070312,105.98361206054688,176.87828063964844,93.06519317626953
2015-11-27,101.25,104.97427368164062,106.13213348388672,177.08102416992188,92.97290802001953
2015-11-30,101.91999816894531,104.51795196533203,105.8629150390625,176.3459014892578,93.34188842773438
2015-12-01,102.27999877929688,105.21122741699219,106.9213638305664,178.02748107910156,94.60271453857422
2015-12-02,100.69000244140625,104.07918548583984,106.26213836669922,176.21070861816406,94.63348388671875
2015-12-03,101.76000213623047,102.32403564453125,104.46092224121094,173.7432861328125,92.06099700927734
2015-12-04,104.0199966430664,103.35955047607422,106.90277099609375,177.13180541992188,92.8697280883789
2015-12-07,102.66999816894531,101.80628967285156,106.41997528076172,176.05862426757812,93.7708740234375
2015-12-08,102.83999633789062,101.24463653564453,106.42923736572266,174.87564086914062,93.81709289550781
2015-12-09,102.63999938964844,100.11257934570312,104.81373596191406,173.51513671875,93.7169418334961
2015-12-10,102.55000305175781,100.44603729248047,105.2872543334961,173.9629669189453,93.84014129638672
2015-12-11,103.11000061035156,98.20825958251953,102.86398315429688,170.59140014648438,95.3189468383789
2015-12-14,101.79000091552734,97.50621032714844,103.6438980102539,171.4533233642578,94.08663940429688
2015-12-15,101.5199966430664,98.9103012084961,104.2752456665039,173.253173828125,93.5320816040039
2015-12-16,102.75,100.41971588134766,105.82575988769531,175.78823852539062,93.33187103271484
2015-12-17,100.5,99.34910583496094,104.28449249267578,173.10951232910156,94.38697052001953
2015-12-18,102.04000091552734,97.8309097290039,102.28410339355469,170.02557373046875,94.91078186035156
2015-12-21,103.1500015258789,98.56807708740234,103.4202880859375,171.42816162109375,94.88762664794922
2015-12-22,102.61000061035156,99.4719467163086,104.1001205444336,172.98373413085938,94.20217895507812
2015-12-23,102.30999755859375,100.72686767578125,104.87310791015625,175.12583923339844,93.49357604980469
2015-12-24,103.05000305175781,100.91724395751953,104.85446166992188,174.83682250976562,94.02920532226562
2015-12-28,102.2699966430664,100.4500961303711,104.79859161376953,174.4373016357422,94.30703735351562
2015-12-29,102.19999694824219,101.53421020507812,106.44699096679688,176.29885864257812,92.74036407470703
2015-12-30,101.41999816894531,100.51183319091797,105.48773193359375,175.04925537109375,92.64769744873047
2015-12-31,101.45999908447266,99.2602767944336,104.17461395263672,173.29823303222656,93.06449890136719
2016-01-04,102.88999938964844,96.95991516113281,101.97675323486328,170.87559509277344,93.73591613769531
2016-01-05,103.18000030517578,97.17140197753906,101.79979705810547,171.1646270751953,93.3577651977539
2016-01-06,104.66999816894531,95.6906967163086,100.82199096679688,169.0055389404297,94.6158218383789
2016-01-07,106.1500015258789,93.13470458984375,97.66487121582031,164.9508514404297,94.78559112548828
2016-01-08,105.68000030517578,91.53060913085938,96.86396026611328,163.1402130126953,95.21002960205078
2016-01-11,104.73999786376953,91.13402557373047,97.1619644165039,163.30165100097656,94.16813659667969
2016-01-12,104.20999908447266,91.4072494506836,98.28884887695312,164.6193084716797,95.5264892578125
2016-01-13,104.72000122070312,88.47224426269531,94.89891815185547,160.51358032226562,96.46809387207031
2016-01-14,103.0199966430664,89.69735717773438,96.9198226928711,163.1487274169922,95.56512451171875
2016-01-15,104.08000183105469,88.24308776855469,93.9117431640625,159.64657592773438,97.05470275878906
2016-01-19,103.9800033569336,87.05323791503906,94.11662292480469,159.85903930664062,96.75367736816406
2016-01-20,105.37000274658203,87.41461944580078,93.82793426513672,157.8104248046875,97.77251434326172
2016-01-21,105.48999786376953,87.21189880371094,93.92105865478516,158.6945037841797,97.10877227783203
2016-01-22,105.0,89.3448257446289,96.64043426513672,161.9501495361328,96.73828125
2016-01-25,106.08000183105469,87.36173248291016,95.20626068115234,159.5019989013672,97.26311492919922
2016-01-26,107.29000091552734,89.10686492919922,96.06307983398438,161.67813110351562,97.30937957763672
2016-01-27,107.69000244140625,87.8817367553711,93.66963195800781,159.9185028076172,97.28629302978516
2016-01-28,106.54000091552734,87.86409759521484,94.99205017089844,160.75160217285156,97.42517852783203
2016-01-29,106.94999694824219,90.74620819091797,96.9757080078125,164.67034912109375,98.2509994506836
2016-02-01,108.05000305175781,90.33194732666016,97.23648071289062,164.6107940673828,97.95020294189453
2016-02-02,108.08999633789062,88.38414001464844,95.13175201416016,161.6441650390625,99.76737213134766
2016-02-03,109.25,88.49871063232422,94.6754150390625,162.6132354736328,98.94001770019531
2016-02-04,110.56999969482422,88.84245300292969,94.66609954833984,162.86813354492188,99.41940307617188
2016-02-05,112.31999969482422,86.40987396240234,91.37864685058594,159.7655487060547,99.53539276123047
2016-02-08,113.83000183105469,84.99085235595703,89.981689453125,157.61497497558594,101.67736053466797
2016-02-09,113.58000183105469,84.41795349121094,89.70230102539062,157.62344360351562,101.78559875488281
2016-02-10,114.45999908447266,84.46202087402344,90.04690551757812,157.48741149902344,102.6825942993164
2016-02-11,119.05999755859375,83.54539489746094,89.9164810180664,155.43885803222656,103.4017333984375
2016-02-12,118.36000061035156,85.13185119628906,91.28550720214844,158.6435089111328,101.68508911132812
2016-02-16,114.7699966430664,87.15023040771484,93.3436508178711,161.3210906982422,100.61030578613281
2016-02-17,115.4800033569336,88.5163345336914,95.45771026611328,163.9562530517578,99.99159240722656
2016-02-18,118.29000091552734,88.09327697753906,94.36810302734375,163.28472900390625,101.22112274169922
2016-02-19,117.58000183105469,88.53394317626953,94.64746856689453,163.2081756591797,101.30616760253906
2016-02-22,115.48999786376953,89.52107238769531,96.18412017822266,165.5713348388672,101.25205993652344
2016-02-23,117.22000122070312,88.7013931274414,94.60092163085938,163.4802703857422,101.66192626953125
2016-02-24,117.61000061035156,89.55635833740234,95.5042724609375,164.22830200195312,101.46082305908203
2016-02-25,117.91999816894531,90.37602996826172,96.44485473632812,166.21739196777344,101.82427978515625
2016-02-26,117.11000061035156,90.94892883300781,96.32379150390625,165.8348388671875,100.84223937988281
2016-02-29,118.63999938964844,90.54350280761719,95.45771026611328,164.53428649902344,101.28301239013672
2016-03-01,117.7699966430664,92.49131774902344,98.52165985107422,168.40194702148438,99.49951171875
2016-03-02,118.68000030517578,93.44322204589844,98.55891418457031,169.15850830078125,99.91016387939453
2016-03-03,120.7300033569336,94.42152404785156,98.3726806640625,169.82156372070312,100.2742691040039
2016-03-04,120.54000091552734,94.9415283203125,98.40991973876953,170.37405395507812,99.63127899169922
2016-03-07,121.13999938964844,95.97276306152344,97.8045883178711,170.51007080078125,99.60023498535156
2016-03-08,120.58000183105469,93.65474700927734,96.99433135986328,168.64842224121094,100.70039367675781
2016-03-09,119.58000183105469,94.13066101074219,97.61830139160156,169.48153686523438,100.08837127685547
2016-03-10,121.5,93.3638916015625,97.46932220458984,169.61753845214844,99.67776489257812
2016-03-11,119.41000366210938,95.3646240234375,99.17357635498047,172.3546600341797,98.67057800292969
2016-03-14,117.87000274658203,95.11782836914062,99.34121704101562,172.13369750976562,98.98045349121094
2016-03-15,117.95999908447266,93.63712310791016,99.3039321899414,171.8531494140625,99.07343292236328
2016-03-16,120.58999633789062,94.29812622070312,100.18867492675781,172.84768676757812,99.36783599853516
2016-03-17,120.12999725341797,95.74358367919922,100.13279724121094,173.94427490234375,99.77845001220703
2016-03-18,119.80000305175781,96.60733795166016,100.28970336914062,174.62777709960938,99.98766326904297
2016-03-21,118.95999908447266,96.37818145751953,100.68203735351562,174.87557983398438,99.22063446044922
2016-03-22,119.30999755859375,96.26358032226562,100.99027252197266,174.7816162109375,99.1973876953125
2016-03-23,116.61000061035156,94.48406219482422,100.15895080566406,173.62814331054688,100.32080078125
2016-03-24,116.33000183105469,94.76692199707031,100.18699645996094,173.5511932373047,100.35953521728516
2016-03-28,116.5999984741211,94.88187408447266,100.0468521118164,173.65379333496094,100.4911880493164
2016-03-29,118.76000213623047,97.51627349853516,101.6534423828125,175.26002502441406,101.54486846923828
2016-03-30,117.0999984741211,97.52510833740234,102.14849853515625,176.02903747558594,100.47573852539062
2016-03-31,117.63999938964844,97.79916381835938,101.99903106689453,175.6018524169922,101.18846130371094
2016-04-01,116.93000030517578,98.23231506347656,103.08255004882812,176.7980499267578,101.45242309570312
2016-04-04,116.1500015258789,97.41018676757812,102.69026947021484,176.2255859375,101.51449584960938
2016-04-05,117.66000366210938,96.3051528930664,101.70015716552734,174.46546936035156,102.6246566772461
2016-04-06,116.94000244140625,97.39249420166016,103.37213134765625,176.37078857421875,101.87935638427734
2016-04-07,118.61000061035156,96.0752944946289,101.88694763183594,174.26043701171875,103.13707733154297
2016-04-08,118.43000030517578,96.45541381835938,101.812255859375,174.7302703857422,102.48493957519531
2016-04-11,120.02999877929688,96.15485382080078,101.43861389160156,174.3201904296875,102.35293579101562
2016-04-12,120.05000305175781,97.18916320800781,102.28860473632812,175.9436798095703,101.64654541015625
2016-04-13,118.7699966430664,99.28427124023438,103.5962905883789,177.72085571289062,102.00365447998047
2016-04-14,117.11000061035156,99.16053771972656,103.60562133789062,177.7293701171875,101.51449584960938
2016-04-15,117.91999816894531,99.4080810546875,103.3441162109375,177.53282165527344,102.38409423828125
2016-04-18,117.73999786376953,100.15946960449219,103.89518737792969,178.78025817871094,101.9415283203125
2016-04-19,119.58000183105469,100.23902893066406,103.260009765625,179.34423828125,101.62324523925781
2016-04-20,118.97000122070312,100.38931274414062,103.3441162109375,179.51512145996094,100.50527954101562
2016-04-21,119.41999816894531,99.88543701171875,103.35343170166016,178.5496063232422,99.90753936767578
2016-04-22,117.88999938964844,100.87552642822266,101.79354095458984,178.5496063232422,99.65129852294922
2016-04-25,118.2300033569336,100.15946960449219,101.79354095458984,178.24205017089844,99.23985290527344
2016-04-26,118.69999694824219,101.1407470703125,101.29850006103516,178.50686645507812,98.7895736694336
2016-04-27,119.04000091552734,101.49434661865234,100.48587036132812,178.87423706054688,99.7755355834961
2016-04-28,121.29000091552734,100.33627319335938,99.27159118652344,177.25091552734375,100.18696594238281
2016-04-29,123.6500015258789,99.43460083007812,98.74854278564453,176.2938995361328,100.44316101074219
2016-05-02,123.23999786376953,100.31858825683594,99.68257904052734,177.69517517089844,99.4319076538086
2016-05-03,122.95999908447266,98.67432403564453,98.75787353515625,176.14866638183594,100.68433380126953
2016-05-04,122.20999908447266,97.86101531982422,98.12269592285156,175.1660614013672,101.23665618896484
2016-05-05,122.06999969482422,97.4720687866211,98.09469604492188,175.13192749023438,101.91339111328125
2016-05-06,123.18000030517578,98.04667663574219,98.61775970458984,175.77272033691406,101.477783203125
2016-05-09,120.6500015258789,98.32955932617188,98.89796447753906,175.91799926757812,101.79669952392578
2016-05-10,120.9800033569336,99.31966400146484,100.25236511230469,178.10533142089844,101.80452728271484
2016-05-11,122.12000274658203,98.09085845947266,99.34635162353516,176.439208984375,102.38016510009766
2016-05-12,121.16000366210938,97.56929016113281,98.90734100341797,176.490478515625,101.91339111328125
2016-05-13,121.70999908447266,96.92396545410156,98.54301452636719,174.9524688720703,102.90138244628906
2016-05-16,121.80000305175781,98.1527328491211,99.7759780883789,176.67840576171875,102.01460266113281
2016-05-17,122.22000122070312,96.59687042236328,98.52435302734375,175.02938842773438,102.18570709228516
2016-05-18,120.0999984741211,97.10076904296875,98.87931060791016,175.0806121826172,100.73103332519531
2016-05-19,119.87000274658203,96.32279968261719,98.36557006835938,174.4739990234375,101.16661071777344
2016-05-20,119.70999908447266,97.94059753417969,99.44906616210938,175.5762176513672,101.24443054199219
2016-05-23,119.37000274658203,97.8256607055664,99.31829071044922,175.33697509765625,101.47000122070312
2016-05-24,117.30000305175781,99.84124755859375,101.30785369873047,177.60975646972656,101.01884460449219
2016-05-25,116.9800033569336,100.42467498779297,102.03640747070312,178.814453125,100.63768768310547
2016-05-26,116.58000183105469,100.30973815917969,102.3353042602539,178.86572265625,101.15884399414062
2016-05-27,115.62000274658203,101.3086929321289,102.86772155761719,179.6347198486328,101.01102447509766
2016-05-31,116.05999755859375,101.66230010986328,103.06385803222656,179.29296875,101.25225830078125
2016-06-01,115.94000244140625,102.35183715820312,103.07319641113281,179.660400390625,101.66300201416016
2016-06-02,115.66999816894531,103.13862609863281,103.28805541992188,180.20716857910156,102.39576721191406
2016-06-03,118.87999725341797,102.51979064941406,102.80233001708984,179.6688995361328,103.8534164428711
2016-06-06,118.91999816894531,103.62484741210938,103.17594909667969,180.58309936523438,103.08170318603516
2016-06-07,118.81999969482422,103.92539978027344,102.91443634033203,180.8651123046875,103.33112335205078
2016-06-08,120.58000183105469,104.69450378417969,103.0919189453125,181.45465087890625,103.88459014892578
2016-06-09,121.25,104.02262878417969,102.92373657226562,181.20689392089844,104.55498504638672
2016-06-10,121.73999786376953,102.60820770263672,101.75621032714844,179.48951721191406,105.06161499023438
2016-06-13,122.63999938964844,101.49434661865234,100.90620422363281,178.10533142089844,105.52935028076172
2016-06-14,122.7699966430664,101.20262145996094,100.90620422363281,177.7549591064453,105.45144653320312
2016-06-15,123.68000030517578,101.27333068847656,100.61664581298828,177.5072479248047,105.85675811767578
2016-06-16,122.37999725341797,101.2645263671875,100.91556549072266,178.03692626953125,106.37125396728516
2016-06-17,123.94999694824219,100.83134460449219,99.73269653320312,177.3739471435547,105.70860290527344
2016-06-20,123.20999908447266,101.92748260498047,100.36017608642578,178.51617431640625,104.57833099365234
2016-06-21,120.83999633789062,101.73304748535156,100.67860412597656,179.0229034423828,104.09505462646484
2016-06-22,120.9000015258789,101.33522033691406,100.4350814819336,178.7308807373047,104.26654815673828
2016-06-23,120.11000061035156,103.271240234375,101.86800384521484,181.0584716796875,103.0738754272461
2016-06-24,126.0,99.34618377685547,97.67229461669922,174.5568389892578,105.8411636352539
2016-06-27,126.68000030517578,96.08413696289062,95.733642578125,171.43052673339844,108.48368072509766
2016-06-28,125.31999969482422,97.56929016113281,97.83149719238281,174.5224609375,108.70966339111328
2016-06-29,125.83999633789062,99.7881851196289,99.5641098022461,177.494140625,107.87562561035156
2016-06-30,126.47000122070312,101.64461517333984,100.7160415649414,179.9161834716797,108.2732162475586
2016-07-01,128.41000366210938,102.007080078125,101.22177124023438,180.2941131591797,109.77651977539062
2016-07-05,129.47000122070312,100.50425720214844,100.60366821289062,178.99722290039062,111.1510238647461
2016-07-06,130.22999572753906,101.2340087890625,101.42784118652344,180.07077026367188,111.33057403564453
2016-07-07,129.74000549316406,101.44735717773438,101.72755432128906,179.9591064453125,111.32274627685547
2016-07-08,130.52000427246094,103.81177520751953,103.30091857910156,182.63877868652344,112.14273834228516
2016-07-11,129.2899932861328,105.01172637939453,103.89093780517578,183.282958984375,111.15874481201172
2016-07-12,127.1500015258789,106.41614532470703,104.41537475585938,184.61422729492188,109.33137512207031
2016-07-13,128.32000732421875,105.99840545654297,104.16254425048828,184.58840942382812,110.61998748779297
2016-07-14,127.33000183105469,106.10504913330078,104.87432861328125,185.61907958984375,109.01119232177734
2016-07-15,126.83999633789062,106.39837646484375,104.70575714111328,185.36996459960938,108.07406616210938
2016-07-18,127.04000091552734,106.57614135742188,105.3987808227539,185.86813354492188,107.97254943847656
2016-07-19,127.20999908447266,106.04283905029297,105.0147933959961,185.67916870117188,108.5816879272461
2016-07-20,125.38999938964844,106.73616027832031,106.24169158935547,186.45216369628906,107.98812103271484
2016-07-21,127.30000305175781,106.22949981689453,105.9981918334961,185.74789428710938,108.20685577392578
2016-07-22,126.3499984741211,107.02056884765625,106.43833923339844,186.58102416992188,108.39425659179688
2016-07-25,125.47000122070312,106.86056518554688,106.44771575927734,186.07427978515625,108.3161849975586
2016-07-26,126.0,107.37614440917969,106.56946563720703,186.1601104736328,108.48795318603516
2016-07-27,128.02999877929688,107.67835235595703,107.30933380126953,185.96261596679688,109.83895874023438
2016-07-28,127.66000366210938,107.40281677246094,107.68396759033203,186.17735290527344,109.63591003417969
2016-07-29,128.97999572753906,107.61613464355469,107.91809844970703,186.4779052734375,110.54971313476562
2016-08-01,129.22000122070312,107.70501708984375,108.48937225341797,186.32334899902344,109.35101318359375
2016-08-02,130.27000427246094,106.20281219482422,107.66523742675781,185.1295166015625,108.22441864013672
2016-08-03,129.64999389648438,107.06500244140625,108.02108764648438,185.6706085205078,108.28704833984375
2016-08-04,129.8699951171875,107.1628189086914,108.3301773071289,185.86813354492188,109.10064697265625
2016-08-05,127.55000305175781,108.70946502685547,109.36973571777344,187.38829040527344,107.96620178222656
2016-08-08,127.44000244140625,108.65611267089844,109.24797058105469,187.2766876220703,108.1697006225586
2016-08-09,127.95999908447266,108.77166748046875,109.50083923339844,187.38829040527344,109.23371124267578
2016-08-10,128.55999755859375,107.98945617675781,109.21990203857422,186.92454528808594,109.65618896484375
2016-08-11,127.66999816894531,108.5050048828125,109.6881332397461,187.79202270507812,108.67823791503906
2016-08-12,127.4000015258789,108.61170196533203,109.76307678222656,187.62881469726562,109.59359741210938
2016-08-15,127.83999633789062,109.68720245361328,110.23133087158203,188.169921875,108.5608901977539
2016-08-16,128.47000122070312,108.79833221435547,109.62259674072266,187.19940185546875,108.2713394165039
2016-08-17,128.5,108.47833251953125,109.81926727294922,187.55152893066406,108.92073822021484
2016-08-18,129.11000061035156,109.27832794189453,109.84738159179688,187.97232055664062,109.09288787841797
2016-08-19,127.97000122070312,109.27832794189453,109.81926727294922,187.69754028320312,108.52180480957031
2016-08-22,127.77999877929688,109.52722930908203,109.90354919433594,187.68898010253906,109.43712615966797
2016-08-23,127.76000213623047,110.29166412353516,110.10022735595703,188.06687927246094,109.55452728271484
2016-08-24,126.33999633789062,109.39389038085938,109.38843536376953,187.1049346923828,109.2962646484375
2016-08-25,126.2300033569336,109.6072006225586,109.21050262451172,186.97608947753906,108.88165283203125
2016-08-26,126.05000305175781,109.38497924804688,109.36973571777344,186.62393188476562,108.24796295166016
2016-08-29,126.30000305175781,109.95388793945312,109.51956176757812,187.54298400878906,109.69528198242188
2016-08-30,125.02999877929688,110.15833282470703,109.16368103027344,187.23373413085938,109.27281188964844
2016-08-31,124.77999877929688,109.53612518310547,109.0512924194336,186.7012176513672,109.4292984008789
2016-09-01,125.29000091552734,109.61611938476562,109.33229064941406,186.7098388671875,109.54997253417969
2016-09-02,126.56999969482422,110.67387390136719,109.6881332397461,187.55152893066406,108.65650177001953
2016-09-06,128.7100067138672,110.78055572509766,110.37181091308594,188.11834716796875,109.44810485839844
2016-09-07,128.27000427246094,111.4738540649414,110.43737030029297,188.1011962890625,109.36970520019531
2016-09-08,127.58999633789062,111.25164031982422,109.79119110107422,187.67176818847656,107.99809265136719
2016-09-09,126.75,107.77613067626953,107.02837371826172,183.17987060546875,106.21887969970703
2016-09-12,126.58999633789062,109.27832794189453,108.94828796386719,185.80801391601562,106.27377319335938
2016-09-13,125.75,107.18059539794922,107.97428131103516,183.13693237304688,105.06673431396484
2016-09-14,126.18000030517578,107.19837951660156,108.48937225341797,183.0682373046875,105.22351837158203
2016-09-15,125.37000274658203,108.47833251953125,110.1751708984375,184.89759826660156,104.76888275146484
2016-09-16,125.05999755859375,108.31834411621094,110.12258911132812,184.18287658691406,105.6153564453125
2016-09-19,125.31999969482422,109.03834533691406,109.64375305175781,184.21742248535156,105.2704849243164
2016-09-20,125.44000244140625,108.57612609863281,109.85030364990234,184.22601318359375,105.638916015625
2016-09-21,127.2699966430664,110.1494369506836,110.9300308227539,186.29769897460938,106.49320220947266
2016-09-22,127.56999969482422,111.73162841796875,111.81259155273438,187.47171020507812,107.33973693847656
2016-09-23,127.6500015258789,110.9405288696289,111.09901428222656,186.44447326660156,107.2378158569336
2016-09-26,127.55000305175781,109.8388442993164,110.16954040527344,184.93389892578125,107.91974639892578
2016-09-27,126.62000274658203,110.28451538085938,111.25862121582031,186.0819091796875,108.71135711669922
2016-09-28,126.22000122070312,111.13129425048828,111.44640350341797,187.00558471679688,108.47626495361328
2016-09-29,126.06999969482422,109.50904846191406,110.63897705078125,185.313720703125,108.75057983398438
2016-09-30,125.63999938964844,110.71233367919922,111.46520233154297,186.7121124267578,107.77862548828125
2016-10-03,125.31999969482422,110.36470031738281,111.30558776855469,186.26316833496094,107.42293548583984
2016-10-04,120.97000122070312,109.82099914550781,111.13658905029297,185.313720703125,106.1666259765625
2016-10-05,120.77999877929688,110.48059844970703,111.5309066772461,186.13377380371094,105.67192840576172
2016-10-06,119.66000366210938,110.36470031738281,111.47460174560547,186.26316833496094,105.08308410644531
2016-10-07,119.73999786376953,109.48230743408203,111.23046112060547,185.62440490722656,105.15374755859375
2016-10-10,120.16000366210938,110.7925796508789,111.93464660644531,186.5912628173828,104.53343200683594
2016-10-11,119.55000305175781,108.76924133300781,110.3385238647461,184.23468017578125,104.29784393310547
2016-10-12,119.73999786376953,108.68013000488281,110.2446517944336,184.4763946533203,104.39997100830078
2016-10-13,120.02999877929688,107.77985382080078,109.85030364990234,183.8721160888672,104.79251098632812
2016-10-14,119.36000061035156,107.3431625366211,109.98177337646484,183.96707153320312,103.32418823242188
2016-10-17,119.68000030517578,107.21832275390625,109.6812973022461,183.32833862304688,103.98379516601562
2016-10-18,120.41999816894531,107.83336639404297,110.65776062011719,184.4763946533203,104.32141876220703
2016-10-19,121.11000061035156,108.28792572021484,110.64834594726562,184.9684295654297,104.40782928466797
2016-10-20,120.73999786376953,107.967041015625,110.51692962646484,184.62310791015625,104.51771545410156
2016-10-21,120.83000183105469,107.91357421875,110.9300308227539,184.7093963623047,104.67474365234375
2016-10-24,120.55999755859375,108.59989929199219,112.2632827758789,185.49497985839844,104.21936798095703
2016-10-25,121.47000122070312,107.78876495361328,111.90645599365234,184.87342834472656,104.49418640136719
2016-10-26,120.79000091552734,106.71920776367188,111.14598083496094,184.50225830078125,103.78746795654297
2016-10-27,121.01000213623047,105.49803924560547,110.63897705078125,184.01026916503906,102.65679931640625
2016-10-28,121.58000183105469,105.20391082763672,109.9441909790039,183.46641540527344,102.4291000366211
2016-10-31,121.94000244140625,105.62284088134766,109.84089660644531,183.47503662109375,103.05726623535156
2016-11-01,122.7300033569336,104.33040618896484,109.01469421386719,182.1456756591797,103.0650863647461
2016-11-02,123.63999938964844,103.00232696533203,108.14151000976562,181.04945373535156,103.5135269165039
2016-11-03,124.30000305175781,102.50318908691406,107.08057403564453,180.2207794189453,102.71898651123047
2016-11-04,124.38999938964844,103.16275024414062,106.70501708984375,180.022216796875,103.6393814086914
2016-11-07,122.1500015258789,105.68522644042969,109.2400131225586,183.992919921875,102.75830841064453
2016-11-08,121.63999938964844,105.9615707397461,109.9535903930664,184.8216552734375,102.34137725830078
2016-11-09,121.55999755859375,109.22383117675781,110.4605941772461,186.7811737060547,97.99874877929688
2016-11-10,119.75,110.9708251953125,108.67670440673828,187.24725341796875,96.55126953125
2016-11-11,117.0999984741211,113.52003479003906,108.72364807128906,186.81565856933594,96.00845336914062
2016-11-14,116.11000061035156,115.11550903320312,107.62512969970703,186.96238708496094,95.43415832519531
2016-11-15,117.12000274658203,115.47206115722656,109.11795806884766,188.4212188720703,95.90618133544922
2016-11-16,116.7699966430664,115.46316528320312,109.76581573486328,188.06735229492188,96.77155303955078
2016-11-17,116.16999816894531,116.14056396484375,110.56387329101562,189.0341033935547,95.34762573242188
2016-11-18,115.1500015258789,116.75556182861328,110.1507568359375,188.61109924316406,95.0722427368164
2016-11-21,115.58000183105469,117.29930114746094,111.29621124267578,190.03546142578125,95.30825805664062
2016-11-22,115.54000091552734,118.36885833740234,111.63422393798828,190.40660095214844,95.27681732177734
2016-11-23,113.25,119.10870361328125,111.18353271484375,190.51016235351562,94.90705108642578
2016-11-25,112.61000061035156,119.5008773803711,111.54032135009766,191.21798706054688,95.04867553710938
2016-11-28,113.80000305175781,117.94998168945312,111.2868423461914,190.32029724121094,95.74884033203125
2016-11-29,113.2699966430664,117.88753509521484,111.67176818847656,190.69143676757812,96.1500473022461
2016-11-30,111.75,117.30818176269531,110.31974792480469,190.2339630126953,94.59239959716797
2016-12-01,111.54000091552734,116.73775482177734,108.41378784179688,189.53477478027344,93.5936279296875
2016-12-02,112.13999938964844,116.67534637451172,108.62975311279297,189.62973022460938,94.2794418334961
2016-12-05,111.54000091552734,118.68086242675781,109.47474670410156,190.76913452148438,94.17694091796875
2016-12-06,111.43000030517578,119.96439361572266,109.73766326904297,191.37339782714844,94.10594940185547
2016-12-07,111.83000183105469,121.13201904296875,111.12720489501953,193.87673950195312,94.91004943847656
2016-12-08,111.56999969482422,123.0394515991211,111.32434844970703,194.35145568847656,93.79071807861328
2016-12-09,110.4000015258789,123.28009796142578,112.19752502441406,195.52545166015625,92.62401580810547
2016-12-12,110.81999969482422,121.97883605957031,111.69049835205078,195.30101013183594,92.79743194580078
2016-12-13,110.44999694824219,121.98768615722656,113.09886932373047,196.60443115234375,93.12853240966797
2016-12-14,108.83000183105469,120.46350860595703,112.86415100097656,194.98159790039062,92.0879898071289
2016-12-15,107.33999633789062,121.3637924194336,113.04255676269531,195.784423828125,92.55313110351562
2016-12-16,108.05000305175781,121.14090728759766,112.6235122680664,195.4015350341797,92.3402328491211
2016-12-19,108.58999633789062,121.93423461914062,113.08489227294922,195.8269500732422,93.33346557617188
2016-12-20,107.79000091552734,122.9681625366211,113.51808166503906,196.58236694335938,92.86840057373047
2016-12-21,107.8499984741211,122.16595458984375,113.43333435058594,196.03538513183594,93.27833557128906
2016-12-22,107.58999633789062,121.1125717163086,113.11316680908203,195.6967010498047,93.11151123046875
2016-12-23,107.93000030517578,121.7569351196289,113.18848419189453,195.9832305908203,93.30120849609375
2016-12-27,108.55999755859375,122.3028793334961,113.77234649658203,196.46949768066406,93.00090789794922
2016-12-28,108.86000061035156,121.0499038696289,112.88716125488281,194.84576416015625,93.68061065673828
2016-12-29,110.29000091552734,121.15728759765625,112.7270736694336,194.8023681640625,94.01253509521484
2016-12-30,109.61000061035156,120.69189453125,111.56884002685547,194.09036254882812,94.1548080444336
2017-01-03,110.47000122070312,121.29151153564453,112.56700897216797,195.57518005371094,94.55787658691406
2017-01-04,110.86000061035156,123.31423950195312,113.1790771484375,196.73861694335938,94.92145538330078
2017-01-05,112.58000183105469,121.89118194580078,113.81941223144531,196.58236694335938,96.4073257446289
2017-01-06,111.75,121.4437026977539,114.81759643554688,197.28570556640625,95.5221176147461
2017-01-09,112.66999816894531,120.64714050292969,115.19425201416016,196.63446044921875,96.28874206542969
2017-01-10,113.1500015258789,121.8017349243164,115.44851684570312,196.63446044921875,96.22547149658203
2017-01-11,113.5,122.01651763916016,115.75923919677734,197.190185546875,96.5495834350586
2017-01-12,113.91000366210938,121.07672119140625,115.58033752441406,196.6952667236328,96.33613586425781
2017-01-13,114.20999908447266,121.953857421875,115.97584533691406,197.14678955078125,95.87773895263672
2017-01-17,115.8499984741211,120.2980728149414,115.6274185180664,196.45213317871094,96.88154602050781
2017-01-18,114.87000274658203,120.69189453125,115.86285400390625,196.88626098632812,95.64067840576172
2017-01-19,114.7699966430664,119.7073974609375,115.80633544921875,196.1569061279297,94.98470306396484
2017-01-20,115.05000305175781,120.3249282836914,116.06057739257812,196.87759399414062,94.79501342773438
2017-01-23,115.79000091552734,119.82371520996094,116.1547622680664,196.36526489257812,95.74342346191406
2017-01-24,115.2699966430664,121.65849304199219,116.93631744384766,197.6243438720703,95.08744049072266
2017-01-25,114.31999969482422,122.8041000366211,118.11341094970703,199.3348846435547,93.8940200805664
2017-01-26,113.26000213623047,122.31179809570312,118.23580932617188,199.12644958496094,94.21016693115234
2017-01-27,113.48999786376953,121.89118194580078,118.46184539794922,198.81390380859375,94.54998016357422
2017-01-30,113.97000122070312,120.1906967163086,117.53900146484375,197.58091735839844,94.26549530029297
2017-01-31,115.55000305175781,121.031982421875,117.30358123779297,197.5635528564453,94.92145538330078
2017-02-01,115.19999694824219,120.96039581298828,118.11341094970703,197.64173889160156,94.33454895019531
2017-02-02,115.83999633789062,120.65606689453125,118.00982666015625,197.77194213867188,94.29492950439453
2017-02-03,116.12999725341797,122.49980163574219,118.34883880615234,199.1351318359375,94.25531768798828
2017-02-06,117.69999694824219,121.5779800415039,118.49008178710938,198.77915954589844,94.82564544677734
2017-02-07,117.45999908447266,121.04096221923828,118.92323303222656,198.78782653808594,95.52263641357422
2017-02-08,118.19000244140625,120.82611846923828,119.12100219726562,199.04835510253906,96.82160186767578
2017-02-09,117.29000091552734,122.52667999267578,119.55418395996094,200.22923278808594,95.704833984375
2017-02-10,117.5999984741211,123.45747375488281,119.94965362548828,201.01937866210938,95.64936065673828
2017-02-13,116.80000305175781,123.77965545654297,120.627685546875,202.11341857910156,95.3483657836914
2017-02-14,116.93000030517578,124.1913833618164,121.03257751464844,202.9208984375,94.65927124023438
2017-02-15,117.44999694824219,124.93423461914062,121.74822998046875,203.98023986816406,94.2236557006836
2017-02-16,118.08000183105469,124.58515930175781,121.71058654785156,203.80662536621094,94.73848724365234
2017-02-17,117.68000030517578,124.50462341308594,122.23790740966797,204.1278533935547,95.30091857910156
2017-02-21,117.75,125.48023223876953,122.8405990600586,205.34352111816406,95.1345443725586
2017-02-22,117.91000366210938,124.92526245117188,122.88770294189453,205.16114807128906,95.29290008544922
2017-02-23,118.94000244140625,124.18241119384766,122.42625427246094,205.3000946044922,95.57803344726562
2017-02-24,119.69999694824219,124.09288787841797,122.66169738769531,205.560546875,96.63948059082031
2017-02-27,119.12000274658203,125.30115509033203,122.81234741210938,205.88182067871094,96.06916809082031
2017-02-28,119.2300033569336,123.36798095703125,122.43567657470703,205.32615661621094,96.42556762695312
2017-03-01,119.05999755859375,125.62340545654297,123.77281951904297,208.2001495361328,94.80985260009766
2017-03-02,117.58000183105469,124.18241119384766,123.1513442993164,206.88902282714844,94.46859741210938
2017-03-03,117.51000213623047,124.09288787841797,123.37734985351562,207.01927185058594,94.71458435058594
2017-03-06,116.72000122070312,123.24267578125,123.10420989990234,206.4028778076172,94.26225280761719
2017-03-07,115.77999877929688,122.43716430664062,122.89708709716797,205.78631591796875,93.97654724121094
2017-03-08,115.05999755859375,121.63164520263672,123.11367797851562,205.40428161621094,93.46865844726562
2017-03-09,114.47000122070312,121.14832305908203,123.20785522460938,205.66476440429688,92.72271728515625
2017-03-10,114.72000122070312,121.68534088134766,123.72572326660156,206.38540649414062,93.0480728149414
2017-03-13,114.73999786376953,121.97175598144531,123.93292236328125,206.4896240234375,92.4608154296875
2017-03-14,114.12000274658203,121.3899917602539,123.631591796875,205.69947814941406,92.9052505493164
2017-03-15,116.25,123.26947784423828,124.39436340332031,207.47952270507812,94.04007720947266
2017-03-16,116.7300033569336,123.43061065673828,124.30957794189453,207.07138061523438,93.56389617919922
2017-03-17,116.98999786376953,123.92291259765625,124.26617431640625,206.70773315429688,94.15113067626953
2017-03-20,117.51000213623047,123.38587188720703,124.37944030761719,206.48104858398438,94.5558853149414
2017-03-21,118.54000091552734,119.90428161621094,122.49217987060547,203.8298797607422,95.34154510498047
2017-03-22,118.83000183105469,119.93112182617188,123.32259368896484,204.30950927734375,95.7224349975586
2017-03-23,118.66999816894531,120.62921905517578,123.01116180419922,204.09149169921875,95.5875473022461
2017-03-24,118.86000061035156,120.71629333496094,123.26593017578125,203.9432830810547,95.9288101196289
2017-03-27,119.52999877929688,120.94070434570312,123.4640884399414,203.73394775390625,96.36526489257812
2017-03-28,119.04000091552734,121.88311004638672,124.2190170288086,205.21653747558594,95.7224349975586
2017-03-29,119.33000183105469,122.27808380126953,124.79460906982422,205.40835571289062,96.2938461303711
2017-03-30,118.47000122070312,123.20262145996094,125.00220489501953,206.06240844726562,95.51614379882812
2017-03-31,118.72000122070312,123.40007781982422,124.91731262207031,205.582763671875,95.79390716552734
2017-04-03,119.3499984741211,122.09859466552734,124.841796875,205.22518920898438,96.76013946533203
2017-04-04,119.62000274658203,121.95494842529297,125.03997802734375,205.3560333251953,96.23526000976562
2017-04-05,119.62000274658203,120.57268524169922,124.53038787841797,204.74557495117188,96.52951049804688
2017-04-06,119.18000030517578,121.69464874267578,124.5964126586914,205.3211212158203,96.38639068603516
2017-04-07,119.45999908447266,121.64078521728516,124.53038787841797,205.11184692382812,95.99665832519531
2017-04-10,119.45999908447266,121.91009521484375,124.5776138305664,205.23390197753906,96.44204711914062
2017-04-11,121.19000244140625,122.8794937133789,124.03972625732422,204.9897918701172,97.35660552978516
2017-04-12,122.0199966430664,121.2099838256836,123.53959655761719,204.09149169921875,97.88941192626953
2017-04-13,122.5999984741211,120.0251693725586,123.0489273071289,202.76596069335938,98.19161987304688
2017-04-17,122.23999786376953,121.43436431884766,124.06802368164062,204.56243896484375,97.88941192626953
2017-04-18,122.81999969482422,121.46131896972656,123.8792953491211,203.9519500732422,99.16980743408203
2017-04-19,121.7300033569336,121.88311004638672,124.07748413085938,203.5769500732422,98.62899780273438
2017-04-20,121.95999908447266,123.43596649169922,125.11548614501953,205.23390197753906,98.24729919433594
2017-04-21,122.30999755859375,123.15772247314453,125.08712005615234,204.57994079589844,98.24729919433594
2017-04-24,121.4800033569336,124.69258880615234,126.596923828125,206.82984924316406,97.76216888427734
2017-04-25,120.25,125.90433502197266,127.51227569580078,208.03329467773438,96.58515167236328
2017-04-26,120.83999633789062,126.55065155029297,127.33295440673828,207.9025115966797,97.11799621582031
2017-04-27,120.38999938964844,126.51471710205078,128.0972900390625,208.076904296875,97.0862045288086
2017-04-28,120.7699966430664,124.81822967529297,128.3237762451172,207.62339782714844,97.30089569091797
2017-05-01,119.66999816894531,125.53634643554688,129.46559143066406,208.14662170410156,96.49203491210938
2017-05-02,119.6500015258789,124.8990249633789,129.6826629638672,208.22512817382812,96.98615264892578
2017-05-03,117.9800033569336,124.12712097167969,129.26742553710938,207.97222900390625,97.04989624023438
2017-05-04,116.79000091552734,123.95660400390625,129.3145751953125,208.21641540527344,96.5717544555664
2017-05-05,117.01000213623047,124.7554702758789,129.78640747070312,209.03619384765625,96.65939331054688
2017-05-08,116.75,124.23482513427734,130.06948852539062,209.00132751464844,96.13336944580078
2017-05-09,116.05000305175781,124.1810073852539,130.52247619628906,208.8094482421875,96.12542724609375
2017-05-10,116.04000091552734,124.95295715332031,130.597900390625,209.1843719482422,96.01387023925781
2017-05-11,116.5,124.08228302001953,130.49412536621094,208.75709533691406,96.01387023925781
2017-05-12,116.83000183105469,123.42698669433594,130.78665161132812,208.40829467773438,96.73906707763672
2017-05-15,117.13999938964844,124.38744354248047,131.2018585205078,209.55943298339844,96.47614288330078
2017-05-16,117.6500015258789,124.43231964111328,131.74917602539062,209.36758422851562,96.83472442626953
2017-05-17,119.79000091552734,121.07534790039062,128.3992156982422,205.65257263183594,98.24530792236328
2017-05-18,118.80999755859375,121.51514434814453,129.5221710205078,206.48104858398438,98.35686492919922
2017-05-19,119.4000015258789,122.09859466552734,130.06948852539062,207.823974609375,98.58792877197266
2017-05-22,119.9000015258789,122.92436218261719,131.1641082763672,208.87918090820312,98.31703186035156
2017-05-23,119.13999938964844,123.3282699584961,131.29617309570312,209.3414306640625,97.65557098388672
2017-05-24,119.61000061035156,123.40907287597656,131.90013122558594,209.82977294921875,98.20545196533203
2017-05-25,119.4800033569336,123.48983764648438,133.02304077148438,210.83267211914062,98.23731994628906
2017-05-26,120.54000091552734,123.45394134521484,133.25889587402344,210.78907775878906,98.40467834472656
2017-05-30,120.13999938964844,122.4845199584961,133.37222290039062,210.60589599609375,98.89080047607422
2017-05-31,120.62000274658203,122.35887908935547,133.32498168945312,210.55357360839844,99.13784790039062
2017-06-01,120.72000122070312,124.71952056884766,133.84402465820312,212.2279815673828,99.14822387695312
2017-06-02,121.61000061035156,125.52737426757812,135.37274169921875,212.93435668945312,100.32215118408203
2017-06-05,121.7300033569336,124.7464828491211,135.34439086914062,212.7773895263672,99.69927215576172
2017-06-06,123.0999984741211,124.6297836303711,134.80650329589844,212.09719848632812,100.24232482910156
2017-06-07,122.44999694824219,124.7464828491211,135.33493041992188,212.48960876464844,99.76314544677734
2017-06-08,121.6500015258789,126.45184326171875,135.4764862060547,212.5942840576172,99.49958801269531
2017-06-09,120.54000091552734,127.10710144042969,132.0888671875,212.27159118652344,99.34790802001953
2017-06-12,120.36000061035156,126.90068054199219,131.38116455078125,212.2279815673828,99.31592559814453
2017-06-13,120.4800033569336,127.54688262939453,132.44747924804688,213.26571655273438,99.33192443847656
2017-06-14,119.81999969482422,126.7929916381836,131.8718719482422,212.99539184570312,100.865234375
2017-06-15,119.31999969482422,126.14669799804688,131.28675842285156,212.5854949951172,100.70549774169922
2017-06-16,119.33999633789062,125.83255767822266,130.71719360351562,212.63197326660156,100.90516662597656
2017-06-19,118.43000030517578,126.7659912109375,132.90286254882812,214.40213012695312,100.76138305664062
2017-06-20,118.18000030517578,125.4825210571289,131.8621063232422,212.95620727539062,101.66386413574219
2017-06-21,118.5199966430664,125.16831970214844,133.16781616210938,212.90359497070312,101.87144470214844
2017-06-22,118.91999816894531,125.64408111572266,133.12997436523438,212.80723571777344,102.0951156616211
2017-06-23,119.43000030517578,126.47880554199219,133.6409149169922,213.06143188476562,102.04718780517578
2017-06-26,118.36000061035156,126.63137817382812,133.01644897460938,213.20159912109375,102.43053436279297
2017-06-27,118.80999755859375,125.51837921142578,130.60366821289062,211.4840087890625,101.33642578125
2017-06-28,118.9000015258789,127.439208984375,132.4864959716797,213.37689208984375,101.00102233886719
2017-06-29,118.31999969482422,126.68522644042969,130.1873016357422,211.50152587890625,100.15450286865234
2017-06-30,118.0199966430664,126.48777770996094,130.23463439941406,211.89588928222656,99.92288970947266
2017-07-03,116.08999633789062,127.54688262939453,128.8626251220703,212.25515747070312,99.60115051269531
2017-07-05,116.5199966430664,127.089111328125,130.1305389404297,212.7458953857422,99.62519073486328
2017-07-06,116.47000122070312,125.42953491210938,128.95726013183594,210.80043029785156,98.80091857910156
2017-07-07,115.27999877929688,126.64652252197266,130.34812927246094,212.16754150390625,98.20873260498047
2017-07-10,115.47000122070312,126.09664154052734,131.19973754882812,212.39532470703125,98.35277557373047
2017-07-11,115.62000274658203,126.46619415283203,131.56878662109375,212.2376708984375,98.52080535888672
2017-07-12,116.02999877929688,127.43983459472656,133.12997436523438,213.83251953125,99.20103454589844
2017-07-13,115.81999969482422,127.54800415039062,133.42332458496094,214.19183349609375,98.57685089111328
2017-07-14,116.7699966430664,127.76435089111328,134.4735870361328,215.19085693359375,98.69686889648438
2017-07-17,117.29000091552734,128.0618133544922,134.53977966308594,215.16456604003906,98.96895599365234
2017-07-18,118.11000061035156,127.72830200195312,135.43865966796875,215.2784881591797,99.8332748413086
2017-07-19,118.08000183105469,128.99935913085938,136.23348999023438,216.44400024414062,99.87328338623047
2017-07-20,118.23999786376953,129.08950805664062,136.41329956054688,216.5404052734375,100.16132354736328
2017-07-21,119.26000213623047,128.5035858154297,136.3564910888672,216.34759521484375,100.58546447753906
2017-07-24,119.30999755859375,128.68385314941406,136.98097229003906,216.29502868652344,100.19334411621094
2017-07-25,118.91999816894531,129.85572814941406,136.63088989257812,216.82083129882812,98.8889389038086
2017-07-26,119.87999725341797,129.1345977783203,137.07562255859375,216.82957458496094,99.04895782470703
2017-07-27,119.79000091552734,128.31423950195312,136.214599609375,216.62799072265625,98.56082153320312
2017-07-28,120.69000244140625,127.97164154052734,136.10104370117188,216.3739471435547,99.14501190185547
2017-07-31,120.75,127.56603240966797,135.52383422851562,216.251220703125,99.26502227783203
2017-08-01,120.6500015258789,127.80941772460938,135.83615112304688,216.73316955566406,99.96199798583984
2017-08-02,120.4000015258789,126.4122085571289,136.20510864257812,216.83831787109375,100.01815032958984
2017-08-03,120.58999633789062,125.7811508178711,135.67523193359375,216.41773986816406,101.052734375
2017-08-04,119.6500015258789,126.3941421508789,135.9212188720703,216.8120880126953,100.19458770751953
2017-08-07,119.51000213623047,126.60147094726562,136.78231811523438,217.21511840820312,100.30689239501953
2017-08-08,119.86000061035156,126.20484161376953,136.5457000732422,216.6805877685547,99.9459228515625
2017-08-09,121.30999755859375,125.1140365600586,136.36599731445312,216.6718292236328,100.49131774902344
2017-08-10,122.20999908447266,122.84239196777344,133.44219970703125,213.6134490966797,101.34947967529297
2017-08-11,122.79000091552734,123.02265930175781,134.4546661376953,213.92892456054688,101.39762115478516
2017-08-14,121.91999816894531,124.888671875,136.18617248535156,216.0496063232422,100.87628936767578
2017-08-15,120.9800033569336,123.86100769042969,136.28082275390625,216.02337646484375,100.45121765136719
2017-08-16,121.87000274658203,123.8970947265625,136.51734924316406,216.40020751953125,100.82013702392578
2017-08-17,122.48999786376953,121.63439178466797,133.72608947753906,213.02635192871094,101.57403564453125
2017-08-18,122.30000305175781,121.6253890991211,133.63140869140625,212.6933135986328,101.54996490478516
2017-08-21,122.76000213623047,121.54425811767578,133.461181640625,212.8597869873047,101.79859161376953
2017-08-22,122.20999908447266,122.86041259765625,135.4954376220703,215.085693359375,101.4056167602539
2017-08-23,122.66999816894531,122.66209411621094,135.01287841796875,214.31448364257812,102.09535217285156
2017-08-24,122.29000091552734,123.04069519042969,134.61549377441406,213.81503295898438,101.71842193603516
2017-08-25,122.73999786376953,123.39227294921875,134.33160400390625,214.31448364257812,102.11137390136719
2017-08-28,124.69000244140625,123.91512298583984,134.7480010986328,214.32333374023438,102.04719543457031
2017-08-29,124.41999816894531,123.94215393066406,135.27783203125,214.5686492919922,102.37604522705078
2017-08-30,124.36000061035156,124.73541259765625,136.86744689941406,215.58518981933594,102.34398651123047
2017-08-31,125.81999969482422,125.96145629882812,138.3340606689453,216.8821258544922,102.64872741699219
2017-09-01,126.05999755859375,126.67362213134766,138.1448211669922,217.1888427734375,101.863525390625
2017-09-05,127.45999908447266,125.45660400390625,136.90528869628906,215.6289520263672,103.47888946533203
2017-09-06,126.80999755859375,125.718017578125,137.32164001464844,216.36509704589844,102.8440170288086
2017-09-07,128.1300048828125,125.40255737304688,137.643310546875,216.33880615234375,103.89682006835938
2017-09-08,127.97000122070312,125.50169372558594,136.45106506347656,216.08468627929688,103.67181396484375
2017-09-11,126.19000244140625,126.81781005859375,138.02182006835938,218.3894500732422,102.43416595458984
2017-09-12,126.55999755859375,127.59305572509766,138.35299682617188,219.1255645751953,101.89568328857422
2017-09-13,125.61000061035156,127.97164154052734,138.5421905517578,219.23072814941406,101.49385833740234
2017-09-14,126.16000366210938,127.85452270507812,137.7284698486328,219.16064453125,101.91178131103516
2017-09-15,125.52999877929688,128.37738037109375,138.20155334472656,219.4556427001953,101.95196533203125
2017-09-18,124.36000061035156,129.2517852783203,138.02044677734375,219.92239379882812,101.36528778076172
2017-09-19,124.62000274658203,129.2517852783203,138.2574920654297,220.14256286621094,101.11614227294922
2017-09-20,123.62000274658203,129.66639709472656,137.8308563232422,220.22181701660156,101.1884765625
2017-09-21,122.68000030517578,129.53115844726562,136.98690795898438,219.63172912597656,101.13224792480469
2017-09-22,123.23999786376953,130.08111572265625,136.85411071777344,219.6758270263672,101.42152404785156
2017-09-25,124.52999877929688,130.2613983154297,135.41268920898438,219.2266845703125,102.0564193725586
2017-09-26,123.13999938964844,130.67616271972656,135.76356506347656,219.35877990722656,101.87161254882812
2017-09-27,121.9800033569336,133.23345947265625,136.98690795898438,220.21302795410156,100.33658599853516
2017-09-28,122.20999908447266,133.5858917236328,136.93943786621094,220.4771728515625,100.03926086425781
2017-09-29,121.58000183105469,133.9021759033203,137.92562866210938,221.25221252441406,100.26428985595703
2017-10-02,120.7699966430664,135.54681396484375,138.0489501953125,222.21217346191406,100.0806655883789
2017-10-03,120.83000183105469,135.84503173828125,138.3428497314453,222.68771362304688,100.17730712890625
2017-10-04,121.16999816894531,135.41128540039062,138.4756317138672,222.95188903808594,100.18537902832031
2017-10-05,120.5199966430664,135.78170776367188,139.83168029785156,224.27293395996094,99.806884765625
2017-10-06,121.08999633789062,135.592041015625,140.02130126953125,224.01751708984375,99.52505493164062
2017-10-09,122.08000183105469,135.03173828125,139.86012268066406,223.64767456054688,99.83907318115234
2017-10-10,122.4000015258789,135.42030334472656,139.96441650390625,224.23773193359375,100.00012969970703
2017-10-11,122.79000091552734,135.32093811035156,140.381591796875,224.58995056152344,100.19342041015625
2017-10-12,122.88999938964844,135.22152709960938,140.1256561279297,224.25531005859375,100.62020874023438
2017-10-13,123.81999969482422,134.97750854492188,140.6661376953125,224.5283203125,101.34492492675781
2017-10-16,122.97000122070312,134.86004638671875,141.1497802734375,224.82777404785156,101.27247619628906
2017-10-17,122.12999725341797,134.47146606445312,141.3299560546875,224.98626708984375,101.4013442993164
2017-10-18,121.66999816894531,135.1130828857422,141.15919494628906,225.20648193359375,100.73295593261719
2017-10-19,122.38999938964844,134.90524291992188,140.63772583007812,225.2681121826172,100.91012573242188
2017-10-20,121.61000061035156,135.5287628173828,141.0170440673828,226.43057250976562,99.83907318115234
2017-10-23,121.80000305175781,134.5166473388672,140.09718322753906,225.5498809814453,100.01625061035156
2017-10-24,121.33000183105469,134.79681396484375,140.3341827392578,225.94622802734375,99.39617919921875
2017-10-25,121.3499984741211,134.14617919921875,139.80319213867188,224.82777404785156,98.92105865478516
2017-10-26,120.33000183105469,134.42633056640625,139.35748291015625,225.11839294433594,98.5909194946289
2017-10-27,120.9000015258789,135.35704040527344,143.41610717773438,226.958984375,99.24317169189453
2017-10-30,121.12999725341797,133.92933654785156,143.73855590820312,226.11354064941406,100.19342041015625
2017-10-31,120.66999816894531,134.8780975341797,144.27899169921875,226.46575927734375,100.2256088256836
2017-11-01,121.11000061035156,133.9834747314453,144.2316131591797,226.7652587890625,100.67190551757812
2017-11-02,121.19000244140625,134.3811492919922,143.95663452148438,226.853271484375,101.11571502685547
2017-11-03,120.62000274658203,134.29074096679688,145.3411102294922,227.61073303222656,101.39007568359375
2017-11-06,121.6500015258789,134.44435119628906,145.8341522216797,227.96295166015625,101.7693862915039
2017-11-07,121.20999908447266,132.83587646484375,145.9195556640625,227.8044891357422,102.19709777832031
2017-11-08,121.62999725341797,133.01666259765625,146.5074462890625,228.19189453125,101.97115325927734
2017-11-09,122.12999725341797,132.54672241210938,145.73941040039062,227.36415100097656,101.68063354492188
2017-11-10,121.12999725341797,132.44732666015625,145.7299041748047,227.29360961914062,100.1473388671875
2017-11-13,121.30999755859375,132.48345947265625,145.9100341796875,227.5050048828125,100.35719299316406
2017-11-14,121.55999755859375,132.12205505371094,145.3790283203125,226.9766082763672,101.03504943847656
2017-11-15,121.41000366210938,131.59793090820312,144.69625854492188,225.84054565429688,102.13256072998047
2017-11-16,121.4000015258789,133.5316925048828,146.54541015625,227.7604522705078,101.24484252929688
2017-11-17,122.86000061035156,134.14617919921875,145.9858856201172,227.09109497070312,101.99535369873047
2017-11-20,121.30999755859375,135.1221160888672,145.8721466064453,227.47860717773438,101.9549789428711
2017-11-21,121.51000213623047,136.53179931640625,147.45574951171875,228.9669189453125,102.27777099609375
2017-11-22,122.62999725341797,136.35110473632812,147.63592529296875,228.7643585205078,102.60865020751953
2017-11-24,122.31999969482422,136.40528869628906,148.17645263671875,229.2928009033203,102.32621765136719
2017-11-27,122.83000183105469,135.9896240234375,148.11004638671875,229.17828369140625,102.18098449707031
2017-11-28,122.80999755859375,138.13125610351562,148.4893035888672,231.50326538085938,102.3181381225586
2017-11-29,122.04000091552734,138.59214782714844,145.90057373046875,231.36233520507812,101.30937957763672
2017-11-30,121.0999984741211,138.8451385498047,147.12380981445312,233.38795471191406,100.97049713134766
2017-12-01,121.58999633789062,138.27584838867188,146.49798583984375,232.9035186767578,102.33305358886719
2017-12-04,121.18000030517578,137.7607421875,144.81007385253906,232.62176513671875,102.38153076171875
2017-12-05,120.31999969482422,136.38720703125,144.90492248535156,231.7850799560547,102.89099884033203
2017-12-06,120.06999969482422,135.74562072753906,145.5592041015625,231.82913208007812,103.24676513671875
2017-12-07,118.48999786376953,136.6944580078125,146.0522918701172,232.5601043701172,102.4381332397461
2017-12-08,118.4800033569336,136.82093811035156,146.69712829589844,233.82833862304688,102.44625091552734
2017-12-11,118.01000213623047,136.7667999267578,147.8350372314453,234.53282165527344,102.23599243164062
2017-12-12,118.1500015258789,136.34207153320312,147.63592529296875,234.94671630859375,102.19556427001953
2017-12-13,119.16999816894531,137.1553192138672,147.92039489746094,234.92030334472656,102.9637451171875
2017-12-14,118.93000030517578,135.6371612548828,147.8160400390625,233.96038818359375,103.40042114257812
2017-12-15,119.18000030517578,137.571044921875,149.49452209472656,235.90867614746094,103.7885971069336
2017-12-18,119.7300033569336,139.4324951171875,150.74790954589844,237.40457153320312,102.84246063232422
2017-12-19,119.81999969482422,138.33004760742188,149.85464477539062,236.49282836914062,101.50822448730469
2017-12-20,120.13999938964844,138.60113525390625,149.69309997558594,236.36898803710938,100.38420867919922
2017-12-21,120.30999755859375,139.20794677734375,149.71209716796875,236.8557586669922,100.96928405761719
2017-12-22,120.94000244140625,138.95399475097656,149.54104614257812,236.79385375976562,101.10707092285156
2017-12-26,121.7699966430664,139.03564453125,148.7333526611328,236.5105438232422,101.40685272216797
2017-12-27,122.2300033569336,138.89959716796875,148.75230407714844,236.62567138671875,102.72776794433594
2017-12-28,122.8499984741211,139.4438018798828,148.93289184570312,237.11251831054688,102.63861846923828
2017-12-29,123.6500015258789,138.29183959960938,148.01119995117188,236.21844482421875,102.8006591796875
2018-01-02,125.1500015258789,139.59803771972656,150.60537719726562,237.90916442871094,101.69047546386719
2018-01-03,124.81999969482422,139.7431182861328,152.0687255859375,239.4139862060547,102.17669677734375
2018-01-04,125.45999908447266,140.11508178710938,152.33480834960938,240.42300415039062,102.16048431396484
2018-01-05,125.33000183105469,140.4052734375,153.8647003173828,242.0252227783203,101.86875915527344
2018-01-08,125.30999755859375,140.62298583984375,154.46340942382812,242.46780395507812,101.80394744873047
2018-01-09,124.7300033569336,140.43252563476562,154.47288513183594,243.01669311523438,100.4425277709961
2018-01-10,125.02999877929688,140.45065307617188,154.11180114746094,242.64479064941406,100.32099151611328
2018-01-11,125.44000244140625,142.8634490966797,155.16650390625,244.41522216796875,100.73429107666016
2018-01-12,126.95999908447266,143.46212768554688,156.30690002441406,246.00856018066406,100.90444946289062
2018-01-16,127.16999816894531,141.62986755371094,155.8602294921875,245.1676025390625,101.32583618164062
2018-01-17,126.13999938964844,142.9723358154297,157.5421905517578,247.50445556640625,101.18807220458984
2018-01-18,125.86000061035156,141.99266052246094,157.5706787109375,247.08848571777344,100.24810028076172
2018-01-19,126.41999816894531,143.86123657226562,158.06483459472656,248.2126922607422,99.72135925292969
2018-01-22,126.6500015258789,144.63223266601562,159.75624084472656,250.2307891845703,99.81857299804688
2018-01-23,127.27999877929688,145.09486389160156,161.07711791992188,250.76194763183594,100.24810028076172
2018-01-24,128.8300018310547,144.1968994140625,160.03184509277344,250.66456604003906,99.70519256591797
2018-01-25,127.97000122070312,144.25125122070312,159.97483825683594,250.77069091796875,100.52359008789062
2018-01-26,128.07000732421875,144.76832580566406,162.4264678955078,253.67422485351562,100.15083312988281
2018-01-29,127.3499984741211,143.95191955566406,161.6377410888672,251.9923095703125,99.45394134521484
2018-01-30,126.80000305175781,142.5731964111328,160.30743408203125,249.4076385498047,98.87052154541016
2018-01-31,127.6500015258789,141.8293914794922,160.9725799560547,249.5315704345703,99.45394134521484
2018-02-01,128.07000732421875,142.27386474609375,159.60421752929688,249.24822998046875,98.01255798339844
2018-02-02,126.38999938964844,139.53451538085938,156.4209442138672,243.8221435546875,97.10307312011719
2018-02-05,126.70999908447266,134.17376708984375,150.25376892089844,233.62486267089844,98.02069091796875
2018-02-06,125.37999725341797,135.7792510986328,154.2353057861328,238.22784423828125,97.41165161132812
2018-02-07,124.79000091552734,135.9153289794922,152.23974609375,236.9355010986328,96.48592376708984
2018-02-08,124.9800033569336,131.92420959472656,145.81610107421875,228.04830932617188,96.38037109375
2018-02-09,124.7699966430664,133.13064575195312,148.33419799804688,231.47390747070312,95.77137756347656
2018-02-12,125.37000274658203,134.39146423339844,150.96641540527344,234.8730010986328,96.19361877441406
2018-02-13,126.08000183105469,134.6816864013672,151.74563598632812,235.45718383789062,96.62397003173828
2018-02-14,128.22999572753906,137.1035614013672,154.58692932128906,238.6349639892578,95.55213165283203
2018-02-15,128.3800048828125,138.60025024414062,157.45664978027344,241.67999267578125,95.87688446044922
2018-02-16,127.95999908447266,139.09007263183594,156.75344848632812,241.7508087158203,96.39659881591797
2018-02-20,126.23999786376953,137.9471435546875,157.06703186035156,240.23719787597656,95.97437286376953
2018-02-21,125.66000366210938,138.09231567382812,156.62045288085938,239.0421600341797,94.79692840576172
2018-02-22,126.30000305175781,137.8745574951172,156.60145568847656,239.3520050048828,95.08114624023438
2018-02-23,126.13999938964844,139.67056274414062,159.8037567138672,243.16708374023438,95.92564392089844
2018-02-26,126.44999694824219,140.5867462158203,161.9228057861328,245.99078369140625,95.9581298828125
2018-02-27,125.12999725341797,138.56396484375,159.91778564453125,242.9192657470703,95.82008361816406
2018-02-28,125.0,136.37794494628906,158.8915557861328,240.4584503173828,96.4291000366211
2018-03-01,124.72000122070312,136.01507568359375,156.29734802246094,236.9620361328125,97.08740997314453
2018-03-02,125.38999938964844,138.19207763671875,157.73226928710938,238.18357849121094,96.29811096191406
2018-03-05,125.18000030517578,139.42562866210938,159.48072814941406,240.9364471435547,96.03775024414062
2018-03-06,126.52999877929688,140.93142700195312,160.15538024902344,241.5473175048828,96.12726593017578
2018-03-07,125.72000122070312,142.17410278320312,160.52597045898438,241.458740234375,96.02145385742188
2018-03-08,125.41999816894531,141.88385009765625,161.4097442626953,242.62713623046875,96.57475280761719
2018-03-09,125.54000091552734,144.15147399902344,164.54551696777344,246.84942626953125,95.94005584716797
2018-03-12,125.54000091552734,144.40548706054688,165.4197998046875,246.53964233398438,96.4933853149414
2018-03-13,125.77999877929688,143.73426818847656,163.16769409179688,244.94635009765625,96.98157501220703
2018-03-14,125.69999694824219,143.053955078125,163.13922119140625,243.6893310546875,97.83596801757812
2018-03-15,124.9000015258789,142.33737182617188,162.99664306640625,243.42379760742188,97.83596801757812
2018-03-16,124.5999984741211,143.13560485839844,162.5120391845703,243.68771362304688,97.48607635498047
2018-03-19,124.87000274658203,141.75686645507812,159.0446319580078,240.39053344726562,97.17687225341797
2018-03-20,124.30999755859375,141.72056579589844,159.568115234375,240.7993927001953,96.78630065917969
2018-03-21,126.4800033569336,142.54598999023438,158.8733367919922,240.33731079101562,96.89208221435547
2018-03-22,125.9800033569336,139.42027282714844,154.951904296875,234.32948303222656,97.85224914550781
2018-03-23,127.61000061035156,136.42005920410156,150.86871337890625,229.33486938476562,97.77896881103516
2018-03-26,128.27999877929688,139.40213012695312,156.4747772216797,235.6092987060547,97.40470123291016
2018-03-27,127.48999786376953,136.7018585205078,151.4112548828125,231.60118103027344,98.44617462158203
2018-03-28,125.7300033569336,136.6564178466797,149.6694793701172,230.9167938232422,98.7065658569336
2018-03-29,125.79000091552734,138.03836059570312,152.41064453125,233.86737060546875,99.1866226196289
2018-04-02,127.26000213623047,134.67446899414062,148.01332092285156,228.81942749023438,99.38233184814453
2018-04-03,126.30000305175781,136.6018524169922,149.67898559570312,231.75218200683594,98.6158676147461
2018-04-04,126.44999694824219,138.33840942382812,152.03945922851562,234.23171997070312,98.41201782226562
2018-04-05,125.80000305175781,139.48391723632812,152.905517578125,236.080322265625,97.67818450927734
2018-04-06,126.38999938964844,136.7018585205078,149.07936096191406,230.81907653808594,98.74628448486328
2018-04-09,126.81999969482422,136.86558532714844,150.12631225585938,231.9566650390625,98.90943908691406
2018-04-10,127.12000274658203,139.4475860595703,153.4385986328125,235.64479064941406,98.7300033569336
2018-04-11,128.11000061035156,139.74755859375,152.55340576171875,234.40948486328125,99.08061218261719
2018-04-12,126.62000274658203,140.70217895507812,154.390380859375,236.33802795410156,98.35494995117188
2018-04-13,127.44999694824219,139.96578979492188,153.5908660888672,235.64479064941406,98.583251953125
2018-04-16,127.62999725341797,141.25680541992188,154.76158142089844,237.58221435546875,98.6158676147461
2018-04-17,127.75,142.79327392578125,158.09286499023438,240.12396240234375,98.88495635986328
2018-04-18,127.8499984741211,143.1751708984375,158.41639709472656,240.30172729492188,98.093994140625
2018-04-19,127.5999984741211,142.18414306640625,156.9601593017578,238.9686737060547,97.29490661621094
2018-04-20,126.62999725341797,141.4204559326172,154.4760284423828,236.9423370361328,96.59364318847656
2018-04-23,125.62000274658203,141.21139526367188,154.08575439453125,236.90676879882812,96.61810302734375
2018-04-24,126.2300033569336,140.4021453857422,150.82118225097656,233.71633911132812,96.17778778076172
2018-04-25,125.41000366210938,140.19309997558594,151.00196838378906,234.29397583007812,95.53355407714844
2018-04-26,124.97000122070312,140.83863830566406,154.180908203125,236.67572021484375,96.20227813720703
2018-04-27,125.5,140.63858032226562,154.27615356445312,236.89797973632812,96.94426727294922
2018-04-30,124.58999633789062,139.39300537109375,153.1815643310547,235.07601928710938,97.1155014038086
2018-05-01,123.70999908447266,140.0749053955078,154.93287658691406,235.4936981201172,96.76573181152344
2018-05-02,123.6500015258789,140.6022186279297,154.01919555664062,233.91184997558594,96.65947723388672
2018-05-03,124.27999877929688,139.83853149414062,154.00013732910156,233.3963623046875,97.09258270263672
2018-05-04,124.54000091552734,141.58413696289062,156.92208862304688,236.41799926757812,97.23970031738281
2018-05-07,124.56999969482422,142.7842254638672,158.22610473632812,237.21786499023438,97.08442687988281
2018-05-08,124.58999633789062,143.4933624267578,158.06431579589844,237.21786499023438,96.99453735351562
2018-05-09,124.33000183105469,144.2661590576172,159.7870635986328,239.51080322265625,96.41433715820312
2018-05-10,125.18000030517578,145.03890991210938,161.4431610107422,241.75039672851562,97.19065856933594
2018-05-11,125.0,145.3207550048828,161.29087829589844,242.48800659179688,97.43582153320312
2018-05-14,124.48999786376953,144.76614379882812,161.56683349609375,242.603515625,96.92098999023438
2018-05-15,122.4800033569336,144.79351806640625,159.7774658203125,240.93270874023438,95.81776428222656
2018-05-16,122.29000091552734,146.30267333984375,160.833984375,241.94589233398438,95.45002746582031
2018-05-17,122.36000061035156,146.9754638671875,160.21536254882812,241.74148559570312,94.96784210205078
2018-05-18,122.41000366210938,147.1663818359375,159.38729858398438,241.13711547851562,95.78506469726562
2018-05-21,122.4800033569336,148.13917541503906,160.281982421875,242.95013427734375,95.8341293334961
2018-05-22,122.41000366210938,147.06637573242188,160.07252502441406,242.27462768554688,95.68698120117188
2018-05-23,122.54000091552734,147.25729370117188,161.42410278320312,242.94122314453125,96.38166809082031
2018-05-24,123.58999633789062,147.3118133544922,161.37655639648438,242.44358825683594,97.14984893798828
2018-05-25,123.20999908447266,147.04818725585938,161.53829956054688,241.86593627929688,97.75452423095703
2018-05-29,123.19000244140625,146.84815979003906,160.82447814941406,239.0841827392578,99.8956527709961
2018-05-30,123.37000274658203,149.17564392089844,161.97613525390625,242.27462768554688,99.22552490234375
2018-05-31,123.0999984741211,147.9846649169922,161.8715057373047,240.79054260253906,99.06211853027344
2018-06-01,122.48999786376953,148.9574432373047,164.4127655029297,243.15451049804688,98.53868865966797
2018-06-04,122.37000274658203,149.7484130859375,165.8975372314453,244.30990600585938,97.82606506347656
2018-06-05,122.8499984741211,150.6757354736328,166.41148376464844,244.4876251220703,98.05542755126953
2018-06-06,122.91999816894531,151.76670837402344,167.38230895996094,246.53163146972656,97.2608642578125
2018-06-07,122.86000061035156,150.93943786621094,166.02130126953125,246.50497436523438,98.2028579711914
2018-06-08,123.01000213623047,151.3939666748047,166.03077697753906,247.23377990722656,97.90796661376953
2018-06-11,123.2300033569336,151.6212615966797,166.47816467285156,247.56256103515625,97.72776794433594
2018-06-12,122.81999969482422,152.31224060058594,167.35379028320312,247.882568359375,97.7523422241211
2018-06-13,123.19000244140625,151.71218872070312,167.3443145751953,247.0915069580078,97.70321655273438
2018-06-14,123.37999725341797,152.52134704589844,169.0384063720703,247.7136993408203,98.51409912109375
2018-06-15,121.33999633789062,152.5668182373047,168.4482879638672,247.3976593017578,98.60419464111328
2018-06-18,121.11000061035156,153.28504943847656,168.3510284423828,246.88880920410156,98.51409912109375
2018-06-19,120.80000305175781,153.29412841796875,167.87413024902344,245.9425506591797,99.08748626708984
2018-06-20,120.26000213623047,154.5305938720703,169.0664520263672,246.36212158203125,98.21922302246094
2018-06-21,120.05000305175781,153.0850372314453,167.5974884033203,244.81776428222656,98.73526000976562
2018-06-22,120.33999633789062,152.57586669921875,167.22552490234375,245.26397705078125,98.7270278930664
2018-06-25,119.88999938964844,150.0847930908203,163.45787048339844,241.92527770996094,98.9482650756836
2018-06-26,119.26000213623047,150.9575653076172,164.1256103515625,242.4609832763672,99.08748626708984
2018-06-27,118.58000183105469,148.53921508789062,161.89361572265625,240.45236206054688,100.0212631225586
2018-06-28,118.22000122070312,148.99380493164062,163.2861785888672,241.82713317871094,100.04582977294922
2018-06-29,118.6500015258789,148.89376831054688,163.7249298095703,242.1752471923828,99.70182037353516
2018-07-02,117.45999908447266,149.9210968017578,164.82188415527344,242.69300842285156,99.6238021850586
2018-07-03,118.6500015258789,150.51876831054688,162.91421508789062,241.83602905273438,100.15743255615234
2018-07-05,119.05000305175781,152.2342529296875,164.9363555908203,243.80889892578125,100.44482421875
2018-07-06,118.86000061035156,153.520751953125,167.50213623046875,245.87118530273438,100.77315521240234
2018-07-09,119.1500015258789,154.48800659179688,169.00917053222656,248.0850067138672,100.1246109008789
2018-07-10,118.93000030517578,153.78541564941406,169.13320922851562,248.97779846191406,100.11636352539062
2018-07-11,117.63999938964844,152.48057556152344,168.2747344970703,247.15660095214844,100.50227355957031
2018-07-12,118.12999725341797,153.21966552734375,171.1743927001953,249.3972930908203,100.4940414428711
2018-07-13,117.61000061035156,152.7634735107422,171.3174591064453,249.59376525878906,100.74853515625
2018-07-16,117.55000305175781,152.17031860351562,170.90731811523438,249.37051391601562,100.329833984375
2018-07-17,116.27999877929688,152.84556579589844,171.94700622558594,250.3793487548828,100.14102172851562
2018-07-18,116.30999755859375,153.27442932128906,171.6226806640625,250.90599060058594,99.7387466430664
2018-07-19,115.80999755859375,154.36026000976562,170.76425170898438,249.95977783203125,100.37088775634766
2018-07-20,116.55999755859375,153.73062133789062,170.72607421875,249.67408752441406,99.13945770263672
2018-07-23,116.0,153.92225646972656,171.26974487304688,250.13827514648438,97.91618347167969
2018-07-24,116.04000091552734,152.27981567382812,171.97561645507812,251.39700317382812,98.25281524658203
2018-07-25,116.68000030517578,152.8364715576172,174.37924194335938,253.53945922851562,98.0968246459961
2018-07-26,115.7699966430664,153.6576385498047,171.7371368408203,252.9414520263672,97.90801239013672
2018-07-27,115.83000183105469,150.79251098632812,169.4193572998047,251.22744750976562,98.07221221923828
2018-07-30,115.6500015258789,149.82534790039062,167.02523803710938,249.91513061523438,97.735595703125
2018-07-31,115.98999786376953,151.34913635253906,168.3033905029297,251.14698791503906,98.26923370361328
2018-08-01,115.13999938964844,151.24876403808594,168.9424285888672,250.7274627685547,97.4686279296875
2018-08-02,114.5199966430664,152.35281372070312,171.2411346435547,252.09324645996094,97.60851287841797
2018-08-03,114.91999816894531,151.8236083984375,171.7657470703125,253.17349243164062,98.093994140625
2018-08-06,114.33000183105469,152.67218017578125,172.77684020996094,254.1020050048828,98.15157318115234
2018-08-07,114.58999633789062,153.03717041015625,173.4063720703125,254.94107055664062,97.64143371582031
2018-08-08,114.91000366210938,152.90029907226562,173.61619567871094,254.83392333984375,97.74018859863281
2018-08-09,114.73999786376953,153.2926483154297,173.51123046875,254.4857940673828,98.56300354003906
2018-08-10,114.69000244140625,152.8638153076172,172.18544006347656,252.7806854248047,99.27879333496094
2018-08-13,112.95999908447266,151.9696044921875,171.9946746826172,251.83448791503906,99.07310485839844
2018-08-14,113.06999969482422,153.4751434326172,173.07252502441406,253.44131469726562,98.8509292602539
2018-08-15,111.19000244140625,151.54989624023438,170.95501708984375,251.5487823486328,99.42692565917969
2018-08-16,111.0999984741211,152.95509338378906,171.5177764892578,253.5841827392578,99.4186782836914
2018-08-17,112.12999725341797,153.61199951171875,171.555908203125,254.47686767578125,99.54206085205078
2018-08-20,112.69000244140625,154.0408935546875,171.40328979492188,255.0214385986328,100.20858001708984
2018-08-21,113.0199966430664,155.81106567382812,172.0328369140625,255.61956787109375,99.87123107910156
2018-08-22,113.2699966430664,156.1942596435547,172.70050048828125,255.46780395507812,100.26618194580078
2018-08-23,112.19999694824219,155.71981811523438,172.45254516601562,255.12850952148438,100.4224624633789
2018-08-24,114.16000366210938,156.5684051513672,174.05491638183594,256.66400146484375,100.61994171142578
2018-08-27,114.58999633789062,156.7965087890625,175.82907104492188,258.6905212402344,100.04401397705078
2018-08-28,113.68000030517578,156.94247436523438,176.08663940429688,258.8154602050781,99.44335174560547
2018-08-29,114.19999694824219,157.39869689941406,178.1182861328125,260.20806884765625,99.57502746582031
2018-08-30,113.63999938964844,157.27099609375,177.8035125732422,259.1546936035156,99.78897094726562
2018-08-31,113.51000213623047,157.87319946289062,178.03237915039062,259.1636657714844,99.55856323242188
2018-09-04,112.93000030517578,157.1706085205078,177.2694091796875,258.7173156738281,98.98291778564453
2018-09-05,113.31999969482422,156.7508544921875,174.9801483154297,258.02099609375,98.71907043457031
2018-09-06,113.54000091552734,155.69244384765625,173.41587829589844,257.24432373046875,99.08192443847656
2018-09-07,113.2300033569336,155.61032104492188,172.7482147216797,256.7443542480469,98.24075317382812
2018-09-10,113.1500015258789,155.8019561767578,173.3300323486328,257.1907043457031,98.60362243652344
2018-09-11,113.22000122070312,156.0574188232422,174.6654052734375,258.038818359375,97.8531723022461
2018-09-12,114.16999816894531,155.68328857421875,174.15028381347656,258.1011962890625,98.08406829833984
2018-09-13,113.76000213623047,155.71981811523438,176.0103302001953,259.6278076171875,98.23249816894531
2018-09-14,113.0199966430664,156.3767547607422,175.49522399902344,259.6725158691406,97.7624740600586
2018-09-17,113.61000061035156,154.7161102294922,172.96759033203125,258.2977294921875,97.7624740600586
2018-09-18,113.44000244140625,155.36392211914062,174.39834594726562,259.6992492675781,96.73987579345703
2018-09-19,113.87999725341797,154.79823303222656,174.2648162841797,259.9760437011719,96.16263580322266
2018-09-20,114.2699966430664,156.23077392578125,176.19155883789062,262.082763671875,96.60795593261719
2018-09-21,113.48999786376953,155.48255920410156,175.22816467285156,261.8434143066406,96.56670379638672
2018-09-24,113.47000122070312,154.90773010253906,175.71548461914062,260.9734802246094,96.31932067871094
2018-09-25,113.6500015258789,155.14492797851562,175.9543914794922,260.7313232421875,96.2203598022461
2018-09-26,113.05000305175781,153.7268829345703,176.07858276367188,259.95123291015625,96.89656829833984
2018-09-27,112.05000305175781,153.73599243164062,177.56927490234375,260.6776428222656,96.9625473022461
2018-09-28,112.76000213623047,154.20262145996094,177.53102111816406,260.70440673828125,96.70691680908203
2018-10-01,112.56999969482422,152.1715850830078,177.8941192626953,261.61016845703125,95.9969711303711
2018-10-02,113.87000274658203,150.52479553222656,177.49282836914062,261.4576721191406,96.5837631225586
2018-10-03,113.41999816894531,151.84222412109375,177.68389892578125,261.6012268066406,94.9059829711914
2018-10-04,113.4800033569336,149.71054077148438,174.27261352539062,259.55657958984375,94.23648834228516
2018-10-05,113.80000305175781,148.35653686523438,172.1417236328125,258.1038513183594,93.42655944824219
2018-10-08,112.54000091552734,148.04550170898438,171.0906524658203,258.1038513183594,93.11249542236328
2018-10-09,112.5999984741211,147.46913146972656,171.64486694335938,257.72723388671875,94.05471801757812
2018-10-10,112.87999725341797,143.23321533203125,164.09603881835938,249.5667724609375,93.7984619140625
2018-10-11,115.77999877929688,140.49777221679688,162.06072998046875,244.0697021484375,94.93904876708984
2018-10-12,115.2300033569336,140.5252227783203,166.5708770751953,247.45938110351562,94.60842895507812
2018-10-15,116.0,141.04669189453125,164.55471801757812,246.0694580078125,94.56710815429688
2018-10-16,115.80000305175781,145.1361846923828,169.34197998046875,251.44992065429688,94.7820053100586
2018-10-17,115.79000091552734,144.51406860351562,169.4088897705078,251.49481201171875,94.219970703125
2018-10-18,115.91999816894531,141.80604553222656,165.48155212402344,247.8629608154297,94.18690490722656
2018-10-19,116.01000213623047,140.30564880371094,165.32870483398438,247.72842407226562,93.98029327392578
2018-10-22,115.70999908447266,140.0037078857422,166.17913818359375,246.61647033691406,93.85633850097656
2018-10-23,116.38999938964844,138.75033569335938,165.5675811767578,245.3610076904297,94.15387725830078
2018-10-24,116.66000366210938,133.5263671875,157.9900665283203,237.92686462402344,94.86463165283203
2018-10-25,116.4000015258789,136.41741943359375,163.45582580566406,242.1954803466797,94.46794128417969
2018-10-26,116.7699966430664,134.9261474609375,159.25144958496094,237.9358367919922,95.03822326660156
2018-10-29,116.30999755859375,134.18507385253906,155.973876953125,236.61761474609375,94.82333374023438
2018-10-30,115.80000305175781,136.98464965820312,158.54428100585938,240.12396240234375,94.35223388671875
2018-10-31,115.1500015258789,137.2591094970703,162.27096557617188,242.6886444091797,93.87287139892578
2018-11-01,116.62999725341797,140.42457580566406,164.411376953125,245.27134704589844,93.95986938476562
2018-11-02,116.6500015258789,140.8911590576172,161.8505096435547,243.8186492919922,92.79167938232422
2018-11-05,116.37000274658203,140.78134155273438,161.44912719726562,245.1637420654297,93.15621185302734
2018-11-06,116.04000091552734,141.47665405273438,162.6722869873047,246.7151336669922,93.09818267822266
2018-11-07,116.02999877929688,144.01087951660156,167.7748565673828,251.9969940185547,93.22250366210938
2018-11-08,115.77999877929688,143.62660217285156,166.70469665527344,251.53964233398438,93.21420288085938
2018-11-09,114.4800033569336,140.96435546875,163.89537048339844,249.0825653076172,93.91014862060547
2018-11-12,113.66000366210938,138.1739501953125,158.93605041503906,244.42845153808594,94.52323913574219
2018-11-13,113.69999694824219,137.73483276367188,159.06985473632812,243.9710235595703,94.4652328491211
2018-11-14,114.63999938964844,136.7284698486328,157.85629272460938,242.3031005859375,94.52323913574219
2018-11-15,114.7699966430664,138.67713928222656,160.61781311035156,244.8319091796875,94.4818344116211
2018-11-16,115.62000274658203,139.0065460205078,160.0540313720703,245.4686279296875,95.02864837646484
2018-11-19,115.66999816894531,136.1886749267578,154.85589599609375,241.31663513183594,95.2937240600586
2018-11-20,115.66999816894531,133.56304931640625,152.08485412597656,236.85081481933594,95.3268814086914
2018-11-21,115.86000061035156,135.42935180664062,153.2410125732422,237.65785217285156,95.2937240600586
2018-11-23,115.7699966430664,135.30123901367188,152.13262939453125,236.07066345214844,95.39313507080078
2018-11-26,115.63999938964844,137.0578155517578,155.6490020751953,239.88185119628906,95.177734375
2018-11-27,114.94999694824219,135.92340087890625,156.17453002929688,240.68887329101562,95.28544616699219
2018-11-28,115.37999725341797,139.281005859375,161.20069885253906,246.23089599609375,94.82147216796875
2018-11-29,115.73999786376953,138.9058380126953,160.67520141601562,245.6928253173828,95.19432830810547
2018-11-30,115.54000091552734,139.6286163330078,161.84095764160156,247.19036865234375,95.55061340332031
2018-12-03,116.41000366210938,140.96435546875,164.6693878173828,250.46348571777344,96.22903442382812
2018-12-04,117.12000274658203,134.96273803710938,158.35316467285156,242.34788513183594,97.84003448486328
2018-12-06,117.13999938964844,134.6699676513672,159.47119140625,241.98023986816406,98.14730072021484
2018-12-07,118.08999633789062,131.76068115234375,154.2061309814453,236.35752868652344,98.33000183105469
2018-12-10,117.68000030517578,131.37644958496094,155.821044921875,236.80599975585938,98.73688507080078
2018-12-11,117.54000091552734,131.2391815185547,156.33702087402344,236.8598175048828,98.72024536132812
2018-12-12,117.79000091552734,132.49261474609375,157.71299743652344,238.0524139404297,98.2801742553711
2018-12-13,117.52999877929688,130.61705017089844,157.76077270507812,237.9717254638672,98.04766082763672
2018-12-14,117.05999755859375,128.64093017578125,153.9194793701172,233.57765197753906,98.38811492919922
2018-12-17,117.87000274658203,125.77608489990234,150.4317169189453,228.99520874023438,98.96112060546875
2018-12-18,118.1500015258789,125.62001037597656,151.377685546875,228.744140625,99.5537338256836
2018-12-19,117.43000030517578,123.00389862060547,147.6605987548828,225.31857299804688,100.86895751953125
2018-12-20,119.23999786376953,120.97523498535156,145.52023315429688,221.6508331298828,100.502685546875
2018-12-21,118.72000122070312,117.83586883544922,141.01007080078125,217.1092529296875,100.48609924316406
2018-12-24,120.0199966430664,115.55021667480469,137.5132293701172,211.37261962890625,100.98546600341797
2018-12-26,119.66000366210938,121.10375213623047,146.0994415283203,222.0522003173828,99.90340423583984
2018-12-27,120.56999969482422,121.60856628417969,146.6648406982422,223.7570037841797,99.9200439453125
2018-12-28,121.05999755859375,121.95742797851562,146.5882110595703,223.46829223632812,100.76072692871094
2018-12-31,121.25,122.91207122802734,147.8243865966797,225.42562866210938,101.14360809326172
2019-01-02,121.33000183105469,123.6097183227539,148.41848754882812,225.66014099121094,101.67634582519531
2019-01-03,122.43000030517578,121.3974609375,143.56961059570312,220.27529907226562,102.8333969116211
2019-01-04,121.44000244140625,125.93211364746094,149.712158203125,227.65359497070312,101.6430435180664
2019-01-07,121.86000061035156,128.13514709472656,151.49456787109375,229.44851684570312,101.34343719482422
2019-01-08,121.52999877929688,130.0995635986328,152.8649444580078,231.604248046875,101.07708740234375
2019-01-09,122.30999755859375,131.17355346679688,154.11070251464844,232.68667602539062,100.91888427734375
2019-01-10,121.58999633789062,131.8528289794922,154.5514373779297,233.50746154785156,100.2696533203125
2019-01-11,121.80000305175781,131.8894805908203,153.98611450195312,233.59771728515625,100.66083526611328
2019-01-14,122.08999633789062,130.57687377929688,152.62538146972656,232.17257690429688,100.28626251220703
2019-01-15,121.87999725341797,131.6783905029297,155.60560607910156,234.8334503173828,99.9200439453125
2019-01-16,122.2699966430664,132.66058349609375,155.57687377929688,235.40167236328125,100.01990509033203
2019-01-17,122.11000061035156,133.86305236816406,156.80348205566406,237.1876220703125,100.04489135742188
2019-01-18,121.0199966430664,135.24000549316406,158.35585021972656,240.34454345703125,99.52046203613281
2019-01-22,121.44999694824219,133.10118103027344,155.1840057373047,237.09742736816406,100.19471740722656
2019-01-23,121.27999877929688,132.73403930664062,155.38522338867188,237.5935821533203,100.15306854248047
2019-01-24,121.08999633789062,133.53260803222656,156.3914031982422,237.7197723388672,100.81071472167969
2019-01-25,122.86000061035156,135.24920654296875,158.2600555419922,239.73123168945312,100.3279037475586
2019-01-28,123.29000091552734,134.52403259277344,156.30516052246094,237.90919494628906,100.22799682617188
2019-01-29,123.9800033569336,134.20274353027344,154.8293914794922,237.5935821533203,100.73574829101562
2019-01-30,124.69000244140625,135.6714630126953,158.7678985595703,241.354736328125,100.66083526611328
2019-01-31,124.75,136.82803344726562,161.14447021484375,243.47445678710938,101.5265121459961
2019-02-01,124.5,136.93820190429688,160.464111328125,243.59178161621094,100.91332244873047
2019-02-04,123.95999908447266,138.57212829589844,162.45730590820312,245.3054962158203,100.46285247802734
2019-02-05,124.27999877929688,138.71896362304688,163.89471435546875,246.33383178710938,100.92167663574219
2019-02-06,123.44000244140625,138.5446014404297,163.40599060058594,246.00912475585938,100.97171783447266
2019-02-07,123.73999786376953,137.40634155273438,161.21157836914062,243.66397094726562,101.63914489746094
2019-02-08,124.20999908447266,137.55322265625,161.52774047851562,243.96157836914062,102.07298278808594
2019-02-11,123.5999984741211,138.70066833496094,161.37445068359375,244.096923828125,101.67253875732422
2019-02-12,123.86000061035156,140.43553161621094,163.76058959960938,247.23583984375,101.41387176513672
2019-02-13,123.37000274658203,140.83026123046875,163.87554931640625,248.0386199951172,101.03013610839844
2019-02-14,124.05999755859375,141.15150451660156,164.07679748535156,247.48843383789062,101.6058120727539
2019-02-15,124.80000305175781,143.40045166015625,164.76675415039062,250.18527221679688,101.76432037353516
2019-02-19,126.69999694824219,143.79518127441406,165.09254455566406,250.61831665039062,102.02291107177734
2019-02-20,126.4800033569336,144.4744415283203,165.06382751464844,251.1234130859375,101.73088073730469
2019-02-21,125.05000305175781,143.92373657226562,164.46011352539062,250.23046875,100.82159423828125
2019-02-22,125.5,145.17210388183594,165.6771240234375,251.78182983398438,101.42225646972656
2019-02-25,125.37000274658203,145.20883178710938,166.28085327148438,252.12454223632812,101.12191009521484
2019-02-26,125.58000183105469,144.20831298828125,166.45333862304688,251.94419860839844,101.6224594116211
2019-02-27,124.69000244140625,144.41026306152344,166.34793090820312,251.83596801757812,100.47119140625
2019-02-28,123.98999786376953,143.91448974609375,165.96463012695312,251.36692810058594,100.12911224365234
2019-03-01,121.87999725341797,145.25473022460938,167.1145477294922,252.9363555908203,99.20362091064453
2019-03-04,121.55999755859375,143.9420623779297,167.14328002929688,252.0163116455078,99.98113250732422
2019-03-05,121.72000122070312,143.27195739746094,167.26780700683594,251.673583984375,100.1901626586914
2019-03-06,121.61000061035156,140.46310424804688,166.3191680908203,250.1492462158203,100.55802154541016
2019-03-07,121.51000213623047,139.23304748535156,164.2779998779297,248.05657958984375,101.21012878417969
2019-03-08,122.83999633789062,139.19631958007812,164.0288848876953,247.56045532226562,101.6364974975586
2019-03-11,122.23999786376953,141.62884521484375,167.44036865234375,251.1504364013672,101.33553314208984
2019-03-12,122.9800033569336,141.70228576660156,168.3603057861328,252.09754943847656,102.04617309570312
2019-03-13,123.83999633789062,142.26222229003906,169.62522888183594,253.76620483398438,101.8538589477539
2019-03-14,122.41000366210938,141.68392944335938,169.33778381347656,253.6039276123047,101.1181411743164
2019-03-15,122.97000122070312,142.06028747558594,170.90933227539062,254.8568878173828,101.78694152832031
2019-03-18,123.04000091552734,142.96900939941406,171.31637573242188,255.78085327148438,101.72845458984375
2019-03-19,123.37999725341797,142.243896484375,171.89239501953125,255.8441925048828,101.50271606445312
2019-03-20,124.18000030517578,141.0583953857422,172.5740203857422,255.07427978515625,102.56448364257812
2019-03-21,123.68000030517578,142.90843200683594,175.27166748046875,257.95526123046875,102.7901840209961
2019-03-22,123.97000122070312,137.70819091796875,171.42198181152344,252.990478515625,104.38704681396484
2019-03-25,124.91999816894531,138.315673828125,171.09556579589844,252.80032348632812,104.55424499511719
2019-03-26,124.30000305175781,139.7698974609375,171.89239501953125,254.68466186523438,104.47900390625
2019-03-27,123.6500015258789,139.22683715820312,170.78839111328125,253.3529052734375,105.44043731689453
2019-03-28,121.9000015258789,140.4693603515625,171.1820068359375,254.3132781982422,105.80827331542969
2019-03-29,122.01000213623047,140.90194702148438,172.47801208496094,255.91676330566406,105.70796966552734
2019-04-01,121.52999877929688,142.43899536132812,174.76283264160156,258.9517822265625,104.20653533935547
2019-04-02,121.9800033569336,142.0708770751953,175.42530822753906,259.0785827636719,104.39920806884766
2019-04-03,121.80000305175781,142.80715942382812,176.43328857421875,259.48626708984375,103.49434661865234
2019-04-04,122.11000061035156,143.5066375732422,176.36610412597656,260.1748046875,103.78755187988281
2019-04-05,121.9800033569336,144.85044860839844,177.2781524658203,261.43408203125,103.92163848876953
2019-04-08,122.51000213623047,144.6111297607422,177.72935485839844,261.6333923339844,103.5529556274414
2019-04-09,123.1500015258789,142.84397888183594,177.10536193847656,260.2926330566406,103.87971496582031
2019-04-10,123.52999877929688,144.78598022460938,178.0557403564453,261.1803894042969,104.1311264038086
2019-04-11,121.94999694824219,144.60189819335938,177.63333129882812,261.10791015625,103.51946258544922
2019-04-12,121.83000183105469,145.1265411376953,178.4013671875,262.8746337890625,102.78211975097656
2019-04-15,121.5999984741211,144.65708923339844,178.43016052246094,262.7024230957031,103.04188537597656
2019-04-16,120.51000213623047,144.99769592285156,179.04458618164062,262.8746337890625,102.39669036865234
2019-04-17,120.27999877929688,143.67234802246094,179.66859436035156,262.2314147949219,102.43858337402344
2019-04-18,120.37000274658203,143.24893188476562,179.8990478515625,262.74774169921875,102.97480773925781
2019-04-22,120.37000274658203,142.87161254882812,180.4077911376953,262.9742126464844,102.48046112060547
2019-04-23,120.12000274658203,145.0253143310547,182.7022705078125,265.3387451171875,102.69837188720703
2019-04-24,120.47000122070312,145.4762725830078,182.12623596191406,264.7500305175781,103.53617095947266
2019-04-25,120.56999969482422,144.27059936523438,182.865478515625,264.58685302734375,103.38540649414062
2019-04-26,121.37000274658203,145.66957092285156,183.02871704101562,265.8190002441406,103.7372817993164
2019-04-29,120.83000183105469,146.36903381347656,183.38388061523438,266.2357482910156,103.07536315917969
2019-04-30,121.19999694824219,145.68792724609375,181.9630584716797,266.37164306640625,103.60322570800781
2019-05-01,120.4000015258789,144.30740356445312,181.37742614746094,264.369384765625,104.03060913085938
2019-05-02,119.94000244140625,144.97927856445312,180.59024047851562,263.79864501953125,103.53521728515625
2019-05-03,120.6500015258789,147.74964904785156,183.47030639648438,266.380615234375,103.8291244506836
2019-05-06,120.80999755859375,147.91531372070312,182.3470916748047,265.28448486328125,104.1146011352539
2019-05-07,121.20999908447266,144.9884796142578,178.79495239257812,260.854248046875,104.91224670410156
2019-05-08,120.91000366210938,144.27976989746094,178.34376525878906,260.4919128417969,104.45880126953125
2019-05-09,121.19999694824219,143.7551727294922,177.38375854492188,259.7037658691406,104.88703918457031
2019-05-10,121.43000030517578,144.1509552001953,177.6045684814453,261.00836181640625,104.74430847167969
2019-05-13,122.66999816894531,139.55819702148438,171.4412384033203,254.4491424560547,105.56710052490234
2019-05-14,122.45999908447266,141.31610107421875,173.3228302001953,256.75018310546875,105.25645446777344
2019-05-15,122.38999938964844,141.7763214111328,175.77090454101562,258.25408935546875,105.90299224853516
2019-05-16,121.51000213623047,142.65989685058594,177.53733825683594,260.6458435058594,105.55034637451172
2019-05-17,120.6500015258789,140.67189025878906,175.72291564941406,258.9608154296875,105.78541564941406
2019-05-20,120.63999938964844,139.6962432861328,172.7564697265625,257.24853515625,105.56710052490234
2019-05-21,120.36000061035156,141.57382202148438,174.56130981445312,259.56787109375,105.39922332763672
2019-05-22,120.23999786376953,140.38653564453125,173.78369140625,258.7705078125,106.00374603271484
2019-05-23,121.16999816894531,137.49655151367188,171.12435913085938,255.6087188720703,107.19605255126953
2019-05-24,121.30000305175781,138.7850799560547,171.03799438476562,256.18853759765625,107.28840637207031
2019-05-28,120.83000183105469,137.6805877685547,170.39479064941406,253.80584716796875,108.06085968017578
2019-05-29,120.87000274658203,136.5301055908203,168.99313354492188,252.1026611328125,108.3883285522461
2019-05-30,121.69000244140625,136.15277099609375,169.7035675048828,252.79124450683594,109.3203125
2019-05-31,123.33000183105469,134.24758911132812,166.9962921142578,249.38473510742188,110.68891143798828
2019-06-03,125.11000061035156,134.7169647216797,163.3193817138672,248.7506561279297,111.42929077148438
2019-06-04,125.1500015258789,138.2052459716797,167.91786193847656,254.15016174316406,110.15882873535156
2019-06-05,125.47000122070312,138.23287963867188,169.16595458984375,256.35162353515625,109.53621673583984
2019-06-06,125.87999725341797,137.8739013671875,170.50994873046875,258.0185546875,109.88961029052734
2019-06-07,126.58999633789062,138.84945678710938,173.80284118652344,260.6007080078125,110.84039306640625
2019-06-10,125.33000183105469,139.6686248779297,175.82852172851562,261.7965393066406,109.79707336425781
2019-06-11,125.18000030517578,139.25450134277344,176.06849670410156,261.7331848144531,109.8643798828125
2019-06-12,125.83000183105469,139.410888671875,175.05084228515625,261.2710266113281,109.94847869873047
2019-06-13,126.5999984741211,140.88357543945312,176.08775329589844,262.34918212890625,110.3271713256836
2019-06-14,126.55999755859375,139.6502227783203,175.33883666992188,262.0592346191406,110.60477447509766
2019-06-17,126.4800033569336,140.6135711669922,176.3949432373047,262.1589050292969,110.79826354980469
2019-06-18,127.12000274658203,142.24838256835938,178.95814514160156,264.9039001464844,111.35358428955078
2019-06-19,127.88999938964844,142.75637817382812,179.6302032470703,265.50189208984375,111.51348114013672
2019-06-20,131.11000061035156,143.4306182861328,181.30062866210938,268.03863525390625,111.80791473388672
2019-06-21,131.97999572753906,142.19297790527344,181.03189086914062,267.64892578125,110.57949829101562
2019-06-24,133.94000244140625,140.46578979492188,181.03761291503906,267.3212585449219,111.40404510498047
2019-06-25,134.1999969482422,139.60679626464844,177.92984008789062,264.6993103027344,111.7490234375
2019-06-26,132.97000122070312,139.28355407714844,178.75730895996094,264.4353942871094,111.03382873535156
2019-06-27,132.83999633789062,141.89739990234375,179.44046020507812,265.3730773925781,111.81631469726562
2019-06-28,133.1999969482422,143.6246337890625,179.67137145996094,266.73858642578125,111.7406234741211
2019-07-01,130.6199951171875,144.17881774902344,182.09596252441406,269.1601867675781,111.4792709350586
2019-07-02,133.41000366210938,143.3013458251953,182.81759643554688,269.8611145019531,112.33908081054688
2019-07-03,133.6300048828125,144.3265380859375,184.19345092773438,272.0186767578125,113.13995361328125
2019-07-05,132.13999938964844,144.71449279785156,183.81825256347656,271.7092590332031,111.639404296875
2019-07-08,131.2899932861328,143.33828735351562,182.52891540527344,270.2161865234375,111.79120635986328
2019-07-09,131.75,143.5322265625,183.44297790527344,270.55303955078125,111.7490463256836
2019-07-10,133.8300018310547,143.78163146972656,185.2710418701172,271.84576416015625,111.13362121582031
2019-07-11,132.6999969482422,143.07969665527344,185.13638305664062,272.4830017089844,109.64995574951172
2019-07-12,133.52999877929688,144.18801879882812,186.20431518554688,273.7029113769531,109.77642059326172
2019-07-15,133.52999877929688,143.4306182861328,186.8008575439453,273.7939758300781,110.40865325927734
2019-07-16,132.39999389648438,143.3844757080078,185.83868408203125,272.910888671875,110.07989501953125
2019-07-17,134.5800018310547,142.35923767089844,184.92466735839844,271.0537109375,111.26850891113281
2019-07-18,136.47999572753906,142.8949737548828,185.13638305664062,272.0460205078125,111.27696990966797
2019-07-19,134.47000122070312,142.07290649414062,183.7797088623047,270.5348815917969,111.01564025878906
2019-07-22,134.4499969482422,141.94361877441406,185.2421875,271.1994323730469,111.22637939453125
2019-07-23,133.69000244140625,142.8856964111328,186.4545135498047,273.13848876953125,110.61937713623047
2019-07-24,134.3699951171875,145.2501983642578,187.76300048828125,274.422119140625,111.0998764038086
2019-07-25,133.4199981689453,143.49526977539062,185.98304748535156,273.1112060546875,110.56876373291016
2019-07-26,133.63999938964844,145.19480895996094,187.897705078125,274.9410705566406,110.83016967773438
2019-07-29,134.52999877929688,144.2249755859375,187.25308227539062,274.4403381347656,110.86383056640625
2019-07-30,134.97999572753906,145.7859344482422,186.44488525390625,273.7666015625,111.13362121582031
2019-07-31,133.2100067138672,144.60362243652344,183.86634826660156,270.7715148925781,112.0272445678711
2019-08-01,136.41000366210938,142.50704956054688,182.95223999023438,268.41363525390625,114.25213623046875
2019-08-02,135.88999938964844,140.92764282226562,180.25831604003906,266.3926696777344,115.3080062866211
2019-08-05,137.7899932861328,136.69740295410156,173.88880920410156,258.38134765625,117.30144500732422
2019-08-06,138.91000366210938,137.95352172851562,176.32308959960938,262.004638671875,118.23902893066406
2019-08-07,141.02000427246094,137.9165802001953,177.2755584716797,262.1593933105469,118.28126525878906
2019-08-08,141.72999572753906,140.89064025878906,181.13380432128906,267.302978515625,118.53469848632812
2019-08-09,141.25999450683594,139.11727905273438,179.43084716796875,265.48223876953125,118.29818725585938
2019-08-12,142.6300048828125,137.31619262695312,177.37184143066406,262.2504577636719,120.7646713256836
2019-08-13,141.77999877929688,138.79403686523438,181.25892639160156,266.32879638671875,120.35076141357422
2019-08-14,142.75,134.914794921875,175.8419952392578,258.4542236328125,123.06217193603516
2019-08-15,143.6999969482422,134.3791046142578,175.6399688720703,259.1369934082031,124.4305648803711
2019-08-16,142.77999877929688,137.27928161621094,178.45904541015625,262.9606018066406,123.433837890625
2019-08-19,141.11000061035156,138.6647186279297,181.29739379882812,266.12872314453125,121.66845703125
2019-08-20,142.2100067138672,137.7595672607422,179.8926544189453,264.08941650390625,122.927001953125
2019-08-21,141.75999450683594,138.89564514160156,181.4897918701172,266.2379150390625,122.10765075683594
2019-08-22,141.39999389648438,138.5723876953125,180.9029083251953,266.1559753417969,121.29673767089844
2019-08-23,144.1699981689453,134.32366943359375,175.17813110351562,259.31903076171875,123.29025268554688
2019-08-26,144.19000244140625,135.8014373779297,177.82403564453125,262.186767578125,122.79190063476562
2019-08-27,145.57000732421875,133.7879638671875,177.44879150390625,261.1580810546875,124.6839828491211
2019-08-28,145.16000366210938,135.34884643554688,178.0838165283203,262.9969177246094,124.84447479248047
2019-08-29,144.1199951171875,137.72262573242188,180.80670166015625,266.3562927246094,124.37141418457031
2019-08-30,143.75,137.4732208251953,180.37376403808594,266.2379150390625,124.40520477294922
2019-09-03,145.75,135.459716796875,178.62257385253906,264.6811828613281,124.56602478027344
2019-09-04,146.66000366210938,136.5496063232422,181.20114135742188,267.6854248046875,124.75214385986328
2019-09-05,143.13999938964844,139.08958435058594,184.52061462402344,271.12664794921875,122.49295043945312
2019-09-06,141.9199981689453,138.4522705078125,184.3378143310547,271.33587646484375,123.3644790649414
2019-09-09,141.38999938964844,140.30880737304688,183.95291137695312,271.4725036621094,121.17281341552734
2019-09-10,140.17999267578125,142.10061645507812,183.42373657226562,271.4087829589844,119.04896545410156
2019-09-11,141.02999877929688,145.01002502441406,185.14590454101562,273.33880615234375,118.83736419677734
2019-09-12,141.32000732421875,145.04698181152344,185.9157257080078,274.28558349609375,118.05889129638672
2019-09-13,140.14999389648438,145.29637145996094,185.25181579589844,274.1034851074219,115.53730010986328
2019-09-16,141.32000732421875,145.84132385253906,184.42431640625,273.2568359375,117.00965881347656
2019-09-17,141.60000610351562,145.46266174316406,185.3095703125,273.9486389160156,117.64424896240234
2019-09-18,140.7100067138672,144.5667266845703,185.23260498046875,274.1125793457031,118.1435317993164
2019-09-19,141.27999877929688,143.8647918701172,185.54046630859375,274.0943298339844,118.4988784790039
2019-09-20,142.9499969482422,143.5599822998047,183.5776824951172,272.79937744140625,120.06432342529297
2019-09-23,143.75,143.4491424560547,183.65869140625,272.73529052734375,120.03895568847656
2019-09-24,144.50999450683594,141.28392028808594,181.21951293945312,270.59521484375,121.4859390258789
2019-09-25,141.8300018310547,142.83180236816406,183.2537384033203,272.1957092285156,119.70894622802734
2019-09-26,141.7899932861328,141.23757934570312,182.578857421875,271.628662109375,120.47896575927734
2019-09-27,141.05999755859375,140.10682678222656,180.3133087158203,270.1653747558594,120.77515411376953
2019-09-30,138.8699951171875,140.27366638183594,182.02935791015625,271.4183349609375,121.0712661743164
2019-10-01,139.6300048828125,137.52085876464844,180.54464721679688,268.18988037109375,121.4357681274414
2019-10-02,141.25999450683594,136.4827423095703,177.44027709960938,263.452392578125,121.7324447631836
2019-10-03,141.89999389648438,136.9368896484375,179.38772583007812,265.6107177734375,122.84294128417969
2019-10-04,141.89999389648438,138.2344970703125,182.02935791015625,269.20501708984375,123.7498779296875
2019-10-07,140.69000244140625,137.9935302734375,181.4798583984375,268.0434875488281,122.7242202758789
2019-10-08,141.9199981689453,135.75047302246094,178.7611083984375,263.8822326660156,123.05479431152344
2019-10-09,142.0500030517578,136.37147521972656,180.50607299804688,266.38812255859375,122.35971069335938
2019-10-10,140.80999755859375,136.9183349609375,181.90403747558594,268.18988037109375,120.53728485107422
2019-10-11,140.02999877929688,139.23553466796875,184.24676513671875,270.97015380859375,119.04535675048828
2019-10-14,140.58999633789062,138.72576904296875,184.22743225097656,270.66839599609375,119.9100112915039
2019-10-15,139.61000061035156,140.32000732421875,186.57022094726562,273.3481140136719,118.46053314208984
2019-10-16,140.41000366210938,140.4683074951172,186.10743713378906,272.9091491699219,118.60462188720703
2019-10-17,140.61000061035156,142.1273956298828,186.59912109375,273.7138671875,118.31640625
2019-10-18,140.4600067138672,141.4508056640625,184.805908203125,272.51580810546875,118.31640625
2019-10-21,139.7899932861328,142.7762451171875,186.44485473632812,274.3632507324219,117.4263687133789
2019-10-22,140.1999969482422,142.93377685546875,184.9601593017578,273.4670715332031,118.11299133300781
2019-10-23,140.52999877929688,143.10987854003906,185.31687927246094,274.2626647949219,118.23165893554688
2019-10-24,141.52999877929688,142.9059600830078,187.11973571777344,274.7108154296875,117.99429321289062
2019-10-25,141.86000061035156,143.666015625,188.6140594482422,275.835693359375,117.4178695678711
2019-10-28,140.63999938964844,144.9080352783203,190.47474670410156,277.3905029296875,116.34983825683594
2019-10-29,140.25,145.3807373046875,188.99969482421875,277.30816650390625,116.42613220214844
2019-10-30,141.02000427246094,144.8987579345703,189.91554260253906,278.1587829589844,118.12994384765625
2019-10-31,142.42999267578125,144.08309936523438,190.0023651123047,277.4178771972656,119.72352600097656
2019-11-01,142.55999755859375,146.539306640625,191.72808837890625,279.9878845214844,119.35498809814453
2019-11-04,142.14999389648438,147.32716369628906,192.9138946533203,281.11285400390625,117.78404998779297
2019-11-05,139.85000610351562,147.5125732421875,193.01992797851562,280.8018798828125,116.45942687988281
2019-11-06,140.4499969482422,146.65985107421875,192.58609008789062,280.8658752441406,117.1642074584961
2019-11-07,138.27000427246094,147.04908752441406,193.2320556640625,281.85357666015625,115.04136657714844
2019-11-08,137.38999938964844,147.4476776123047,194.0032958984375,282.5486755371094,114.557373046875
2019-11-11,137.05999755859375,147.16958618164062,193.74301147460938,282.00909423828125,114.63378143310547
2019-11-12,137.42999267578125,147.21595764160156,194.3022003173828,282.60357666015625,115.16022491455078
2019-11-13,137.97999572753906,146.58567810058594,194.3503875732422,282.6949768066406,115.9074935913086
2019-11-14,138.55999755859375,146.539306640625,194.19610595703125,283.1065979003906,117.1047592163086
2019-11-15,138.2100067138672,147.29931640625,195.6230010986328,285.1552429199219,116.9773941040039
2019-11-18,138.6199951171875,146.92864990234375,195.77723693847656,285.3655700683594,117.18968963623047
2019-11-19,138.69000244140625,147.47547912597656,196.06646728515625,285.2833251953125,118.16617584228516
2019-11-20,138.75999450683594,146.9193572998047,194.89028930664062,284.2223205566406,119.38897705078125
2019-11-21,138.0,146.19639587402344,194.4564666748047,283.7651062011719,118.6417007446289
2019-11-22,137.74000549316406,146.65057373046875,194.58177185058594,284.39617919921875,118.79454040527344
2019-11-25,137.0800018310547,149.76486206054688,196.88592529296875,286.600341796875,119.14271545410156
2019-11-26,137.74000549316406,149.86685180664062,197.2619171142578,287.2496337890625,119.8390121459961
2019-11-27,137.00999450683594,150.92347717285156,198.64059448242188,288.5299987792969,119.49079132080078
2019-11-29,137.86000061035156,149.9409637451172,197.73434448242188,287.4599304199219,119.2361831665039
2019-12-02,137.7899932861328,148.4764862060547,195.70973205566406,285.01800537109375,117.64634704589844
2019-12-03,139.11000061035156,148.0037841796875,194.17686462402344,283.1065979003906,120.113037109375
2019-12-04,138.9199981689453,149.02340698242188,195.16021728515625,284.85345458984375,118.91370391845703
2019-12-05,139.0,149.1716766357422,195.54586791992188,285.3655700683594,118.33527374267578
2019-12-06,137.6199951171875,150.9141845703125,197.637939453125,287.9721984863281,117.68035125732422
2019-12-09,137.5800018310547,150.62686157226562,196.74130249023438,287.06671142578125,117.93553924560547
2019-12-10,137.97000122070312,150.71957397460938,196.57742309570312,286.7466125488281,117.94408416748047
2019-12-11,138.9199981689453,150.6732177734375,197.61862182617188,287.560546875,118.87124633789062
2019-12-12,138.42999267578125,151.9708709716797,199.0936737060547,290.0390319824219,116.9148178100586
2019-12-13,139.0500030517578,151.38690185546875,199.74928283691406,290.21282958984375,118.26730346679688
2019-12-16,139.0399932861328,152.4539337158203,201.75457763671875,292.20660400390625,117.20398712158203
2019-12-17,139.00999450683594,153.21678161621094,201.87030029296875,292.27056884765625,117.04244232177734
2019-12-18,139.02000427246094,153.51443481445312,202.02456665039062,292.2888488769531,116.08126068115234
2019-12-19,139.3800048828125,154.1749267578125,203.28749084472656,293.48699951171875,116.26698303222656
2019-12-20,139.52000427246094,154.39822387695312,204.10691833496094,294.7738037109375,116.42031860351562
2019-12-23,139.9499969482422,154.70516967773438,204.6460723876953,295.2240295410156,116.2499008178711
2019-12-24,141.27000427246094,155.0586700439453,204.7523651123047,295.23321533203125,116.58221435546875
2019-12-26,142.3800048828125,155.0586700439453,206.55911254882812,296.8048400878906,116.86331939697266
2019-12-27,142.3300018310547,154.2958526611328,206.3852081298828,296.7313537597656,116.99112701416016
2019-12-30,142.6300048828125,153.90518188476562,205.03257751464844,295.09539794921875,116.56511688232422
2019-12-31,142.89999389648438,154.11912536621094,205.41903686523438,295.8122253417969,115.42351531982422
2020-01-02,143.9499969482422,154.221435546875,208.84896850585938,298.57867431640625,116.72701263427734
2020-01-03,145.86000061035156,153.61680603027344,206.93589782714844,296.3177185058594,118.52461242675781
2020-01-06,147.38999938964844,153.8214569091797,208.26927185058594,297.4482727050781,117.8515625
2020-01-07,147.97000122070312,153.30979919433594,208.24024963378906,296.61187744140625,117.27229309082031
2020-01-08,146.86000061035156,153.78421020507812,209.8054656982422,298.192626953125,116.49698638916016
2020-01-09,146.02999877929688,153.9702606201172,211.58323669433594,300.21466064453125,116.90591430664062
2020-01-10,146.91000366210938,153.39353942871094,211.04220581054688,299.3507385253906,117.94529724121094
2020-01-13,145.82000732421875,154.38893127441406,213.4768829345703,301.40936279296875,117.58748626708984
2020-01-14,145.69000244140625,154.9563751220703,212.63638305664062,300.9499206542969,118.19235229492188
2020-01-15,146.5399932861328,155.70057678222656,212.72329711914062,301.6300048828125,118.97615051269531
2020-01-16,146.30999755859375,157.70999145507812,214.76199340820312,304.1390686035156,118.60133361816406
2020-01-17,146.5800018310547,157.2820587158203,215.82476806640625,305.08563232421875,117.58748626708984
2020-01-21,146.74000549316406,155.97967529296875,215.7281494140625,304.4881896972656,118.82286834716797
2020-01-22,146.7899932861328,155.87738037109375,216.29820251464844,304.5251159667969,119.2402572631836
2020-01-23,147.1199951171875,155.77500915527344,216.9938201904297,304.874267578125,120.07521057128906
2020-01-24,147.97999572753906,153.85867309570312,215.167724609375,302.1629638671875,121.04644012451172
2020-01-27,148.99000549316406,152.10972595214844,210.7233123779297,297.3194885253906,122.92930603027344
2020-01-28,147.66000366210938,153.37490844726562,213.96002197265625,300.4351501464844,121.96651458740234
2020-01-29,148.4600067138672,152.5004425048828,214.30787658691406,300.18707275390625,123.15933990478516
2020-01-30,148.47000122070312,152.5004425048828,215.0711669921875,301.16119384765625,123.1762924194336
2020-01-31,149.3300018310547,149.3375244140625,211.66053771972656,295.6928405761719,124.30091857910156
2020-02-03,148.36000061035156,151.00270080566406,214.8585662841797,297.88934326171875,124.20024108886719
2020-02-04,146.42999267578125,153.28187561035156,219.7764129638672,302.4295959472656,122.52761840820312
2020-02-05,146.61000061035156,155.644775390625,220.5010986328125,305.92205810546875,121.18785095214844
2020-02-06,147.39999389648438,155.29122924804688,222.40443420410156,306.9513854980469,121.73397064208984
2020-02-07,147.7899932861328,153.38421630859375,221.44789123535156,305.3154296875,123.25300598144531
2020-02-10,148.1699981689453,154.24940490722656,224.1242218017578,307.5947570800781,123.5943374633789
2020-02-11,147.66000366210938,155.31918334960938,224.16287231445312,308.1278076171875,122.97139739990234
2020-02-12,147.5399932861328,156.38900756835938,226.34645080566406,310.113037109375,122.34842681884766
2020-02-13,148.3800048828125,156.79832458496094,226.0565948486328,309.7821350097656,122.81781005859375
2020-02-14,149.0,156.1936492919922,226.70388793945312,310.2784118652344,123.35540008544922
2020-02-18,150.91000366210938,155.8587646484375,226.7908935546875,309.4787292480469,124.20024108886719
2020-02-19,151.7899932861328,156.65878295898438,228.96478271484375,310.9585266113281,124.19175720214844
2020-02-20,152.41000366210938,157.04019165039062,226.83917236328125,309.6810302734375,125.1645736694336
2020-02-21,154.6999969482422,155.44944763183594,222.4817352294922,306.49188232421875,126.33366394042969
2020-02-24,156.08999633789062,150.77011108398438,213.9020538330078,296.32684326171875,128.2196044921875
2020-02-25,153.3000030517578,145.41177368164062,208.08567810058594,287.3476257324219,128.9022979736328
2020-02-26,153.97000122070312,143.72793579101562,209.15814208984375,286.2906494140625,128.2196044921875
2020-02-27,154.0,138.66720581054688,198.6847686767578,273.4328918457031,129.6106719970703
2020-02-28,148.3800048828125,136.12754821777344,198.83935546875,272.2840576171875,132.53775024414062
2020-03-02,149.1999969482422,140.49984741210938,209.1001434326172,284.0758056640625,131.56256103515625
2020-03-03,153.88999938964844,137.6345672607422,202.3948974609375,275.94195556640625,133.60520935058594
2020-03-04,154.16000366210938,141.55108642578125,210.83929443359375,287.5405578613281,132.1864776611328
2020-03-05,157.49000549316406,137.0485382080078,204.43350219726562,277.9823303222656,135.4768524169922
2020-03-06,157.5500030517578,134.33212280273438,200.98428344726562,273.3868408203125,142.52752685546875
2020-03-09,157.80999755859375,121.27099609375,187.02296447753906,252.03683471679688,146.39051818847656
2020-03-10,154.47999572753906,125.05724334716797,197.20654296875,265.0784912109375,138.8867950439453
2020-03-11,153.92999267578125,117.10338592529297,188.6172332763672,252.1563262939453,133.77609252929688
2020-03-12,147.7899932861328,104.1632080078125,171.32264709472656,228.03074645996094,134.60504150390625
2020-03-13,143.27999877929688,111.14030456542969,185.83462524414062,247.52426147460938,131.56256103515625
2020-03-16,141.63999938964844,96.39539337158203,163.57388305664062,220.43922424316406,140.08335876464844
2020-03-17,143.55999755859375,100.814208984375,175.97959899902344,232.34121704101562,130.74215698242188
2020-03-18,140.6999969482422,92.99988555908203,170.626953125,220.57708740234375,123.36658477783203
2020-03-19,138.0399932861328,96.62796783447266,171.65113830566406,221.0457763671875,126.72538757324219
2020-03-20,140.11000061035156,94.33016204833984,164.92652893066406,211.51998901367188,136.25453186035156
2020-03-23,146.3000030517578,92.93474578857422,165.0456085205078,206.11183166503906,141.86947631835938
2020-03-24,153.39999389648438,101.4375,177.82632446289062,224.78623962402344,139.22862243652344
2020-03-25,151.3000030517578,102.6982421875,176.50953674316406,228.1513214111328,138.91246032714844
2020-03-26,153.24000549316406,109.08592987060547,185.80459594726562,241.47299194335938,139.59617614746094
2020-03-27,152.25,105.1169662475586,179.41424560546875,234.28057861328125,143.32235717773438
2020-03-30,152.9199981689453,107.43296813964844,185.9401397705078,241.8890380859375,142.1429901123047
2020-03-31,148.0500030517578,106.89131164550781,184.35223388671875,238.2835693359375,140.9892578125
2020-04-01,149.4499969482422,99.60709381103516,176.51922607421875,227.55966186523438,142.96458435058594
2020-04-02,151.89999389648438,100.55030059814453,180.10169982910156,232.81065368652344,143.87173461914062
2020-04-03,152.64999389648438,97.70199584960938,177.54556274414062,229.44558715820312,144.2141571044922
2020-04-06,156.8800048828125,105.18231964111328,190.23912048339844,244.85658264160156,143.83755493164062
2020-04-07,156.0399932861328,105.4531478881836,190.1616668701172,245.10621643066406,142.33131408691406
2020-04-08,154.64999389648438,110.26261138916016,194.19921875,253.33407592773438,141.2956085205078
2020-04-09,158.69000244140625,115.53899383544922,194.47999572753906,257.1891784667969,141.55233764648438
2020-04-13,161.41000366210938,112.41050720214844,196.58108520507812,254.8409423828125,140.260009765625
2020-04-14,162.67999267578125,114.68917846679688,205.13064575195312,262.35693359375,140.22576904296875
2020-04-15,161.85000610351562,110.0104751586914,202.7777557373047,256.7823486328125,143.9402313232422
2020-04-16,161.7100067138672,109.17930603027344,206.47642517089844,258.02117919921875,145.5750274658203
2020-04-17,158.57000732421875,113.98877716064453,208.45166015625,264.99169921875,143.6236114501953
2020-04-20,159.6999969482422,112.64399719238281,205.982666015625,260.3231201171875,144.77899169921875
2020-04-21,158.61000061035156,109.95442962646484,198.3820037841797,252.41885375976562,146.60198974609375
2020-04-22,161.72999572753906,111.28986358642578,204.26889038085938,258.02117919921875,145.1042022705078
2020-04-23,163.33999633789062,112.38252258300781,203.83319091796875,258.0025939941406,145.87449645996094
2020-04-24,162.63999938964844,114.31562805175781,207.0477294921875,261.5988464355469,146.21690368652344
2020-04-27,161.55999755859375,118.84492492675781,208.7130584716797,265.37078857421875,143.4951934814453
2020-04-28,160.83999633789062,120.57257080078125,204.78204345703125,264.15045166015625,145.14698791503906
2020-04-29,161.72999572753906,126.50272369384766,212.0438232421875,271.0655212402344,144.39389038085938
2020-04-30,158.8000030517578,121.69322967529297,211.95664978027344,268.54168701171875,142.70779418945312
2020-05-01,159.77999877929688,116.86509704589844,205.982666015625,261.4324951171875,143.92984008789062
2020-05-04,160.33999633789062,117.3694076538086,208.3839111328125,262.1535339355469,143.2528533935547
2020-05-05,161.02000427246094,118.27525329589844,210.7463836669922,264.5757141113281,142.33584594726562
2020-05-06,158.9499969482422,117.4067611694336,212.0438232421875,262.78216552734375,140.03915405273438
2020-05-07,161.38999938964844,119.01301574707031,214.7742462158203,265.953125,142.37863159179688
2020-05-08,160.4199981689453,123.607666015625,217.7176971435547,270.3536071777344,140.52761840820312
2020-05-11,159.4199981689453,122.99132537841797,219.66383361816406,270.4090881347656,139.4307098388672
2020-05-12,160.0399932861328,118.57408142089844,215.06466674804688,265.0195007324219,140.86184692382812
2020-05-13,161.5800018310547,114.60513305664062,212.37303161621094,260.3323669433594,141.84739685058594
2020-05-14,163.00999450683594,114.97867584228516,214.783935546875,263.44775390625,143.2357635498047
2020-05-15,163.92999267578125,116.80906677246094,216.17819213867188,264.65887451171875,142.86712646484375
2020-05-18,162.69000244140625,123.906494140625,220.2060089111328,272.7203369140625,139.73065185546875
2020-05-19,164.25999450683594,121.45978546142578,219.65411376953125,269.91912841796875,140.25338745117188
2020-05-20,164.64999389648438,125.1392593383789,224.04025268554688,274.5045471191406,140.6732940673828
2020-05-21,162.25,125.36338806152344,221.60031127929688,272.609375,141.02471923828125
2020-05-22,163.2100067138672,125.97039031982422,222.3651580810547,273.12713623046875,141.87313842773438
2020-05-26,160.88999938964844,129.60316467285156,221.76490783691406,276.4920959472656,139.97059631347656
2020-05-27,161.17999267578125,133.62814331054688,222.9751739501953,280.60614013671875,139.7135009765625
2020-05-28,161.72000122070312,130.4623260498047,222.68472290039062,280.08837890625,139.19924926757812
2020-05-29,162.91000366210938,129.7152099609375,225.94766235351562,281.33642578125,140.19342041015625
2020-06-01,163.66000366210938,130.957275390625,226.6254425048828,282.47357177734375,139.24951171875
2020-06-02,162.60000610351562,132.04058837890625,228.14559936523438,284.81243896484375,138.7432098388672
2020-06-03,159.60000610351562,135.22509765625,229.1719512939453,288.602783203125,136.89837646484375
2020-06-04,161.27999877929688,135.02896118164062,227.5646514892578,287.84466552734375,134.9161834716797
2020-06-05,158.00999450683594,140.2493133544922,232.0766143798828,295.2220764160156,133.95516967773438
2020-06-08,159.72000122070312,142.9669189453125,233.87753295898438,298.79052734375,134.4700164794922
2020-06-09,161.25999450683594,140.32403564453125,235.5719757080078,296.56256103515625,135.9973907470703
2020-06-10,163.57000732421875,136.51382446289062,238.39920043945312,294.90771484375,138.01390075683594
2020-06-11,162.38999938964844,126.10111999511719,226.58673095703125,277.9065856933594,140.62245178222656
2020-06-12,162.6199951171875,129.1269073486328,228.3876495361328,281.2346496582031,139.26661682128906
2020-06-15,162.3300018310547,132.1122589111328,231.16650390625,283.86016845703125,139.34396362304688
2020-06-16,162.25,135.28884887695312,235.13629150390625,289.3238525390625,137.20726013183594
2020-06-17,162.55999755859375,132.8431854248047,235.88180541992188,288.1220703125,137.77365112304688
2020-06-18,162.24000549316406,132.7963104248047,236.52076721191406,288.2330017089844,139.23236083984375
2020-06-19,164.02999877929688,132.1122589111328,236.48207092285156,286.5857849121094,139.34396362304688
2020-06-22,165.08999633789062,133.4334716796875,239.31817626953125,288.42425537109375,139.36114501953125
2020-06-23,166.47999572753906,133.9956817626953,241.35496520996094,289.7521057128906,138.40859985351562
2020-06-24,165.89999389648438,129.64785766601562,236.3792724609375,282.36090087890625,139.89309692382812
2020-06-25,165.8000030517578,131.60626220703125,238.6295166015625,285.387939453125,140.29632568359375
2020-06-26,166.5399932861328,128.0643310546875,232.99423217773438,278.60955810546875,141.79803466796875
2020-06-29,166.6300048828125,132.2528076171875,235.53546142578125,282.7044982910156,141.35182189941406
2020-06-30,167.3699951171875,134.16436767578125,240.15225219726562,286.3257751464844,140.6653289794922
2020-07-01,166.6199951171875,132.88998413085938,242.9553680419922,288.3313293457031,140.39215087890625
2020-07-02,166.97999572753906,133.4334716796875,244.60418701171875,289.9192810058594,140.5382537841797
2020-07-06,167.97999572753906,134.3986053466797,250.61769104003906,294.39483642578125,139.96258544921875
2020-07-07,169.0399932861328,132.0186004638672,248.89122009277344,291.35845947265625,141.929931640625
2020-07-08,170.08999633789062,133.00250244140625,252.16957092285156,293.5869445800781,141.36293029785156
2020-07-09,169.6300048828125,130.3131866455078,254.29368591308594,291.91558837890625,143.61380004882812
2020-07-10,169.19000244140625,132.41213989257812,256.0299377441406,294.8962097167969,142.89208984375
2020-07-13,169.39999389648438,130.73483276367188,250.76321411132812,292.34271240234375,143.36460876464844
2020-07-14,170.19000244140625,132.8993682861328,252.5380859375,296.1312255859375,143.5707550048828
2020-07-15,170.33999633789062,137.77195739746094,253.05226135253906,298.851806640625,142.90074157714844
2020-07-16,168.72999572753906,136.95675659179688,251.3258056640625,297.86761474609375,143.579345703125
2020-07-17,170.1199951171875,137.3596649169922,251.61680603027344,298.7311096191406,143.2787322998047
2020-07-20,170.94000244140625,136.76934814453125,258.75537109375,301.1453552246094,143.63095092773438
2020-07-21,173.0,138.70899963378906,256.0589904785156,301.78607177734375,143.71690368652344
2020-07-22,175.6300048828125,138.78395080566406,256.96099853515625,303.50384521484375,144.14642333984375
2020-07-23,177.17999267578125,138.92449951171875,250.24916076660156,299.8825378417969,145.8302001953125
2020-07-24,178.6999969482422,136.88177490234375,247.87286376953125,297.9512023925781,145.82162475585938
2020-07-27,182.22999572753906,138.30604553222656,252.29568481445312,300.12396240234375,145.28033447265625
2020-07-28,183.75,136.9285888671875,249.08523559570312,298.22039794921875,146.28553771972656
2020-07-29,185.1300048828125,139.94583129882812,251.95619201660156,301.8881530761719,146.03639221191406
2020-07-30,183.75999450683594,139.3930206298828,253.27528381347656,300.81103515625,146.9985809326172
2020-07-31,185.42999267578125,138.08116149902344,257.7951965332031,303.1881103515625,146.90411376953125
2020-08-03,185.63999938964844,140.33004760742188,261.27716064453125,305.29595947265625,146.1644287109375
2020-08-04,189.58999633789062,141.29519653320312,262.2470397949219,306.47509765625,147.5576934814453
2020-08-05,191.35000610351562,144.1063232421875,262.89691162109375,308.37860107421875,146.2676239013672
2020-08-06,193.88999938964844,144.05006408691406,266.37890625,310.4400329589844,147.08465576171875
2020-08-07,190.80999755859375,146.3363800048828,263.3043212890625,310.6628723144531,146.10423278808594
2020-08-10,190.14999389648438,147.8543701171875,262.1790771484375,311.5914611816406,145.45057678222656
2020-08-11,179.94000244140625,147.00172424316406,257.21319580078125,309.01947021484375,143.721923828125
2020-08-12,179.10000610351562,147.60142517089844,263.6824645996094,313.3277893066406,142.4146270751953
2020-08-13,183.3300018310547,147.29222106933594,264.28387451171875,312.7614440917969,140.89234924316406
2020-08-14,182.5399932861328,147.19847106933594,263.9734802246094,312.7707214355469,140.34188842773438
2020-08-17,186.5,147.9574737548828,267.0384826660156,313.7642822265625,140.6945343017578
2020-08-18,188.17999267578125,146.5426025390625,269.60870361328125,314.4421691894531,141.70071411132812
2020-08-19,182.24000549316406,146.5519256591797,267.79498291015625,313.1327819824219,140.81494140625
2020-08-20,183.5,145.95225524902344,271.50982666015625,314.1078186035156,142.08779907226562
2020-08-21,182.02999877929688,144.87464904785156,273.3913879394531,315.2220458984375,142.9392547607422
2020-08-24,181.0,146.39266967773438,275.0985107421875,318.4162292480469,142.70703125
2020-08-25,181.22000122070312,146.5519256591797,277.26141357421875,319.5304870605469,141.61483764648438
2020-08-26,183.36000061035156,145.63369750976562,283.17791748046875,322.73394775390625,141.07301330566406
2020-08-27,181.24000549316406,145.98974609375,282.29534912109375,323.43963623046875,138.6734161376953
2020-08-28,184.38999938964844,147.2265625,283.7308044433594,325.5289001464844,138.57032775878906
2020-08-31,184.8300018310547,145.6430206298828,286.0101623535156,324.3496398925781,139.49053955078125
2020-09-01,185.0500030517578,147.31094360351562,290.89849853515625,327.404541015625,141.0858917236328
2020-09-02,182.6199951171875,148.48223876953125,293.6531066894531,332.14019775390625,142.4291534423828
2020-09-03,181.13999938964844,144.09686279296875,278.7647705078125,320.709716796875,142.8337860107422
2020-09-04,181.63999938964844,143.17868041992188,275.0499572753906,318.0912170410156,140.1216278076172
2020-09-08,181.2899932861328,140.42373657226562,261.8300476074219,309.40008544921875,140.98269653320312
2020-09-09,183.0500030517578,142.55081176757812,269.5214538574219,315.5099182128906,140.60372924804688
2020-09-10,182.4600067138672,140.6954803466797,264.1480712890625,310.031494140625,141.31838989257812
2020-09-11,182.4499969482422,139.75845336914062,262.3150329589844,310.18939208984375,141.6197967529297
2020-09-14,183.88999938964844,143.44097900390625,266.88330078125,314.2748718261719,141.61119079589844
2020-09-15,183.4499969482422,143.71273803710938,270.666015625,315.8627624511719,141.26673889160156
2020-09-16,183.97000122070312,145.07142639160156,266.3498229980469,314.609130859375,140.8448486328125
2020-09-17,182.9600067138672,144.01258850097656,262.1889343261719,311.8421630859375,141.2753448486328
2020-09-18,183.1999969482422,143.6377716064453,258.8426513671875,308.2520751953125,140.8362579345703
2020-09-21,179.52000427246094,138.6058807373047,259.4634094238281,304.8212585449219,141.55088806152344
2020-09-22,178.64999389648438,139.6741180419922,264.28387451171875,307.92572021484375,141.43894958496094
2020-09-23,174.7899932861328,135.51290893554688,256.21417236328125,300.7846984863281,141.6283416748047
2020-09-24,175.44000244140625,135.51290893554688,257.4072570800781,301.5863952636719,142.17079162597656
2020-09-25,174.94000244140625,137.7139129638672,263.3914794921875,306.46209716796875,142.17079162597656
2020-09-28,176.6999969482422,141.1094970703125,268.8619689941406,311.55218505859375,141.76617431640625
2020-09-29,178.19000244140625,140.46987915039062,267.6495361328125,309.85552978515625,141.9297637939453
2020-09-30,177.1199951171875,140.89312744140625,269.4826965332031,312.2048034667969,140.56930541992188
2020-10-01,178.6999969482422,143.14117431640625,273.7601013183594,314.2091369628906,140.80117797851562
2020-10-02,178.5399932861328,143.77142333984375,266.058837890625,311.2258605957031,140.27545166015625
2020-10-05,179.41000366210938,147.74073791503906,271.7328796386719,316.74493408203125,137.53457641601562
2020-10-06,177.3000030517578,147.31747436523438,266.88330078125,312.2420349121094,138.27578735351562
2020-10-07,177.22000122070312,150.53431701660156,271.5001525878906,317.6771240234375,137.26736450195312
2020-10-08,177.85000610351562,152.2462615966797,272.9452819824219,320.4925231933594,138.00860595703125
2020-10-09,181.0800018310547,153.03636169433594,277.115966796875,323.3546142578125,137.98272705078125
2020-10-12,180.55999755859375,154.0615997314453,285.6706237792969,328.5566711425781,138.42233276367188
2020-10-13,177.72000122070312,153.03636169433594,285.66094970703125,326.4124450683594,139.4134521484375
2020-10-14,178.27000427246094,151.52195739746094,283.2749328613281,324.3614807128906,139.73245239257812
2020-10-15,178.9199981689453,153.0834197998047,281.3738708496094,323.9606018066406,139.49111938476562
2020-10-16,178.3000030517578,152.70716857910156,279.8316650390625,323.7648620605469,139.10324096679688
2020-10-19,178.38999938964844,150.88235473632812,275.26348876953125,318.8424987792969,138.5774383544922
2020-10-20,179.25,151.21156311035156,275.85504150390625,320.1197204589844,137.2588348388672
2020-10-21,180.60000610351562,149.91354370117188,275.64166259765625,319.5137634277344,136.78468322753906
2020-10-22,178.8300018310547,152.50018310546875,275.6319580078125,321.266357421875,135.36256408691406
2020-10-23,178.63999938964844,153.38438415527344,276.1751403808594,322.3570556640625,136.1899871826172
2020-10-26,178.5500030517578,150.0734405517578,272.0335998535156,316.4000244140625,137.45697021484375
2020-10-27,179.02000427246094,148.78485107421875,274.1578063964844,315.30914306640625,138.37924194335938
2020-10-28,176.1300048828125,144.20407104492188,263.4691467285156,304.5323486328125,138.50852966308594
2020-10-29,175.39999389648438,145.9253692626953,268.0763244628906,307.6273498535156,137.16392517089844
2020-10-30,176.1999969482422,143.99713134765625,261.27716064453125,304.4203796386719,135.8107452392578
2020-11-02,177.91000366210938,146.56497192382812,261.85906982421875,307.8324890136719,136.82810974121094
2020-11-03,178.9199981689453,150.72247314453125,266.38861083984375,313.26763916015625,136.0341796875
2020-11-04,178.82000732421875,150.89178466796875,278.2798156738281,320.26885986328125,138.98513793945312
2020-11-05,182.92999267578125,155.11509704589844,285.5348815917969,326.5149841308594,139.22665405273438
2020-11-06,183.19000244140625,153.90171813964844,285.7481689453125,326.4404602050781,137.54417419433594
2020-11-09,175.0800018310547,159.4794921875,279.9093322753906,330.5423583984375,134.65367126464844
2020-11-10,175.66000366210938,162.4424285888672,274.89483642578125,330.05755615234375,133.87710571289062
2020-11-11,174.89999389648438,162.37657165527344,281.0440979003906,332.5094909667969,134.3603057861328
2020-11-12,175.9600067138672,159.88394165039062,279.7250061035156,329.2838134765625,136.646728515625
2020-11-13,177.16000366210938,163.19488525390625,282.17889404296875,333.8424987792969,136.46571350097656
2020-11-16,177.14999389648438,167.07957458496094,284.380615234375,338.0097351074219,136.1377410888672
2020-11-17,176.5,167.86029052734375,283.4786071777344,336.1918640136719,137.0264434814453
2020-11-18,175.49000549316406,165.50877380371094,281.3836364746094,332.1459045410156,137.42340087890625
2020-11-19,175.16000366210938,166.77857971191406,283.5852966308594,333.544189453125,138.130859375
2020-11-20,175.69000244140625,166.957275390625,281.64544677734375,331.2601623535156,139.3561248779297
2020-11-23,172.22999572753906,170.08013916015625,281.6551818847656,333.24591064453125,138.71766662597656
2020-11-24,169.58999633789062,173.27818298339844,285.6124267578125,338.61572265625,137.3370819091797
2020-11-25,169.50999450683594,172.68556213378906,287.36798095703125,338.0936584472656,136.91429138183594
2020-11-27,167.7899932861328,173.41925048828125,290.01593017578125,339.0352783203125,138.24307250976562
2020-11-30,166.6699981689453,170.26821899414062,290.60748291015625,337.53436279296875,138.0705108642578
2020-12-01,170.17999267578125,171.8484344482422,294.33209228515625,341.2261047363281,136.03477478027344
2020-12-02,171.4600067138672,172.0271453857422,294.7103271484375,341.9440002441406,134.95510864257812
2020-12-03,172.80999755859375,172.99598693847656,295.1274108886719,341.8506164550781,136.04342651367188
2020-12-04,172.32000732421875,177.02175903320312,296.3300476074219,344.79656982421875,134.0482177734375
2020-12-07,174.88999938964844,177.19105529785156,298.008056640625,344.08807373046875,135.25743103027344
2020-12-08,175.5,179.46731567382812,299.0167236328125,345.0950622558594,135.89649963378906
2020-12-09,172.5,178.15992736816406,292.2466735839844,341.9999084472656,135.4473876953125
2020-12-10,172.1699981689453,179.8812255859375,293.4202575683594,341.88800048828125,136.64796447753906
2020-12-11,172.49000549316406,178.99705505371094,292.77044677734375,341.4871520996094,137.13169860839844
2020-12-14,171.5399932861328,179.2064971923828,294.8946228027344,339.9581298828125,136.7516326904297
2020-12-15,173.94000244140625,183.68832397460938,298.0468444824219,344.55426025390625,136.2938690185547
2020-12-16,174.89999389648438,183.02784729003906,299.68597412109375,345.0950622558594,135.9310760498047
2020-12-17,176.74000549316406,185.2073974609375,301.6451721191406,347.0247497558594,135.57139587402344
2020-12-18,176.44000244140625,184.31109619140625,300.7335205078125,345.63916015625,135.16502380371094
2020-12-21,175.8800048828125,184.21669006347656,300.17095947265625,344.40325927734375,135.70111083984375
2020-12-22,174.49000549316406,186.31137084960938,300.98712158203125,343.8227844238281,136.4014434814453
2020-12-23,175.64999389648438,187.89649963378906,299.47125244140625,344.13177490234375,135.4590301513672
2020-12-24,176.35000610351562,187.77383422851562,300.7927551269531,345.4705810546875,135.9950408935547
2020-12-28,175.7100067138672,187.07562255859375,303.824462890625,348.43841552734375,136.0555877685547
2020-12-29,176.35000610351562,183.452392578125,304.096435546875,347.7737121582031,135.8826446533203
2020-12-30,177.6999969482422,185.32061767578125,304.106201171875,348.2699279785156,136.17666625976562
2020-12-31,178.36000061035156,184.99038696289062,304.8543701171875,350.0393981933594,136.37548828125
2021-01-04,182.3300018310547,182.574951171875,300.5498046875,345.27398681640625,136.21127319335938
2021-01-05,182.8699951171875,185.3961181640625,303.0276184082031,347.6520080566406,135.19960021972656
2021-01-06,179.89999389648438,192.98220825195312,298.8299560546875,349.73046875,132.42422485351562
2021-01-07,179.47999572753906,196.4166717529297,306.05926513671875,354.92657470703125,131.2570037841797
2021-01-08,173.33999633789062,195.99208068847656,309.9945983886719,356.9488525390625,130.83326721191406
2021-01-11,173.0,195.82223510742188,305.5151672363281,354.5426940917969,130.61717224121094
2021-01-12,174.1199951171875,199.33221435546875,305.029296875,354.61761474609375,130.513427734375
2021-01-13,173.3699951171875,197.90745544433594,307.0892333984375,355.57257080078125,131.98324584960938
2021-01-14,173.27999877929688,201.8608856201172,305.44708251953125,354.3273620605469,130.74684143066406
2021-01-15,171.1300048828125,198.85104370117188,303.0276184082031,351.7433776855469,131.26564025878906
2021-01-19,172.5800018310547,201.39857482910156,307.4488525390625,354.5052795410156,131.68931579589844
2021-01-20,175.38999938964844,202.2855224609375,314.6002502441406,359.4111633300781,131.81898498535156
2021-01-21,175.27999877929688,200.53050231933594,317.1169738769531,359.7388000488281,130.89385986328125
2021-01-22,173.89999389648438,202.8610382080078,316.2035827636719,358.46551513671875,131.3175048828125
2021-01-25,174.0500030517578,202.66287231445312,318.8173522949219,359.87921142578125,132.8651123046875
2021-01-26,173.6199951171875,201.25704956054688,319.2837829589844,359.3175048828125,132.61448669433594
2021-01-27,172.52000427246094,197.56784057617188,310.38323974609375,350.5355529785156,132.95162963867188
2021-01-28,172.67999267578125,196.93560791015625,312.2196960449219,353.55029296875,132.21673583984375
2021-01-29,172.61000061035156,193.95401000976562,305.65118408203125,346.472412109375,131.4212646484375
2021-02-01,174.22999572753906,198.7189178466797,313.28857421875,352.23956298828125,131.57359313964844
2021-02-02,172.11000061035156,201.54949951171875,318.399658203125,357.2203674316406,130.725341796875
2021-02-03,171.85000610351562,202.1533660888672,317.1363830566406,357.5011901855469,129.56539916992188
2021-02-04,168.14999389648438,206.27667236328125,320.88702392578125,361.5644836425781,129.21913146972656
2021-02-05,169.80999755859375,209.13558959960938,321.975341796875,362.9875793457031,128.13706970214844
2021-02-08,171.52000427246094,214.47598266601562,324.1324462890625,365.6090393066406,128.6997833251953
2021-02-09,172.0800018310547,215.48561096191406,324.064453125,365.3656311035156,128.79501342773438
2021-02-10,172.7100067138672,214.0703125,323.32598876953125,365.2064514160156,129.65194702148438
2021-02-11,171.2100067138672,213.824951171875,325.1042175292969,365.7962646484375,128.94215393066406
2021-02-12,170.69000244140625,214.4288787841797,326.9212341308594,367.60321044921875,127.34077453613281
2021-02-16,168.24000549316406,213.07958984375,326.0369873046875,367.2848205566406,125.40178680419922
2021-02-17,166.3300018310547,211.40951538085938,324.4725646972656,367.36907958984375,126.19811248779297
2021-02-18,166.32000732421875,208.13543701171875,323.05389404296875,365.8056335449219,125.68743896484375
2021-02-19,167.00999450683594,212.4757080078125,321.64495849609375,365.15960693359375,124.0168228149414
2021-02-22,169.50999450683594,211.09814453125,313.3079528808594,362.35089111328125,123.07323455810547
2021-02-23,169.1199951171875,209.23939514160156,312.3752136230469,362.79095458984375,122.71834564208984
2021-02-24,169.0,214.18350219726562,314.9500732421875,366.78863525390625,121.91331481933594
2021-02-25,165.82000732421875,206.26724243164062,303.9701232910156,357.9505310058594,119.92243957519531
2021-02-26,161.80999755859375,205.98419189453125,305.2430725097656,356.10626220703125,123.886962890625
2021-03-01,161.52999877929688,213.30604553222656,314.4254455566406,364.73822021484375,122.25070190429688
2021-03-02,162.41000366210938,209.20162963867188,309.3824462890625,361.89215087890625,122.25938415527344
2021-03-03,160.6199951171875,206.93711853027344,300.40411376953125,357.0986328125,120.93336486816406
2021-03-04,159.0399932861328,201.1532440185547,295.48736572265625,352.67962646484375,120.15341186523438
2021-03-05,159.13999938964844,205.41802978515625,299.9375915527344,359.1676940917969,120.38738250732422
2021-03-08,157.49000549316406,206.38987731933594,291.44525146484375,357.3795166015625,119.45143127441406
2021-03-09,160.83999633789062,210.73011779785156,302.940185546875,362.4820251464844,121.10673522949219
2021-03-10,161.66000366210938,214.39109802246094,302.0754089355469,364.73822021484375,121.34941101074219
2021-03-11,161.52000427246094,219.1088104248047,309.0326232910156,368.4364013671875,120.47404479980469
2021-03-12,161.49000549316406,220.4014434814453,306.5256042480469,368.9326171875,117.91742706298828
2021-03-15,162.1999969482422,221.18460083007812,309.8001708984375,371.1328125,118.61076354980469
2021-03-16,162.35000610351562,217.4858856201172,311.5006408691406,370.6646728515625,118.13410949707031
2021-03-17,163.50999450683594,219.19369506835938,312.7832946777344,371.9285583496094,117.25008392333984
2021-03-18,162.55999755859375,212.52288818359375,303.2026062011719,366.5171203613281,116.06275939941406
2021-03-19,163.24000549316406,214.12689208984375,304.2713928222656,365.8389892578125,116.78211212158203
2021-03-22,163.0,212.51344299316406,309.97747802734375,368.7601623535156,118.09074401855469
2021-03-23,161.80999755859375,204.80474853515625,308.6251525878906,365.8577880859375,119.15674591064453
2021-03-24,162.3699951171875,200.0681610107422,303.4200744628906,363.9979248046875,119.79804992675781
2021-03-25,161.77999877929688,204.811767578125,302.8946838378906,366.0456848144531,118.8533935546875
2021-03-26,162.24000549316406,208.54574584960938,307.4381408691406,371.9444885253906,118.43743133544922
2021-03-29,160.30999755859375,202.67538452148438,307.35064697265625,371.7565612792969,117.43206787109375
2021-03-30,157.57000732421875,206.08792114257812,305.8037109375,370.770263671875,118.04743194580078
2021-03-31,159.9600067138672,208.85768127441406,310.4834289550781,372.2731628417969,117.38872528076172
2021-04-01,161.97999572753906,211.5045623779297,315.77606201171875,376.2933349609375,119.3370590209961
2021-04-05,161.9199981689453,212.66726684570312,322.0804748535156,381.69439697265625,118.81634521484375
2021-04-06,163.22000122070312,212.04342651367188,321.856689453125,381.4689025878906,119.62342834472656
2021-04-07,162.75999450683594,208.62136840820312,322.63494873046875,381.910400390625,118.79032897949219
2021-04-08,164.50999450683594,210.38912963867188,326.001220703125,383.7232666015625,119.7709732055664
2021-04-09,163.27000427246094,210.41744995117188,327.9762268066406,386.51300048828125,119.3370590209961
2021-04-12,162.27999877929688,209.5950164794922,327.54815673828125,386.65386962890625,119.28500366210938
2021-04-13,163.42999267578125,209.04676818847656,331.37176513671875,387.79986572265625,120.17887878417969
2021-04-14,162.72000122070312,211.10757446289062,327.3924255371094,386.4754943847656,119.7969741821289
2021-04-15,165.35000610351562,212.02450561523438,332.354248046875,390.6270751953125,121.80174255371094
2021-04-16,166.35000610351562,212.36480712890625,332.743408203125,391.9327697753906,120.85578918457031
2021-04-19,165.88999938964844,209.60450744628906,329.6982727050781,390.0071716308594,120.50867462158203
2021-04-20,166.47999572753906,205.31277465820312,327.2951965332031,387.1517333984375,121.06404113769531
2021-04-21,168.1300048828125,210.33238220214844,330.09722900390625,390.8150329589844,121.30706024169922
2021-04-22,167.0399932861328,209.46267700195312,326.1180114746094,387.2456359863281,121.83647155761719
2021-04-23,166.39999389648438,213.4141082763672,330.2236328125,391.4443054199219,121.5500717163086
2021-04-26,166.83999633789062,215.63565063476562,332.3736572265625,392.261474609375,121.37647247314453
2021-04-27,166.4199981689453,215.9569854736328,330.933837890625,392.1770324707031,120.31769561767578
2021-04-28,166.91000366210938,216.32566833496094,329.81512451171875,392.0643005371094,120.39582061767578
2021-04-29,166.22000122070312,215.52218627929688,331.001953125,394.56280517578125,120.04000091552734
2021-04-30,165.66000366210938,212.5916748046875,328.8323974609375,391.9703063964844,120.31769561767578
2021-05-03,167.80999755859375,213.63153076171875,327.0811462402344,392.8157043457031,120.38988494873047
2021-05-04,166.5800018310547,211.07920837402344,321.195068359375,390.39227294921875,121.20681762695312
2021-05-05,167.27000427246094,210.2378692626953,320.1151428222656,390.5143737792969,121.40672302246094
2021-05-06,170.05999755859375,210.41744995117188,322.5279541015625,393.63287353515625,121.60661315917969
2021-05-07,171.58999633789062,213.0643310546875,325.1450500488281,396.4977722167969,121.00692749023438
2021-05-10,172.11000061035156,207.64772033691406,316.93377685546875,392.571533203125,119.7815170288086
2021-05-11,172.13999938964844,206.98599243164062,316.4959411621094,389.0678405761719,119.1035385131836
2021-05-12,170.42999267578125,200.2647705078125,308.3040771484375,380.8020324707031,117.85203552246094
2021-05-13,171.1300048828125,203.95150756835938,310.6877136230469,385.37646484375,118.03451538085938
2021-05-14,172.69000244140625,208.9333038330078,317.5466613769531,391.29400634765625,119.13829040527344
2021-05-17,174.6999969482422,209.21693420410156,315.620361328125,390.29833984375,118.88626098632812
2021-05-18,175.0399932861328,207.6288299560547,313.4896545410156,386.9356994628906,118.5821304321289
2021-05-19,175.16000366210938,206.03118896484375,313.84967041015625,385.92120361328125,118.29531860351562
2021-05-20,175.9600067138672,207.4019012451172,319.9205627441406,390.07293701171875,119.26870727539062
2021-05-21,176.0399932861328,207.94078063964844,318.1498718261719,389.7536315917969,119.65111541748047
2021-05-24,176.35000610351562,209.2925262451172,323.5008239746094,393.72686767578125,120.09437561035156
2021-05-25,177.9499969482422,207.2695770263672,323.9483947753906,392.853271484375,121.20681762695312
2021-05-26,177.63999938964844,211.13589477539062,325.0769958496094,393.63287353515625,120.99822235107422
2021-05-27,177.7100067138672,213.3101348876953,323.86090087890625,393.839599609375,120.51153564453125
2021-05-28,178.3800048828125,213.1683349609375,324.8823547363281,394.5440368652344,120.32035064697266
2021-06-01,177.89999389648438,215.58831787109375,323.802490234375,394.1965026855469,120.29337310791016
2021-06-02,178.77000427246094,215.8435821533203,324.4349060058594,394.81634521484375,120.57181549072266
2021-06-03,175.27000427246094,214.0380096435547,321.0588073730469,393.3511047363281,120.11927032470703
2021-06-04,177.16000366210938,214.96441650390625,326.5071105957031,396.9486999511719,121.7642822265625
2021-06-07,177.8699951171875,217.84765625,327.48004150390625,396.5635681152344,121.3899917602539
2021-06-08,177.32000732421875,220.1541748046875,327.63580322265625,396.6480712890625,122.24295043945312
2021-06-09,176.97999572753906,218.68898010253906,327.7135925292969,396.0562744140625,123.32225799560547
2021-06-10,177.74000549316406,217.06719970703125,331.12841796875,397.8973083496094,124.06205749511719
2021-06-11,175.74000549316406,219.3582763671875,331.9943542480469,398.55487060546875,123.86187744140625
2021-06-14,174.7100067138672,218.7145538330078,335.1757507324219,399.44720458984375,122.91315460205078
2021-06-15,174.0500030517578,218.0896759033203,332.98675537109375,398.71453857421875,122.76516723632812
2021-06-16,171.11000061035156,217.62579345703125,331.7705078125,396.48834228515625,122.66073608398438
2021-06-17,165.85000610351562,215.18321228027344,335.9832458496094,396.3568420410156,124.49718475341797
2021-06-18,164.92999267578125,210.29808044433594,333.34661865234375,391.0099182128906,126.83851623535156
2021-06-21,166.9499969482422,214.79502868652344,335.41845703125,396.6075439453125,124.71478271484375
2021-06-22,166.25,215.77017211914062,338.54510498046875,398.72784423828125,125.01943969726562
2021-06-23,166.13999938964844,216.48023986816406,338.7106628417969,398.24725341796875,124.69743347167969
2021-06-24,166.0399932861328,219.53817749023438,340.80487060546875,400.6033020019531,124.89761352539062
2021-06-25,166.58999633789062,219.9074249267578,340.385986328125,402.0262145996094,123.60071563720703
2021-06-28,166.5800018310547,218.16542053222656,344.5257263183594,402.8366394042969,124.87152099609375
2021-06-29,164.8300018310547,217.1240234375,345.77239990234375,403.05340576171875,125.08039093017578
2021-06-30,165.6300048828125,217.1524200439453,345.2268981933594,403.3926086425781,125.63742065429688
2021-07-01,166.1999969482422,219.06483459472656,345.3633728027344,405.62603759765625,125.64436340332031
2021-07-02,167.2899932861328,216.98202514648438,349.32763671875,408.72650146484375,126.40258026123047
2021-07-06,168.1199951171875,213.82940673828125,350.83740234375,407.9820556640625,127.88411712646484
2021-07-07,168.75999450683594,211.8412322998047,351.5776672363281,409.423828125,129.0170440673828
2021-07-08,168.64999389648438,209.89096069335938,349.4542541503906,406.0878601074219,129.52256774902344
2021-07-09,169.2100067138672,214.3217010498047,351.6361389160156,410.4227600097656,127.7010726928711
2021-07-12,169.0,214.50157165527344,353.0094909667969,411.8929138183594,127.5354995727539
2021-07-13,169.22000122070312,210.45901489257812,353.0094909667969,410.4886779785156,126.5594482421875
2021-07-14,171.0399932861328,207.21168518066406,353.64263916015625,411.1012268066406,127.99742126464844
2021-07-15,171.07000732421875,206.03775024414062,351.1587219238281,409.6971130371094,129.40927124023438
2021-07-16,169.41000366210938,203.50047302246094,348.3145751953125,406.483642578125,129.165283203125
2021-07-19,169.61000061035156,200.45199584960938,345.4607849121094,400.480712890625,131.99757385253906
2021-07-20,169.38999938964844,206.6720733642578,349.4737548828125,406.2196960449219,130.72525024414062
2021-07-21,168.75999450683594,210.23179626464844,352.17181396484375,409.5085754394531,129.06936645507812
2021-07-22,169.08999633789062,206.88983154296875,354.499755859375,410.3662414550781,130.28952026367188
2021-07-23,168.55999755859375,207.85548400878906,358.639404296875,414.58795166015625,129.41799926757812
2021-07-26,168.16000366210938,208.4613800048828,358.92181396484375,415.6058044433594,129.03456115722656
2021-07-27,168.44000244140625,206.02828979492188,354.96728515625,413.71160888671875,130.41146850585938
2021-07-28,169.2899932861328,209.057861328125,356.3309326171875,413.5419616699219,130.42018127441406
2021-07-29,171.1699981689453,210.6672821044922,356.9640197753906,415.2571716308594,129.6968536376953
2021-07-30,169.82000732421875,209.2755889892578,355.1036682128906,413.2404479980469,130.3069305419922
2021-08-02,169.61000061035156,208.23422241210938,355.13287353515625,412.37347412109375,131.4691925048828
2021-08-03,169.49000549316406,209.09568786621094,357.2855224609375,415.72833251953125,131.53900146484375
2021-08-04,169.52999877929688,206.49221801757812,357.80169677734375,413.683349609375,131.80947875976562
2021-08-05,168.86000061035156,210.20333862304688,360.0712585449219,416.3031005859375,131.13754272460938
2021-08-06,164.63999938964844,211.4909210205078,358.4932861328125,416.9911193847656,128.947509765625
2021-08-09,161.72000122070312,210.32643127441406,359.1556701660156,416.6518859863281,128.48497009277344
2021-08-10,161.77000427246094,210.74302673339844,357.3147277832031,417.1701354980469,127.89164733886719
2021-08-11,164.0,211.7749786376953,356.70111083984375,418.20684814453125,127.81312561035156
2021-08-12,164.0399932861328,211.27322387695312,357.9867858886719,419.4601135253906,127.60368347167969
2021-08-13,166.38999938964844,209.35134887695312,359.2433776855469,420.2234191894531,129.61936950683594
2021-08-16,167.22000122070312,207.40109252929688,359.399169921875,421.21295166015625,129.93344116210938
2021-08-17,166.97000122070312,204.87322998046875,356.2335205078125,418.4517517089844,129.88111877441406
2021-08-18,167.10000610351562,203.0839385986328,352.804931640625,413.8717346191406,130.3173828125
2021-08-19,166.61000061035156,200.65086364746094,354.50946044921875,414.51263427734375,131.27719116210938
2021-08-20,166.6999969482422,204.04014587402344,358.181640625,417.8110046386719,131.36441040039062
2021-08-23,168.72999572753906,207.92172241210938,363.5387878417969,421.4862060546875,131.27719116210938
2021-08-24,168.64999389648438,209.96670532226562,364.64923095703125,422.1553039550781,130.25628662109375
2021-08-25,167.47999572753906,210.70518493652344,365.0679931640625,423.04119873046875,129.17434692382812
2021-08-26,167.6699981689453,208.47085571289062,362.74981689453125,420.5438537597656,129.53208923339844
2021-08-27,170.19000244140625,214.35008239746094,366.2758483886719,424.3039245605469,130.41331481933594
2021-08-30,169.35000610351562,213.46961975097656,370.3863525390625,426.1698303222656,130.75369262695312
2021-08-31,169.69000244140625,213.8861846923828,370.08428955078125,425.53839111328125,129.86366271972656
2021-09-01,169.6999969482422,215.3252410888672,370.6978759765625,425.7645568847656,130.0811767578125
2021-09-02,169.25,216.8210906982422,370.5226135253906,427.074462890625,130.64907836914062
2021-09-03,171.05999755859375,215.81752014160156,371.6622009277344,426.9708251953125,129.46084594726562
2021-09-07,167.7100067138672,214.33114624023438,372.1881408691406,425.44415283203125,128.3687744140625
2021-09-08,167.2899932861328,211.9927215576172,370.8927001953125,424.92596435546875,129.24246215820312
2021-09-09,168.02999877929688,211.88858032226562,369.61676025390625,423.1070861816406,130.8063201904297
2021-09-10,167.17999267578125,209.81521606445312,366.8115234375,419.7710876464844,129.653076171875
2021-09-13,167.74000549316406,211.00811767578125,366.55828857421875,420.8454284667969,130.43936157226562
2021-09-14,168.82000732421875,208.3193359375,365.5160827636719,418.57427978515625,132.02072143554688
2021-09-15,167.8300018310547,210.20333862304688,368.233642578125,422.07049560546875,131.55770874023438
2021-09-16,164.02999877929688,210.3548583984375,368.4869079589844,421.4014587402344,130.95484924316406
2021-09-17,163.77000427246094,210.62942504882812,364.1231689453125,417.2965393066406,130.3258056640625
2021-09-20,164.94000244140625,205.62120056152344,356.59918212890625,410.3384704589844,131.94216918945312
2021-09-21,166.0399932861328,205.9336395263672,357.0380554199219,409.9508361816406,131.82847595214844
2021-09-22,165.4199981689453,209.13360595703125,360.3729248046875,413.9498291015625,132.6147918701172
2021-09-23,163.50999450683594,212.83529663085938,363.69805908203125,418.979248046875,129.6181182861328
2021-09-24,163.3000030517578,211.80877685546875,364.03936767578125,419.66943359375,128.35128784179688
2021-09-27,163.63999938964844,215.02792358398438,361.1335144042969,418.4688720703125,127.87950134277344
2021-09-28,162.0500030517578,210.13754272460938,350.914306640625,410.035888671875,125.88751220703125
2021-09-29,161.32000732421875,209.69117736816406,350.33905029296875,410.7260437011719,126.10597229003906
2021-09-30,164.22000122070312,207.72549438476562,349.05181884765625,405.7060241699219,126.08851623535156
2021-10-01,164.58999633789062,211.07757568359375,351.2165832519531,410.5274963378906,127.14960479736328
2021-10-04,165.36000061035156,209.15939331054688,343.8446960449219,405.2333679199219,126.82588958740234
2021-10-05,164.58999633789062,209.88107299804688,348.4862365722656,409.4497375488281,125.60124206542969
2021-10-06,165.02999877929688,208.78904724121094,350.7192687988281,411.1513977050781,126.30980682373047
2021-10-07,164.16000366210938,212.00819396972656,353.93719482421875,414.7061462402344,124.98888397216797
2021-10-08,164.22999572753906,210.41285705566406,352.1722106933594,413.9498291015625,124.11409759521484
2021-10-11,163.9199981689453,209.20689392089844,349.4711608886719,410.9529113769531,123.79920196533203
2021-10-12,164.66000366210938,210.35589599609375,348.25225830078125,409.94134521484375,125.91619110107422
2021-10-13,167.58999633789062,211.35296630859375,351.0410461425781,411.4161682128906,127.14087677001953
2021-10-14,168.0,214.48666381835938,357.5061340332031,418.3364562988281,127.61323547363281
2021-10-15,165.3300018310547,213.81243896484375,359.7585754394531,421.5224304199219,126.8696517944336
2021-10-18,164.9199981689453,213.68898010253906,363.3762512207031,422.7703857421875,127.46456146240234
2021-10-19,165.4499969482422,214.48666381835938,366.12615966796875,426.0319519042969,125.7061996459961
2021-10-20,166.89999389648438,215.91107177734375,365.64837646484375,427.70526123046875,124.85770416259766
2021-10-21,166.75,216.4618682861328,367.8812561035156,428.82086181640625,124.70899200439453
2021-10-22,167.77000427246094,215.94908142089844,364.7901916503906,428.37646484375,126.0824203491211
2021-10-25,168.92999267578125,218.00021362304688,368.52490234375,430.673828125,125.88990783691406
2021-10-26,167.67999267578125,216.3573760986328,369.6852111816406,431.0614318847656,126.930908203125
2021-10-27,168.1199951171875,212.3785400390625,370.54339599609375,429.1517639160156,129.24032592773438
2021-10-28,168.0800018310547,216.61380004882812,374.6583251953125,433.29254150390625,128.80291748046875
2021-10-29,166.64999389648438,216.55682373046875,376.5013732910156,434.1717224121094,129.1965789794922
2021-11-01,167.52000427246094,222.16896057128906,377.78851318359375,434.91864013671875,128.2664337158203
2021-11-02,167.16000366210938,222.63424682617188,379.3681640625,436.6770935058594,128.83572387695312
2021-11-03,165.77000427246094,226.61309814453125,383.3953857421875,439.3431396484375,127.50434112548828
2021-11-04,167.64999389648438,226.5276336669922,388.3099670410156,441.4134521484375,128.84449768066406
2021-11-05,169.83999633789062,229.623291015625,388.680419921875,442.945068359375,130.7714385986328
2021-11-08,170.4499969482422,230.3355255126953,388.15386962890625,443.3231506347656,130.52622985839844
2021-11-09,171.2899932861328,228.99658203125,385.482177734375,441.85784912109375,132.2254638671875
2021-11-10,173.14999389648438,225.38809204101562,379.81671142578125,438.3031005859375,129.8079376220703
2021-11-11,174.1199951171875,227.2018585205078,380.8697814941406,438.4449157714844,129.61524963378906
2021-11-12,174.4499969482422,227.42974853515625,384.8775634765625,441.7538757324219,129.0459747314453
2021-11-15,174.17999267578125,226.5276336669922,384.7897644042969,441.9050598144531,127.42555236816406
2021-11-16,172.9199981689453,226.94549560546875,387.5298767089844,443.6540832519531,127.10142517089844
2021-11-17,174.5,223.9732208251953,387.7346496582031,442.57635498046875,128.10873413085938
2021-11-18,173.94000244140625,223.02357482910156,391.7520751953125,444.07952880859375,128.5904083251953
2021-11-19,172.61000061035156,220.991455078125,393.9362487792969,443.285400390625,129.94808959960938
2021-11-22,168.74000549316406,220.0513458251953,389.3630676269531,442.0374450683594,128.4240264892578
2021-11-23,167.27999877929688,219.67149353027344,387.5883483886719,442.6236572265625,126.5671615600586
2021-11-24,167.1199951171875,219.9088897705078,388.8365173339844,443.80523681640625,128.59925842285156
2021-11-26,166.85000610351562,211.61886596679688,381.4646911621094,433.9071044921875,131.8488311767578
2021-11-29,166.6199951171875,211.48597717285156,389.74334716796875,439.2297058105469,130.7889404296875
2021-11-30,165.5,207.17471313476562,384.0194396972656,430.68328857421875,132.77723693847656
2021-12-01,166.16000366210938,202.51220703125,377.48614501953125,425.89959716796875,133.59637451171875
2021-12-02,165.24000549316406,208.16232299804688,380.20672607421875,432.4227600097656,133.76295471191406
2021-12-03,166.6300048828125,203.88917541503906,373.5954284667969,428.6601867675781,135.35910034179688
2021-12-06,166.22000122070312,207.98191833496094,376.589111328125,433.73687744140625,133.49984741210938
2021-12-07,166.80999755859375,212.8058624267578,387.9295654296875,442.7086486816406,132.4212188720703
2021-12-08,166.89999389648438,214.2587890625,389.66534423828125,443.8809814453125,130.13233947753906
2021-12-09,165.8800048828125,209.40634155273438,383.9316711425781,440.8840637207031,130.8601837158203
2021-12-10,166.5800018310547,208.82704162597656,388.10516357421875,445.0343322753906,130.5445098876953
2021-12-13,167.0,205.77528381347656,382.498291015625,441.0920104980469,132.4738311767578
2021-12-14,165.44000244140625,204.00363159179688,378.539306640625,438.0574035644531,132.15811157226562
2021-12-15,166.14999389648438,207.2421112060547,387.1690368652344,444.9020080566406,130.88650512695312
2021-12-16,168.16000366210938,203.05116271972656,377.213134765625,440.9786071777344,130.9374542236328
2021-12-17,167.8000030517578,204.9180145263672,375.3311462402344,436.2853088378906,132.42123413085938
2021-12-20,167.08999633789062,202.04153442382812,371.6903381347656,431.64617919921875,131.42910766601562
2021-12-21,167.02000427246094,207.8135528564453,380.00885009765625,439.31170654296875,130.92864990234375
2021-12-22,168.58999633789062,209.8138427734375,384.6368713378906,443.7042541503906,131.5345001220703
2021-12-23,168.97000122070312,211.49020385742188,387.53668212890625,446.4650573730469,130.3931884765625
2021-12-27,169.3699951171875,213.47134399414062,393.94158935546875,452.78350830078125,130.7091827392578
2021-12-28,168.63999938964844,212.16648864746094,392.1157531738281,452.4134826660156,130.19119262695312
2021-12-29,168.58999633789062,212.39508056640625,392.0572814941406,452.9921875,128.76890563964844
2021-12-30,169.8000030517578,212.33790588378906,390.8855285644531,451.7398986816406,129.84881591796875
2021-12-31,170.9600067138672,211.88072204589844,388.4446716308594,450.6014709472656,130.10342407226562
2022-01-03,168.3300018310547,214.61436462402344,392.1840515136719,453.21044921875,126.68822479248047
2022-01-04,169.57000732421875,214.29049682617188,387.0971984863281,453.0586242675781,126.1613998413086
2022-01-05,169.05999755859375,207.03256225585938,375.20526123046875,444.3589172363281,125.47663116455078
2022-01-06,166.99000549316406,208.2136688232422,374.94158935546875,443.94146728515625,125.80145263671875
2022-01-07,167.75,205.80386352539062,370.8800048828125,442.18634033203125,124.89714813232422
2022-01-10,168.25999450683594,205.0894775390625,371.1239929199219,441.6360778808594,125.20447540283203
2022-01-11,170.2899932861328,207.2706298828125,376.698974609375,445.65863037109375,126.03849792480469
2022-01-12,170.74000549316406,205.7276611328125,378.1929016113281,446.863525390625,125.55559539794922
2022-01-13,170.16000366210938,203.84173583984375,368.73199462890625,440.70635986328125,126.67063903808594
2022-01-14,169.6699981689453,204.12747192382812,371.0263671875,440.8866271972656,124.75667572021484
2022-01-18,169.38999938964844,197.95535278320312,361.7900085449219,433.0786437988281,123.00081634521484
2022-01-19,172.0800018310547,194.73594665527344,357.81622314453125,428.58172607421875,123.85237884521484
2022-01-20,171.64999389648438,191.21177673339844,353.16876220703125,423.8382263183594,124.6162338256836
2022-01-21,171.08999633789062,187.63038635253906,343.37591552734375,415.5179748535156,126.09994506835938
2022-01-24,172.02999877929688,191.95468139648438,344.94781494140625,417.28265380859375,125.06401062011719
2022-01-25,172.5800018310547,189.3925018310547,336.951416015625,412.1879577636719,124.86200714111328
2022-01-26,169.7899932861328,186.65887451171875,336.4241943359375,411.1538391113281,123.3519515991211
2022-01-27,167.60000610351562,182.4202880859375,333.0362854003906,409.12359619140625,125.61705017089844
2022-01-28,167.10000610351562,185.97308349609375,343.4832763671875,419.284423828125,125.66094970703125
2022-01-31,168.08999633789062,191.67848205566406,354.46728515625,426.8361511230469,125.01129150390625
2022-02-01,168.22999572753906,193.69773864746094,356.8789367675781,429.72027587890625,124.59630584716797
2022-02-02,168.83999633789062,191.7737274169922,359.7787170410156,433.8945617675781,125.01831817626953
2022-02-03,168.60000610351562,188.14471435546875,345.19189453125,423.6959533691406,124.0424575805664
2022-02-04,168.86000061035156,188.95437622070312,349.5465087890625,425.688232421875,122.21378326416016
2022-02-07,170.11000061035156,189.88780212402344,346.73455810546875,424.32208251953125,122.29292297363281
2022-02-08,170.6300048828125,193.1262664794922,350.6302795410156,427.8133239746094,121.47525787353516
2022-02-09,171.2100067138672,196.79330444335938,358.06036376953125,434.07489013671875,121.7038803100586
2022-02-10,170.55999755859375,193.77392578125,349.95660400390625,426.2763977050781,119.76969146728516
2022-02-11,173.80999755859375,191.8118133544922,338.8553466796875,417.87078857421875,121.54560852050781
2022-02-14,174.74000549316406,191.1450653076172,339.27520751953125,416.50457763671875,120.03343200683594
2022-02-15,173.0800018310547,196.26950073242188,347.7109069824219,423.2215881347656,118.67069244384766
2022-02-16,174.86000061035156,196.67901611328125,347.6231384277344,423.6959533691406,119.3740463256836
2022-02-17,177.25,191.64035034179688,337.2834167480469,414.6451721191406,120.26199340820312
2022-02-18,177.1199951171875,189.99253845214844,333.4365539550781,411.9603271484375,121.52799987792969
2022-02-22,177.49000549316406,187.31605529785156,330.087646484375,407.53924560546875,121.84455108642578
2022-02-23,178.2899932861328,183.8109130859375,321.63232421875,400.3100891113281,120.1653060913086
2022-02-24,177.13999938964844,188.63047790527344,332.4406433105469,406.3344421386719,120.24442291259766
2022-02-25,176.5500030517578,192.87860107421875,337.5957946777344,415.29974365234375,120.33232879638672
2022-02-28,178.3800048828125,193.65963745117188,338.6015319824219,414.2371826171875,122.96986389160156
2022-03-01,181.6199951171875,190.01165771484375,333.4169921875,407.9283142089844,124.3916015625
2022-03-02,179.72999572753906,194.5359344482422,339.01153564453125,415.4326171875,120.13956451416016
2022-03-03,180.8000030517578,192.23094177246094,334.1688232421875,413.3643798828125,121.36320495605469
2022-03-04,183.67999267578125,189.22105407714844,329.32611083984375,410.0059509277344,123.45843505859375
2022-03-07,186.41000366210938,184.5157928466797,317.18017578125,397.9193420410156,122.5164794921875
2022-03-08,191.50999450683594,185.53489685058594,315.7058410644531,394.9024353027344,121.28398895263672
2022-03-09,185.82000732421875,190.76406860351562,327.0706787109375,405.4900817871094,120.0955581665039
2022-03-10,186.39999389648438,190.4211883544922,323.4385986328125,403.6590576171875,118.37007904052734
2022-03-11,185.08999633789062,187.38275146484375,316.7309875488281,398.5264587402344,118.7662124633789
2022-03-14,182.3000030517578,183.55377197265625,310.64837646484375,395.61395263671875,115.9931640625
2022-03-15,178.88999938964844,186.47787475585938,320.3923645019531,404.31365966796875,115.79071044921875
2022-03-16,180.00999450683594,192.34518432617188,332.274658203125,413.2790222167969,116.92632293701172
2022-03-17,180.88999938964844,195.3645782470703,336.2972717285156,418.44952392578125,116.0548095703125
2022-03-18,179.3000030517578,197.4219512939453,343.1805419921875,423.03265380859375,117.47213745117188
2022-03-21,180.6699981689453,195.6789093017578,342.2265319824219,422.9090270996094,114.75189208984375
2022-03-22,179.36000061035156,197.64102172851562,348.95220947265625,427.8575744628906,113.28173828125
2022-03-23,181.80999755859375,194.2121124267578,343.9372863769531,422.34747314453125,115.76431274414062
2022-03-24,183.1300048828125,196.44528198242188,351.581787109375,428.714111328125,114.85755920410156
2022-03-25,182.3800048828125,196.7125244140625,351.28857421875,430.8077392578125,113.26412963867188
2022-03-28,179.05999755859375,196.77931213378906,356.723876953125,433.8720703125,114.23251342773438
2022-03-29,179.13999938964844,202.0474090576172,362.8629455566406,439.239501953125,115.09524536132812
2022-03-30,180.5800018310547,197.99136352539062,358.85491943359375,436.5273132324219,115.9931640625
2022-03-31,180.64999389648438,195.90130615234375,354.4070129394531,429.80859375,116.27490997314453
2022-04-01,179.5,198.09634399414062,353.7324523925781,431.02667236328125,116.7175064086914
2022-04-04,180.3699951171875,198.4208221435547,361.0153503417969,434.71905517578125,115.9063720703125
2022-04-05,179.24000549316406,193.72535705566406,352.9993591308594,429.2280578613281,113.28776550292969
2022-04-06,179.66000366210938,190.97679138183594,345.335205078125,424.9360656738281,112.37081146240234
2022-04-07,180.33999633789062,190.3564910888672,346.1562805175781,427.0773010253906,111.52437591552734
2022-04-08,181.47000122070312,188.8390350341797,341.3173828125,425.93524169921875,110.31646728515625
2022-04-11,182.3699951171875,187.56973266601562,333.24267578125,418.6550598144531,108.57071685791016
2022-04-12,183.77000427246094,188.1614532470703,331.83502197265625,417.1038513183594,108.42083740234375
2022-04-13,184.64999389648438,191.7402801513672,338.5802307128906,421.8811950683594,108.6412582397461
2022-04-14,184.0399932861328,189.87928771972656,330.8378601074219,416.6280212402344,106.4635009765625
2022-04-18,184.61000061035156,188.6004638671875,331.09197998046875,416.7993469238281,105.93448638916016
2022-04-19,181.82000732421875,192.36065673828125,338.4921875,423.527587890625,105.1409683227539
2022-04-20,182.7100067138672,193.09548950195312,333.55548095703125,423.2134704589844,107.25699615478516
2022-04-21,182.05999755859375,188.7722625732422,326.6539001464844,416.885009765625,106.4635009765625
2022-04-22,180.2899932861328,183.8859100341797,318.10015869140625,405.4459533691406,105.79339599609375
2022-04-25,177.0500030517578,185.0025177001953,322.1863708496094,407.796630859375,106.85144805908203
2022-04-26,177.32000732421875,179.17140197753906,310.02545166015625,395.98651123046875,107.92711639404297
2022-04-27,175.97999572753906,178.427001953125,309.6540832519531,397.099853515625,106.54283905029297
2022-04-28,176.92999267578125,181.7577362060547,320.6516418457031,407.1304626464844,106.70154571533203
2022-04-29,176.91000366210938,176.50872802734375,306.2227478027344,392.0846862792969,105.31732940673828
2022-05-02,173.6300048828125,178.3601531982422,311.33544921875,394.4448547363281,103.49179077148438
2022-05-03,174.08999633789062,179.8871612548828,311.6678161621094,396.2529296875,104.18948364257812
2022-05-04,175.8000030517578,184.68760681152344,322.2059326171875,408.3200378417969,104.76355743408203
2022-05-05,175.1300048828125,177.1958770751953,305.97833251953125,393.8071594238281,101.89320373535156
2022-05-06,175.4199981689453,174.2469024658203,302.3125,391.45654296875,100.39177703857422
2022-05-09,172.8800048828125,166.91741943359375,290.48394775390625,378.9231872558594,101.27497863769531
2022-05-10,171.4199981689453,166.9651641845703,294.012939453125,379.7987365722656,102.1934814453125
2022-05-11,172.82000732421875,162.81369018554688,285.2930603027344,373.76513671875,104.16295623779297
2022-05-12,170.1699981689453,164.72238159179688,284.6185607910156,373.3749084472656,103.96868133544922
2022-05-13,168.7899932861328,169.9427490234375,295.1664123535156,382.3016662597656,102.43196868896484
2022-05-16,170.39999389648438,169.13153076171875,291.7450256347656,380.7503356933594,102.32597351074219
2022-05-17,169.3300018310547,174.30416870117188,299.3016052246094,388.58251953125,101.08950805664062
2022-05-18,169.4199981689453,168.19625854492188,284.6087646484375,372.918212890625,103.24449157714844
2022-05-19,171.91000366210938,168.47303771972656,283.0837707519531,370.6341552734375,103.49179077148438
2022-05-20,172.02999877929688,168.0435333251953,282.2038879394531,370.79595947265625,104.66641235351562
2022-05-23,172.8300018310547,170.07638549804688,286.8962097167969,377.7336120605469,102.94418334960938
2022-05-24,174.1300048828125,167.5568389892578,280.7962951660156,374.85003662109375,104.97551727294922
2022-05-25,173.0800018310547,170.57260131835938,284.7260437011719,378.1618347167969,105.39061737060547
2022-05-26,172.75999450683594,174.3804931640625,292.614990234375,385.7180480957031,104.91371154785156
2022-05-27,172.85000610351562,179.075927734375,302.1658630371094,395.1871032714844,105.16980743408203
2022-05-31,171.13999938964844,176.852294921875,301.3642272949219,392.9696960449219,102.94418334960938
2022-06-01,172.22999572753906,175.85020446777344,299.1354064941406,389.7911071777344,102.82653045654297
2022-06-02,174.35000610351562,180.14480590820312,307.32733154296875,397.21417236328125,102.87959289550781
2022-06-03,172.5800018310547,178.52243041992188,299.3309631347656,390.6952209472656,102.65840911865234
2022-06-06,171.82000732421875,179.2954559326172,300.3280334472656,391.8848571777344,100.76502990722656
2022-06-07,172.94000244140625,182.18711853027344,302.9185485839844,395.6438293457031,101.8532943725586
2022-06-08,172.77999877929688,179.3717498779297,300.7386169433594,391.3424072265625,100.95081329345703
2022-06-09,172.22999572753906,175.6533966064453,292.68341064453125,382.0351257324219,101.28702545166016
2022-06-10,174.5399932861328,170.88816833496094,282.3603820800781,370.95770263671875,100.65885925292969
2022-06-13,169.92999267578125,162.85997009277344,269.23162841796875,356.8731689453125,97.500244140625
2022-06-14,168.57000732421875,162.07533264160156,269.72039794921875,355.7976989746094,96.27045440673828
2022-06-15,170.77000427246094,164.44842529296875,276.4558410644531,360.87017822265625,98.06651306152344
2022-06-16,172.69000244140625,156.83164978027344,265.30181884765625,348.9267883300781,98.8450927734375
2022-06-17,171.27000427246094,158.05645751953125,268.52777099609375,349.6789855957031,99.16361999511719
2022-06-21,170.6300048828125,160.88882446289062,275.3026428222656,358.48162841796875,97.4825668334961
2022-06-22,171.30999755859375,160.58262634277344,274.9010009765625,357.831787109375,100.16336822509766
2022-06-23,170.25999450683594,162.50596618652344,278.9951477050781,361.3393859863281,100.98622131347656
2022-06-24,170.08999633789062,167.53907775878906,288.55450439453125,372.8277893066406,99.58829498291016
2022-06-27,169.89999389648438,168.1610565185547,286.4389953613281,371.40374755859375,98.73893737792969
2022-06-28,169.6199951171875,165.00335693359375,277.71209716796875,363.8149108886719,99.19902038574219
2022-06-29,169.49000549316406,163.32884216308594,277.9666748046875,363.5185546875,100.74732971191406
2022-06-30,168.4600067138672,162.05621337890625,274.51904296875,360.56524658203125,101.63211059570312
2022-07-01,168.32000732421875,164.01783752441406,276.33099365234375,364.3787841796875,102.67552185058594
2022-07-05,164.75,165.37657165527344,281.0617980957031,365.0669250488281,103.48224639892578
2022-07-06,162.13999938964844,164.15176391601562,282.8638916015625,366.2998962402344,101.74468231201172
2022-07-07,162.22999572753906,168.0366668701172,288.91693115234375,371.7860412597656,100.84930419921875
2022-07-08,162.3000030517578,168.0175323486328,289.279296875,371.48016357421875,99.73229217529297
2022-07-11,161.42999267578125,164.6397705078125,283.0990295410156,367.2366027832031,101.4521255493164
2022-07-12,160.8300018310547,164.07521057128906,280.3565673828125,363.98687744140625,102.05496978759766
2022-07-13,161.60000610351562,163.93170166015625,279.7786865234375,362.07537841796875,103.22515106201172
2022-07-14,159.3300018310547,162.2476043701172,280.7777404785156,361.19610595703125,102.38292694091797
2022-07-15,159.00999450683594,165.62535095214844,285.870849609375,368.0967712402344,102.95919036865234
2022-07-18,159.16000366210938,165.15647888183594,283.45159912109375,365.057373046875,101.88650512695312
2022-07-19,159.5399932861328,170.98385620117188,292.16864013671875,374.9209899902344,101.33688354492188
2022-07-20,158.0399932861328,173.6630859375,296.8014221191406,377.31036376953125,101.60284423828125
2022-07-21,160.27000427246094,174.55300903320312,301.06201171875,381.1526184082031,103.35812377929688
2022-07-22,160.6699981689453,171.7684783935547,295.7828369140625,377.6162414550781,105.09569549560547
2022-07-25,160.22999572753906,172.65838623046875,294.0982360839844,378.07501220703125,104.06732177734375
2022-07-26,160.0399932861328,171.59622192382812,288.3194274902344,373.60205078125,104.14710998535156
2022-07-27,161.6699981689453,175.5003204345703,300.5037536621094,383.3031005859375,103.56201934814453
2022-07-28,163.63999938964844,177.91163635253906,303.44207763671875,388.1106262207031,104.38648223876953
2022-07-29,164.10000610351562,179.1746826171875,308.9759521484375,393.76873779296875,104.10279846191406
2022-08-01,165.02999877929688,179.10768127441406,308.78985595703125,392.60272216796875,106.60997772216797
2022-08-02,164.0500030517578,178.93545532226562,307.86920166015625,390.0126037597656,104.3541259765625
2022-08-03,164.4499969482422,181.56686401367188,316.2532653808594,396.12005615234375,105.99714660644531
2022-08-04,167.1699981689453,181.18411254882812,317.7322082519531,395.8524475097656,105.9616470336914
2022-08-05,165.2899932861328,182.5716094970703,315.1366882324219,395.1833190917969,103.4393310546875
2022-08-08,166.69000244140625,184.5044708251953,314.1180419921875,394.7245788574219,105.10900115966797
2022-08-09,167.1999969482422,181.98789978027344,310.5626220703125,393.1570739746094,104.70050048828125
2022-08-10,166.77999877929688,187.1837158203125,319.2307434082031,401.4150085449219,104.01663970947266
2022-08-11,166.33999633789062,187.88226318359375,317.4188232421875,401.4150085449219,101.59207916259766
2022-08-12,167.8699951171875,191.7193145751953,323.59912109375,408.2105407714844,102.62230682373047
2022-08-15,165.7100067138672,192.398681640625,326.2142333984375,409.8927307128906,102.5334701538086
2022-08-16,165.4199981689453,192.3221893310547,325.45025634765625,410.6955261230469,102.95978546142578
2022-08-17,164.35000610351562,189.08792114257812,321.7381286621094,407.7803955078125,101.8851547241211
2022-08-18,163.9199981689453,190.3414306640625,322.51190185546875,408.9656066894531,102.03614807128906
2022-08-19,162.72000122070312,186.2555389404297,316.22381591796875,403.4698486328125,100.39311981201172
2022-08-22,161.63999938964844,182.4185028076172,307.8985290527344,395.0686950683594,100.05561828613281
2022-08-23,162.77000427246094,182.71510314941406,307.6438903808594,394.1129150390625,99.50499725341797
2022-08-24,163.25,184.1121826171875,308.5351867675781,395.37445068359375,98.77672576904297
2022-08-25,163.75,186.9732208251953,313.99066162109375,400.95623779296875,100.1533203125
2022-08-26,161.75999450683594,180.83006286621094,301.1207580566406,387.38427734375,100.90823364257812
2022-08-29,161.86000061035156,179.1651611328125,298.1531066894531,384.82275390625,100.0733871459961
2022-08-30,160.50999450683594,176.6581268310547,294.832763671875,380.59820556640625,100.32202911376953
2022-08-31,159.27000427246094,175.58644104003906,293.1187744140625,377.7023010253906,99.3628921508789
2022-09-01,157.8699951171875,173.67263793945312,293.24603271484375,378.8874206542969,97.54375457763672
2022-09-02,159.25999450683594,172.32347106933594,289.10302734375,374.8922424316406,98.09555053710938
2022-09-06,158.3300018310547,170.6202392578125,287.026611328125,373.477783203125,95.66584014892578
2022-09-07,159.94000244140625,174.33290100097656,292.82489013671875,380.1872253417969,97.1788330078125
2022-09-08,158.97999572753906,175.78736877441406,294.3430480957031,382.6722412109375,96.1820297241211
2022-09-09,159.82000732421875,179.3182373046875,300.7779846191406,388.6171875,96.39564514160156
2022-09-12,160.6300048828125,181.49032592773438,304.3529968261719,392.79388427734375,95.6035385131836
2022-09-13,158.5399932861328,174.3903045654297,287.6632385253906,375.7142639160156,95.82605743408203
2022-09-14,157.92999267578125,175.06971740722656,289.94537353515625,377.1479187011719,96.15534973144531
2022-09-15,154.97999572753906,173.79702758789062,285.1166687011719,372.8660583496094,96.0930404663086
2022-09-16,155.83999633789062,171.2709197998047,283.37322998046875,370.0214538574219,95.29203033447266
2022-09-19,155.9600067138672,172.7349395751953,285.5799255371094,372.8909606933594,95.5145263671875
2022-09-20,155.07000732421875,170.3810272216797,283.3035583496094,368.61077880859375,94.562255859375
2022-09-21,155.7899932861328,167.7783203125,278.23077392578125,362.1807556152344,96.14647674560547
2022-09-22,155.6999969482422,163.9986572265625,274.80633544921875,359.13848876953125,93.69003295898438
2022-09-23,153.00999450683594,160.0946044921875,270.3320617675781,353.1212463378906,94.07276153564453
2022-09-26,151.22999572753906,157.9026336669922,269.21343994140625,349.6278991699219,92.27494812011719
2022-09-27,151.5399932861328,158.4412384033203,269.3214111328125,348.7353820800781,89.84525299072266
2022-09-28,154.69000244140625,163.4523468017578,274.6788024902344,355.5971984863281,92.85345458984375
2022-09-29,154.66000366210938,159.7877960205078,266.76043701171875,348.1691589355469,92.37286376953125
2022-09-30,154.6699981689453,158.62399291992188,262.237060546875,342.78521728515625,91.18025207519531
2022-10-03,158.42999267578125,162.82716369628906,268.3891906738281,351.83514404296875,92.62905883789062
2022-10-04,160.6999969482422,169.28099060058594,276.82757568359375,362.73736572265625,92.3703384399414
2022-10-05,159.80999755859375,168.03065490722656,276.6803894042969,361.89288330078125,91.4871597290039
2022-10-06,159.6300048828125,167.08804321289062,274.50213623046875,358.1596374511719,90.97863006591797
2022-10-07,157.8800048828125,162.17311096191406,264.04241943359375,348.1691589355469,90.09541320800781
2022-10-10,155.47999572753906,161.2689971923828,261.403076171875,345.51080322265625,88.69481658935547
2022-10-11,155.16000366210938,161.31707763671875,257.8117980957031,343.3226013183594,89.08734130859375
2022-10-12,155.99000549316406,160.87464904785156,257.7234802246094,342.190185546875,89.52444458007812
2022-10-13,154.91000366210938,164.85659790039062,263.7677307128906,351.220947265625,88.66805267333984
2022-10-14,152.97999572753906,160.4418487548828,255.83956909179688,343.217041015625,87.93650817871094
2022-10-17,153.4199981689453,165.55873107910156,264.287841796875,352.0367431640625,87.50828552246094
2022-10-18,153.75,167.5208740234375,266.37774658203125,356.17303466796875,87.7134780883789
2022-10-19,151.69000244140625,164.67385864257812,265.4064025878906,353.6490173339844,86.11654663085938
2022-10-20,151.4499969482422,162.5770721435547,264.0523376464844,350.6835632324219,84.64457702636719
2022-10-21,154.14999389648438,166.10696411132812,270.2437744140625,359.2056579589844,83.1190414428711
2022-10-24,153.64999389648438,166.81874084472656,273.216796875,363.60113525390625,82.43211364746094
2022-10-25,154.0,171.36814880371094,278.8684997558594,369.4073181152344,84.83192443847656
2022-10-26,154.97999572753906,172.2145538330078,272.70654296875,366.62420654296875,86.05411529541016
2022-10-27,154.74000549316406,172.25302124023438,267.74163818359375,364.6664123535156,86.95516204833984
2022-10-28,153.16000366210938,176.1676788330078,275.9347229003906,373.342041015625,86.3574447631836
2022-10-31,151.91000366210938,176.33116149902344,272.7261657714844,370.6452941894531,85.74187469482422
2022-11-01,153.4600067138672,176.5716552734375,269.93951416015625,369.02337646484375,86.54317474365234
2022-11-02,152.38999938964844,170.71414184570312,260.6867980957031,359.76226806640625,86.1675796508789
2022-11-03,151.80999755859375,169.5695343017578,255.59432983398438,356.0578918457031,85.70250701904297
2022-11-04,156.47000122070312,171.85870361328125,259.7055969238281,361.1826477050781,84.26268005371094
2022-11-07,155.85000610351562,172.6377716064453,262.5609130859375,364.63763427734375,83.42202758789062
2022-11-08,159.4499969482422,172.70509338378906,264.4742736816406,366.60498046875,84.33419799804688
2022-11-09,158.64999389648438,167.9633026123047,258.3711242675781,359.0520935058594,84.6114501953125
2022-11-10,163.47999572753906,178.30291748046875,277.4359130859375,378.7835998535156,87.86677551269531
2022-11-11,164.55999755859375,179.76486206054688,282.54803466796875,382.4496154785156,87.5448226928711
2022-11-14,164.9199981689453,177.7546844482422,280.075439453125,379.1961669921875,87.33019256591797
2022-11-15,165.5,180.3900909423828,283.9512023925781,382.43035888671875,88.74320220947266
2022-11-16,165.1199951171875,177.21604919433594,280.075439453125,379.512939453125,90.68388366699219
2022-11-17,163.9199981689453,175.5713348388672,279.4572448730469,378.3516540527344,89.72696685791016
2022-11-18,162.7899932861328,176.70628356933594,279.4670715332031,380.0695495605469,89.10987854003906
2022-11-21,161.8800048828125,175.78289794921875,276.5921325683594,378.68756103515625,89.48550415039062
2022-11-22,162.07000732421875,177.65850830078125,280.57574462890625,383.7835388183594,90.75543975830078
2022-11-23,163.0800018310547,178.12017822265625,283.39190673828125,386.2019958496094,92.3383560180664
2022-11-25,163.22000122070312,178.49526977539062,281.5276794433594,386.11566162109375,92.0253677368164
2022-11-28,161.92999267578125,174.8980712890625,277.396728515625,379.954345703125,92.28470611572266
2022-11-29,162.72999572753906,175.4078369140625,275.2969970703125,379.3017578125,91.20259094238281
2022-11-30,164.80999755859375,180.21693420410156,287.8465881347656,391.2500305175781,91.87332153320312
2022-12-01,167.83999633789062,179.82261657714844,288.1997985839844,390.96209716796875,94.80831146240234
2022-12-02,167.25999450683594,180.87098693847656,287.0517272949219,390.51104736328125,96.00057220458984
2022-12-05,164.38999938964844,175.88873291015625,282.2341003417969,383.48602294921875,94.6558837890625
2022-12-06,164.83999633789062,173.19564819335938,276.38604736328125,377.95819091796875,95.87504577636719
2022-12-07,166.3300018310547,172.6858367919922,275.2576599121094,377.3152160644531,98.13411712646484
2022-12-08,166.47000122070312,173.93624877929688,278.5152587890625,380.2710876464844,97.86518096923828
2022-12-09,167.05999755859375,171.80096435546875,276.73931884765625,377.43035888671875,95.31928253173828
2022-12-12,165.67999267578125,173.82081604003906,280.2127685546875,382.87188720703125,95.6240463256836
2022-12-13,168.50999450683594,175.2605438232422,283.22509765625,385.7701110839844,96.5473861694336
2022-12-14,168.10000610351562,174.11068725585938,281.1252746582031,383.3037414550781,96.95977020263672
2022-12-15,165.35000610351562,169.75282287597656,271.6860656738281,373.927490234375,97.3381118774414
2022-12-16,166.7899932861328,168.48704528808594,269.095703125,369.5128173828125,96.25076293945312
2022-12-19,166.32000732421875,166.2066650390625,265.3139953613281,366.3794250488281,94.63325500488281
2022-12-20,169.0800018310547,167.08595275878906,265.1074523925781,366.880859375,92.95285034179688
2022-12-21,168.8000030517578,169.9654083251953,268.953125,372.3666076660156,93.18647003173828
2022-12-22,166.75999450683594,167.74301147460938,262.3731384277344,367.0543518066406,93.16852569580078
2022-12-23,167.25999450683594,168.50636291503906,262.9632568359375,369.16571044921875,91.80261993408203
2022-12-27,168.6699981689453,167.37583923339844,259.245361328125,367.7099304199219,89.9874038696289
2022-12-28,167.91000366210938,164.77658081054688,255.8226776123047,363.14013671875,89.45720672607422
2022-12-29,168.85000610351562,168.95083618164062,262.05841064453125,369.6767578125,90.47267150878906
2022-12-30,169.63999938964844,168.4773712158203,261.9009704589844,368.7030029296875,89.46621704101562
2023-01-03,171.05999755859375,167.5497589111328,260.130615234375,367.1507568359375,91.17359161376953
2023-01-04,172.6699981689453,169.63687133789062,261.3698425292969,369.9852600097656,92.42265319824219
2023-01-05,170.52000427246094,167.82029724121094,257.2783203125,365.7624206542969,92.80905151367188
2023-01-06,173.7100067138672,171.5887451171875,264.37957763671875,374.1501770019531,94.51644134521484
2023-01-09,174.10000610351562,171.87863159179688,266.0909729003906,373.9380798339844,95.01966857910156
2023-01-10,174.74000549316406,174.4198760986328,268.34332275390625,376.5604553222656,93.44708251953125
2023-01-11,174.6199951171875,176.5939483642578,272.98565673828125,381.3230895996094,94.96575164794922
2023-01-12,176.63999938964844,179.56039428710938,274.46099853515625,382.71142578125,96.83487701416016
2023-01-13,178.75999450683594,180.7392578125,276.3494873046875,384.1961669921875,95.92729949951172
2023-01-17,177.58999633789062,180.51699829101562,276.9100646972656,383.4923095703125,95.3072280883789
2023-01-18,177.0800018310547,177.598876953125,273.310302734375,377.437744140625,97.61666107177734
2023-01-19,179.88999938964844,175.89825439453125,270.6250915527344,374.6900634765625,97.00558471679688
2023-01-20,179.2899932861328,178.79702758789062,278.0312805175781,381.6702575683594,95.43301391601562
2023-01-23,179.6300048828125,181.00978088378906,284.2080383300781,386.24969482421875,94.98371887207031
2023-01-24,180.27999877929688,180.62327575683594,283.62774658203125,385.8351745605469,96.3496322631836
2023-01-25,181.11000061035156,181.125732421875,282.998291015625,385.9797668457031,96.58326721191406
2023-01-26,179.47000122070312,182.1982879638672,288.5159912109375,390.2217712402344,96.13396453857422
2023-01-27,179.22000122070312,183.1838836669922,291.3880310058594,391.11846923828125,95.89131164550781
2023-01-30,178.75999450683594,180.63294982910156,285.4965515136719,386.2111511230469,95.54086303710938
2023-01-31,179.41000366210938,185.019775390625,289.7749328613281,391.88970947265625,96.30467987060547
2023-02-01,181.6699981689453,187.92823791503906,295.9713439941406,396.05462646484375,97.4623794555664
2023-02-02,177.89999389648438,191.6290283203125,306.59381103515625,401.8199768066406,97.58850860595703
2023-02-03,173.4600067138672,190.3438720703125,301.14483642578125,397.5490417480469,96.12899780273438
2023-02-06,173.82000732421875,187.59002685546875,298.5975036621094,395.1194763183594,95.41725158691406
2023-02-07,173.97999572753906,188.98146057128906,304.78399658203125,400.287109375,94.6514663696289
2023-02-08,174.41000366210938,186.21795654296875,299.3645935058594,395.9100341796875,95.10194396972656
2023-02-09,173.02999877929688,183.5220947265625,296.71881103515625,392.4778137207031,94.20099639892578
2023-02-10,173.36000061035156,183.88926696777344,294.7714538574219,393.3936767578125,93.14691925048828
2023-02-13,172.47999572753906,186.10198974609375,299.49249267578125,398.0118103027344,93.93071746826172
2023-02-14,172.61000061035156,186.01502990722656,301.7054748535156,397.82867431640625,93.7145004272461
2023-02-15,170.88999938964844,187.89923095703125,304.016845703125,399.1204833984375,92.84062194824219
2023-02-16,170.75,186.10198974609375,298.31219482421875,393.6250915527344,91.52523803710938
2023-02-17,171.25999450683594,186.61410522460938,296.2073669433594,392.6417236328125,92.23696899414062
2023-02-21,170.6199951171875,181.1063995361328,289.19464111328125,384.7649841308594,90.44414520263672
2023-02-22,169.66000366210938,181.59921264648438,289.4110412597656,384.23468017578125,91.27300262451172
2023-02-23,169.57000732421875,182.89398193359375,291.9387512207031,386.2785949707031,92.1649169921875
2023-02-24,168.35000610351562,181.18370056152344,287.0505065917969,382.1522521972656,90.96670532226562
2023-02-27,169.00999450683594,181.82144165039062,289.10614013671875,383.45379638671875,91.21895599365234
2023-02-28,169.77999877929688,181.8311004638672,288.7324523925781,382.0365905761719,91.63335418701172
2023-03-01,170.75999450683594,182.06301879882812,286.4112548828125,380.57110595703125,90.64895629882812
2023-03-02,170.66000366210938,182.49781799316406,288.7815246582031,383.53094482421875,89.84514617919922
2023-03-03,172.49000549316406,185.0391082763672,294.751708984375,389.6819763183594,92.02174377441406
2023-03-06,171.6199951171875,182.33355712890625,295.0861511230469,389.9518737792969,91.30824279785156
2023-03-07,168.6199951171875,180.2174530029297,291.4666748046875,383.97442626953125,91.8681869506836
2023-03-08,168.5399932861328,180.304443359375,292.9223327636719,384.6011047363281,91.95849609375
2023-03-09,170.1999969482422,175.28955078125,287.8472595214844,377.5052490234375,92.18431091308594
2023-03-10,173.8699951171875,170.2359619140625,283.8047790527344,372.05810546875,95.36335754394531
2023-03-13,177.86000061035156,167.4628143310547,285.9095764160156,371.52777099609375,95.58013153076172
2023-03-14,176.8300018310547,170.56451416015625,292.47979736328125,377.6691589355469,94.00865936279297
2023-03-15,178.2100067138672,167.752685546875,294.01409912109375,375.3070983886719,95.82398986816406
2023-03-16,178.57000732421875,170.04270935058594,301.7645263671875,381.8919677734375,95.0743637084961
2023-03-17,183.77000427246094,165.45298767089844,300.33831787109375,377.4266357421875,96.50135040283203
2023-03-20,183.83999633789062,167.59808349609375,301.4042053222656,381.0557556152344,95.6523666381836
2023-03-21,180.3699951171875,170.69009399414062,305.7090148925781,386.05926513671875,94.83052062988281
2023-03-22,183.44000244140625,165.84915161132812,301.5519714355469,379.4783020019531,96.09490966796875
2023-03-23,185.74000549316406,165.11305236816406,305.1277770996094,380.504150390625,96.09490966796875
2023-03-24,183.64999389648438,166.60658264160156,306.2508544921875,383.00103759765625,96.50135040283203
2023-03-27,181.9499969482422,168.4589385986328,304.1525573730469,383.7171936035156,94.23441314697266
2023-03-28,183.44000244140625,168.21649169921875,302.53704833984375,382.8558654785156,94.40603637695312
2023-03-29,182.52999877929688,170.12704467773438,308.0534973144531,388.42059326171875,94.21638488769531
2023-03-30,184.17999267578125,169.89430236816406,310.9692687988281,390.6949462890625,94.64986419677734
2023-03-31,183.22000122070312,173.01712036132812,316.1409606933594,396.20166015625,96.06784057617188
2023-04-03,184.5399932861328,173.09471130371094,315.37255859375,397.71136474609375,96.5196304321289
2023-04-04,187.97999572753906,170.05917358398438,314.3086853027344,395.5048522949219,96.99951171875
2023-04-05,187.8300018310547,168.3910675048828,311.2057189941406,394.4693603515625,98.01361846923828
2023-04-06,186.49000549316406,168.64320373535156,313.3039245605469,396.008056640625,98.26714324951172
2023-04-10,185.11000061035156,170.44708251953125,313.12664794921875,396.4145202636719,96.68262481689453
2023-04-11,186.27999877929688,171.79513549804688,311.1170959472656,396.5209655761719,96.88182067871094
2023-04-12,187.19000244140625,170.5343780517578,308.3687438964844,394.9047546386719,96.78221130371094
2023-04-13,189.72000122070312,172.79408264160156,314.4072570800781,400.1501770019531,96.02165985107422
2023-04-14,186.36000061035156,171.1841583251953,313.81622314453125,399.1727294921875,95.14339447021484
2023-04-17,185.52999877929688,173.3856658935547,314.0821228027344,400.6051025390625,94.01155853271484
2023-04-18,186.25,172.64859008789062,314.101806640625,400.8663024902344,94.34659576416016
2023-04-19,185.36000061035156,172.87167358398438,313.95404052734375,400.7986145019531,94.25604248046875
2023-04-20,186.08999633789062,171.9794464111328,311.5603332519531,398.6114807128906,95.06188201904297
2023-04-21,184.25,172.20248413085938,311.8853454589844,398.9211120605469,94.52767944335938
2023-04-24,184.80999755859375,172.08612060546875,311.2353210449219,399.3372802734375,95.4421615600586
2023-04-25,185.75,167.8382568359375,305.36419677734375,392.99822998046875,96.8456039428711
2023-04-26,184.74000549316406,166.21864318847656,307.2161865234375,391.3336181640625,95.81341552734375
2023-04-27,184.75,168.4395294189453,315.5696716308594,399.1243896484375,94.86267852783203
2023-04-28,184.8000030517578,169.91368103027344,317.7466735839844,402.53094482421875,96.39289093017578
2023-05-01,183.97000122070312,170.01065063476562,317.38214111328125,402.12445068359375,93.61344909667969
2023-05-02,187.52000427246094,166.51930236816406,314.61407470703125,397.60491943359375,95.94627380371094
2023-05-03,189.11000061035156,167.13027954101562,312.5552673339844,394.8757629394531,96.48184967041016
2023-05-04,190.44000244140625,165.25851440429688,311.4519958496094,392.0788879394531,95.52871704101562
2023-05-05,187.4600067138672,169.1863250732422,318.07171630859375,399.3372802734375,95.21102905273438
2023-05-08,187.69000244140625,168.7983856201172,318.85980224609375,399.44366455078125,93.87667083740234
2023-05-09,189.02000427246094,168.29408264160156,316.84039306640625,397.6919860839844,93.54082489013672
2023-05-10,188.75,169.14755249023438,320.28814697265625,399.5501708984375,94.44853210449219
2023-05-11,187.1300048828125,167.8479766845703,321.3323059082031,398.85333251953125,95.4470443725586
2023-05-12,186.80999755859375,167.5084991455078,320.17974853515625,398.3307800292969,94.64826202392578
2023-05-15,187.2100067138672,169.5548553466797,321.9135437011719,399.7049865722656,93.66791534423828
2023-05-16,184.8699951171875,167.08177185058594,322.2780456542969,397.033935546875,93.38652801513672
2023-05-17,184.22999572753906,170.80592346191406,326.17889404296875,401.8534851074219,93.11418151855469
2023-05-18,181.83999633789062,171.84365844726562,332.2372131347656,405.72467041015625,92.42431640625
2023-05-19,183.63999938964844,170.79624938964844,331.4884338378906,405.13427734375,91.7707748413086
2023-05-22,183.2100067138672,172.88134765625,332.60162353515625,405.2987976074219,91.4439697265625
2023-05-23,183.42999267578125,172.0666961669922,328.3854064941406,400.750244140625,91.70721435546875
2023-05-24,181.9499969482422,170.24342346191406,326.700927734375,397.8468933105469,91.25336456298828
2023-05-25,180.1999969482422,168.9147491455078,334.6506042480469,401.29217529296875,91.02642059326172
2023-05-26,180.9199981689453,170.83505249023438,343.2010498046875,406.4891357421875,91.76167297363281
2023-05-30,182.0399932861328,170.2046356201172,344.7574768066406,406.6440124511719,92.67848205566406
2023-05-31,182.32000732421875,168.52687072753906,342.7971496582031,404.38916015625,93.48634338378906
2023-06-01,183.75999450683594,170.35011291503906,346.7571716308594,408.231201171875,93.85314178466797
2023-06-02,181.0500030517578,176.52792358398438,349.3577880859375,414.13470458984375,92.8246841430664
2023-06-05,182.13999938964844,174.1615447998047,349.60406494140625,413.34112548828125,92.65174865722656
2023-06-06,182.33999633789062,178.74879455566406,349.54498291015625,414.2411804199219,93.19784545898438
2023-06-07,180.14999389648438,182.09332275390625,343.6147766113281,412.8088073730469,91.81443786621094
2023-06-08,182.52999877929688,181.41250610351562,347.8801574707031,415.3057861328125,92.8884048461914
2023-06-09,182.0399932861328,179.9440460205078,349.2100524902344,416.05084228515625,92.76095581054688
2023-06-12,181.8800048828125,180.69288635253906,355.1106262207031,419.8252868652344,93.03401184082031
2023-06-13,180.5399932861328,182.76429748535156,357.8392639160156,422.5931091308594,92.11478424072266
2023-06-14,180.63999938964844,180.7998504638672,360.4399108886719,423.0963439941406,92.85196685791016
2023-06-15,181.91000366210938,182.2877960205078,364.7348327636719,428.3418273925781,93.74391174316406
2023-06-16,181.6300048828125,180.8290252685547,362.43963623046875,426.88275146484375,93.37986755371094
2023-06-20,179.75,180.0413055419922,361.92071533203125,424.6679992675781,94.02607727050781
2023-06-21,179.49000549316406,179.62310791015625,356.98858642578125,422.4920959472656,94.25359344482422
2023-06-22,177.7100067138672,178.2907257080078,361.2007141113281,424.0171813964844,93.11592864990234
2023-06-23,178.1999969482422,175.6066131591797,357.6199951171875,420.8116455078125,94.04428100585938
2023-06-26,178.50999450683594,175.78167724609375,352.8258972167969,419.09228515625,94.14439392089844
2023-06-27,177.69000244140625,178.3199462890625,358.89239501953125,423.68701171875,93.89866638183594
2023-06-28,177.27999877929688,179.19520568847656,359.5928039550781,423.9006652832031,94.29911041259766
2023-06-29,177.08999633789062,181.25694274902344,358.8727111816406,425.5714111328125,92.59716033935547
2023-06-30,178.27000427246094,182.12246704101562,364.40655517578125,430.59344482421875,93.68931579589844
2023-07-03,178.47000122070312,182.49200439453125,365.2647705078125,431.0888671875,93.15821075439453
2023-07-05,177.83999633789062,180.67344665527344,365.2549133300781,430.44769287109375,92.27295684814453
2023-07-06,177.30999755859375,177.75587463378906,362.4731750488281,427.0770568847656,90.96794891357422
2023-07-07,178.63999938964844,179.63284301757812,361.26971435546875,425.9987487792969,90.42037963867188
2023-07-10,178.77999877929688,182.7059783935547,361.3880920410156,427.0770568847656,90.5390396118164
2023-07-11,179.4499969482422,184.58291625976562,363.17352294921875,429.7969055175781,91.00444793701172
2023-07-12,181.8800048828125,186.5960235595703,367.7603759765625,433.25506591796875,92.01741790771484
2023-07-13,182.00999450683594,188.1033935546875,374.0045166015625,436.6936950683594,92.98477935791016
2023-07-14,181.42999267578125,186.26536560058594,373.92559814453125,436.4217224121094,92.43722534179688
2023-07-17,181.55999755859375,188.25901794433594,377.4175720214844,437.93707275390625,92.48287963867188
2023-07-18,183.63999938964844,190.58331298828125,380.5050354003906,441.19122314453125,92.90265655517578
2023-07-19,183.6699981689453,191.3905029296875,380.4162902832031,442.17230224609375,93.9521484375
2023-07-20,182.74000549316406,189.71778869628906,371.64691162109375,439.23870849609375,92.81139373779297
2023-07-21,182.17999267578125,189.1148223876953,370.5322570800781,439.23870849609375,92.83878326416016
2023-07-24,181.39999389648438,189.58163452148438,371.1241760253906,441.2009582519531,92.5010986328125
2023-07-25,182.41000366210938,189.56216430664062,373.6394958496094,442.4054260253906,92.32771301269531
2023-07-26,183.3000030517578,191.05987548828125,372.3966064453125,442.473388671875,92.41898345947266
2023-07-27,180.4199981689453,188.5896759033203,371.5088195800781,439.5398254394531,90.62116241455078
2023-07-28,181.86000061035156,191.0306854248047,378.2757873535156,443.84307861328125,91.08657836914062
2023-07-31,182.35000610351562,193.24801635742188,378.4730224609375,444.68817138671875,91.30561065673828
2023-08-01,180.4600067138672,192.36300659179688,377.5950927734375,443.4156494140625,89.80937957763672
2023-08-02,179.60000610351562,189.7469482421875,369.30914306640625,437.2474060058594,88.8485107421875
2023-08-03,179.5399932861328,189.21205139160156,368.7173156738281,435.99432373046875,86.7986831665039
2023-08-04,180.19000244140625,188.83277893066406,366.99102783203125,434.0224304199219,88.33605194091797
2023-08-07,179.77999877929688,188.959228515625,370.0982360839844,437.8108215332031,87.46671295166016
2023-08-08,178.63999938964844,187.77276611328125,366.9515380859375,435.90692138671875,88.48247528076172
2023-08-09,177.7899932861328,186.3042755126953,362.9170227050781,432.99273681640625,88.94003295898438
2023-08-10,177.60000610351562,185.47764587402344,363.5878601074219,433.1481628417969,87.47582244873047
2023-08-11,177.60000610351562,185.74020385742188,361.26971435546875,432.8955383300781,87.2745132446289
2023-08-14,177.05999755859375,185.41928100585938,365.323974609375,435.2851867675781,87.08235931396484
2023-08-15,176.58999633789062,182.9685516357422,361.447265625,430.2145690917969,86.55158233642578
2023-08-16,175.57000732421875,180.7317657470703,357.6199951171875,427.0576171875,85.8743896484375
2023-08-17,175.3000030517578,178.60195922851562,353.7136535644531,423.8034973144531,85.50836181640625
2023-08-18,175.3300018310547,179.57447814941406,353.26971435546875,424.0074768066406,85.8103256225586
2023-08-21,175.80999755859375,179.31192016601562,358.96148681640625,426.7662048339844,84.66643524169922
2023-08-22,176.10000610351562,178.77700805664062,358.4485778808594,425.6102294921875,85.31616973876953
2023-08-23,177.88999938964844,180.6831512451172,364.10076904296875,430.3505859375,87.43010711669922
2023-08-24,177.85000610351562,178.18377685546875,356.3178405761719,424.3863220214844,86.85358428955078
2023-08-25,177.6199951171875,178.94235229492188,359.0798645019531,427.378173828125,87.13723754882812
2023-08-28,178.1300048828125,180.53726196289062,361.78265380859375,430.08837890625,87.228759765625
2023-08-29,179.8699951171875,183.0561065673828,369.6839294433594,436.3051452636719,88.13471221923828
2023-08-30,180.32000732421875,183.74655151367188,371.7455749511719,438.1021728515625,88.043212890625
2023-08-31,180.02000427246094,183.42564392089844,372.8602294921875,437.4610900878906,88.43671417236328
2023-09-01,180.11000061035156,185.60406494140625,372.4656982421875,438.277099609375,87.05902862548828
2023-09-05,178.63999938964844,181.69456481933594,372.9391784667969,436.38287353515625,85.83824157714844
2023-09-06,177.8300018310547,181.01380920410156,369.6543884277344,433.44927978515625,86.04936218261719
2023-09-07,178.02000427246094,179.26329040527344,367.0107421875,432.1184997558594,86.28799438476562
2023-09-08,178.0800018310547,178.86453247070312,367.523681640625,432.76934814453125,86.61843872070312
2023-09-11,178.41000366210938,179.2924346923828,371.8541259765625,435.615478515625,85.99429321289062
2023-09-12,177.49000549316406,179.11740112304688,367.7308654785156,433.22589111328125,86.48993682861328
2023-09-13,177.0800018310547,177.9406280517578,369.13153076171875,433.7309875488281,86.47157287597656
2023-09-14,177.1699981689453,180.44972229003906,372.1500244140625,437.4707946777344,85.8474349975586
2023-09-15,178.33999633789062,178.56307983398438,365.7777099609375,432.1999816894531,85.32425689697266
2023-09-18,179.38999938964844,177.37660217285156,366.15899658203125,432.4534606933594,85.81072235107422
2023-09-19,179.22000122070312,176.68609619140625,365.37860107421875,431.5566101074219,85.17739868164062
2023-09-20,179.35000610351562,174.9161376953125,360.1133728027344,427.5892333984375,85.44358825683594
2023-09-21,178.0500030517578,172.20285034179688,353.5144348144531,420.5218811035156,83.2499008178711
2023-09-22,178.6199951171875,171.8138427734375,353.5638427734375,419.5762634277344,83.91993713378906
2023-09-25,177.6999969482422,172.58209228515625,355.2431640625,421.3406982421875,81.85475158691406
2023-09-26,176.27999877929688,170.3631591796875,349.90875244140625,415.1506652832031,81.57020568847656
2023-09-27,174.10000610351562,171.95582580566406,350.7286682128906,415.3163757324219,81.14799499511719
2023-09-28,173.22999572753906,173.50936889648438,353.66259765625,417.7241516113281,81.39581298828125
2023-09-29,171.4499969482422,172.68862915039062,353.91949462890625,416.7103576660156,81.4050064086914
2023-10-02,169.64999389648438,170.079833984375,356.8731384277344,416.5446472167969,80.04225158691406
2023-10-03,169.16000366210938,167.2169647216797,350.61016845703125,410.9687194824219,78.3204116821289
2023-10-04,169.13999938964844,167.295166015625,355.3814697265625,413.96136474609375,79.42533111572266
2023-10-05,168.8300018310547,167.4221954345703,354.3343505859375,413.8054504394531,79.02940368652344
2023-10-06,169.6999969482422,169.0343475341797,360.2713623046875,418.71844482421875,78.07183074951172
2023-10-09,172.82000732421875,170.01141357421875,362.1087341308594,421.3992004394531,79.90412902832031
2023-10-10,172.52999877929688,171.93626403808594,364.1141357421875,423.59246826171875,79.79365539550781
2023-10-11,173.7899932861328,171.6431427001953,366.71221923828125,425.3276062011719,81.46023559570312
2023-10-12,173.25999450683594,167.76414489746094,365.4378967285156,422.7346496582031,79.25038146972656
2023-10-13,178.8300018310547,166.36692810058594,360.8443298339844,420.6290283203125,80.66837310791016
2023-10-16,177.9600067138672,169.05389404296875,364.9241638183594,425.0547180175781,79.37008666992188
2023-10-17,178.2899932861328,170.9396514892578,363.7288818359375,425.0351867675781,78.49535369873047
2023-10-18,180.8699951171875,167.4221954345703,358.9575500488281,419.37158203125,77.80480194091797
2023-10-19,183.08999633789062,164.75474548339844,355.59881591796875,415.6867370605469,76.21187591552734
2023-10-20,183.58999633789062,162.6247100830078,350.29400634765625,410.57879638671875,76.64461517333984
2023-10-23,182.97000122070312,161.2470245361328,351.3509826660156,409.8671875,77.56539916992188
2023-10-24,182.9499969482422,162.65402221679688,354.76898193359375,412.95733642578125,78.58744049072266
2023-10-25,183.72000122070312,159.96707153320312,346.08575439453125,407.030517578125,76.83798217773438
2023-10-26,184.00999450683594,160.37745666503906,339.48687744140625,402.1564636230469,78.01657104492188
2023-10-27,186.14999389648438,158.49169921875,341.11688232421875,400.33355712890625,77.68508911132812
2023-10-30,185.10000610351562,159.37106323242188,344.9595947265625,405.1198425292969,77.33518981933594
2023-10-31,184.08999633789062,160.74874877929688,346.6092834472656,407.66412353515625,76.95767974853516
2023-11-01,183.50999450683594,161.6671905517578,352.6253662109375,412.0118103027344,78.62628173828125
2023-11-02,184.1199951171875,165.97608947753906,359.0267333984375,419.9077453613281,80.41871643066406
2023-11-03,184.7899932861328,170.49020385742188,363.2447814941406,423.73870849609375,80.96382141113281
2023-11-06,183.35000610351562,168.3601531982422,364.7265930175781,424.7135314941406,80.1784896850586
2023-11-07,182.58999633789062,167.76414489746094,368.1742248535156,425.9222412109375,81.36114501953125
2023-11-08,180.77000427246094,165.97608947753906,368.41131591796875,426.2342224121094,82.74700927734375
2023-11-09,181.49000549316406,163.40638732910156,365.57611083984375,422.9101257324219,80.84374237060547
2023-11-10,179.50999450683594,165.2335205078125,373.795166015625,429.5095520019531,81.29644775390625
2023-11-13,180.50999450683594,165.29214477539062,372.6294250488281,429.10015869140625,81.11166381835938
2023-11-14,182.1199951171875,174.3691864013672,380.65087890625,437.42498779296875,82.9502944946289
2023-11-15,181.63999938964844,174.6720733642578,380.9373474121094,438.35107421875,81.78612518310547
2023-11-16,183.69000244140625,171.8483428955078,381.26336669921875,438.8871765136719,82.80248260498047
2023-11-17,183.6699981689453,174.2030792236328,381.3522644042969,439.4330749511719,83.19050598144531
2023-11-20,183.3699951171875,175.21923828125,385.9951477050781,442.8156433105469,83.69866180419922
2023-11-21,185.35000610351562,172.9622039794922,383.75274658203125,441.8506164550781,83.6617202758789
2023-11-22,184.55999755859375,174.0467529296875,385.32342529296875,443.5564880371094,83.95735168457031
2023-11-24,185.52000427246094,175.21923828125,384.7800598144531,443.8294677734375,82.96876525878906
2023-11-27,186.77000427246094,174.6330108642578,384.4442443847656,443.03009033203125,84.35466766357422
2023-11-28,189.25999450683594,173.9587860107422,385.45184326171875,443.4687805175781,84.5209732055664
2023-11-29,189.5399932861328,174.8772430419922,385.0764465332031,443.1568908691406,85.58348083496094
2023-11-30,188.75,175.54168701171875,384.1083679199219,444.9017639160156,84.59487915039062
2023-12-01,192.00999450683594,180.67132568359375,385.2048645019531,447.53375244140625,86.18814086914062
2023-12-04,187.86000061035156,182.60592651367188,381.6288757324219,445.1844482421875,85.84521484375
2023-12-05,187.14999389648438,180.1632537841797,382.5870361328125,445.0966796875,87.68964385986328
2023-12-06,187.83999633789062,179.8408203125,380.3742370605469,443.3031005859375,88.85748291015625
2023-12-07,188.14999389648438,181.1403350830078,385.6889343261719,446.6856384277344,88.34769439697266
2023-12-08,185.63999938964844,182.51800537109375,387.4078369140625,448.60601806640625,87.624755859375
2023-12-11,183.58999633789062,182.8990936279297,390.7171325683594,450.35089111328125,87.43940734863281
2023-12-12,183.49000549316406,182.71340942382812,393.8288879394531,452.4078063964844,87.69892883300781
2023-12-13,187.6300048828125,188.8983154296875,398.8372802734375,458.64654541015625,89.75652313232422
2023-12-14,188.72999572753906,194.15499877929688,398.4915771484375,460.1184997558594,92.09136199951172
2023-12-15,187.0,192.5232696533203,400.4178161621094,459.36090087890625,92.19361877441406
2023-12-18,187.85000610351562,192.59170532226562,402.9399719238281,461.94488525390625,91.4590835571289
2023-12-19,189.1300048828125,196.3240966796875,404.99884033203125,464.75390625,91.95188903808594
2023-12-20,188.10000610351562,192.4838409423828,398.98065185546875,458.3136291503906,92.57486724853516
2023-12-21,189.42999267578125,195.75921630859375,403.62298583984375,462.6593017578125,91.98908996582031
2023-12-22,190.27000427246094,197.58326721191406,404.2267150878906,463.5891418457031,91.57066345214844
2023-12-26,191.72000122070312,200.15260314941406,406.7013244628906,465.5466613769531,91.83101654052734
2023-12-27,192.58999633789062,200.8586883544922,407.52923583984375,466.3883972167969,93.4582290649414
2023-12-28,191.47000122070312,200.09375,407.3311462402344,466.5646057128906,92.77942657470703
2023-12-29,191.1699981689453,196.82818603515625,405.5683288574219,465.21392822265625,91.94258117675781
