Date,GLD,IWM,QQQ,SPY,TLT
2012-01-19,-0.0023515152751236723,0.006176314025822416,0.006219538579577355,0.005276564191680988,-0.013753443276832589
2012-01-20,0.005272336540625755,0.000639350586498999,-0.001503453255428444,0.0037272831869152867,-0.01132521876664827
2012-01-23,0.006725466086455523,-0.0012780018042378716,0.00033470777829491816,-0.0025768970755037923,-0.006325924785312131
2012-01-24,-0.007048352105060052,0.0057578372329303296,-0.001839593095825709,-0.001139481387224972,0.0018071129978132205
2012-01-25,0.02722056546902296,0.008524474806992366,0.01256689737848582,0.008367384027298641,-0.002404601203124246
2012-01-26,0.005107595919167762,-0.0011356686834396168,-0.0034750149628589577,-0.0051297845784363805,0.013256188475015973
2012-01-27,0.010163190678665446,0.006820015377269284,0.002988787224517342,-0.0004551400174050979,0.0031431591849699902
2012-01-30,-0.0055631321217690655,-0.007777089786141889,0.0008277922171002761,-0.0034135159746503385,0.011772181182696517
2012-01-31,0.0076176801082890044,-0.00101148479240587,0.001323485967503757,-0.0003806198513640613,0.011551149024908947
2012-02-01,0.001476581439991298,0.02151328086445492,0.008095068355369106,0.008757515728611276,-0.011455183904234723
2012-02-02,0.00878748239335847,0.0056987166254764965,0.003113987733609047,0.0015848285821438157,-0.0004191175167868044
2012-02-03,-0.019935712372232683,0.021803512666560776,0.013723352329140459,0.01401898418024139,-0.021489563733774086
2012-02-06,-0.0027440152442257393,-0.0032546376033277813,-0.0008059184554216614,-0.0006691758105250578,0.009951010063654397
2012-02-07,0.015073599610379684,-0.0006047075441246719,0.002096550571517808,0.002528547391320801,-0.012401255987040338
2012-02-08,-0.0070712844420862675,0.0021783089361693264,0.00531134197926475,0.002968062099746538,0.0007743712714405326
2012-02-09,-0.002848639332576064,-0.004950906704618285,0.007205106220562474,0.0012571369537965893,-0.007476866936625304
2012-02-10,-0.005237500657275795,-0.013714101341032903,-0.006994529060169619,-0.007387289157003596,0.012988113631115406
2012-02-13,0.0022136838491002564,0.012919749411958614,0.009284660853320581,0.0074422673378118365,0.0012820175372629805
2012-02-14,-0.0023282156434702994,-0.0044945863333307745,0.002537271983531042,-0.0012555585447522333,0.005292840728088777
2012-02-15,0.0059239200699465755,-0.008297666790235803,-0.006960451648167387,-0.004659979754691901,-0.001782790052423766
2012-02-16,-0.0006543371004235077,0.018826160068463604,0.013700864269217128,0.011072908396552616,-0.007997028678028317
2012-02-17,-0.0038690112885975125,-0.00012052167205367503,-0.003143559065035495,0.0026457781980402384,-0.00025746541239823895
2012-02-21,0.021930074903464325,-0.006764260216304607,0.0028379418002124623,0.00043995411682673513,-0.011064996477569866
2012-02-22,0.01122674611729324,-0.007904332101066225,-0.0045588946408938735,-0.0032239122454140734,0.012576621572895741
2012-02-23,0.00046259876214471696,0.014954219347884656,0.006632890017072679,0.004410684217377003,0.0
2012-02-24,-0.004565995407547319,-0.001932126952904123,0.003451522697044407,0.0021956577556787593,0.006510484744260303
2012-02-27,-0.003077273369589517,-0.0016942459246584995,0.001407077828883052,0.001679730287210024,0.008851309328317791
2012-02-28,0.010425210114951122,-0.0026663628534311368,0.010148114038228906,0.0029164207439655865,-0.0032906062001889502
2012-02-29,-0.053029061708074865,-0.014948838919320973,-0.004481958898305938,-0.003925350790790927,-0.006093231600138305
2012-03-01,0.014121415904973178,0.005181538416804354,0.00791782363471083,0.005181308848058341,-0.009414648938642967
2012-03-02,-0.001620576624883352,-0.014975093677671025,-0.0007696939439165718,-0.0030489607213924907,0.009391622992596105
2012-03-05,-0.004148145103987089,0.0011214565168886637,-0.010328689323660045,-0.004078612196555587,-0.007938468881524163
2012-03-06,-0.0178086148924681,-0.01991495140776145,-0.009812992653761565,-0.014625465095915002,0.012132190116925123
2012-03-07,0.005716090670033314,0.009397988802570367,0.007707950789010987,0.00697586206447931,-0.006120615184509792
2012-03-08,0.010083687876597303,0.012958910748197994,0.010771384270997997,0.00994941100328095,-0.010008188739896062
2012-03-09,0.006655409678363311,0.013538768264010237,0.00416946456360523,0.003867114756290979,0.0019873459446642094
2012-03-12,-0.007873527588344698,-0.001960766395668001,0.0004617547049410309,7.29197861113473e-05,-0.00017248227444233155
2012-03-13,-0.016780784815864758,0.01989193241486098,0.018600714665095275,0.018025801811393682,-0.0175933881050353
2012-03-14,-0.01682067576220847,-0.008186778018226759,0.003471444474325791,-0.0010709436730634847,-0.02519606340647751
2012-03-15,0.00946289676961598,0.008375714217068397,0.0028576761433261044,0.00578940722323007,0.0015316370502409526
2012-03-16,0.001365788541111801,-0.0008424611968600448,-0.0007063976745279588,0.0013849841309236943,0.0019776247408709313
2012-03-19,0.0017978504689784014,0.008434155479189798,0.00706593497076935,0.003919880856080082,-0.01193538238391556
2012-03-20,-0.009035159899535072,-0.008961063686640625,0.0017907542316948355,-0.0029109275581646887,0.003995923552050806
2012-03-21,0.0004996054993768873,-0.00024127334616497187,0.00014927749245563504,-0.001637852970226783,0.01130835405102193
2012-03-22,-0.0039947529044891406,-0.00964660243664961,-0.0020856047764228336,-0.007202717925338331,0.0032202795260343198
2012-03-23,0.012282956477502438,0.009782935582354213,-0.0005973065470454841,0.003232227000850907,0.009452448891039245
2012-03-26,0.0177675672560913,0.020803484974742936,0.017478305256474203,0.014034840912939828,-0.0051240255914393185
2012-03-27,-0.007055890793102537,-0.006991082349297684,0.0014681451852223137,-0.0031069651128075026,0.007192151119149726
2012-03-28,-0.010597959618425579,-0.005846239531013042,-0.003957998173066857,-0.004958419844889539,-0.0014107289101348286
2012-03-29,-0.0014240340248994343,-0.0028804425769728415,-0.003826904753428839,-0.0017082605019259622,0.0075038439401931
2012-03-30,0.0052083106662228484,-0.0032497760794033548,-0.0019211522114672697,0.0041357869104061695,-0.01691052223945899
2012-04-02,0.005058027072021742,0.012317328645408576,0.01036234205299924,0.007314712945481361,0.005540301382302992
2012-04-03,-0.01871856515317416,-0.006680398456936243,-0.00029256105606989546,-0.004089459192983647,-0.01732963635461815
2012-04-04,-0.01676147780356274,-0.015971974923005172,-0.013630358793132125,-0.009910249799142568,0.01374642446488461
2012-04-05,0.006996951833534437,-0.004393318491061282,0.006240844909674026,-0.0005005832279936229,0.007225536091704621
2012-04-09,0.006695708261895694,-0.016426143274084426,-0.007531186092188502,-0.011231235722417576,0.023382502722693932
2012-04-10,0.010855311785985977,-0.02355416740202787,-0.016069021054832322,-0.01678484713850037,0.01133618576986195
2012-04-11,-0.00018621215493686005,0.014167023351932428,0.00483870318129509,0.008094374552035877,-0.011980428763480488
2012-04-12,0.010119758799926215,0.014347044039990875,0.011437406098157021,0.013065466913208423,-0.004156686798441167
2012-04-13,-0.011370564716820963,-0.013151074640951332,-0.015176414844760289,-0.011888356375134301,0.016176451551740856
2012-04-16,-0.0024246153239028123,0.0016343198868484787,-0.011180081412228704,-0.0006563116220188459,-0.0014550273470956832
2012-04-17,-0.0013087791666472892,0.014434670857387477,0.020321027883628995,0.014812086838331018,-0.0006003440346533662
2012-04-18,-0.005865849868369688,-0.00754831610468687,-0.002545432322725527,-0.0033792020838424586,0.0029161395639671905
2012-04-19,0.0007532177454423472,-0.005734588051465539,-0.011259853016320487,-0.006420895424655515,0.0009402705025436386
2012-04-20,0.0006899618353195525,0.00576766322407507,-0.0027331003361111827,0.00167005973461265,0.00017147767190550667
2012-04-23,-0.0029458817957397354,-0.013838277934719923,-0.009134909713101713,-0.008408918611815364,0.007260469749569509
2012-04-24,0.0014458773932806146,0.00758563572194193,-0.00537810930298388,0.0038016307002308736,-0.007038294088876129
2012-04-25,0.0020087386020055664,0.015557742966519239,0.02657165055703503,0.013691538103329792,-0.005124529228799801
2012-04-26,0.008833502726736775,0.009883956939112037,0.005868849025230993,0.0069686105296464795,0.006008676913901834
2012-04-27,0.0021735459614287134,0.007829731466731271,0.005984487110115344,0.001641401763332384,0.0008535623246181956
2012-04-30,0.003098277264045768,-0.011046182716168196,-0.007138177738121199,-0.003704145247141244,0.0002565034686285994
2012-05-01,-0.003459337420944286,0.0009819879505110762,0.001647700458532464,0.006220238396484445,-0.0051865899038923136
2012-05-02,-0.004525235266453653,0.002697733233336441,0.0028413113357195208,-0.002984512531686856,0.00704234002756654
2012-05-03,-0.010087771057537998,-0.01406396418955369,-0.010587702462736104,-0.0076252481667843375,-0.00025550644795291344
2012-05-04,0.0031452475068289854,-0.018978117146833395,-0.02486817257335594,-0.016157984227175737,0.007847934064724393
2012-05-07,-0.0024455972073937904,0.0026556222487881254,0.0009275665474219874,0.0007296027614487333,0.0001689312198571713
2012-05-08,-0.019361338921316418,-0.0006306383775569468,-0.0037060318341420873,-0.004011587048850296,0.005332353919503374
2012-05-09,-0.00980768448267233,-0.005678516345450801,-0.003099670444455249,-0.005931688120560552,0.0006735896871019609
2012-05-10,0.0019421444253708842,0.0038073750100162673,-0.002021377646508671,0.0020627509189152793,-0.0029442938176902356
2012-05-11,-0.007818095757993637,-0.0025282358343955424,-0.00015580038196527646,-0.0030145064165464364,0.008268311921857618
2012-05-14,-0.014521983348483536,-0.013307869796302607,-0.009348609415517628,-0.011060868779275812,0.013974821895526013
2012-05-15,-0.010506815031071648,-0.0017984165446305322,-0.0033029954591160537,-0.005741926256753183,0.004044058550593865
2012-05-16,-0.0018698996195085638,-0.007206508592502825,-0.006785495830643473,-0.003824507537385169,0.0028764145048538747
2012-05-17,0.022347090779173184,-0.022683230496391427,-0.021131206666583857,-0.014831072695682623,0.01770328506081187
2012-05-18,0.011452879352412237,-0.009416215685249418,-0.012984791680495822,-0.00855869945115395,0.00024144305926809828
2012-05-21,0.000646980541909592,0.023564079278710626,0.02795583113470257,0.01718825780346278,-0.002092382332392284
2012-05-22,-0.016618119410660492,-0.006017106411918216,-0.0011197758084304787,0.0017425312531411663,-0.011134821587838517
2012-05-23,-0.0030247679400885463,0.0064483476675238904,0.0019218659065431964,0.0005299552336361923,0.006935618066208127
2012-05-24,-0.001384985238363945,0.002092236865213648,-0.006553630913685549,0.001965477390338588,-0.003808229498398652
2012-05-25,0.00838774838488221,-0.0006523466546771717,-0.0012871761807017323,-0.003244687926521106,0.0037410869781631106
2012-05-29,-0.010872337457110914,0.014492567800263867,0.01272750653241883,0.012112237937898174,-0.0030789830234355664
2012-05-30,0.005893254962718419,-0.0191765599270598,-0.008431583118299835,-0.014510310474676436,0.025361562881363486
2012-05-31,-0.0019090812845146132,-0.0013120552770875538,-0.0043319333505453805,-0.0022006419998803484,0.011574270819899812
2012-06-01,0.038781196888100666,-0.030088252910240643,-0.026586881011586794,-0.025176960736913667,0.02373981129854097
2012-06-04,-0.0011428106398809756,-0.002302708832995437,0.007614407583288907,-0.0004682746391035941,-0.007900516460043083
2012-06-05,-0.0011442151423203262,0.012898775506999804,0.004106958921588966,0.0075721321072905745,-0.013377156680259294
2012-06-06,0.0004455092560180507,0.024665177720130327,0.022905968824727285,0.022468595152153048,-0.01998378871260298
2012-06-07,-0.01723813115026185,-0.006541315711968587,-0.003998569686618714,0.0006060467120350133,0.0015188780254602463
2012-06-08,0.0014886454856897213,0.013563546853694541,0.00963521802056544,0.007951454571089478,-0.0002390607938210776
2012-06-11,0.004071640277957922,-0.022086782247393688,-0.016859873428810013,-0.012696814762537811,0.004552203766090335
2012-06-12,0.007080368815616023,0.012621406160904458,0.01213384622644842,0.011490312257503854,-0.00914292812254025
2012-06-13,0.004218256263578635,-0.01154547272758577,-0.006873556378399814,-0.006394830617273306,0.009868869656438406
2012-06-14,0.004009705335992431,0.011415008222404488,0.0037020137845926726,0.010600873535709487,-0.0012711339875985939
2012-06-15,0.0005704997647584253,0.013385318160559878,0.012424110701071411,0.010226963377392817,0.005569112660378961
2012-06-18,0.0005701744803514597,0.0011658210136118452,0.0093668852189297,0.0019385875653517015,0.005380099639200608
2012-06-19,-0.004875508449193711,0.017332924008223616,0.010380456757354661,0.009672389135026105,-0.013063154397659482
2012-06-20,-0.0075719166052243825,-0.0015260872467276476,0.0007783452164529248,-0.001620993724176567,0.004943400986213042
2012-06-21,-0.025325363321968553,-0.024321660014842483,-0.02488707571810267,-0.022439030017207484,0.00531568112966907
2012-06-22,0.004078378501268132,0.011354515852391778,0.010527826378445182,0.007701722524277033,-0.013337938700804908
2012-06-25,0.00733749424571517,-0.015615167791768858,-0.019258002252553807,-0.016034789014868767,0.01455800189441403
2012-06-26,-0.007414148220444616,0.003913424594837567,0.006276872660590627,0.005025840304851759,-0.003941559404832873
2012-06-27,0.001376010487393442,0.01627299362355794,0.006078192614168421,0.009016403987292199,0.001582707482749246
2012-06-28,-0.011646919832302038,-0.0016789515002717526,-0.011128635328768288,-0.002853579194718625,0.0024494793274327797
2012-06-29,0.027408138404537707,0.029103321024492423,0.03151138917514151,0.024926869008456753,-0.013006888232801272
2012-07-02,-0.0006444107348563266,0.011563812116233141,0.0029612120501183448,0.0030120898247076866,0.010317615438020233
2012-07-03,0.015281516744723334,0.013046924423338213,0.008391505083897632,0.00659334136123868,-0.007685694625121475
2012-07-05,-0.011304546946454441,-0.0011043340884488995,0.0006162539251510779,-0.004512234676641413,0.00511073549576313
2012-07-06,-0.012654072807009586,-0.01117362977173586,-0.012474987941601956,-0.009503466512756131,0.009292950577441506
2012-07-09,0.002146812555150701,-0.0038494905336213803,-0.0018711639484667586,-0.001254475642139985,0.008815759683850732
2012-07-10,-0.012269536951600046,-0.01109435736480835,-0.009843751234746567,-0.008720428096853805,0.0020283000184306843
2012-07-11,0.005520944005105832,-0.003403498079985079,-0.005523013684269218,0.00014915531275194738,0.001245208790221053
2012-07-12,-0.00261460971900751,-0.0034146593900071798,-0.009362490704635906,-0.0048450989904899044,0.007076376509727034
2012-07-13,0.010157959820154439,0.012437518291746441,0.015217043858039903,0.016777866395869978,-0.002625057932848507
2012-07-16,0.00045418012518472217,-0.004011526268971499,-0.00283975294359029,-0.0023573284047271326,0.004644637742832636
2012-07-17,-0.0047986866023365105,0.0035246827796993063,0.005221503610476352,0.006867164956274374,-0.007859899608022913
2012-07-18,-0.002736679257213992,0.006145270337602149,0.013537004922565599,0.007406741347918633,0.0005437153839535913
2012-07-19,0.0021561700390366756,-0.0033655107720137467,0.01102640661035914,0.002620895208363727,-0.0025616438541139486
2012-07-20,0.0018906850756352789,-0.012757834733101991,-0.013210471358614195,-0.009148628938401515,0.012218624433407488
2012-07-23,-0.0041647647379081665,-0.015963941536434767,-0.012142078626077302,-0.010112044707042633,0.005613016105291191
2012-07-24,0.003202022460124132,-0.013132461966831044,-0.007878918454541362,-0.008586886399247762,0.007875406600502233
2012-07-25,0.014004649795792412,0.0022181080397449815,-0.006670926834242752,0.0002241558142215272,0.002578891064471067
2012-07-26,0.007066269136341896,0.008591615165637334,0.013271704141500917,0.01649718082094087,-0.00915578556804697
2012-07-27,0.004911583802304831,0.02374754495981124,0.023670387160154904,0.018433204535444503,-0.018862015842658675
2012-07-30,-0.0006982392728160924,-0.0034033526708086015,-0.0007707200639675005,0.0,0.007471638439649597
2012-07-31,-0.00597082656640302,-0.008855252077953346,-0.00030832744626052566,-0.006994217767355426,0.0020091459353368535
2012-08-01,-0.008626788012826792,-0.016464665938250245,-0.002932296059976469,-0.0008720113837835664,-0.004998836963195696
2012-08-02,-0.006510213425354183,-0.00363376244328395,-0.003559844230031306,-0.0069040732068743615,0.005668330112560405
2012-08-03,0.009212989839486152,0.023834886880928163,0.018950030401029272,0.019832922965590916,-0.01613780095603612
2012-08-06,0.004821600676860438,0.007759461345238083,0.0076217604904478264,0.001937481520474682,0.00039216764749738786
2012-08-07,-0.0001279863856068486,0.009088481943733129,0.008320746478414742,0.0050136018530468895,-0.012865137426579354
2012-08-08,0.0012797347696722472,-0.001501009031301348,-0.0004502106620636326,0.0012115699672545777,-0.0053247756182025485
2012-08-09,0.003259264951112506,0.004761046123556767,0.003002477499111089,0.0008542757700515935,-0.0007196187736766557
2012-08-10,0.0012101864830207365,-0.0034913781372840624,0.0005988390373778962,0.001635809960911505,0.005037922993743615
2012-08-13,-0.0075708565852385945,-0.001626966088761228,0.002392448169178829,-0.0004974828927325481,-0.0016710049272248284
2012-08-14,-0.00551317764002035,-0.0023809033285948633,0.0004477891704728343,0.00014254157382609378,-0.013546806972892012
2012-08-15,0.003223103102315328,0.008793607502703527,0.002535377377335779,0.0011359903589849285,-0.014056495737259644
2012-08-16,0.0059756643744985904,0.010460754259277172,0.011901051602806634,0.007378741326762084,-0.008520716412890206
2012-08-17,0.001021995813774046,0.007024883382884095,0.004410610670178228,0.00133829726708945,0.004875770286086656
2012-08-20,0.003445592661605268,-0.0022026855148951086,0.001463852094100826,7.00211644397708e-05,0.002055311495184009
2012-08-21,0.009983513792826137,-0.0006136060590854475,-0.003946385337673108,-0.003023996920370031,0.004431798725679892
2012-08-22,0.010766174119276384,-0.004786331070556038,0.004108809103831046,0.00042354942996736256,0.01650523036595053
2012-08-23,0.008409157592958794,-0.0070287644281069594,-0.008183803846258164,-0.008179804415796577,0.004179276904694662
2012-08-24,0.000494174015419846,0.002731554042612716,0.006188198375486564,0.006042864629201894,-0.0009603611145364566
2012-08-27,-0.003766133270076133,0.002972839290567908,0.0016110453606330566,0.0002120807204717412,0.005848979012466726
2012-08-28,0.0017352428001844444,0.004569359466427558,0.0,-0.0009890912342607194,0.002389711442321696
2012-08-29,-0.006495935756759552,0.0030724606313268232,0.0,0.0007778248221972373,-0.004370592368895365
2012-08-30,-0.0004358432469381279,-0.009926568062787133,-0.010087599307266326,-0.007207744961583162,0.005187620679721228
2012-08-31,0.02305006759133854,0.004085449674713804,0.006645792051255706,0.004768727889923774,0.014133711881674893
2012-09-04,0.001583208530649749,0.012203778170478019,-0.0010270515170122119,-0.0009207484544335731,-0.001003429225536645
2012-09-05,-0.0010335492057460538,0.00024346403611330558,-0.0010281703829522204,-0.000850731244443903,-0.004713023314028564
2012-09-06,0.0035299241657396063,0.01838545575848549,0.022199428889654316,0.020296710746968927,-0.016651478503017403
2012-09-07,0.021529523105697113,0.007412381484277919,-0.0014380075606353904,0.0038948629893404974,-0.00465471668197881
2012-09-10,-0.006827411176709486,-0.004509302678962546,-0.012819092990124514,-0.005681537912633816,0.002418805021987991
2012-09-11,0.003646366398665668,0.0021460276495808284,-0.0016044188585657704,0.002787528023671104,-0.006272830011017305
2012-09-12,0.00011914397372314589,0.005115166480020639,0.0029223710201109476,0.00333529274659794,-0.012464504045014202
2012-09-13,0.02018818143529133,0.013137626705489236,0.013551008804955078,0.01523669372398273,-0.003934494826941859
2012-09-14,0.002860343822002953,0.009346098500237376,0.008913304865735938,0.004433998105102033,-0.026577740744610723
2012-09-17,-0.008149063622843289,-0.004630043128401429,0.00042762645210991934,-0.0033960085482999114,0.012003537460883562
2012-09-18,0.007746522133214695,-0.003255702576665742,0.0008543379183310051,-0.0008173644417870385,0.005011763501622468
2012-09-19,0.00011649354949172519,-0.0017497738206392333,0.0018498208702708574,0.0005452457231076568,0.0065653812786985455
2012-09-20,-0.0015721687657199723,-0.0044404804645327145,-0.0009940075233346723,6.845559122714562e-05,0.002477211628494125
2012-09-21,0.0028576747517099488,0.003638809754162642,0.00028520756346073206,-0.0004180699869410498,0.0011528425428768418
2012-09-24,-0.005291949445103139,-0.0032644864188371425,-0.005844600592355809,-0.0015081285404938694,0.007816657503413094
2012-09-25,-0.0016369410950092256,-0.014371541495199258,-0.014052647867212942,-0.0106417573683536,0.009877000571159256
2012-09-26,-0.005621635473730624,-0.0063343732791018015,-0.00814405731383594,-0.005621366159052066,0.010750878703670974
2012-09-27,0.014898997795603108,0.010824968208843266,0.013783161099958141,0.009421371855728333,-0.0071174531278638264
2012-09-28,-0.0026110999060248163,-0.007139326022943426,-0.008244433922259709,-0.004632254433261984,0.0005637430304923363
2012-10-01,0.0023270341375569714,0.0033564056695847277,-0.0014581073674124756,0.0026393640892121706,0.003710589852800039
2012-10-02,-0.0011027174532514117,0.0019104436353931664,0.0029209724523759917,0.0010392061164588018,-0.0013659768101732528
2012-10-03,0.0018012640766977839,-0.0028615026223662854,0.006407348802750068,0.004083247542125967,0.0003224852562331293
2012-10-04,0.006960135274945767,0.006815095665301252,0.0034730042562853836,0.007168094677261205,-0.012471349438201274
2012-10-05,-0.005702468116373205,-0.0011876475579712942,-0.00533488288795958,6.842334746459677e-05,-0.012954772716730734
2012-10-08,-0.0033020048751752906,-0.006300913447504275,-0.009133749495276677,-0.003421589910597378,0.008420022184094433
2012-10-09,-0.006160985410008202,-0.011725346367857159,-0.0159473011663136,-0.009887234204605577,-0.0018013459647144847
2012-10-10,-0.0008772977978495078,-0.0015739031851853547,-0.005054845496189286,-0.006379999663285951,0.007052641230219203
2012-10-11,0.0028097108207538746,0.0036373431543987866,-0.0031381997036407094,0.000557873106437734,0.0069209134968941655
2012-10-12,-0.007354714637855864,-0.008094380511939225,-0.00044935948015245586,-0.0032781703878858037,0.0025066645932860787
2012-10-15,-0.010055224506803517,0.00657738883391823,0.007348157624694984,0.008328014148081486,-0.002258574837360472
2012-10-16,0.006355758993983995,0.00738135859929101,0.01414321177436606,0.010132947694311056,-0.013824582120030127
2012-10-17,0.000708270089035512,0.009009197036614847,-0.0005868698873572331,0.00453517370514378,-0.009263782621048544
2012-10-18,-0.004423734987025862,-0.00547646691696968,-0.011604046670056212,-0.002599433670663509,-0.006123231440681054
2012-10-19,-0.010782582723043554,-0.020229647194517364,-0.023926303099406132,-0.016664203364927244,0.01357015002321904
2012-10-22,0.003653354530106512,-0.00024484500133314935,0.005176508650798883,0.00013959554766485027,-0.006407072600267294
2012-10-23,-0.012829747772893363,-0.005010046328504436,-0.00954255265225512,-0.013876309646352003,0.014302629905529773
2012-10-24,-0.0034455182897020764,-0.0027021564403890697,-0.003517313134855704,-0.0028284953776566146,-0.009861938496393607
2012-10-25,0.007036295388904268,0.004064384857217274,0.0,0.0029075573014356593,-0.005103827568316732
2012-10-26,-0.0005421731981886113,-0.004783565208824059,0.002915739879324919,-0.0005653740455114908,0.014727684517955808
2012-10-31,0.005424029379860196,0.006038804275719567,-0.006120856705428834,0.0,0.005870897339632863
2012-11-01,-0.0045555025984209685,0.010535537253447469,0.014164894067135725,0.010470258405268718,-0.008187204459687791
2012-11-02,-0.020894809825163896,-0.01575946668037076,-0.010627326422724903,-0.008891679204612202,-0.0007353365131398393
2012-11-05,0.0038744747870573804,0.006651108831864816,0.006598266287727972,0.002048674716305099,0.00564296556917987
2012-11-06,0.018807862553296584,0.007463431644776586,0.001829480626470481,0.007825167373157527,-0.009434001223622479
2012-11-07,0.0011425281895340866,-0.024289962881956395,-0.023585172533495236,-0.02266403210446466,0.018145501616033233
2012-11-08,0.009009549825869767,-0.014064825650354051,-0.015739577241334457,-0.01202400405419879,0.01483887919995519
2012-11-09,-0.0010119540650425085,0.0021463547743330036,0.0042752023108558745,0.0008689922421882823,0.0011122480261589462
2012-11-12,-0.0022048049089982147,-0.002897658838346473,-0.00015793628483729005,0.0007964923222667508,0.0016671187264485354
2012-11-13,-0.0020901215354142133,-0.005685388286608251,-0.006937692380473037,-0.003471713784104158,0.0033281744745556896
2012-11-14,0.00023933743071213875,-0.01855117486959701,-0.01174975663564426,-0.013498522100797938,0.000947716138069099
2012-11-15,-0.006282176951012075,-0.0051788018679584935,-0.0033740326247585495,-0.001692110803396818,-0.0019726599778140397
2012-11-16,-0.0012643233169258306,0.008328957906519552,0.004352944734937081,0.004937642525486119,-0.0008691700860629092
2012-11-19,0.011996564840836887,0.021166592385150507,0.023755934936270595,0.02023868395921191,-0.005618871790522895
2012-11-20,-0.0028593300857844284,0.001769603815013232,0.0003136030972192838,0.0004314025168250524,-0.01002706627863903
2012-11-21,0.0010155813941403746,0.005298744906642172,0.002037580112864479,0.0018680532695414254,-0.0005630826220406338
2012-11-23,0.012234441881278757,0.009914847439514984,0.015172793327957956,0.013625255047764462,-0.0009648352985133224
2012-11-26,-0.0010613049579774048,0.0032309012530085113,0.004314215383480757,-0.002122523061206971,0.004750210391807119
2012-11-27,-0.004249459912872733,-0.0012382796420584707,-0.003375081052630846,-0.0051043871701240695,0.0039260013580082465
2012-11-28,-0.012803055990465051,0.008433652021454519,0.008620328933603982,0.008052359482873861,-0.0014364220906352143
2012-11-29,0.003782585484718659,0.011437686748217324,0.005952860856476283,0.004665363591007887,0.00015965934274397853
2012-11-30,-0.00675911995172096,-0.0019457097211263985,-0.0016691411013983748,0.00021119692073812146,-0.00271731529180097
2012-12-03,0.000481793613877457,-0.001096553813095813,-0.001975387963714881,-0.0049244124625774655,0.0009237069963317079
2012-12-04,-0.010293184034235181,0.0012196936419821558,-0.0006094802984598635,-0.0014140831693915112,0.005775408858296638
2012-12-05,-0.0018246141290523266,-0.0012182078016718112,-0.011122879803805441,0.0017700221227290314,-0.0004781262815783949
2012-12-06,0.00231540881134662,0.0015855018779153962,0.00647109259037304,0.0033923292832531704,0.0021539740416705033
2012-12-07,0.004012180316774305,0.0007307906574445244,-0.005970434018165549,0.0030285409111534545,-0.009235759369921714
2012-12-10,0.0038750264922358113,0.004380545696907712,0.0029264640021231525,0.00042106199394997823,0.004420125325989677
2012-12-11,-0.0009047596653337653,0.010540284936846556,0.013052955281588341,0.00680831133269133,-0.007601430479947879
2012-12-12,0.0007244816202742754,-0.0056348473636481655,-0.0021222173835245828,0.00048801278051624486,-0.011610445184565665
2012-12-13,-0.008445491459192933,-0.006390015343275768,-0.007899638148036736,-0.006131519047553491,0.0007345672280290039
2012-12-14,-0.0014600610908572786,-0.0006067939060980798,-0.009492709589088766,-0.0037161665996029436,0.007498651821113755
2012-12-17,0.001888731794135401,0.01408490685244046,0.013294050142555136,0.011752589822656034,-0.014966981674397473
2012-12-18,-0.014351742734815875,0.013649328496300628,0.015255126547297548,0.011128778062971856,-0.010184768799451738
2012-12-19,-0.002406215358110364,0.002227600345438674,-0.0043576567924794585,-0.007429279758556007,0.0033189434315008537
2012-12-20,-0.012122003118760882,0.004993053618261856,0.0,0.005752157333323904,0.0001654160588406839
2012-12-21,0.003756377133691924,-0.004140508009139121,-0.010516856518430262,-0.009076691567049933,0.010915208467330961
2012-12-24,0.0018087275171267958,-0.004869566596039321,-0.0019934111828411316,-0.0030817036830772526,-0.0017991913693142791
2012-12-26,0.0009961627877814738,-0.007161557291812448,-0.008760050158204247,-0.004215526524483759,0.003597181734943833
2012-12-27,0.002363508432004169,-0.0007214624675252468,-0.0015503587873411107,-0.0013399181610735944,0.0033550376186091135
2012-12-28,-0.0038471727592938043,-0.007098309415329074,-0.009627308409791424,-0.010808170157636465,0.005709209624519929
2012-12-31,0.009218955078005298,0.021689329930665524,0.021166448693554107,0.016996409216987196,-0.01727363906697621
2013-01-02,0.007097851290946089,0.029411610558397916,0.03178215501611814,0.02563008219289542,-0.013368517036731475
2013-01-03,-0.012073305404241008,-0.002304268127577669,-0.005207859312534979,-0.0022592565556635025,-0.013549295914056514
2013-01-04,-0.004714606211065564,0.007390750621450115,-0.003290977591941302,0.004391573420049033,0.003900201472858189
2013-01-07,-0.006295249004336423,-0.0037828601863476585,0.00030012123494560505,-0.002732862584701401,0.0004222425029467569
2013-01-08,0.007087781062064646,-0.0006904988028864079,-0.0019508085314458024,-0.0028770362688294027,0.006585183826845142
2013-01-09,-0.0004359246792099425,0.004836104540689945,0.0037585191236584325,0.0025420506713338398,-0.0009230623473123201
2013-01-10,0.00928400637657445,0.002291754530519441,0.005990730961602964,0.007949427373250995,-0.002770481135828673
2013-01-11,-0.0056797023904903154,-0.0014862962250756784,0.0013399097066890686,-6.789134094531413e-05,0.008923298431618987
2013-01-14,0.002980229323326755,0.0005722729521002723,-0.0044600310921310005,-0.0006798665118967762,-0.0027531579496347103
2013-01-15,0.006314252289550515,0.004348417479451472,-0.0049285147332739365,0.0006803290448313959,0.004601594634995321
2013-01-16,0.0005536192128581252,-0.0029622270834568365,0.004052625381466557,-0.00013643976310795392,0.0020822079235005564
2013-01-17,0.00430379485582244,0.00925606915524102,0.004783002555631688,0.006460649931961937,-0.009973454907140411
2013-01-18,-0.0015917340429129068,0.0028306363489039033,-0.0022315633627043585,0.002229899647112177,0.007723678013302315
2013-01-22,0.003556329904214506,0.0072258527533684,0.0016402497154086593,0.005393308920700335,0.0019155822768757158
2013-01-23,-0.00281048121356553,-0.0023540334951114295,0.0061025250012527454,0.001609293985835647,-0.0014960634076844892
2013-01-24,-0.01096751713306432,0.003258430473170204,-0.013759154245583494,0.00026784850860872567,-0.0034980157873415463
2013-01-25,-0.004770191309598659,0.007279905676566889,0.00510021099770297,0.00562216459682241,-0.01370414723981972
2013-01-28,-0.0022409002429438774,0.0006670358828604339,0.002238955232884754,-0.0011980367720937357,-0.003643289915129966
2013-01-29,0.004367160997889918,0.0005557599265426649,0.0001489935278324861,0.00393149564705042,-0.005527685678652361
2013-01-30,0.0074538599123976645,-0.01199388062205331,-0.002084649383882642,-0.003916099518838756,-0.0017094523432780173
2013-01-31,-0.006103985931695921,0.006856619212320059,-0.0022379696763670243,-0.0024651687847295767,0.004882166206696459
2013-02-01,0.0015508685157126223,0.008818874489557649,0.011813797937860748,0.010286916905564158,-0.012984987251873692
2013-02-04,0.0034066464054138823,-0.012061391471628102,-0.017439982903812767,-0.011240572455110232,0.012808810195986897
2013-02-05,-0.00024687213662233365,0.008960333243865692,0.014741166980123621,0.010097158814938556,-0.008886384011150161
2013-02-06,0.0026549312049666263,0.004218563119456009,-0.003261345579586794,0.0007286910231472099,0.00819055130892865
2013-02-07,-0.003386926866340456,-0.003316506371351169,0.0008928279086690694,-0.0013225642239759194,-0.002223626179631788
2013-02-08,-0.0016682465384403322,0.007098523257484279,0.010252394070393578,0.005563804915204473,0.00385728097205984
2013-02-11,-0.011573994499016527,-0.001101031592604218,0.0002946179986655917,-0.0001972155697361755,-0.000768051970905681
2013-02-12,0.0011897460553353945,0.0044100745907273975,-0.004117187806119804,0.0016467797705306264,-0.0024784587528915436
2013-02-13,-0.005253588974277079,0.004171131115759064,0.0035430878755697837,0.0008557248954459418,-0.008137416474863879
2013-02-14,-0.004401112447727451,0.0025140906792018303,-0.00029445459274446417,0.0009196829241884252,0.009067916389090325
2013-02-15,-0.016356245638453393,0.0003271794681165563,-0.0029431614685658802,-0.0011817383879719756,-0.0029095139240301604
2013-02-19,-0.0027606104965699485,0.00882967832074888,0.007232764610631159,0.007494200357108349,-0.004978638560312554
2013-02-20,-0.025043451643549264,-0.018584812091826497,-0.01538670425223021,-0.01246308051145284,0.0030190016903519634
2013-02-21,0.0077918162754770925,-0.009688557195850045,-0.010716271050665305,-0.006078686921527354,0.005848016384749188
2013-02-22,0.002293317486000923,0.012006917473197154,0.010079828749948838,0.009772421295576539,0.0006848171512505719
2013-02-25,0.008955972453781325,-0.022081202884754902,-0.012362414497187557,-0.01902717195101644,0.019652845169018773
2013-02-26,0.012180931238955583,0.003932034393928641,0.003770292812850018,0.006845851415960391,-0.005782522393083744
2013-02-27,-0.01056198875682579,0.010518429503513671,0.010216066136718549,0.012598671844439746,-0.002950240311536456
2013-02-28,-0.010157257228600503,0.0018820584682444075,-0.002081979869432815,-0.001975430647958243,0.0018606655182398235
2013-03-01,-0.003660114762050637,0.004531640144133764,0.004172710447073014,0.003298230804386071,0.005444911091874394
2013-03-04,-0.0009183901036885489,0.002640156152927231,0.004452656603540772,0.0053250540501348365,-0.005298040688880401
2013-03-05,0.0005252910666555533,0.011631840323343745,0.014775326900253516,0.008958926451628324,-0.002875147624602392
2013-03-06,0.0055780996028989005,0.002603318563487722,-0.002475350153750222,0.0013611318520601046,-0.009073029110315933
2013-03-07,-0.0035240703595200706,0.00476056938318381,0.0026276526381678877,0.0018119438930750409,-0.00770109154251164
2013-03-08,0.00013101232655099437,0.009260146758103716,0.0011645443427128477,0.004264257524194459,-0.010435010083259866
2013-03-11,0.0018335326238412275,-0.00032003208403430516,0.002908005293035698,0.0037954903795147654,0.0009588443685069059
2013-03-12,0.00784362968269714,-0.0020278395769834923,-0.0036246361128845495,-0.0022428281618561696,0.007226222698366813
2013-03-13,-0.0034373096238732304,0.003742942198702748,-0.0013096876250290324,0.0014129974095762332,-0.0010378999201530181
2013-03-14,0.0001300859898183404,0.010015064683588815,0.0033517127814626235,0.005323884838338788,-0.003028051671976506
2013-03-15,0.0020822965868685372,-0.00052752500868114,-0.002780512918191813,-0.001319940845834533,0.004686720694631941
2013-03-18,0.008961070667613535,-0.005488108717037865,-0.0021895025437841387,-0.005519156585508056,0.007602069326260619
2013-03-19,0.00450506452725441,-0.004244771417862725,-0.0019014018938838806,-0.002323031302741252,0.006772674869546913
2013-03-20,-0.004548992218975756,0.009271710196603111,0.007034599682672171,0.006985321027630498,-0.01115560786843428
2013-03-21,0.005663930684613572,-0.008764545712634297,-0.011351842694192538,-0.008543116429145958,0.009646062890584783
2013-03-22,-0.004479980468749978,0.0030894785270385583,0.009715941302351094,0.008033661637127043,0.000766443007347295
2013-03-25,-0.0019929125844543316,0.0005751703600969105,-0.0036450791709390362,-0.0041770970132885,-0.0009370301839843886
2013-03-26,-0.003349679554628948,0.0031931605080797176,0.005414063622196874,0.008002392447017836,0.0011944998908941518
2013-03-27,0.004136500676053423,0.0006366565910418398,0.0013100012768609837,0.0,0.008520736975569987
2013-03-28,-0.0058573870914927495,0.0012723123117623913,0.002470750743850836,0.003073221715012231,-0.005069447549041484
2013-04-01,0.001424417125607702,-0.013449068031167521,-0.006814584046003769,-0.00395717888874092,0.007531718711413227
2013-04-02,-0.014482482185829704,-0.006225678905414256,0.007883299752956985,0.004933953578394323,-0.004054634283037872
2013-04-03,-0.011152640752650878,-0.015662430566753982,-0.00912494913744788,-0.010139022998549074,0.008989832661880248
2013-04-04,-0.0029191431956356872,0.008559405417834842,0.00029244304364905993,0.004058541753084732,0.011935976828614248
2013-04-05,0.016767611850665,-0.0019585968516651064,-0.008329587463549837,-0.004490931500224504,0.020184344062751602
2013-04-08,-0.004253608447543744,0.008285075461699432,0.005305263215777289,0.006767489492799372,-0.007653259690778569
2013-04-09,0.007754946420753139,-0.002918986480908492,0.006742309840315208,0.003456732816669472,-0.0024618448252895497
2013-04-10,-0.016890546496319603,0.018108880118353543,0.019510917236550407,0.012248300205446538,-0.013735362408840879
2013-04-11,0.001990069995076782,0.001384520023958391,-0.0004284570580048719,0.0032775959481778916,0.001917831321048391
2013-04-12,-0.04700434266845255,-0.004041735295560955,-0.0007144213819921807,-0.002449570419429059,0.014899686293363246
2013-04-15,-0.0878082643808128,-0.03769736993753314,-0.019731266270814674,-0.023173946469095208,0.008693348663038059
2013-04-16,0.011347235708379255,0.017311883784068005,0.013273399244502881,0.014762181868348767,-0.008211980613691217
2013-04-17,0.0005270486733528479,-0.017344864396917292,-0.01957713825726337,-0.014611428845192509,0.006640646289528984
2013-04-18,0.010762459449999096,-0.0055501758722150685,-0.013801194784932802,-0.006253148774046702,0.0024427288753741117
2013-04-19,0.008711825334020373,0.011498031020166888,0.013696680926625016,0.00869339228460353,-0.0021121103007143427
2013-04-22,0.01793749652236576,0.0028692764099385037,0.010280496637415704,0.0044376004195083585,0.0007326759553503148
2013-04-23,-0.007396584908027859,0.015846717739903315,0.00959428996583167,0.010309201954644687,-0.003497835753799361
2013-04-24,0.010885375374223738,0.005199708964387817,-0.00043185150609204026,0.0006334367297349264,0.0025301228683718424
2013-04-25,0.023560091643163306,0.006574229995407688,0.005329956028992777,0.004054649201705729,-0.004315925352864958
2013-04-26,-0.005083677157950217,-0.005353080599524218,-0.003152352887565657,-0.001767388777778378,0.00916027504864192
2013-04-29,0.009864447899536888,0.007211866587438331,0.009199337072353098,0.0066993138950621756,-0.0036469273324911677
2013-04-30,0.003302889744367654,0.005664380845390449,0.007263998707054853,0.002385115886000877,0.0005691850169500245
2013-05-01,-0.011627117828906464,-0.02422931087823066,-0.0046660172213144335,-0.008767288875286328,0.010272780559282602
2013-05-02,0.005740185352492544,0.01590010067037184,0.012643251488764884,0.009287126736920115,-0.0012895638472142368
2013-05-03,0.0011978450615743874,0.01586673057015342,0.011784736119472505,0.010141117247286058,-0.02357711415922903
2013-05-06,0.0004222504056590193,0.006436982291678772,0.003882648027572877,0.002540629497684188,-0.002481300069295478
2013-05-07,-0.012451558843968757,0.008178771556622166,-0.0005525355018994871,0.005068499383632297,-0.003895837387537071
2013-05-08,0.014816938016144476,0.0029119787724491975,0.004836918947091595,0.0045516082485268505,0.0015810990275881842
2013-05-09,-0.011582262231585427,-0.0034225431033196863,-0.0013757410718836516,-0.002817085611457104,-0.0025760307025142204
2013-05-10,-0.008593079156717032,0.007596687344946895,0.0060604319249089045,0.0032543798723243533,-0.010745663311612197
2013-05-13,-0.00838118464598625,-0.0007228823230612802,0.0012316491932460316,0.0007956306606544672,-0.0076632719350078204
2013-05-14,-0.004478762912597967,0.012814859746006046,0.005195922248660612,0.01033346766980503,-0.010861917254654685
2013-05-15,-0.02307519579215711,0.0020407992833801902,0.0020398949184192716,0.005386933528620519,0.006691199050132601
2013-05-16,-0.004011056416375558,-0.0025455746702360837,-0.0010864812856533623,-0.00469590588910318,0.010397470961596378
2013-05-17,-0.02252210527369891,0.01123030672415437,0.009648255452144205,0.009677200970278799,-0.012652254128906137
2013-05-20,0.030899424480465454,0.0016151138628941464,-0.0014798469725230134,-6.000438441122746e-05,-0.001195748078730574
2013-05-21,-0.01657778504530205,0.00020179031339417897,0.0010779513118084338,0.0014380322654299338,0.007868874351968591
2013-05-22,-0.007074069889109635,-0.01461252611257069,-0.008751692548083945,-0.007418048405478217,-0.0148508049910695
2013-05-23,0.02023645687084974,0.0012270686882533965,-0.002308871825301262,-0.002892483270863666,0.004737881331920768
2013-05-24,-0.006314583609401292,-0.00020430673827320778,-0.0005449830385575449,-0.000846250696608819,0.0013719596107673038
2013-05-28,-0.002018458618119001,0.01297502639118453,0.006538625940088583,0.005988564791861828,-0.025343191139297616
2013-05-29,0.010038177262336356,-0.009278719980378436,-0.004736764118673187,-0.0064936642823137936,0.011244328087266942
2013-05-30,0.013869280514663629,0.0067189225113750695,0.005303393477591678,0.0036913661051591884,-0.0024321671617409946
2013-05-31,-0.020336494816085793,-0.011021972006624803,-0.00919779333717774,-0.014351812816309484,-0.003396451552805546
2013-06-03,0.01933987733947884,0.00950905326131024,0.0017742944617931133,0.005506070524874174,0.005299397260774441
2013-06-04,-0.009376593881796569,-0.010635381951987988,-0.005178235669185072,-0.004806277666311809,-0.00923513887562788
2013-06-05,0.002144557820634496,-0.012796733599843346,-0.013013612374700223,-0.014001181505917781,0.013805654970526104
2013-06-06,0.007452733729297778,0.010577362139512436,0.0048577298405387825,0.00905335619318115,-0.0006074398927982116
2013-06-07,-0.023804292309807185,0.007696236353722963,0.013673643037467098,0.01272009449892586,-0.01787893277513153
2013-06-10,0.0049520083144831695,0.006110569799345988,0.00040872501369348946,0.0,-0.00477140309865709
2013-06-11,-0.005151578533889478,-0.01083029073329167,-0.009942502706104972,-0.010315132875415078,0.01189840052150748
2013-06-12,0.007504690431519689,-0.009925191585442916,-0.011556138800602245,-0.008277465684070728,-0.01430334561675628
2013-06-13,-0.0037988417641410255,0.01767272636691808,0.012665613175967483,0.015208906056139782,0.01566733535762399
2013-06-14,0.005159168194085684,-0.0077185300250909306,-0.00659703755144414,-0.0062728020757297775,-0.0023663484987666017
2013-06-17,-0.004909532390677707,0.006550344950225773,0.009684192790728074,0.007721393187529957,-0.005270589062317144
2013-06-18,-0.012259844040283574,0.011794471503796089,0.008221354162127437,0.007906012069572865,0.0005294568396820853
2013-06-19,-0.011655252312203657,-0.012259987065068367,-0.011143891934469075,-0.013817023990205235,-0.010328525346003037
2013-06-20,-0.053526288841325154,-0.02645219673235144,-0.023776796130570932,-0.024777839682429192,-0.016412820521824356
2013-06-21,0.011731428766484253,0.0029258829881770865,-0.005310630514246073,0.0032097390968193196,-0.016958700093836043
2013-06-24,-0.008956439178321896,-0.013129139960318614,-0.009938799561060363,-0.012635816999543303,0.004151915750856716
2013-06-25,-0.003711765378358045,0.009608300149227533,0.0073140930624018274,0.009613943877426534,-0.00891140963844117
2013-06-26,-0.04203452166594779,0.004706041029228558,0.008969233246763464,0.009901573383420681,0.006488972849044039
2013-06-27,-0.019783533666219544,0.015509476869466132,0.004233192393924057,0.005869709374671128,0.010222641973135937
2013-06-28,0.02734171211137726,-0.005739972056976073,0.0014049972192269333,-0.004097871372741757,0.00683789302801463
2013-07-01,0.016959085154188536,0.01628896589335227,0.006173883646586331,0.005860174132367391,0.002014391400227966
2013-07-02,-0.00891599295095069,-0.000713333850916209,0.00041792427094322626,-0.0009296810710899273,-0.0006338023361653899
2013-07-03,0.005747561803178369,0.002038912526425518,0.004042332125021364,0.00043442657974224197,-0.002990246318906875
2013-07-05,-0.021948000437012505,0.014143581091392576,0.0076356950257070455,0.010788314447708114,-0.0340887225628449
2013-07-08,0.01202477637713506,0.004013132024497157,0.0009645552446366779,0.005704311417548347,0.00969401634381084
2013-07-09,0.009287930637690511,0.009293527781483846,0.006056610832382514,0.007197831177241598,0.0010246548419097223
2013-07-10,0.0027358165656277134,0.0027722002984531535,0.005746369294185927,0.0003635424832133527,-0.007821551749530031
2013-07-11,0.027201331116488037,0.011749699865358343,0.019860812386993665,0.0136205200618289,0.011730474927281742
2013-07-12,-0.0008853880573321815,0.0020494326331927937,0.004402115017912767,0.00041781193008039175,-0.0008337113605998425
2013-07-15,0.0004028281065351358,0.008764895211591295,0.0022573135341810158,0.0038207009368957934,0.0052910490901740825
2013-07-16,0.0057174994582687155,-0.0050203084196432934,-0.0013250583556640994,-0.00374656300375098,0.003416522432667435
2013-07-17,-0.01257106015291043,0.0038812140499409065,0.0025215008987333754,0.002566959093018406,0.0018405864553938667
2013-07-18,0.0055952192921973065,0.006669687786637901,-0.00251515892324794,0.005477762244959994,-0.012492700913570576
2013-07-19,0.008870239941716207,0.001535428998896693,-0.010348809493764932,0.0017764494390259955,0.015813601387790754
2013-07-22,0.029813729592696125,0.0021094268278780692,0.0029495429137866847,0.0019513431492483857,0.0014648960112424447
2013-07-23,0.006752642042110235,-0.0006697100296058078,-0.007351606708308589,-0.0021243492510333306,-0.004205864486285238
2013-07-24,-0.017192222970528803,-0.008328725169813422,0.0032316598154082943,-0.003665497572439058,-0.012672445171691193
2013-07-25,0.009334756673011979,0.009171188987139312,0.006308370755903736,0.002432908284565105,-0.00037221781989360547
2013-07-26,0.0008549048878288001,-0.004017875038501595,0.0053354698517480426,0.001065423862075976,0.006141411683181275
2013-07-29,-0.002407187152758228,-0.0070112281474244975,-0.0018570270853838222,-0.0030752477651808663,-0.007305960367876785
2013-07-30,-0.0027244189319679535,0.0008708346519268328,0.005316465681938665,0.0,-0.0003724117457833964
2013-07-31,-0.0012487983048118378,0.001739461663353481,0.0018515374165597454,0.0007123869698557606,0.00363488983792859
2013-08-01,-0.010550160079556559,0.013602237834049236,0.010162515677574202,0.011558091754867661,-0.019268260492570022
2013-08-02,-0.001974567560183438,0.0008564841131144529,0.005617908030351337,0.0016990973275903265,0.011009194412517909
2013-08-05,-0.005223200846164788,0.0034232601514228023,0.0006494527100564529,-0.00146250961262262,-0.007698198031173886
2013-08-06,-0.013762893950199584,-0.01004559382587178,-0.005972887114233716,-0.005682490314703359,0.002932862435067296
2013-08-07,0.0014519666322767577,-0.007083899549550021,-0.0018283836968863154,-0.0032403595606061986,0.007452254360133637
2013-08-08,0.02182842570410881,0.0041461589669429255,0.004972494139074524,0.0036647431032150735,0.002715364160405409
2013-08-09,0.0,-0.0010566337642892165,-0.004036225750805422,-0.0028857016948662384,0.0015869159575281344
2013-08-12,0.017893774724416334,0.005286347252131396,0.002353166125283357,-0.0011811847315181812,-0.006805749929709393
2013-08-13,-0.010764399957271187,-0.00133856614096306,0.005608604425069164,0.0029567329367661266,-0.014455831843504185
2013-08-14,0.009863802703161229,-0.00392523678555623,-0.003761527181131985,-0.005129626491491068,0.0015236501117599222
2013-08-15,0.020852732103924465,-0.018550240223179526,-0.016924250200398228,-0.013985890413885094,-0.01350397523170177
2013-08-16,0.006758291238125214,-0.0042114440434353195,-0.00039789997484296347,-0.0033057157554038374,-0.003470185892899158
2013-08-19,-0.004299346178506691,-0.01012969393401053,-0.0017221568311865942,-0.006391982975955335,-0.008707006734157474
2013-08-20,0.0033330994600069275,0.014406159923134432,0.0043793517374637325,0.004915739828064147,0.007709290820267611
2013-08-21,-0.002868928899801504,-0.006072091750362274,-0.003435323250814637,-0.006160007467642781,-0.010943300954466273
2013-08-22,0.0056030150173187465,0.014091031620223848,0.009812085602869391,0.009115340410096318,0.010183813996041291
2013-08-23,0.01573673952496346,0.0025265405528160922,0.0066959129533537,0.0033719766026576448,0.010855232940937487
2013-08-26,0.004077116950649051,9.712001403938686e-05,0.0005216614083358717,-0.003721162660023092,0.004986141090491447
2013-08-27,0.009597660251366102,-0.023454158337633424,-0.020466656204346734,-0.016084047181326944,0.012594555651455952
2013-08-28,-0.0002924554744629937,0.001984859613505474,0.0038598709446011625,0.003551278333100427,-0.00810303204695595
2013-08-29,-0.0061444777662679195,0.010003884693774445,0.00702600233927364,0.0015862315515813297,0.007979013934983792
2013-08-30,-0.009199970890717113,-0.015592369176384513,-0.0064510011388833055,-0.0031677836733783327,-0.0011308504320572954
2013-09-03,0.013370993292570743,0.006773889362512886,0.005697896552473436,0.004521895362843198,-0.014104578225865638
2013-09-04,-0.012901294021836374,0.008806605029085146,0.01067184078449368,0.008272951372876758,-0.0022067706727808556
2013-09-05,-0.01826828046165707,0.0015696168689152135,0.0016947635794888338,0.001267582397125544,-0.013943244135041444
2013-09-06,0.014750355470928067,0.0027418890350043856,0.0011712789120286171,0.0004813512495005501,0.004973119816190863
2013-09-09,-0.0017889694021170355,0.015138107023005887,0.011698866443600853,0.00957647489658986,0.0004851661524971629
2013-09-10,-0.016204899631104497,0.00981312682425517,0.004882844534739972,0.007396918181548973,-0.006983660267300018
2013-09-11,-0.00030369320824075174,0.00047689214422996784,-0.001918331834980025,0.003138624968233694,0.008888554204439014
2013-09-12,-0.030599839579955712,-0.007332793397433202,-0.000640167563399463,-0.0026564483180153697,-0.0013551861791050168
2013-09-13,0.0011749160180953844,0.005468192449587406,0.0006405776404265762,0.0022491110230902223,0.0038779754420825707
2013-09-16,-0.010718218978665095,0.002194450379714441,-0.002690090019840774,0.0057874223424059235,-0.006663553914459275
2013-09-17,0.00039543735045155515,0.0099009715304339,0.006679566813097226,0.0044627457576822405,0.00826387985493704
2013-09-18,0.04355726882874267,0.009521295686974796,0.011994143378491362,0.011574158088854647,0.01234157425387572
2013-09-19,-0.0019695062317609535,-0.001027374724374308,0.0023959164212425943,-0.0016758491026949152,-0.005905138156231615
2013-09-20,-0.028766610364533873,-0.003645503151250118,-0.0034316773885095797,-0.006991677037916477,0.005269836920308135
2013-09-23,-0.0032040953082860257,9.358381312529751e-05,-0.002025804599755543,-0.004627675472857917,0.007338934796026875
2013-09-24,0.000862411663815621,0.003320234505474362,0.0,-0.0023533853316478615,0.010786456539358502
2013-09-25,0.0088515556290778,-0.0018748520751424858,-0.003424823043859493,-0.0028903456627865642,0.002059038286367665
2013-09-26,-0.007764519160924133,0.005541512907004442,0.007764332842769672,0.0038451894080753224,-0.007005760524376403
2013-09-27,0.009233901688096902,-0.004483286357507943,-0.001262970250944906,-0.004596995373897128,0.0024457493121361473
2013-09-30,-0.006125521729428818,0.0002813730300013084,-0.0024027099668971763,-0.005328037317609002,-0.0015021058322559622
2013-10-01,-0.028007462498232272,0.011630974259431826,0.010142079945427263,0.007916377478185632,-0.003034042077171839
2013-10-02,0.019825036466045276,-0.0040794797185286225,-0.00037647635270465774,-0.0009453432142623175,0.0015128266192172557
2013-10-03,0.0009444573342345386,-0.01024147283914878,-0.011676220569763252,-0.00922037847955226,-0.0016050807476101214
2013-10-04,-0.005110878473967517,0.006679045038023412,0.008638102623991228,0.007576372956401123,-0.00075553901804426
2013-10-07,0.008772628001741278,-0.011680374978981667,-0.00831232623162903,-0.008645072962263023,0.004067530573490963
2013-10-08,-0.0018802715834939088,-0.016167168990053105,-0.0193039484483013,-0.011645940090120988,0.000282640821968716
2013-10-09,-0.010125595761985129,-0.004035906150914204,-0.0031079768166802912,0.0007249782353317968,-0.00800586075876153
2013-10-10,-0.014590468308459559,0.024121924732060318,0.021173831967260304,0.021557807620070868,0.0016137343142224037
2013-10-11,-0.013438466355977674,0.014509302220896636,0.007887742620594107,0.006443099113133011,-0.0002838831743351422
2013-10-14,0.0018760469803933422,0.005014800320696455,0.007067826474743022,0.003993904574492113,-0.008060556301339172
2013-10-15,0.007327212508852821,-0.009795200930848624,-0.0038851744451671166,-0.007254101643118238,-0.0006692082348258577
2013-10-16,-0.0015356214034694116,0.012411747807805407,0.011323559978451136,0.013965920303638857,0.012531421000548937
2013-10-17,0.031406809330291274,0.008756270162951552,0.005722645776258695,0.0066833351669557395,0.00906998315530494
2013-10-18,-0.004473392740662718,0.011421850210802775,0.01620517497939744,0.006754756854990829,0.0021531549691695684
2013-10-21,0.0010248709844409287,-0.001987566795475959,0.0021908384109696755,5.664607018429635e-05,-0.0031769846337822427
2013-10-22,0.01858554826403047,0.0026251590855459472,0.001457741468183782,0.005791571068376911,0.011153009417098625
2013-10-23,-0.00502546710134677,-0.003340404551058329,-0.006064348831829269,-0.0047887395723099635,0.003893570024900095
2013-10-24,0.009402373394382657,0.005344810973839431,0.0043928852763828186,0.003322751293152182,-0.0038784689345141565
2013-10-25,0.004311107341768539,0.0009009394683909822,0.007168210301635947,0.004567135900546804,0.0037076784168907917
2013-10-28,0.0007664482567892872,-0.0004502250482062431,0.000241269388099985,0.001591454349116006,-0.00341685582730189
2013-10-29,-0.006050806532669206,0.0028817729869414777,0.0016879700975376277,0.005334037249063561,0.0012972680263498848
2013-10-30,-0.0013099958645943488,-0.013650371353236102,-0.0009627114956499705,-0.004967058705804384,-0.0060150109156471565
2013-10-31,-0.014351914754235806,-0.005827169110929842,-0.002290001666840902,-0.0028357622872912103,0.002142108600581283
2013-11-01,-0.0061844444084760974,-0.00430430760369882,0.00024148820260894155,0.0023888187045786324,-0.01082494479540419
2013-11-04,-0.0011027915952256384,0.011497407335426146,0.0014489865338707109,0.003518734342751184,0.0009417119014518693
2013-11-05,-0.001971453393369016,-0.0034558420052864802,0.0010853707792859435,-0.003166961388751721,-0.011948953646211846
2013-11-06,0.005056885287565871,-0.004288598116462206,-0.00024081919950358355,0.0051056747132991465,0.00047695214773502137
2013-11-07,-0.008176048043114226,-0.016861791661323067,-0.018795327591478728,-0.01264332579444527,0.008470563345104098
2013-11-08,-0.014901750382376844,0.01817640119609898,0.013507299588491506,0.013491362586287803,-0.024066513210943552
2013-11-11,-0.0032989703632274603,0.0013733061882499342,-0.0015751419823282209,0.0001692770967558488,-0.003771198515170604
2013-11-12,-0.01146367778198043,0.0008229190004069853,0.0015776269687992617,-0.0020303458864207036,0.00465918647483754
2013-11-13,0.003266651987325009,0.009591331922492952,0.01211536921940759,0.008024561449311518,0.0036718989399544544
2013-11-14,0.01155879679757943,-0.0009948678491146223,0.003111565043564468,0.004989164769724885,0.006161019200572326
2013-11-15,0.000402374290726204,0.0038040310110625253,0.0019096279102186475,0.004351127868621019,0.0020090015087612656
2013-11-18,-0.011422121721614165,-0.00703806399735829,-0.009766357330921904,-0.003498970752901953,0.0060151211595624865
2013-11-19,0.00040679757316963716,-0.006179152661222931,-0.0028865712241908925,-0.0021740586755094604,-0.00759264844815255
2013-11-20,-0.02301744019441898,-0.00036540330481360517,-0.00241279555372953,-0.003127730706330434,-0.01702396667867978
2013-11-21,-0.001498504004828649,0.018019048269409588,0.010157517294573815,0.008068737218474897,0.0016543012291911907
2013-11-22,-0.00016678565994454608,0.00494124102001936,0.005386821311314849,0.005002061139805614,0.009324910824455968
2013-11-25,0.004503009704574623,0.0012517921954693367,0.0023804788093129137,-0.000995266821769869,0.002886923002108688
2013-11-26,-0.005312961933526483,0.007411092763778049,0.00522669868207748,0.0002767730919162048,0.0037422468743790738
2013-11-27,-0.0030045118616964794,0.00558439655579801,0.006971505059891081,0.0024349708631923317,-0.0017206277780550394
2013-11-29,0.010380025726374864,0.0005289049840577764,0.005984336045402827,-0.0006623756036737705,0.00028703082457526286
2013-12-02,-0.02584917312405066,-0.010043489056612565,-0.0029158700983705765,-0.002596473614467909,-0.007777681223090416
2013-12-03,0.0032318187404347665,-0.004805260696698066,-0.0008191033800758474,-0.004320758982188422,0.003678173689350306
2013-12-04,0.016954900097682968,-0.002682754355163519,0.0009367163807931789,-0.00011127213936834579,-0.009546323650902466
2013-12-05,-0.013837913015870562,0.0007173736134467035,-0.0012868289722266502,-0.004395686382034691,-0.002823293805384597
2013-12-06,0.0021132712895250982,0.007795115370428096,0.007262300697650881,0.011177480429517272,0.00478367719070194
2013-12-09,0.009869237780065765,-0.00026669334394069377,0.004069183668969023,0.0025421153322395806,0.0023318561077980693
2013-12-10,0.01754091590969642,-0.009070866196762006,-0.0006946943003441897,-0.003583501708460557,0.007173222109757127
2013-12-11,-0.007880471900160724,-0.016422874162867362,-0.01286356270079625,-0.01123075524384698,-0.007698868104084378
2013-12-12,-0.02126427007980758,0.0021897740631309226,-0.0025831230288906326,-0.0033011828354044814,-0.0037837019608321087
2013-12-13,0.009214610951512325,0.003277402839965804,-0.0012946583981812143,-0.00011217864744816897,0.004868434980694447
2013-12-16,0.002596793391862917,0.011887501486059326,0.005538983526987451,0.006232307342399546,-0.0036817395501375083
2013-12-17,-0.008689121015236556,-0.0014350847015518475,-0.001991881721168376,-0.0031808945549435252,0.0044732424906699375
2013-12-18,-0.00876528362539053,0.013740679275983991,0.011626316292739913,0.017072379479841304,-0.005034476331613247
2013-12-19,-0.023722480240186083,-0.007441428753054757,-0.0027861383891004676,-0.0011554569734655296,-0.0009726087766552816
2013-12-20,0.00975442213515798,0.016868941509051716,0.010183285799819863,0.005816356972493386,0.015389075915816175
2013-12-23,-0.0031913294703355133,0.011339735706908494,0.010520837501947433,0.005342495757968413,-0.005659666474430947
2013-12-24,0.004585954665539571,0.0038335866399803464,0.00045686539013489735,0.002191790802992921,-0.008006887932366369
2013-12-26,0.005512484048749489,8.678546186002833e-05,0.0033167903745632277,0.005084069412098158,-0.003853633827067937
2013-12-27,0.0032551386822530226,-0.0006075227201453037,-0.00250766630370447,-5.465743301469317e-05,-0.00284089805222143
2013-12-30,-0.014771203179331227,-0.0006075830223767342,-0.001485610934096493,-0.0001629652688907024,0.006876321477181202
2013-12-31,0.006326400561529777,0.0023459310244180465,0.006522762223088563,0.004732860047328646,-0.0063416291472959685
2014-01-02,0.0161901240867246,-0.01083563265733889,-0.007844332946570942,-0.00958396206950951,0.0030436645327396317
2014-01-03,0.010932211148536819,0.00508244164578775,-0.0072194258945239564,-0.00016369172528629683,0.0
2014-01-06,0.0017604081051298959,-0.008108657374010009,-0.003692935797165342,-0.002897909805697929,0.004208921073380223
2014-01-07,-0.0056903791228098966,0.008351134760846701,0.00926767966069697,0.006141462595698588,0.002533898086053199
2014-01-08,-0.005891238428211154,0.0013075694076221112,0.002180831041964204,0.0002181663661577904,-0.0027221661053171697
2014-01-09,0.0028783976463331307,0.0002610949272532359,-0.003321337742537289,0.0006537456480570913,0.005848786459247135
2014-01-10,0.015195028411862932,0.005483575523230533,0.0032174120085175506,0.0027229234657109025,0.011920859617269741
2014-01-13,0.0063195949886565295,-0.013677185281922077,-0.014776421130841433,-0.013305180554294638,0.004981046226688823
2014-01-14,-0.009337277183627424,0.012286767231955986,0.019067250230343724,0.01089796792437836,-0.00457459490986023
2014-01-15,-0.0019183895963796882,0.0074563261417464055,0.008214292458604389,0.005390241285554653,-0.0010534997982957206
2014-01-16,0.0010863885127820883,0.0012051324355641935,0.00011380757848189482,-0.0013000258852026159,0.0067091859605084014
2014-01-17,0.009516648976840125,-0.003524560278759248,-0.0056579791709248095,-0.004229672428278652,0.0041884411904233865
2014-01-21,-0.0101712011397469,0.005952061209010484,0.007624121917113369,0.002940594598195956,0.0007585563753673696
2014-01-22,-0.00426060584660215,0.00505925502067428,0.002597546032527376,0.0006515044489214805,-0.002463241759078638
2014-01-23,0.021813897314074238,-0.006740255608125856,-0.0033789634728597084,-0.008192928948028033,0.014150380323135758
2014-01-24,0.00410542734412811,-0.025511058686736865,-0.019665364144394792,-0.021336028110815586,0.006461311562562688
2014-01-27,-0.010875801955168796,-0.014631778181515065,-0.009684265137197667,-0.004919259592540581,-0.00697864734979925
2014-01-28,-8.268961893331817e-05,0.010555291393192334,-0.0005818787749617416,0.005954602647509022,0.0024364358078201587
2014-01-29,0.012567212160504493,-0.014428484107098072,-0.010716365412225537,-0.00960519620648892,0.008224891437756288
2014-01-30,-0.02204625255756343,0.014909222209766426,0.018485344565255746,0.010600547426727891,-0.0028731185143482385
2014-01-31,0.002671785119756409,-0.0074336705391737645,-0.0026587178398296274,-0.005858105654755086,0.006693914696241476
2014-02-03,0.010242346527122859,-0.03129451462790478,-0.022951034572493367,-0.022505509463109585,0.012183937569552938
2014-02-04,-0.002720094229185621,0.007547306072308135,0.007355345942982039,0.007004340565535783,-0.010610238757520096
2014-02-05,0.0024795690309509233,-0.007490770931371626,-0.0025908502012033097,-0.0012537179147471544,-0.009246059364832693
2014-02-06,-0.0004122602966475375,0.007915439385040468,0.012752379370711608,0.013187174100811383,-0.004292383926537635
2014-02-07,0.007670738383060538,0.011323159949951478,0.01783821744389158,0.012395533032021566,0.0008437125264031398
2014-02-10,0.0061389867499452855,0.002618358293527079,0.005727303218690638,0.0018368194508044944,0.0028087690855196357
2014-02-11,0.011714956580352931,0.008915751147006823,0.01139004588937298,0.010943534999534155,-0.005789477266738174
2014-02-12,0.0005628794988796759,0.0039275302807511014,0.0019140048021850653,0.0004945354246153055,-0.005165736659320741
2014-02-13,0.008518826295861315,0.012714398261084225,0.007418052107587725,0.005162765669860292,0.005664762911498755
2014-02-14,0.01322817507664209,0.0014052065515381962,0.002008489349972553,0.005519096580413718,0.0005623175852800255
2014-02-18,0.0019661816515914587,0.010432965494122204,0.004899269305449705,0.0011956321817612192,0.002252891518554234
2014-02-19,-0.00886973994723983,-0.010238788506515717,-0.006870074367542611,-0.006622212403726846,-0.004212751044194718
2014-02-20,0.010532999654813135,0.010782929714695744,0.004686381409184204,0.005901010118947836,-0.002444812084868797
2014-02-21,-0.0001567135055292601,0.003121877042749688,-0.0013329337455606494,-0.001140526779093931,0.005277771180713708
2014-02-24,0.011051917556613278,0.007349318698896434,0.0053375433249129856,0.005546926574225397,-0.0025314597153687224
2014-02-25,0.001705567961347132,0.0010301240462990968,-0.0011057978788456824,-0.0003789141881088698,0.008928740954548209
2014-02-26,-0.008513319761305871,0.006173773673963545,-0.0008859711496980172,5.4266608512820724e-05,0.00530993144107228
2014-02-27,0.0007024926817724708,0.0054532249859942095,0.006488232663825588,0.005247508494486519,0.005466956979447657
2014-02-28,-0.004524135846074251,-0.0039834596549170875,-0.0011059494789992241,0.00252964021610258,0.0005531567940397775
2014-03-03,0.02092141108046075,-0.005360782818424559,-0.007416509506747215,-0.0070322323181479796,0.006674975417122475
2014-03-04,-0.012357054979777349,0.02515199751582964,0.01271333011035125,0.014055719600940542,-0.015041233193232695
2014-03-05,0.0016320075055982208,-0.0005839785853731794,0.0027531484528420247,0.0009060690494520074,0.002141775869892726
2014-03-06,0.009930939447266862,-0.0001671395353639582,-0.000878533487691624,0.002290332272782525,-0.009849974285277452
2014-03-07,-0.008296856773808758,-0.00033411206134881244,-0.004946130667389692,0.00042483915420876706,-0.006287130353741288
2014-03-10,0.0003099275393667611,-0.0033417913663552623,0.0008836767682107727,-0.0005310218668493905,0.0014166184650135083
2014-03-11,0.005653184387327759,-0.010394109810556884,-0.004304039992878428,-0.004942358181689532,0.002641234170816409
2014-03-12,0.014631094159512248,0.003049422604323615,0.0037683216695467703,0.0002668717039473467,0.006959078092162896
2014-03-13,0.003415393334794903,-0.011568849246013313,-0.014134146331322595,-0.011213500444534508,0.013450433746141632
2014-03-14,0.006731709737936908,0.004186306763864778,-0.00683250274714331,-0.0028074029011511126,0.00018507291662284153
2014-03-17,-0.010969246032428437,0.004423693686970376,0.00879669869724009,0.009043636341934391,-0.00746530046288385
2014-03-18,-0.007748437231769989,0.01456915376563539,0.012073812879706658,0.007137485336371707,0.0036214569176442613
2014-03-19,-0.019369153834579822,-0.006511932663361697,-0.005412508652148484,-0.005328490017628917,-0.007770207806475193
2014-03-20,-0.0017955791561766743,0.0013444599153358272,0.0027763203551787186,0.005839271139838731,-0.0017714960846653138
2014-03-21,0.0047708478604697735,-0.004615450429542811,-0.012033307379322622,-0.003878671386416621,0.0108337343599616
2014-03-24,-0.01782518014920287,-0.011381928932060803,-0.008763879519356088,-0.004135274740486694,0.007114623140166865
2014-03-25,0.001822819435546963,-0.00023959113825366973,0.003287028275104964,0.004745667180490631,-0.0037618656688395147
2014-03-26,-0.007910766324103369,-0.019156859010307614,-0.012879520135939848,-0.0071925311946356985,0.007827942349486694
2014-03-27,-0.006538611755630641,-0.002528087018927705,-0.005608467135234885,-0.0021078291601700494,0.005025334073847532
2014-03-28,-0.00024077999982852205,-0.0009617210362108386,0.0019566476149039946,0.004930235266748406,-0.00563630605811527
2014-03-31,-0.0076268221488628996,0.01793695443510468,0.007122547422672598,0.008194123631309225,-0.0024691578477256115
2014-04-01,-0.0017798011456744423,0.01315095106505959,0.01756569567325128,0.0066306011236529905,-0.008546421780392666
2014-04-02,0.007537080069503599,0.0044966084787316785,0.0025781876027084483,0.003346561782177515,-0.005746248295203538
2014-04-03,-0.003217515499202128,-0.01013512551394713,-0.007938404329393856,-0.0013230930643063354,0.004380886145643137
2014-04-04,0.0133150544727203,-0.023123150088181,-0.02659735113170103,-0.01182265796160653,0.006683558288887559
2014-04-07,-0.00525600091039935,-0.014586460920818611,-0.009494205245604737,-0.011051019100985049,0.005993092939608591
2014-04-08,0.009446742784294582,0.0070023499254312505,0.009234498673271974,0.004122117166186712,0.0023824620857768597
2014-04-09,0.0018241205774742753,0.01443568805567419,0.017141570898285607,0.010751170322192527,-0.004937581066548957
2014-04-10,0.0054623372630875355,-0.028546837216006038,-0.030972502411193648,-0.021005738326011936,0.009280743784806589
2014-04-11,-0.0006298860696725139,-0.01384407359000328,-0.011633271580504534,-0.009008493107067084,0.008103026102633804
2014-04-14,0.0072480750550174555,0.002807475553633143,0.007846533648653065,0.007878114023026628,-0.0026191608223696816
2014-04-15,-0.01845913678934663,0.0038836222842133505,0.003303417368723194,0.006887500132152891,0.006247420519636782
2014-04-16,0.0003984624480757315,0.01088634477233108,0.013286281332214767,0.01047769632833373,0.0012602995479442658
2014-04-17,-0.006292822285853816,0.004983886415815819,0.00023190402699313495,0.0013967947058484143,-0.010964037231538715
2014-04-21,-0.004088193476797342,0.004693487997572188,0.007424438024604685,0.0034872157539020954,-0.00081809583932968
2014-04-22,-0.003702503963152415,0.010312976982811417,0.007945652746529364,0.004544641046138498,0.003364863993872813
2014-04-23,-0.0001615498728680942,-0.006281652800379844,-0.008796898791552987,-0.0023418165290676196,0.005709791252368479
2014-04-24,0.006464087011591069,-0.0025460887481995043,0.009566705892880778,0.002027360587832483,0.0018932986379549543
2014-04-25,0.0069846079289843654,-0.017604046150901054,-0.015983593042178112,-0.008198776975503974,0.001439449989178998
2014-04-28,-0.004384940209038013,-0.0058238599774019795,0.0032488954356035826,0.0031667421199561563,-0.004851672598050194
2014-04-29,-0.00016012686984467894,0.0025233447777102125,0.00797935889978496,0.00465570705497087,-0.0013533895482712444
2014-04-30,-0.005125735916385876,0.006652635508561655,0.002638730918886667,0.00298254452223512,0.004158104623531278
2014-05-01,-0.003381083278200081,-0.0003574545842104371,0.0029750171352695975,0.00010646016686188808,0.01072769363260373
2014-05-02,0.01017766135521958,0.0008040253426124799,-0.0018249756793726757,-0.0014336031320841824,0.006159336842672447
2014-05-05,0.009275577200982044,-0.001249701296994754,0.005257841080052561,0.00191398432797385,-0.006032857858576213
2014-05-06,-0.001901424983746236,-0.01626573131871578,-0.012962186030529899,-0.00870420641293801,0.004016945036581232
2014-05-07,-0.014367400696601584,0.0006360577511417276,-0.002880263879138756,0.005889733131984043,-0.0035565568537695436
2014-05-08,0.0,-0.010078289301106658,-0.0009233515055673269,-0.0010644644374943057,-0.004282418860682036
2014-05-09,-0.0005637408058022375,0.00917164415241456,0.003699908535187424,0.0014916796794761655,-0.003226252823075426
2014-05-12,0.006768766942896631,0.022721328823341658,0.016474628571879313,0.009736190630821095,-0.004045288272901182
2014-05-13,-0.002721337927335199,-0.009775372014375283,0.0006801151843378594,0.0008956990278810029,0.00866484524509703
2014-05-14,0.009711068212604923,-0.016243451579373125,-0.005209821571246387,-0.004737836452959665,0.010827804134603936
2014-05-15,-0.008266440948327514,-0.006750707089153041,-0.007856181707873056,-0.008780384929132246,0.007967659754675616
2014-05-16,-0.0021639548796237307,0.006337680372799026,0.006540666413558771,0.003468520143059539,-0.002810344376805607
2014-05-19,0.0006425849883910928,0.01076927412658013,0.006955119047188374,0.003669449138596681,-0.007398752724199653
2014-05-20,0.0008829716546379096,-0.015259550649390441,-0.0036231116925246054,-0.00630526603814352,0.002218717016406746
2014-05-21,-0.0024059912253092675,0.005134528436518293,0.009545168698699813,0.008424603507094952,-0.006108440490406708
2014-05-22,0.0022509750033825604,0.010399862649738134,0.004389831220405149,0.0024322643962648716,-0.0014261656134703093
2014-05-23,-0.0012833563412588678,0.010924353253948915,0.00728468871879473,0.004008952509852337,0.005352370623380898
2014-05-27,-0.02136377492949504,0.014378948122525825,0.01246130803052381,0.006146126154590759,0.005856748894906394
2014-05-28,-0.005334440164288967,-0.005194647322649626,-0.0030769837651287713,-0.0007309829370637511,0.012350226885097682
2014-05-29,-0.0021451692523306587,0.0033632261463700797,0.006393536288395785,0.005172999846272397,-0.005315583497336185
2014-05-30,-0.004216984669547674,-0.0044983603796145966,0.00010908378036655897,0.001611245910618786,-0.0004382694730642456
2014-06-02,-0.006061640414213421,-0.005405237535144436,-0.000985395430372682,0.0011420893063069926,-0.0074339177616279395
2014-06-03,0.002589851260583753,-0.0024051772733276744,-0.00043845668737052534,-0.0005186707490617559,-0.012304621151177919
2014-06-04,-0.002083159699607484,0.003929385484776393,0.003728379300380835,0.0020231904406253776,-0.0002692733261021596
2014-06-05,0.007515042667209704,0.020992199061468986,0.008413745494574743,0.006521878920289215,0.00044829354520148357
2014-06-06,-0.00041441281485321557,0.009583597049043435,0.00574285266400687,0.004782701631548925,0.0
2014-06-09,0.0003316550478809077,0.00880231081333771,-0.0007541402841233502,0.001024079235311115,-0.0014339889283231377
2014-06-10,0.006133426062251646,-0.0019673226179858228,0.0017251658740642384,0.00010193232112265527,-0.003679266345075538
2014-06-11,0.00016479341429698202,-0.004885942946983746,-0.00021546528596372294,-0.003476754858928399,0.00180166593504838
2014-06-12,0.010130925709896266,-0.006115289638025989,-0.009042774762840544,-0.007079665605918994,0.008901099838261262
2014-06-13,0.0026092604078342685,0.001733456361416419,0.002932783234688152,0.0030487892763793045,-0.0005349239065689515
2014-06-16,-0.00439167956691644,0.004844465014291144,0.0008666460976871626,0.0008239444128264051,0.002496881541030227
2014-06-17,-0.001143599017664032,0.007060040828967606,0.0005412751434095142,0.0027798271954815323,-0.007916090867325698
2014-06-18,0.0031893964143092646,0.006753835113266993,0.005624735254122992,0.007339410835002003,0.0077106489774654285
2014-06-19,0.034808872064872265,0.0008492845770191604,-0.0006452604114239868,0.0011205925704125264,-0.012811514421277703
2014-06-20,-0.0034662236721584305,0.0033086538837250323,0.0011759840127991694,0.0020304451295676262,0.0075697673878403204
2014-06-23,0.0027667863566884776,-0.0019445629228265204,0.00021593017216714472,-0.0003064244377078973,-0.003130296698087953
2014-06-24,0.0010248709844409287,-0.01067608567935252,-0.0009703992778039572,-0.006023974006789334,0.01013952262125839
2014-06-25,7.870929730446896e-05,0.008478792796461132,0.006364691763541819,0.004520123103247453,0.0025758071387413928
2014-06-26,-0.002047362085279003,-0.0016984870812419839,0.000536102491158541,-0.0007159907922410502,0.0047843354255932
2014-06-27,-0.0005523529785370629,0.006720510260572743,0.0043925789009571226,0.0019442007748582402,-0.001499337875012885
2014-06-30,0.010895228044559557,0.003971346082670912,0.001706364159283602,-0.0005106738200698624,0.0024728470270845015
2014-07-01,-0.0026553917191390886,0.010184398222487845,0.010968123961770049,0.00669321673846035,-0.008372009553843096
2014-07-02,0.0,-0.0038557241149252963,0.0016851518009051158,0.0010153571715412202,-0.010688202615079412
2014-07-03,-0.0042286084497846765,0.006045104719471617,0.006309651181023002,0.004917549428864909,-0.003601101391384698
2014-07-07,-0.001101030316222662,-0.017108832782669836,-0.003030689515794327,-0.0034812727974109503,0.007318541152834257
2014-07-08,0.0003936628332492642,-0.012142308531500112,-0.012053236166288173,-0.00643005583029177,0.011211653663343535
2014-07-09,0.0060596257567928635,0.0012892173019527498,0.0074263435974162295,0.0044843692188187845,0.000798292573316095
2014-07-10,0.005475570778272321,-0.010644353862163669,-0.003158993926630327,-0.003956667820929516,0.0002655814707617221
2014-07-11,0.0018671659071103353,-0.001301640123311798,0.006443906944016975,0.001374969410559812,0.006379643309629701
2014-07-14,-0.02376143490914273,0.0051261040173347094,0.00598290762616438,0.00503519686200149,-0.004313503512241912
2014-07-15,-0.009465498169358044,-0.009854031301939514,-0.003443334658127184,-0.001871995099430368,-0.002034473662459013
2014-07-16,0.0035333047917720517,-0.002706695761562572,0.003978960890157479,0.003700900986118638,0.005316414982508011
2014-07-17,0.016964032139549223,-0.01540572356730141,-0.013244240174701716,-0.01136562313185352,0.012603443739484854
2014-07-18,-0.007553695114762116,0.01555828478507637,0.01585277776017935,0.010219309303646451,-0.003220325815092684
2014-07-21,0.0016649416399394656,-0.004026922397145083,-0.001248521203119135,-0.0018719823213423359,0.004977778911188668
2014-07-22,-0.004749077817894021,0.008438136351674785,0.006354048465089468,0.004357893287559422,0.0020851635214236275
2014-07-23,-0.0009543114301425737,0.001220170088798156,0.006417689378456437,0.0022200584625977626,-0.0013004596859726991
2014-07-24,-0.010109888908559905,-0.002002435519336987,-0.001131426494783705,5.0407635648008764e-05,-0.007466689522421799
2014-07-25,0.011580236904513708,-0.009071679546073685,-0.003913085037117514,-0.004681338245019484,0.011808890273748984
2014-07-28,-0.0016694417914320248,-0.005017779635234865,0.00031068946467516234,0.0004045756930510791,-0.0013832278006118415
2014-07-29,-0.003025998385664419,0.0027428606285360146,-0.001756786090666096,-0.004297135645256689,0.003636325112712724
2014-07-30,-0.0029552326374293614,0.00397025819819663,0.003933717790374658,0.0001521445664702803,-0.013887914391257805
2014-07-31,-0.011535707925047989,-0.02284915048906644,-0.02021007454316137,-0.019748160589859065,-0.002974260792973138
2014-08-01,0.008023323354133804,-0.0045868233825360205,-0.003683690009262497,-0.0030556988558406717,0.007741080079245899
2014-08-04,-0.003135547501692204,0.008854610207472025,0.006865716270766153,0.007221011466566951,-0.002618582183990137
2014-08-05,-0.0009677806214606344,-0.002507593592827595,-0.007658291267671813,-0.009696480375888883,0.0032382642989530197
2014-08-06,0.014531326248904408,0.0031422130566955975,-0.0007398937954016249,0.0003126962786057508,0.0006103817507487896
2014-08-07,0.0040582648496965135,-0.004833089503216259,-0.0031739630910188055,-0.0054148733686866235,0.009328977128134408
2014-08-08,7.92687922512858e-05,0.009713123401186241,0.007216976117757845,0.0115689491717883,-0.00215950652405561
2014-08-11,-0.0018226749543046594,0.009530717095720842,0.00590130670976774,0.0028979741095029876,-8.683000177212019e-05
2014-08-12,0.00023816115842256735,-0.006882186427046855,-0.00041942899047131554,-0.0013929902963413232,-0.006492660096728886
2014-08-13,0.0016667917138923904,0.007818377545696364,0.010584795326739949,0.006768477870948697,0.00653509021620402
2014-08-14,0.0008716371870964856,0.0014981997758660714,0.005185161329704924,0.004722059178771998,0.008051473885251959
2014-08-15,-0.006571088731714414,-0.0019364131649641791,0.004849020936349868,-0.00020431323099767695,0.010906899435034756
2014-08-18,-0.004144120645117932,0.01455158784387689,0.00770058153127251,0.008379310840478604,-0.009939952509890326
2014-08-19,-0.002240707277115117,0.0034771470535917004,0.005603170430488191,0.005219187787697033,-0.0030887535470898175
2014-08-20,-0.003689437627099168,-0.004244598135724531,0.0,0.002671144945530779,-0.0016355426268207518
2014-08-21,-0.010787344663637177,0.0021749085393401035,0.0020267847359245472,0.002916084484106296,0.005603661864328036
2014-08-22,0.002522828734679683,8.678298912223603e-05,0.001516487742327488,-0.0015538587538774795,0.005573315125804834
2014-08-25,-0.003652930990489689,0.0046872558001644915,0.003533309607021362,0.0050704208600769185,0.0037508849272751554
2014-08-26,0.004969860037219664,0.009070823982562093,0.001006213934333422,0.0006494531835317119,-0.00322749735753447
2014-08-27,-0.00024320048372894476,-0.0024826104129326287,0.00020090661515781427,-0.00039958177415599927,0.00852137532375763
2014-08-28,0.0055141121217852085,-0.005149723759127589,-0.0011056428527627116,-0.0005493788432950897,0.005238699177550821
2014-08-29,-0.0011290273358744995,0.005607637710547619,0.0037222746277201235,0.0028480014145217947,0.0006724273575864359
2014-09-02,-0.01784271817844607,0.005490824535228089,0.0029062648238906696,-0.0004981398138845794,-0.017250558816551242
2014-09-03,0.004110152024072278,-0.006314086846392786,-0.005895525399389423,-0.0005484852166858234,0.005568262298737858
2014-09-04,-0.005485044294521457,-0.0038638186468984426,-0.0009049728311472105,-0.0014465063133953793,-0.012182883078914464
2014-09-05,0.004774400606131213,0.0031892368134056603,0.005030738140928026,0.004495380005117733,-0.0018962854444846133
2014-09-08,-0.010896233231708075,0.00154663539014388,0.001902036454253908,-0.0025856905733835367,0.0004313144932546198
2014-09-09,0.0011596072704027627,-0.011839201744954342,-0.008293258001942805,-0.006331046904093585,-0.0007772333726722147
2014-09-10,-0.0050467493711445766,0.0059037258390977065,0.008261779119149493,0.0037625664566085515,-0.006310093044241349
2014-09-11,-0.006569107778930827,0.006473478300774715,-0.0007990491946899825,0.0011497937281708115,-0.003305307103913413
2014-09-12,-0.009123662477173111,-0.0106338512776889,-0.005100551796504815,-0.005841421804118507,-0.010472952939049929
2014-09-15,0.002196335041923403,-0.01092137906516677,-0.009650560638745254,-0.0007532314642925142,0.0014996449444384385
2014-09-16,0.0016015040659451696,0.0028045896270698645,0.008729315253902747,0.007538457574561619,-0.004051431378988002
2014-09-17,-0.010855852020951628,0.002621471314679935,0.001509498960784672,0.0013468528842259797,-0.0025638786729360596
2014-09-18,0.002041839900460918,0.006101312717181617,0.007535617134034611,0.005329826459338438,0.003190974011365144
2014-09-19,-0.00585840081981337,-0.012648361848413447,-0.000619867320496903,-0.0009008358799547089,0.01272546662259777
2014-09-22,-0.002049687174615289,-0.014039009226454513,-0.009301866147070736,-0.0077227083699343835,0.0012216966975882038
2014-09-23,0.006418485321299405,-0.00934390572946775,-0.002726019448087591,-0.005724694249284457,0.0061879836020442
2014-09-24,-0.004676831883499655,0.009052637747510195,0.010730984012541578,0.007827716550992792,-0.005543577050172499
2014-09-25,0.0029047102009922554,-0.01687206651278461,-0.021033775586427828,-0.016135171130057357,0.011845947423559045
2014-09-26,-0.0028111579586888036,0.008989712698195262,0.01064053359117656,0.00794524360181259,-0.0014640686150585447
2014-09-29,-0.0002562684087009659,-0.0008099652539979019,-0.0013160315531408617,-0.0018190361984573578,0.008017121399817917
2014-09-30,-0.007006747871292629,-0.015131236974772033,0.0014188862584840756,-0.0026322020568758653,-0.005643889740244767
2014-10-01,0.004818841433659182,-0.01417464221386644,-0.015993158773082383,-0.013552274689155541,0.01939109758616575
2014-10-02,-0.00025690485706331145,0.009554778431831945,0.0,0.00015450532796923433,-0.008711693327674297
2014-10-03,-0.018245650954213488,0.007534364801863314,0.009875119984920744,0.011009410290246935,0.004265619258578157
2014-10-06,0.012389827775788786,-0.008572347821109494,-0.0021386518531655296,-0.0011702733690720502,0.0005950161220662498
2014-10-07,0.0028441078559553468,-0.016465826100642955,-0.014189851983037571,-0.01543663232351733,0.013501026769683788
2014-10-08,0.009539365800353972,0.019172928022515245,0.019467856959163532,0.017489798038821336,0.00025108157063846726
2014-10-09,0.0014471624004321892,-0.026979727021906097,-0.016150389598578063,-0.019833318172036707,-0.004355120449145322
2014-10-10,-0.0004250514452333043,-0.012166461341332813,-0.024984365102239336,-0.01141420051945985,0.009926401891629633
2014-10-13,0.007908838626913939,-0.004009770633511489,-0.01567133330870729,-0.01642755776716709,0.0060808578858695395
2014-10-14,0.0005906150591197257,0.011694694747814927,0.000107667383019594,0.0015474179097845209,0.006541124537947196
2014-10-15,0.0033729786510761084,0.010043449644518088,-0.0064536297021347,-0.006766044893529388,0.007896358665717251
2014-10-16,0.001932963787401043,0.011257181487216439,-0.006279289028846224,-0.0008576188650458727,-0.006365480072626051
2014-10-17,-0.001929234646691591,-0.002968389109201164,0.013182591208372285,0.011810664232666301,-0.005584883539408003
2014-10-20,0.006807338453066025,0.011722891551442682,0.014945928240431616,0.009709576769582284,0.003633776075083528
2014-10-21,0.0018363404482848456,0.016461611933116238,0.026273666759356606,0.019810732978920775,-0.007982836079179823
2014-10-22,-0.005665725080780226,-0.014295274517011514,-0.005161106664328674,-0.007110853758092395,0.0010785830347195269
2014-10-23,-0.006871122171836941,0.01771499000712584,0.015045650378373576,0.011624914313904222,-0.008867469610461143
2014-10-24,-0.0014343416618317617,0.0017131951244100385,0.00817874585770606,0.007695097087943026,0.0010035913874977265
2014-10-27,-0.0024503668717051896,-0.0005400085287061707,0.0007095746678895676,-0.0013745102439746137,0.001837632353993257
2014-10-28,0.00033881853595230105,0.028465979941073583,0.015097795061074892,0.011470362040903126,-0.006252982919826566
2014-10-29,-0.0143098631147065,-0.00236475105642453,-0.0036932713479499446,-0.0015118584745223984,0.00226526917831138
2014-10-30,-0.010480209452138567,0.00851624065985801,0.002103843540149253,0.006410322575845617,0.0008370353806379516
2014-10-31,-0.021963701064975805,0.014712207825734458,0.013797537406807336,0.01143562951724042,-0.002592673699020831
2014-11-03,-0.004526913897145546,-0.0017160024297807608,0.0029584681594629902,0.0005451917658139127,-2.567913391926524e-07
2014-11-04,0.0006241613363515697,-0.004640564755708065,-0.0033430729711656504,-0.0034694124441055907,0.0031103430955723432
2014-11-05,-0.021653896620413504,0.0018131242889773969,9.874466440784602e-05,0.006316599014015711,-0.0014248691288680781
2014-11-06,0.0008197134269072315,0.0043090699776766606,0.003156485581097268,0.004002997582104539,-0.00646190701584215
2014-11-07,0.02812162399457141,0.001544875641747101,-0.0008850830426959666,0.0009351179407528498,0.011487569854577329
2014-11-10,-0.02221830671070646,0.004969255512002002,0.0035434684346076217,0.003147366893287984,-0.009185630604063744
2014-11-11,0.014303837082656479,0.0006822042178362686,0.00313805784515675,0.0009809855698847958,0.0006740363250139492
2014-11-12,-0.004819715379460576,0.0045158364087452,0.0017600366673629075,-0.001077647653247249,-0.0008424495788824649
2014-11-13,0.0015246472551149193,-0.00848189662152965,0.0042945547694761554,0.0011274939809180484,0.002360384205554178
2014-11-14,0.025073906131185764,-0.001796298227583537,0.0031097952415435337,0.00024485879974611713,0.004877920957351289
2014-11-17,-0.0036690675676288587,-0.008312848351708091,-0.003003189072804724,0.0006366213500141882,-0.002510591678480667
2014-11-18,0.008768083938990978,0.005790071073259462,0.007482121183211898,0.005773631564766735,0.0027680805397727326
2014-11-19,-0.011907889702234109,-0.010653769494735732,-0.004532984728064182,-0.0016053398522033469,-0.0063585270749855205
2014-11-20,0.010380016731246,0.01120255678732085,0.004456812497037443,0.0017542426513821319,0.005220959633850386
2014-11-21,0.0046143024245213216,0.0012022883223818948,0.0019292860575992332,0.005350739538498184,0.006031108126130835
2014-11-24,-0.0024265428614084206,0.01192322731002271,0.007798083081195228,0.0028063740924741953,0.0008323307550326398
2014-11-25,0.002345553311048576,0.0007627848281739347,0.0015284578571961305,-0.0007239621609110847,0.008319774131813729
2014-11-26,-0.0019066874375581744,0.003303578428627496,0.006486052072537163,0.0025594081286424153,0.002722174459616644
2014-11-28,-0.02648491624493876,-0.014858531603124892,0.004643880721314497,-0.002119025833678845,0.007899694830791226
2014-12-01,0.03987156539441128,-0.015596864626881257,-0.011319807700775675,-0.006950269899539729,-0.0058342542097832295
2014-12-02,-0.012352053686644049,0.0120135410665696,0.004007353934694979,0.006463780045788514,-0.009711668560200781
2014-12-03,0.010335265309313835,0.009634253113534053,0.0018056505590997585,0.0038633239619847437,0.003906028349631052
2014-12-04,-0.003868344971663107,-0.004771497971719052,-0.00047439354289013913,-0.0011065341519577165,0.008362102355618406
2014-12-05,-0.012512918386347494,0.007533952101687502,9.498680156427852e-05,0.0016373768684965206,-0.005829094742412333
2014-12-08,0.011797592156958414,-0.012490432206240576,-0.00711742201457255,-0.00668263548363246,0.012221813809494275
2014-12-09,0.020815371286221795,0.016778491419386254,0.0031541942376516197,-0.0006774672070830601,0.005139567190851846
2014-12-10,-0.00194604748441074,-0.02124059042627391,-0.015720275000947637,-0.016031025084975004,0.007305767905946947
2014-12-11,-0.0022888830549503414,0.0039772127499762,0.004743141158196407,0.005069353250089836,0.004109524333078207
2014-12-12,-0.002379121195415723,-0.012142633411368564,-0.010886171871467898,-0.016160771003882246,0.013562151306167225
2014-12-15,-0.025721865073372374,-0.010112484493065899,-0.010324886248270881,-0.006870085083523714,-0.00205862810680546
2014-12-16,0.004895511509587669,-0.0014090372153512387,-0.01604139721739528,-0.008019559188790049,0.012377410005555367
2014-12-17,-0.005915618296901348,0.030867016414384718,0.018203301856344112,0.019605054283487133,-0.009012828652509741
2014-12-18,0.007701101852319869,0.014885790588074155,0.024066916222787782,0.02472852919351909,-0.017793416460816447
2014-12-19,-0.003300085781823392,0.0022759944815549105,0.004400082255548554,0.004254876728936319,0.013446264757402071
2014-12-22,-0.019342978620211615,0.006812181722730237,0.0024924730423663277,0.0045998635060078286,0.0013501208829163058
2014-12-23,0.0016880924643276618,0.0012530259737792981,-0.003537964274726857,0.0013499477488008171,-0.01983485716736144
2014-12-24,0.00026608816627016196,0.002889105506223455,0.0008635706131565613,9.61247695980827e-05,0.0054424713589740215
2014-12-26,0.018267316212737805,0.006513019549032162,0.007095083529045976,0.003224720138469861,0.00371156878601564
2014-12-29,-0.010101921480555665,0.004231099396591942,-0.00019049322224640175,0.00134322584626001,0.00747522200876416
2014-12-30,0.013460005313124634,-0.005865439657667948,-0.006665538828583895,-0.0053661349336323605,0.002712403019701881
2014-12-31,-0.014062457987002785,-0.005982806055582324,-0.010257128249997693,-0.009922834557000715,0.001909937458562716
2015-01-02,0.004402183412038685,-0.005768453647969851,-0.0030019916566816907,-0.0005350839661996121,0.011118707921102144
2015-01-05,0.015077149308345472,-0.013368981192935614,-0.014668967492025842,-0.018059811481470733,0.01570758712991349
2015-01-06,0.011398960794795743,-0.017300540294315825,-0.013408372180148675,-0.009418638699631665,0.018017712909934813
2015-01-07,-0.005891414149803653,0.012314831585035657,0.012891256511121885,0.012460535342197598,-0.0019750322106522056
2015-01-08,-0.00420851895976293,0.016962247715070822,0.019139479817426475,0.017745263389726373,-0.013243323824047692
2015-01-09,0.011385196369055883,-0.009603400127146666,-0.006582983353325744,-0.008013562014968612,0.01095326669289376
2015-01-12,0.011086435260788896,-0.0033171321291429745,-0.010426566807392845,-0.007833419504236883,0.0057220515601112965
2015-01-13,-0.003373767752371082,0.0007680743107398857,-0.00029531555697748235,-0.0028127508236553966,0.0
2015-01-14,-0.0016080097792615655,-0.004007951346494787,-0.005516304824056406,-0.0060373822319710335,0.007585686991814278
2015-01-15,0.025175902263040006,-0.016866215160472153,-0.012975396303097297,-0.009160426635863472,0.015736186527241403
2015-01-16,0.013064281211881523,0.016284734632042275,0.011740973293759671,0.013114515657615344,-0.012749739351119893
2015-01-20,0.013712049879254229,-0.004198511657757753,0.007934811639638939,0.002132319381408454,0.013289579738505974
2015-01-21,0.00024159749942587183,-0.0031838688211885957,0.00511755832110139,0.005048121953559193,-0.011559631111628277
2015-01-22,0.008049585228834255,0.020372731045590564,0.018503888747872344,0.014870907009219891,-0.0035974470711084283
2015-01-23,-0.007985306821000182,-0.0006768906126937146,0.00221074794824494,-0.0054827089811105845,0.013917749558305825
2015-01-26,-0.00998152990144674,0.009651072271141814,-0.0011508755821744154,0.002341681110370475,-0.003041594155517413
2015-01-27,0.011464376669647391,-0.004779041499365366,-0.025926681993861833,-0.013190074057282675,0.0015625229902078708
2015-01-28,-0.00787784039319106,-0.01685077157721293,-0.005126148545894438,-0.01282480757456983,0.016348425483814433
2015-01-29,-0.021552390797103027,0.013797439659062771,0.009611587498589591,0.009243636246463849,-0.006580342098030045
2015-01-30,0.022275544587827323,-0.021978041557566108,-0.007753616467411795,-0.012574655098569365,0.01773731010382651
2015-02-02,-0.008343449208254805,0.009161416025236457,0.008704504242284639,0.012383618530206197,-0.0037755572460610454
2015-02-03,-0.011190942147351168,0.017899923262295614,0.009609786374628282,0.01446102429215812,-0.02116671532451353
2015-02-04,0.0043783458565487265,-0.0037019463575802547,-0.0008742156612958629,-0.003807491716223521,0.0017095644182036906
2015-02-05,0.0017272502164005221,0.012921032383129694,0.008651906467415316,0.010095152468315938,-0.010979117482418976
2015-02-06,-0.025864204796777424,-0.001083715404033292,-0.006072247123821373,-0.0027655760533858986,-0.017702460930755892
2015-02-09,0.004467285755423989,-0.00792930790837243,-0.003199586473006999,-0.004475751481035628,-0.001603410348895884
2015-02-10,-0.005873936049321848,0.00639416226883438,0.015564524639745336,0.010653381239183357,-0.007953551008298643
2015-02-11,-0.011817350480741395,-0.0014213355840934083,0.0036392600966421718,0.0005800789307766063,0.0018499041038917419
2015-02-12,0.0023062837940568404,0.011385251698615484,0.011643714284202522,0.009616750985221634,-0.003308667812741306
2015-02-13,0.005454295543013465,0.005959749716828,0.008585042934582843,0.004116357698680684,-0.010268609296023912
2015-02-17,-0.01669775525216033,0.003127240246976415,0.0009354967049399754,0.0015732441938913766,-0.015056324079163463
2015-02-18,0.002844532329830063,0.0010662029932351214,0.0014014695672388555,9.556829082479901e-05,0.005940558356231529
2015-02-19,-0.0034381460295276334,8.189504854483332e-05,0.004945963755185634,-0.0007139036395745757,-0.006614216558674779
2015-02-20,-0.005692631086866906,0.002704042290651465,0.006686083793742803,0.0060000975469558515,0.0029331448738767474
2015-02-23,0.0013011929863573357,0.0009802254109390063,0.0010143804787061672,-0.0001413713804481187,0.011458317508621363
2015-02-24,-0.0014727381832787545,0.0013063325908007073,0.0007370807271920299,0.0028403183994845094,0.013126044604963027
2015-02-25,0.0038174111040851777,0.0011413797226635936,-0.002486139052796821,-0.0008495783550063196,0.004318921349548921
2015-02-26,0.0031979494930112207,0.003664543016345334,0.005077330228895116,-0.001181694692165114,-0.013668321095069214
2015-02-27,0.0007754283408443197,-0.005436092352573585,-0.004408849102581214,-0.00340609368170397,0.008407569782340918
2015-03-02,-0.004132260173905,0.007260418581730876,0.009041029611066786,0.006313564514419001,-0.018626621014531608
2015-03-03,-0.0018153447779967191,-0.005912370867831029,-0.004663172647542235,-0.004103845748982704,-0.003625399140932628
2015-03-04,-0.0031176981600916642,-0.003095980991930314,-0.003857500364087274,-0.004215607432166757,0.00031697571932443047
2015-03-05,-0.0009556129768769628,0.0029421623324841217,0.0017517155855455435,0.0010939632800284205,-0.0012655046682005233
2015-03-06,-0.02730434251868208,-0.012630480458355464,-0.011321414384622086,-0.014064173580942696,-0.0220919159184515
2015-03-09,0.000983377523255502,0.004374211590943089,0.0028861081669981914,0.004144437153313252,0.009231047987271479
2015-03-10,-0.004912057209624399,-0.011503615252864141,-0.018566785053403145,-0.016222060451133835,0.013157297766935194
2015-03-11,-0.006013266738071565,0.00615095291440948,-0.005770090585631826,-0.0023417458018843984,0.007285631041922036
2015-03-12,-0.0002708693390236494,0.016606407981326843,0.006564492332594929,0.012713991016332749,-0.0007077336352573349
2015-03-13,0.001445050857576513,-0.0035758746193482738,-0.004347604703281549,-0.006132282278722423,-0.003068170407269588
2015-03-16,-0.0006313103946443688,0.005872254451896097,0.012910208760421371,0.013360832832129965,0.00962761129143952
2015-03-17,-0.005414660114975933,0.002675764050805496,0.001593692177374928,-0.0029725773981700288,0.00828511641989138
2015-03-18,0.019598980855210835,0.008005657268637778,0.009824842713701765,0.012021347046676789,0.019301830110986407
2015-03-19,-0.0007119500676271429,0.0019254541758746413,0.0014826640411795822,-0.004561367710412378,-0.005095083653217647
2015-03-20,0.011399045051747603,0.0088077341031787,0.006472764224592087,0.00882688908194229,0.00527486194359561
2015-03-23,0.006339713151693793,-0.0008728116622862547,-0.0019345368845740119,-0.0019485291153749085,-0.0012166592556287492
2015-03-24,0.002449897428068226,-0.00023853924954397865,-0.0036007312591964657,-0.005619103231251477,0.009668251954523033
2015-03-25,0.001396558108890389,-0.023886693131138115,-0.022885434979469266,-0.014654142633387157,-0.008444956866075048
2015-03-26,0.00653708688272836,-0.0012249627592446632,-0.0034132591877101826,-0.002381007889681541,-0.015589402606529745
2015-03-27,-0.0036370435238182175,0.006376774040226962,0.003995892165979065,0.002289836829799441,0.012436969362201511
2015-03-30,-0.01138534318086215,0.013566165919178808,0.011467299496349614,0.012199456251489993,-0.0049589349396458315
2015-03-31,-0.0007911765968406925,-0.003205884388022273,-0.010587712003713112,-0.008739425730164951,0.0021467452619294836
2015-04-01,0.017068403567705115,0.0004017779890430617,-0.005208054803688356,-0.003536327653219873,0.013135135577853507
2015-04-02,-0.0027681634865752702,0.001848689123184366,0.0006663121070984435,0.0035974693309333006,-0.01059589365744995
2015-04-06,0.012231121417765056,0.004412440586024191,0.008181196638927357,0.006733655403972083,-0.005583810341611373
2015-04-07,-0.004970450072155241,-0.006389677824341522,-0.0016986057628262108,-0.0026469063755163447,0.00838406669984293
2015-04-08,-0.00551200918339656,0.00860126793831184,0.007939690069284966,0.00337725049572013,0.0003056359468460723
2015-04-09,-0.006928232816320268,-0.00358660303695868,0.006282812094748236,0.004423794670959991,-0.012964426039142496
2015-04-10,0.011336906536289382,0.004799420783469177,0.0041001727947549416,0.0054565153861876325,0.0014678985367104769
2015-04-13,-0.007157039081814864,0.000636573440801147,-0.0025056714944448055,-0.004522564234870741,0.0013887824255895964
2015-04-14,-0.006079528851422933,-0.00023864154034547447,-0.0028843704592039776,0.0019130264715583323,0.007087764625690829
2015-04-15,0.008650802539753588,0.00700279819302585,0.00625204970238924,0.004486810737175828,-0.0008410275275015922
2015-04-16,-0.0034653168571547877,-0.0005531591858604079,-0.0013913964325311667,-0.00028525677530344407,-0.004976731916980337
2015-04-17,0.004955226470251928,-0.016208331138278465,-0.015600308628251125,-0.011503090556589823,0.011465003909493232
2015-04-20,-0.007612433088526105,0.00980472182038783,0.014998628119645474,0.009136909800096626,-0.008825134303854565
2015-04-21,0.005753103431764384,-0.001034524737064113,0.0042751175818469545,-0.0011913764061057819,-0.004528462816927981
2015-04-22,-0.013433831333510171,0.0015137727792249311,0.005459974297733705,0.004913904422870763,-0.015265555859598212
2015-04-23,0.007291591124513719,0.004534175602473045,0.0037735370182621075,0.002516379326842788,0.004306277816144455
2015-04-24,-0.01404151891618688,-0.0033260518890442237,0.013570652125775684,0.0023205493651206055,0.006237047885321756
2015-04-27,0.02016805588455428,-0.011043835504939814,-0.0025330274241260886,-0.004157752610875809,0.0
2015-04-28,0.008670770693864016,0.005543204262022705,-0.0019953862309364245,0.0031787998548584717,-0.013791242075276489
2015-04-29,-0.007048909841977813,-0.01086572216921844,-0.006270482947383638,-0.004114868147551021,-0.012255532564282356
2015-04-30,-0.017660816187341055,-0.021163547044347752,-0.015729219471261713,-0.010020484811537389,0.001750014987533799
2015-05-01,-0.0034370263986326366,0.006519712243356679,0.013193508966030887,0.010841661294353155,-0.013461455838691405
2015-05-04,0.009020132884241638,0.0036073265246070463,0.0016504075141503538,0.0028471695838188094,-0.009435699005516218
2015-05-05,0.0028045547686559313,-0.012743953869500668,-0.01629585431712588,-0.01145137526465656,-0.0013839549969011378
2015-05-06,-0.0005243625201353241,0.0034750616652459154,-0.006887033396783315,-0.004117226982361166,-0.017120991532106222
2015-05-07,-0.00821967852736405,0.003793200570471056,0.005997759660362201,0.003989499508238792,0.013437588496008956
2015-05-08,0.004849259924502469,0.007475663615924333,0.012482439707419024,0.013166284851712229,0.0027009871574710242
2015-05-11,-0.0038606864674344266,0.0005705808594538286,-0.0038642889551083748,-0.0047726215131778105,-0.024324175239656243
2015-05-12,0.00854400802548061,-0.0017923232566554592,-0.004525851633111033,-0.0029911198261413086,0.002593360995850613
2015-05-13,0.01790395678391099,0.0,0.0020413769309162166,0.00019023118561456442,-0.008011029672453818
2015-05-14,0.005405381698172951,0.010612629963919096,0.014629610277383298,0.010427636532656548,0.002691626207822706
2015-05-15,0.002986844796122101,-0.001130702040349263,0.0,0.0010839251688523621,0.020050623889707575
2015-05-18,-8.510283616403047e-05,0.01132222731509458,0.0043804291055964395,0.003106503566786767,-0.016777075572888656
2015-05-19,-0.013869956602948319,-0.001359540911104573,-0.0010904249274018563,-0.0003285869818271392,-0.008867514034188062
2015-05-20,0.0016395067944336983,0.001841878870697533,0.0006369007258686388,-0.0007036247462546275,0.0016884933106129374
2015-05-21,-0.003359746584222556,-0.0011190520180728303,0.00518097151358754,0.0029123569150761863,0.01398566026487913
2015-05-22,-0.0007779753253159827,-0.004321199140468357,-0.0009946569851992937,-0.002389175359457041,0.0004152860008677095
2015-05-26,-0.014619332476808355,-0.009563363129990177,-0.011496206346074511,-0.010751432176950071,0.017110281403595273
2015-05-27,-0.00017561471177085508,0.012252308244502297,0.016117213292366817,0.009492216783906882,0.00228585862708397
2015-05-28,0.0011414281685366845,-0.0008817525166409101,-0.002252895940062505,-0.0011285063446753174,-0.002443771022088148
2015-05-29,0.0007016473724792416,-0.006017337727417749,-0.005961155504387139,-0.006212852859205253,0.00220516792342651
2015-06-01,-0.0008764108278561666,0.0031477346155610597,0.0033613721510485917,0.0020363854120062364,-0.010747775487961797
2015-06-02,0.004035079688356591,0.0019313685705590888,-0.0031695394028928847,-0.0009928896788096164,-0.013952392932892854
2015-06-03,-0.007164072177032299,0.009958447403627169,0.0029982463724120834,0.002649733227395812,-0.01607474697694289
2015-06-04,-0.007039801619628361,-0.010019551465078824,-0.007608494465764282,-0.008446151812291025,0.013019497610668562
2015-06-05,-0.005317250031845466,0.007229165960462192,-0.0023734693511527905,-0.001713289083636882,-0.012179962224939
2015-06-08,0.002940144666210953,-0.0046251923352319535,-0.010155508202194685,-0.006149923748736241,-0.001105089761344602
2015-06-09,0.002220840372015198,-0.0030443841039097252,-0.0016636032455831229,-0.00014374372706926763,-0.007917424047698796
2015-06-10,0.008509121495031247,0.012455780557721674,0.013702039536515276,0.01199334536240837,-0.008752365940649431
2015-06-11,-0.004570193783136389,0.0025398587277856155,0.0014618211761228128,0.0032233837817106092,0.021035645370802936
2015-06-12,-0.0002648664906503839,-0.0030085408705019523,-0.008208162593481783,-0.0076549850268461395,0.0
2015-06-15,0.004415790737229308,-0.003176006111303531,-0.004965717207081721,-0.0042852377208267844,0.0016107309237112233
2015-06-16,-0.003605061549348698,0.007089841910880024,0.005452559209906838,0.005451822290986508,0.007872355100013495
2015-06-17,0.004677010066397758,-0.0015033421763596122,0.002757329087863969,0.0016173177839025055,-0.007727095787957938
2015-06-18,0.012911736850284239,0.013388486618727269,0.014573750600296309,0.010398888664948869,-0.0049090309012453925
2015-06-19,-0.0017342780850801987,-0.0004691368655127537,-0.004943727433241785,-0.004439037954996006,0.01284360117571759
2015-06-22,-0.01285617895780966,0.006882716546068979,0.00737087844871831,0.0051228552773796565,-0.02040667911642291
2015-06-23,-0.006599788842205134,0.002097125010618317,0.0008128617286780049,0.0007080121793514582,-0.006000394847710533
2015-06-24,-0.0026574812063053788,-0.008448926443594407,-0.0051448847363809724,-0.007262926162105443,0.008624158826037176
2015-06-25,-0.0013322133525454083,-0.0005471666330476577,-0.0019957900451292865,-0.003040282405311956,-0.0035059016010283717
2015-06-26,0.001067192410014739,-0.002737536395304274,-0.006636682554337248,-0.00019028358394979072,-0.011240446042776409
2015-06-29,0.0045309359212182265,-0.02525518406256566,-0.023611239369378922,-0.020970560035904695,0.02646816270335095
2015-06-30,-0.006190828249150737,0.004667157011937428,0.003562118460261887,0.002093119056661319,-0.006932283151935503
2015-07-01,-0.0034706717105629226,0.0029633964889723696,0.007938677335375788,0.008015681474891068,-0.013497891325568001
2015-07-02,-0.0019646473844252554,-0.007385657907294396,0.00027775551561082246,-0.0009155264574549626,0.0032863507027822703
2015-07-06,0.002684282539629823,-0.0003233088569510878,-0.002315741617626599,-0.0028461087478662828,0.018534608362519522
2015-07-07,-0.011600887477117294,0.0011314537447293382,0.002506894782848823,0.006289127593293697,0.009394635097095039
2015-07-08,0.002979362543296782,-0.015256658745775975,-0.017412526154837238,-0.016777793513221728,0.00863680848882753
2015-07-09,0.0024305003273175085,0.0036065806696368163,-0.0005653265014829989,0.001809186471339208,-0.019702061034454377
2015-07-10,0.0011673603870820948,0.013885664460065339,0.015278742187889716,0.012591383357514419,-0.01585830622156148
2015-07-13,-0.00448470723455352,0.011278497041390168,0.017556951089896744,0.011037418865601722,-0.0031020483665542553
2015-07-14,-0.002252455219495131,0.005576320882587638,0.006572735566451771,0.004338076454984963,0.0032840155465616583
2015-07-15,-0.005237440968471563,-0.005307588069610181,0.0010882654474189124,-0.0003322170690476245,0.010597376884176724
2015-07-16,-0.0036310957932229604,0.005973220949388125,0.014133340019856666,0.008023950330832141,0.006905446116965974
2015-07-17,-0.010112979124889843,-0.004354278891283481,0.01473971476162883,0.0008478883800304704,0.005164907688062437
2015-07-20,-0.027151445340146352,-0.005407150614030076,0.0034336295841101983,0.0005177672502518771,-0.0042117484157765395
2015-07-21,-0.003121988752958438,-0.004716976200077272,-0.0006142892348340867,-0.0039513005916193,0.005413423005688367
2015-07-22,-0.005409506310776968,0.003694885661088332,-0.011324621455632289,-0.001794473853734213,0.006225987273744682
2015-07-23,-0.004484744341763047,-0.011044339662533487,-0.0037294399527911803,-0.005630027477309563,0.01245847829686797
2015-07-24,0.009776637833459612,-0.016104084537888697,-0.009803658855048969,-0.010371852578562435,0.00247722505811665
2015-07-27,-0.00465114258060384,-0.008307574898224201,-0.008280703741931128,-0.005817760212496137,0.005354373937466184
2015-07-28,0.0015258061394580746,0.008542910193721331,0.008622128819814057,0.012283286083173195,-0.0072924412945554185
2015-07-29,0.0014283139466164663,0.002795958819566957,0.0037793684345350798,0.006879259053463871,-0.0037147835044372135
2015-07-30,-0.008557588110186587,0.002870388841341054,0.004751098626944339,0.00023725809900554395,0.007705302818832083
2015-07-31,0.006329756242044127,0.00547866096347116,-0.0011599627853541294,-0.0015181777527594198,0.007399754076923726
2015-08-03,-0.007910052688847147,-0.004960965826955155,-0.003126331794240267,-0.003372783651976019,0.010526499864229821
2015-08-04,0.0020172823011603835,-0.0023703523176014096,-0.0018817999351795622,-0.0019544317772316466,-0.007932132284147131
2015-08-05,-0.0036429610038530846,0.002294196606891896,0.007720645220068434,0.003295551737691582,-0.007505837393520398
2015-08-06,0.004426047177157111,-0.013486875159904765,-0.016035537400892363,-0.008187925598498125,0.00887778602152367
2015-08-07,0.002490680503407061,-0.006711771570906966,-0.0012677693926057554,-0.001919501677048352,0.013118743453042425
2015-08-10,0.010224554985406531,0.011511794820474153,0.011422690552601145,0.012598997579271076,-0.01238593556041645
2015-08-11,0.005107840610028225,-0.008576911572686696,-0.012817250085440213,-0.009023251572067403,0.01587947544848256
2015-08-12,0.014022189288677822,-0.0019130975492639424,0.0034503892953046122,0.0011982293171701741,-0.005450919143351274
2015-08-13,-0.00825985512434746,-0.003333683566659973,-0.0016291162986906693,-0.0012440589214246511,-0.0032241530850657396
2015-08-14,-9.360037594363657e-05,0.006438946150130853,0.0015409214263701898,0.003642006592791347,0.0023448072839045153
2015-08-17,0.0026204846354274114,0.01055177318671463,0.008324840284340773,0.005587021676274562,0.0045179340365189
2015-08-18,-0.00018665773900006233,-0.007975207517971983,-0.0051149660566970345,-0.002896591277662619,-0.007870503759899838
2015-08-19,0.013444145581183786,-0.010359560205536522,-0.0065851981277071925,-0.00790565118992781,0.009875618287572108
2015-08-20,0.017411325071518213,-0.02529116000646625,-0.027694631884736087,-0.020881248621137605,0.010099444092937837
2015-08-21,0.006247689213677798,-0.011684761051715342,-0.04370524672969334,-0.030102780932725115,0.003015308195035926
2015-08-24,-0.005399068558895714,-0.039033396246250684,-0.03847659348272159,-0.04210697747393555,-0.0003162428359260172
2015-08-25,-0.01239478089494117,-0.007689385092914391,-0.00375796588122701,-0.011767422805861516,-0.016065410946475622
2015-08-26,-0.013649738394807875,0.025435227278688632,0.05036172887507573,0.038393716408502865,-0.01930325889898643
2015-08-27,0.0005573064828525709,0.017869844079047015,0.025332588411616896,0.02473520925588457,0.0005738979667755384
2015-08-28,0.009003931691107248,0.009869905287564595,-0.00018947875175145956,4.991680835564338e-05,0.0029508820708485928
2015-08-31,0.001103981140304633,-0.003632520800217809,-0.012402681687042394,-0.00807892364330065,-0.0076819393142879555
2015-09-01,0.0034919799162251852,-0.02864593818692507,-0.0312531661633314,-0.02984788868659538,0.007205253918407539
2015-09-02,-0.005311302361437398,0.017962388969059884,0.028203865324054833,0.01898103845975463,-0.008604352238280155
2015-09-03,-0.00718105679403469,-0.0015799574264160343,-0.004908581105791954,0.0007163554007085793,0.004876618583328218
2015-09-04,-0.0032455349221680585,-0.007561942729323201,-0.011896499758953238,-0.015136562384958863,0.009130652340807455
2015-09-08,0.000279084378947525,0.022858375264481312,0.02819099339568143,0.025130988939277232,-0.014754042809907997
2015-09-09,-0.012927822107945297,-0.011520183108569726,-0.011233692325282596,-0.0133718332983509,0.004798909968476872
2015-09-10,0.0023556016816155267,0.004556498518832441,0.010879744630793997,0.0054418559879472195,-0.006751840575298984
2015-09-11,-0.002067997715628156,0.004710373804496015,0.005524274530498197,0.0045442716153183405,0.0063000662212304714
2015-09-14,0.0005651616100608159,-0.00460154150769998,-0.0030311738534414268,-0.003710438716915454,0.0015656281869576016
2015-09-15,-0.0030126124190049675,0.011251743754878474,0.011781667016114161,0.01249951035605057,-0.019164790450624802
2015-09-16,0.013314409937664529,0.008625223740992949,0.0056345035642826335,0.00866664636235992,-0.0037737256037262412
2015-09-17,0.010250732723341871,0.003420407236924383,0.00037321098904841143,-0.0022478330716906303,0.012205732119873414
2015-09-18,0.007379350570420495,-0.013805964105162105,-0.014222937746303677,-0.0163418202155311,0.01538504775774907
2015-09-21,-0.0062265388780913256,-0.001814803817424382,0.0031325454948782916,0.0051676907996183186,-0.016298751882887763
2015-09-22,-0.00681837162160448,-0.01515025714005791,-0.014951023367656191,-0.012979924858387948,0.013904002968081919
2015-09-23,0.003989241131120869,-0.002988648195219046,0.0007687605518089669,-0.0015985463899726993,-8.227115541370456e-05
2015-09-24,0.020975758801157207,-0.0016752621897174746,-0.0036475258323689363,-0.0036158726427852894,0.006816541841640378
2015-09-25,-0.006154405994415857,-0.013161399275902097,-0.008477795847494196,-0.00025901999452748736,-0.008645580242576778
2015-09-28,-0.012658222571280353,-0.02800197035094676,-0.028468608960364183,-0.025097085096864147,0.01711320637253233
2015-09-29,-0.004058244045771819,-0.007110232077756629,-0.005200815924481739,0.0005851068223339251,0.0028311468898876146
2015-09-30,-0.010372316278596583,0.015530606065628616,0.02302239124698735,0.018658331754315194,-0.003468570567434104
2015-10-01,-0.001216519302596475,-0.001739800436856842,0.0045202219307276525,0.0026089670367610562,0.004266457202401375
2015-10-02,0.021174875253005654,0.014861171135986728,0.017511248899789056,0.014938063989688555,0.006057394384304748
2015-10-05,-0.002018545050144094,0.023863264515143534,0.014325267361353866,0.01779444947634823,-0.013567264259708334
2015-10-06,0.010021182319808863,-0.006886136061630244,-0.004738988023585078,-0.0034260655936525497,0.004313381108470793
2015-10-07,-0.0014564323795780432,0.01769037633233128,0.006000168727843702,0.008190350793184642,-0.003322742854692029
2015-10-08,-0.005104809244962594,0.008996985563298088,0.003975994978935304,0.009026641005972058,-0.008374954520430578
2015-10-09,0.015851231139897504,0.0019911280961835143,0.004525965704909707,0.0005964405083798141,0.002624160861958158
2015-10-12,0.00396856499604703,-0.001468651479434313,0.002440727960497213,0.0009438161654551358,0.007605525424553505
2015-10-13,0.00494118285707712,-0.01367158188449391,-0.006461314791763262,-0.006302274026562915,0.0017045882580828398
2015-10-14,0.017432477539802038,-0.009825116690564073,-0.001602328158262889,-0.004793857888742092,0.008750822188116736
2015-10-15,-0.004568989141737645,0.023921230411644512,0.016426077801604544,0.01535440080569428,-0.00490000305246352
2015-10-16,-0.0070615504042084165,-0.0012979430829315186,0.004179380456187598,0.004546710782700858,0.0003230505090234814
2015-10-19,-0.004178160099818973,0.0019061339384112141,0.00573437786548836,0.0004917893126969997,-0.002743798277363485
2015-10-20,0.006338214025568112,-0.0013835393029888454,-0.005149960190769964,-0.0012783255843853425,-0.006149076342565785
2015-10-21,-0.008870752862782494,-0.015240770338606047,-0.006100891138159037,-0.006203596161874936,0.009931953813409944
2015-10-22,-0.0003580140904458906,0.008793592500374814,0.02036845633706208,0.016893933145312845,0.0016932868402566026
2015-10-23,-0.0017011588974217284,0.0098498193181773,0.027982666372460052,0.010961499448669976,-0.00853074300376111
2015-10-26,-0.0006277999535804213,-0.006818857553754221,0.0006206302056013246,-0.0024579568936005103,0.006656194923013059
2015-10-27,0.0022435609738429285,-0.010951000632353769,0.0020381879721789176,-0.0019318855503056565,0.0024996328080235664
2015-10-28,-0.008058752895948817,0.029173976458523043,0.008312896747596277,0.011374615361621654,-0.004021399024692562
2015-10-29,-0.009568492239339532,-0.010672800644435876,-0.001579023533576529,-0.0005744332192647583,-0.015909283541955643
2015-10-30,-0.0038279088978543374,-0.004573731633193856,-0.004479940960406825,-0.004309730968021008,0.007549773003916238
2015-11-02,-0.00649594413580179,0.020807740171208122,0.011294699924374818,0.011831000446551165,-0.004595518826264522
2015-11-03,-0.014826347133739204,0.005181000526916391,0.0034899536926535912,0.0028992843711321825,-0.008200248240274655
2015-11-04,-0.009441036684777915,-0.0005070112560612294,8.695255170021454e-05,-0.0030331372945205937,0.0011578993761804934
2015-11-05,-0.0031141061362016664,0.0007607556785844682,-0.00269515185582192,-0.0009982412104084792,-0.0026429220409729393
2015-11-06,-0.014577820185771806,0.007095625260390648,0.0006973680034951801,-0.000523635788710286,-0.014655595157719081
2015-11-09,0.0028818737382825255,-0.011742793081428227,-0.010627969801922266,-0.00933142912262852,-0.0056306871825809734
2015-11-10,-0.0021072913552456773,0.002970673426924364,-0.002553596364925581,0.002306906269729181,0.002957835533505593
2015-11-11,-0.0033595553186392957,-0.008716264708121924,-0.001235781638051936,-0.003931753670710414,-0.0021065687052971294
2015-11-12,0.00019259022164841433,-0.019122483195326057,-0.009722577600827287,-0.013959792938300075,0.004813467852713638
2015-11-13,-0.0027924980239610875,-0.007223669301675395,-0.01963570168918216,-0.01122798554769755,0.005713522074539457
2015-11-16,0.001448450457852024,0.008591393592085161,0.014384328305171223,0.01520671015644015,-0.0009186978908932719
2015-11-17,-0.013209938855231806,-0.0038243761245581043,0.0006280581976012556,-0.0007296042546782733,0.0016730429706044436
2015-11-18,0.0008794603332600293,0.016926749390366425,0.01919497597578501,0.015865802442759813,0.0020866503609120457
2015-11-19,0.011031897393842582,-0.004204067338178685,0.0007039237639137053,-0.0008619959531868115,0.006665841772917291
2015-11-20,-0.004538443721352925,0.006461940544753686,0.0067717468847954265,0.00364413115824358,-0.0030621872134334316
2015-11-23,-0.008051161423458963,0.004965551426506565,-0.0028825745821938753,-0.0011467179555223472,0.003071593006262141
2015-11-24,0.0066497192545516,0.007326023331504228,-0.0008762202799931229,0.0013392583379756573,-8.314820123411781e-05
2015-11-25,-0.004662942933256753,0.00777996248678825,0.0008769887152908495,-0.00014326924370744454,0.0023183186035660164
2015-11-27,-0.011809477798990442,0.003776054851428068,0.001401362158283348,0.0011462319146264832,-0.0009916183816994772
2015-11-30,0.006617265866126543,-0.004346986173893397,-0.002536634626920886,-0.004151335153554703,0.0039686873904749564
2015-12-01,0.003532188155604299,0.006633075358098317,0.009998296297748288,0.009535688528299557,0.013507613056446655
2015-12-02,-0.015545525585325515,-0.01075970653460423,-0.006165516789627179,-0.010205011327044877,0.0003252480469995156
2015-12-03,0.010626672647533919,-0.016863600854633787,-0.016950685852683223,-0.014002681815997287,-0.027183685644721733
2015-12-04,0.022209065049059173,0.010119956909638406,0.023375715075962367,0.01950302289389838,0.008784730834710208
2015-12-07,-0.012978259158702654,-0.015027743407051708,-0.004516213292073301,-0.006058658690908603,0.009703333406995807
2015-12-08,0.0016557725915762322,-0.005516880528814827,8.703333125659185e-05,-0.006719258447910881,0.0004928915566977388
2015-12-09,-0.00194473896697811,-0.01118140405929402,-0.015179112843374476,-0.007779837967305525,-0.0010675140203210143
2015-12-10,-0.0008768154562138752,0.0033308296415563987,0.0045177129432165675,0.0025809287227844813,0.001314591155882061
2015-12-11,0.005460726883753653,-0.02227840709579154,-0.023015807511928665,-0.0193809454516366,0.01575877360757061
2015-12-14,-0.012801859053540698,-0.007148576487919445,0.007582001319034637,0.005052559607537699,-0.012928252723684697
2015-12-15,-0.002652561843328849,0.014400014897889113,0.0060915082158290446,0.010497611994626288,-0.005894118482752897
2015-12-16,0.012115872710852793,0.015260439553912875,0.014869437240649708,0.01463214001366886,-0.002140555067904004
2015-12-17,-0.021897810218978075,-0.010661353071858004,-0.014564198704126063,-0.015238369863420309,0.011304814482234526
2015-12-18,0.0153233921943019,-0.01528142697609236,-0.019182038012618086,-0.01781495746328421,0.005549614925091095
2015-12-21,0.010878092908588544,0.0075351170753745755,0.01110812584445453,0.008249276034488995,-0.0002439681978009256
2015-12-22,-0.005235103320787249,0.009170003672738458,0.0065734922139375485,0.009074194665890989,-0.007223783722763222
2015-12-23,-0.0029237213719258692,0.01261582788815474,0.007425422388370073,0.012383274724076632,-0.007522149839138459
2015-12-24,0.007232973422174549,0.0018900248377728968,-0.00017779810864715362,-0.0016503374082200706,0.005729048936748304
2015-12-28,-0.0075692031595538944,-0.00462901887555589,-0.0005328343235238009,-0.002285107154707755,0.002954741883628431
2015-12-29,-0.000684459735229348,0.010792563834881586,0.01572921284192863,0.010671782866277235,-0.016612474771483088
2015-12-30,-0.007632082217105096,-0.01006928612627378,-0.009011612488908582,-0.007087982764640399,-0.00099920489746963
2015-12-31,0.0003944085609299819,-0.012451831359070908,-0.012448063456171998,-0.010003026491915867,0.00449877831953005
2016-01-04,0.014094227459880093,-0.02317504753754407,-0.021097853252162735,-0.013979588233900886,0.007214536630554713
2016-01-05,0.0028185529910356166,0.002181177820285818,-0.0017352599601819785,0.001691476083901522,-0.004034216077708264
2016-01-06,0.014440762350867997,-0.015238076544091927,-0.009605187039326557,-0.012614102409238437,0.013475650771632486
2016-01-07,0.014139709399294764,-0.026710978330971025,-0.03131380089504754,-0.023991447413029388,0.0017943012469876507
2016-01-08,-0.004427708091822691,-0.017223391280926426,-0.008200604165413572,-0.010976835899439208,0.004477879723307154
2016-01-11,-0.008894799760520211,-0.00433279709263068,0.003076522471019416,0.0009895658789453865,-0.010943101369949026
2016-01-12,-0.005060137388834152,0.0029980446406603356,0.0115979999706326,0.008068855780859474,0.0144247588433295
2016-01-13,0.004893984653210337,-0.03210910738072026,-0.03448947427740734,-0.024940744725096442,0.009857000100951696
2016-01-14,-0.016233809757639994,0.013847426673176733,0.021295338033061828,0.016416972878157354,-0.009360290269122773
2016-01-15,0.010289314914859515,-0.016213068644799322,-0.031036783242380572,-0.021466005556431078,0.015587048671585668
2016-01-19,-0.000960784707550344,-0.013483774011131433,0.002181620251519245,0.0013308358019681332,-0.003101605404666863
2016-01-20,0.013367949074563512,0.004151270411267394,-0.0030673503861121665,-0.012815130822996457,0.010530214487050493
2016-01-21,0.001138797703897687,-0.0023190702353343973,0.0009925017573688688,0.005602158289519599,-0.006788636559957983
2016-01-22,-0.004644969889963546,0.024456834103779634,0.028953843251989575,0.020515176482612807,-0.003815216886606687
2016-01-25,0.010285731724330338,-0.022195949739573617,-0.014840305663876285,-0.01511669264756943,0.005425294644659795
2016-01-26,0.011406476843766722,0.019975936793955595,0.008999609339784165,0.013643291100659649,0.00047566488561656683
2016-01-27,0.0037282274439893737,-0.013748976297186077,-0.024915377272026973,-0.010883526942625399,-0.0002372489471391681
2016-01-28,-0.010678814187088714,-0.00020071474241967202,0.01411789696668686,0.0052095245428642745,0.0014275957457270394
2016-01-29,0.0038482826092700595,0.032801914258322684,0.020882356295556237,0.024377654065484755,0.008476463018393554
2016-02-01,0.01028523735300313,-0.004565048749874623,0.002689051829939837,-0.0003616622787818713,-0.003061510930889244
2016-02-02,0.00037013683482878257,-0.02156277341136048,-0.021645463547216193,-0.01802208078229628,0.018551969622065068
2016-02-03,0.010731831819877025,0.0012962802789819872,-0.004796894469364266,0.005995084538536366,-0.008292835758599515
2016-02-04,0.012082377069329242,0.00388415117180152,-9.839397819177975e-05,0.0015675112210062903,0.004845212150953682
2016-02-05,0.015827077912906162,-0.027380818047056055,-0.03472682104194247,-0.0190496739376671,0.0011666705036412761
2016-02-08,0.013443751249405,-0.01642198444893861,-0.015287569313048754,-0.013460810217761576,0.021519659630778065
2016-02-09,-0.002196257541759894,-0.006740712075067656,-0.0031049475669149285,5.372984344287346e-05,0.0010645262588020454
2016-02-10,0.007747818623272451,0.0005220143463569027,0.0038416460698142973,-0.0008630194936887214,0.008812597807610345
2016-02-11,0.0401886992042193,-0.010852522436441192,-0.0014484062363060435,-0.013007728346653091,0.007003515094533119
2016-02-12,-0.005879363032051943,0.01898915315171168,0.015225531166049189,0.020616793763640784,-0.016601697386393277
2016-02-16,-0.030331226332987904,0.023708860820751854,0.02254622534073203,0.016877978843806707,-0.010569723984001245
2016-02-17,0.00618634429410414,0.01567527841963834,0.02264813331939486,0.01633489051003756,-0.006149602409731725
2016-02-18,0.02433319602449635,-0.004779429224911258,-0.011414554526103404,-0.0040957513687481795,0.012296337170681904
2016-02-19,-0.006002190201855551,0.005002268207627614,0.0029603810036302747,-0.00046883346160764283,0.0008401888710212191
2016-02-22,-0.01777516528948675,0.011149726037395835,0.016235527844488118,0.014479416672252832,-0.0005341004135889227
2016-02-23,0.014979681261872324,-0.009156271684325534,-0.016460082438033652,-0.012629386935607001,0.00404798019185737
2016-02-24,0.003327072049028157,0.009638689763672215,0.009549070077806254,0.00457566906664586,-0.001978156600299319
2016-02-25,0.0026358095143692584,0.009152578846175041,0.009848588457394225,0.012111736780890947,0.0035822371149361043
2016-02-26,-0.006869043174790868,0.006339057656629565,-0.0012552585905474256,-0.0023015226990211746,-0.00964446208061076
2016-02-29,0.013064629590324062,-0.004457732824264871,-0.008991353270784042,-0.007842455644713087,0.00437091652232624
2016-03-01,-0.0073331317520045625,0.021512476113773493,0.032097455264948005,0.0235067146474901,-0.0176090800352261
2016-03-02,0.007726956678680841,0.010291823276407541,0.00037813343332215865,0.004492592233511061,0.004127177646914504
2016-03-03,0.017273365743903035,0.010469480616503102,-0.0018895654649669913,0.003919728464044425,0.003644326167344669
2016-03-04,-0.0015737798071993048,0.0055072641297062574,0.00037855098037020696,0.003253357360927689,-0.0064123141265460815
2016-03-07,0.004977588099916774,0.010861787875709794,-0.006151121985520369,0.0007983424855229071,-0.00031158895742211534
2016-03-08,-0.0046227304062674834,-0.024152853146054865,-0.008284447303989695,-0.010918114987738203,0.011045743933917995
2016-03-09,-0.00829324916913754,0.005081579062059749,0.006433056684758798,0.004939949113973219,-0.006077656477360915
2016-03-10,0.016056181130168712,-0.00814579862657272,-0.0015261399234358652,0.0008024566535658195,-0.004102438465519276
2016-03-11,-0.01720161594971703,0.021429402604737913,0.01748503130875756,0.01613701983302529,-0.010104428913849328
2016-03-14,-0.012896749587957723,-0.0025879161882526036,0.0016903765316993447,-0.0012820223391131202,0.0031405054531254972
2016-03-15,0.000763521980092996,-0.015567063363600253,-0.00037532106193971515,-0.001629826697281067,0.0009393716423071741
2016-03-16,0.02229567034444102,0.00705919928820542,0.00890944313387454,0.0057871348701290515,0.0029715642981966717
2016-03-17,-0.003814570847019083,0.015328591525912483,-0.0005577245690465693,0.006344245360021317,0.004132262814679155
2016-03-18,-0.002746975852867317,0.009021536893323967,0.0015669803725917308,0.003929431984176279,0.0020967779797174124
2016-03-21,-0.007011719080860512,-0.002372040250765317,0.003912006628745468,0.0014190338930653024,-0.0076712344654945586
2016-03-22,0.0029421526295789757,-0.0011890775849969781,0.0030614713066914323,-0.0005373170063885935,-0.00023429365537852576
2016-03-23,-0.02263009809313088,-0.018485891772195062,-0.008231700891070726,-0.006599509292776751,0.011325026918935555
2016-03-24,-0.0024011557999427113,0.002993730325256738,0.00028001146249323483,-0.00044318894261607955,0.00038610573015285254
2016-03-28,0.0023209545157449885,0.001212998005843291,-0.0013988277231221646,0.0005911805948575211,0.0013118118945669721
2016-03-29,0.01852490300494103,0.027765044055908072,0.01605837902026641,0.009249620515659362,0.010485301650576373
2016-03-30,-0.013977800877817192,9.059861036764261e-05,0.004870038247002384,0.004387837164035346,-0.010528645710654816
2016-03-31,0.004611451089358232,0.002810101784341379,-0.001463237055905231,-0.0024267874477982287,0.007093481359584208
2016-04-01,-0.006035354370591106,0.004428987204038615,0.01062283602697156,0.00681198685151152,0.00260861553374081
2016-04-04,-0.006670647201412416,-0.008369224479410797,-0.0038054993636407186,-0.003237954205348781,0.0006118410187965218
2016-04-05,0.013000448699038714,-0.011344130538917252,-0.00964173440965288,-0.009987860546950778,0.010935983263724136
2016-04-06,-0.006119337058417829,0.011290582860099763,0.016440232038261282,0.0109208958130953,-0.007262390122411921
2016-04-07,0.01428081181871077,-0.013524653186351987,-0.01436735120441135,-0.01196542567825476,0.012345199183646738
2016-04-08,-0.0015175811841288134,0.003956473157120666,-0.0007330847983672006,0.002696156293880092,-0.006323019550489084
2016-04-11,0.013510077429689682,-0.003116051092006078,-0.003669911491692268,-0.002346931388301443,-0.0012880310485311464
2016-04-12,0.0001666606070513943,0.010756704899522074,0.008379361784604855,0.009313260706525384,-0.006901515578426443
2016-04-13,-0.010662277185778612,0.021557012768414596,0.01278427695266382,0.010100822633946294,0.0035132435478573143
2016-04-14,-0.01397656040779005,-0.001246255010609043,9.00683746369868e-05,4.7908863946899416e-05,-0.004795501032436977
2016-04-15,0.006916553277877435,0.0024963895986587215,-0.002524043807432763,-0.00110588622344443,0.008566248410080801
2016-04-18,-0.0015264612277036127,0.007558626439950311,0.005332390340127224,0.007026512122134454,-0.0043226042214989935
2016-04-19,0.015627688132066497,0.0007943265523073784,-0.006113638449817382,0.003154599441149042,-0.003122212176911887
2016-04-20,-0.005101192515562847,0.0014992544828074106,0.0008145113050386232,0.0009528222392232166,-0.011001082435520448
2016-04-21,0.0037824404776409803,-0.005019216873275001,9.014050401900953e-05,-0.005378461317723016,-0.005947350985635591
2016-04-22,-0.012811914275298819,0.009912249934770134,-0.015092781356047191,0.0,-0.00256477985894088
2016-04-25,0.0028840781155776707,-0.007098419696872416,0.0,-0.0017225249535804954,-0.004128853550072198
2016-04-26,0.003975248058563308,0.009797151179964825,-0.004863185708173012,0.0014857116147719562,-0.004537282378578755
2016-04-27,0.002864397439145794,0.0034961136691429306,-0.00802212963881399,0.002058019463140326,0.009980424830677848
2016-04-28,0.018901209532051544,-0.011410225927599993,-0.012084078790763009,-0.009075211499874336,0.004123559512666519
2016-04-29,0.01945750344247421,-0.00898650442740312,-0.005268862870306368,-0.005399216068157964,0.002557169647264379
2016-05-02,-0.0033158403319838436,0.008890139039914757,0.00945873456492774,0.007948520274681625,-0.010067916488863182
2016-05-03,-0.002271979748055375,-0.016390424245023794,-0.009276500610955751,-0.008703155769846593,0.012595817348908689
2016-05-04,-0.006099544612754526,-0.008242354064939117,-0.006431665542885323,-0.005578270904071259,0.005485683490596305
2016-05-05,-0.0011455641166617792,-0.003974478825219507,-0.0002853557748933033,-0.00019486600805962428,0.006684682700831557
2016-05-06,0.009093148301192455,0.005895102630672389,0.0053322318204487296,0.003658915058280421,-0.004274295118607663
2016-05-09,-0.020539038586043668,0.0028851838750296732,0.002841321621871895,0.0008265158005495987,0.0031427206107017547
2016-05-10,0.0027351995597273415,0.010069247559715722,0.013694929333689432,0.012433816678379284,7.689599786320223e-05
2016-05-11,0.009423039824896007,-0.012372228141791397,-0.009037327825179964,-0.009354702766230294,0.005654343993801492
2016-05-12,-0.0078611125358784,-0.005317195776763817,-0.0044189908632052965,0.0002905790132767816,-0.00455922283735366
2016-05-13,0.0045394140453900444,-0.006614014573289584,-0.0036835130067665034,-0.00871440576562621,0.00969442113754826
2016-05-16,0.0007394952589121484,0.012677642616690354,0.012511932661465552,0.009865175957651129,-0.008617763572021153
2016-05-17,0.0034482607423813594,-0.015851442762673362,-0.012544352709090933,-0.009333440195336329,0.0016772543017269381
2016-05-18,-0.01734579222228738,0.00521651082899699,0.0036027395223583447,0.0002926580235635967,-0.014235589384101521
2016-05-19,-0.0019150352244893254,-0.00801197939026932,-0.005195632295495467,-0.003464764896680683,0.004324162854280722
2016-05-20,-0.0013348098643798378,0.01679558585187646,0.01101499328471367,0.006317380435474584,0.0007692243880330629
2016-05-23,-0.002840166573309433,-0.001173536117881735,-0.0013149992926728693,-0.00136261366665269,0.002227981109710342
2016-05-24,-0.017341037506874768,0.02060386649566115,0.020032191191062587,0.01296236216465152,-0.0044462068668911225
2016-05-25,-0.002728045068191687,0.005843551071983866,0.00719148363501243,0.006782829272550472,-0.003773126913884428
2016-05-26,-0.003419400875365075,-0.0011445078475708081,0.0029293151038918275,0.0002867191681321657,0.005178540197348314
2016-05-27,-0.008234680643287917,0.009958701829766436,0.00520267468995117,0.00429929883134017,-0.0014612614498791254
2016-05-31,0.003805525009163979,0.003490393247608692,0.0019066862922545447,-0.0019024779782036427,0.0023881930406821628
2016-06-01,-0.0010339059082515867,0.006782622934899951,9.060769783464373e-05,0.0020493365868536895,0.004056637553295328
2016-06-02,-0.0023288275554194104,0.007687101299545418,0.002084528434842081,0.003043342813929817,0.007207786345438061
2016-06-03,0.027751354156539287,-0.006000035802561032,-0.0047026289812243105,-0.0029869457869677873,0.014235444204840464
2016-06-06,0.0003364814640942626,0.010778960390918746,0.0036343444698940797,0.005088247501163767,-0.007430793162788718
2016-06-07,-0.0008408886281601191,0.0029003890058219017,-0.0025346290355188206,0.001561679583772957,0.0024196356706047695
2016-06-08,0.014812339174809175,0.007400539286183561,0.0017245647092070104,0.0032595483269630687,0.005356244845895253
2016-06-09,0.005556461757929343,-0.006417481106601564,-0.0016313826997059744,-0.0013653932638693078,0.00645326603782026
2016-06-10,0.004041219495006354,-0.013597244158071842,-0.011343605313993144,-0.009477435829422953,0.0048455838200625045
2016-06-13,0.007392817000752894,-0.010855477441067851,-0.008353358490679197,-0.007711791822256564,0.00445200933348322
2016-06-14,0.0010599906561068462,-0.0028742995882077294,0.0,-0.001967219687686539,-0.0007382187737471346
2016-06-15,0.007412264290884263,0.0006986896929701558,-0.002869579852620374,-0.0013935542664229583,0.003843584870550254
2016-06-16,-0.010511020767707824,-8.693622722988348e-05,0.0029708769887832887,0.002983981504523836,0.00486030234401702
2016-06-17,0.01282889140431287,-0.004277724670577965,-0.01172137273142737,-0.0037238293193900818,-0.006229606564716383
2016-06-20,-0.005970132166106756,0.010871004495554892,0.006291613232514592,0.006439655830216884,-0.010692336106588596
2016-06-21,-0.019235474102691663,-0.001907582868326485,0.003172852539403248,0.0028385614240109547,-0.004621190284790799
2016-06-22,0.0004965672774475127,-0.003910500651175153,-0.0024188122804946754,-0.0016312030442077186,0.0016474704863629341
2016-06-23,-0.0065343333792947655,0.019105103744030627,0.01426714990557354,0.013022880728730257,-0.011438690074397684
2016-06-24,0.049038376152841456,-0.03800725592731902,-0.04118770438351649,-0.03590902226288417,0.026847619695459013
2016-06-27,0.005396827818855421,-0.032835149675118136,-0.01984853582259105,-0.017909995815470592,0.024966818193253193
2016-06-28,-0.010735716822507735,0.015456799063676696,0.021913452343002904,0.018036077138758433,0.0020831028639991533
2016-06-29,0.004149350816571085,0.022741735179498068,0.017710171668497976,0.01702749131278991,-0.007672158617224589
2016-06-30,0.00500639622652943,0.018603705954621796,0.011569749028874643,0.013645762266580208,0.0036856392253346026
2016-07-01,0.015339625386899147,0.0035660020372652035,0.005021341858107764,0.00210058750806863,0.01388435275068245
2016-07-05,0.008254789567508913,-0.014732534985077317,-0.0061064237443225755,-0.007193192479024835,0.012520929723111918
2016-07-06,0.005870043250717272,0.007260902246621015,0.008192275572782792,0.005997564352597129,0.0016153712728450564
2016-07-07,-0.003762499043616141,0.002107477430004945,0.002954939504375975,-0.0006201107386605287,-7.031095327469927e-05
2016-07-08,0.0060120143847071095,0.02330684697525176,0.015466451231524792,0.014890450914887499,0.007365898640250945
2016-07-11,-0.009423926954219786,0.011558911977724184,0.0057116551739315735,0.003527072960541444,-0.008774473896562607
2016-07-12,-0.016551874633622066,0.013373924929474201,0.005047956653034147,0.007263459286797946,-0.016439279635909854
2016-07-13,0.00920177573180525,-0.0039255309134663685,-0.0024213915427900856,-0.00013984767843766566,0.011786299809033673
2016-07-14,-0.007715129649756625,0.0010060875566806349,0.006833400315964688,0.00558361258560458,-0.01454344013728226
2016-07-15,-0.003848311365095336,0.002764499276320498,-0.0016073664012626887,-0.001342076422234384,-0.008596604988061918
2016-07-18,0.001576825791636871,0.0016707481682003422,0.00661877341383077,0.0026874307625215366,-0.0009393254759244574
2016-07-19,0.0013381467862105811,-0.005003955860443332,-0.003643186607666271,-0.0010166607914224857,0.005641605129613314
2016-07-20,-0.014307049036417885,0.006538123971751908,0.011683098672897518,0.004163067944154886,-0.005466546946009565
2016-07-21,0.015232503958900745,-0.004746849241200279,-0.0022919416306034224,-0.0037772123166500693,0.002025544468401863
2016-07-22,-0.007462722347700734,0.007446792389357748,0.004152404793788644,0.0044852722880655005,0.0017318756425437343
2016-07-25,-0.006964758718206121,-0.0014950739267434177,8.809350039129527e-05,-0.0027159481357768023,-0.0007202558206778065
2016-07-26,0.0042241075487405855,0.004824784734551946,0.0011437528467497238,0.0004612711040754558,0.0015858035295504003
2016-07-27,0.016111101422991103,0.0028144794026661035,0.006942590540720328,-0.0010608852043193506,0.012453046762551656
2016-07-28,-0.002889909558035031,-0.0025588762965581546,0.003491157533009215,0.001154731758101768,-0.0018486037047645842
2016-07-29,0.010339903082906332,0.0019861478265106314,0.0021742406470917075,0.0016143336634342198,0.008334888635494142
2016-08-01,0.0018607962561190128,0.0008259211927974519,0.005293586635768621,-0.0008288181604541034,-0.010843085135016084
2016-08-02,0.00812570067976126,-0.013947399439772079,-0.007596456773065974,-0.006407315045991346,-0.010302552401279974
2016-08-03,-0.004759425467430023,0.008118337252693397,0.00330515427478284,0.002922774978718623,0.0005787021126468783
2016-08-04,0.0016968857004249216,0.0009136175692769921,0.0028613826001833154,0.0010638464859247243,0.0075133512759451015
2016-08-05,-0.01786395743940894,0.01443267482056343,0.009596203352434829,0.008178684701668715,-0.010398152732439936
2016-08-08,-0.000862411663815732,-0.0004907793074305777,-0.0011133348354517292,-0.0005955696749341266,0.0018848383750915687
2016-08-09,0.004080325118523742,0.0010634911072173736,0.002314630203186674,0.000595924589548158,0.00983649408284748
2016-08-10,0.004688953410549868,-0.007191314814139371,-0.0025656168189305273,-0.0024747817282742,0.0038676496235616753
2016-08-11,-0.006922832969429749,0.004774065212540979,0.004287050184374808,0.004640789232121634,-0.008918338846503393
2016-08-12,-0.002114801025602908,0.0009833378896648703,0.00068324202688963,-0.0008690891416022195,0.00842265677684173
2016-08-15,0.0034536484045673,0.009902252416821078,0.004266043765195349,0.0028839236585671557,-0.009423061554153955
2016-08-16,0.0049280733796905896,-0.008103682283571056,-0.005522333133839652,-0.005157678814236677,-0.0026671739769502656
2016-08-17,0.0002335080486637331,-0.002941218751347674,0.001794069271062071,0.0018810267111173395,0.0059978827934583645
2016-08-18,0.004747086461879935,0.007374702429346902,0.00025600533991698704,0.002243605415406247,0.0015805039611012095
2016-08-19,-0.008829675348611454,0.0,-0.00025593981795701826,-0.001461812423359965,-0.005234833177063969
2016-08-22,-0.00148474204574367,0.002277682792875879,0.0007674602415370657,-4.5606248495033697e-05,0.008434446438702503
2016-08-23,-0.00015649274735829444,0.006979404293117941,0.0017895524126643192,0.0020134329128722595,0.0010727723503594078
2016-08-24,-0.011114635054762179,-0.00813999634342455,-0.0064649457070261596,-0.005114906908645578,-0.0023573889704336937
2016-08-25,-0.0008706109240564919,0.0019499282908448379,-0.0016266138067163594,-0.0006886254232448819,-0.0037934673956140363
2016-08-26,-0.0014259708499476664,-0.002027434085073998,0.0014580382786919532,-0.0018834365065472092,-0.005819987701221496
2016-08-29,0.0019833398964483884,0.005200976361810827,0.001369904103922348,0.004924620946208158,0.013370404313363782
2016-08-30,-0.010055457179525829,0.0018593693145847467,-0.003249471889414046,-0.0016489546626559104,-0.0038513059553567652
2016-08-31,-0.001999520134694288,-0.005648302998481958,-0.0010295421497253932,-0.002844126791382573,0.001432071789170264
2016-09-01,0.0040872106204499214,0.0007302997209954754,0.0025767528632278935,4.617653772576169e-05,0.001102758905194845
2016-09-02,0.010216288370529014,0.009649625643913806,0.0032546888775346616,0.004508011300225601,-0.008155828280845934
2016-09-06,0.016907695537669243,0.0009639296065984126,0.006232922861815204,0.0030222000350326184,0.007285372485619002
2016-09-07,-0.003418556588101307,0.00625830350196277,0.0005939866951956141,-9.117068677477747e-05,-0.0007163180970978233
2016-09-08,-0.0053013792150961025,-0.0019934158281432746,-0.005851091867378866,-0.002282963155247675,-0.012541064697188853
2016-09-09,-0.00658355954228651,-0.031240075504175513,-0.025164290095632924,-0.023934860455391727,-0.016474484946726764
2016-09-12,-0.0012623563085552014,0.013938125781646438,0.017938366985369658,0.014347336865453642,0.0005167960141128081
2016-09-13,-0.0066355664917512325,-0.01919623573542162,-0.008940082226487678,-0.014375491598419776,-0.011357824636548774
2016-09-14,0.0034194855282367875,0.00016592666411585633,0.004770496604640684,-0.0003751022116033065,0.0014922330901490088
2016-09-15,-0.006419381491795106,0.01194004059297793,0.015538836754274143,0.009992781865646005,-0.004320665447734795
2016-09-16,-0.00247272219188599,-0.0014748420224057757,-0.0004772562336921027,-0.00386550007348907,0.008079438012674744
2016-09-19,0.00207901920123299,0.006647084818160343,-0.004348209240578549,0.0001875630301668707,-0.0032653539466551695
2016-09-20,0.0009575705942728163,-0.004239052205470051,0.0018838337104989389,4.6633473242074786e-05,0.0034998517540170138
2016-09-21,0.014588601451239303,0.014490394054228473,0.009829077726473123,0.011245348879970862,0.008086851191480449
2016-09-22,0.00235721740921524,0.01436404498366639,0.007956012663429712,0.006301802099170084,0.007949190290463592
2016-09-23,0.0006271210413582029,-0.007080354591991411,-0.006381904404489824,-0.005479423734668254,-0.0009495186447250337
2016-09-26,-0.0007833801247610905,-0.009930406692103766,-0.00836617573034415,-0.008102006534998263,0.006359049152044882
2016-09-27,-0.007291260548213385,0.004057499734142267,0.009885498355902689,0.0062076788548484085,0.007335179558773719
2016-09-28,-0.003159070582864132,0.007678130213517376,0.0016877998805449046,0.004963811588032607,-0.002162535445432545
2016-09-29,-0.0011884132817953086,-0.014597560475789084,-0.007244975407501242,-0.009047130951912785,0.002528800936208553
2016-09-30,-0.003410805950794571,0.010987998107787833,0.00746775957972301,0.007546077637030635,-0.008937463572027737
2016-10-03,-0.0025469571504198596,-0.0031399695974588804,-0.0014319676423636407,-0.0024044722431866283,-0.003300190560326599
2016-10-04,-0.03471112739159021,-0.004926404641261595,-0.0015183309450117477,-0.0050973450109499385,-0.011694983977075801
2016-10-05,-0.0015706575141682944,0.006006130970683365,0.0035480450706892874,0.004425215237568336,-0.004659633535966323
2016-10-06,-0.009273018119780652,-0.0010490360656126851,-0.000504837029645655,0.0006951695471797414,-0.005572381503774038
2016-10-07,0.000668512445361813,-0.007995245588156563,-0.0021901008945262035,-0.003429359832351153,0.0006724531616988383
2016-10-10,0.0035076482865623593,0.01196789004091614,0.00633086906900715,0.0052086788406915385,-0.005899129286021543
2016-10-11,-0.005076569505331308,-0.018262399198997636,-0.014259416454952323,-0.012629651603290548,-0.0022537103126496483
2016-10-12,0.0015892497462293154,-0.000819269556658786,-0.0008507642392204806,0.0013119922769613268,0.0009791868301785023
2016-10-13,0.002421921836488483,-0.008283723842082091,-0.003577027439540248,-0.0032756416645539632,0.003759962519492843
2016-10-14,-0.0055819226506638175,-0.004051696756851686,0.0011968080396163039,0.0005164211211341474,-0.014011714578514245
2016-10-17,0.0026809625769763645,-0.001162997062549298,-0.0027320533666085334,-0.003471995856829002,0.006383857883402788
2016-10-18,0.006183137214928136,0.0057363669225491964,0.008902733117573058,0.00626229441065318,0.0032468866485626524
2016-10-19,0.0057299655530487215,0.0042153865855474315,-8.50791919049243e-05,0.002667197139417432,0.0008283104609410064
2016-10-20,-0.0030550965627722526,-0.0029632546976559038,-0.001187693495783626,-0.0018669221341434117,0.0010524705875647467
2016-10-21,0.0007454362173064943,-0.0004952140613658784,0.003737899683653012,0.0004673762300135831,0.0015024074871894388
2016-10-24,-0.0022345797266349887,0.006359951268511965,0.012018854977650761,0.004253078140934674,-0.0043503872615074934
2016-10-25,0.007548139354159433,-0.007469015566929915,-0.003178481631780916,-0.0033507726955540607,0.002636922730719027
2016-10-26,-0.00559809251948773,-0.00992271495458441,-0.006795632583830091,-0.0020076981709519215,-0.006763232187001145
2016-10-27,0.0018213529185828747,-0.011442818435933866,-0.00456160250124138,-0.0026665751426203643,-0.0108940767358362
2016-10-28,0.0047103519110967,-0.002787998905685818,-0.006279758637486754,-0.0029555620033240304,-0.0022180633070718603
2016-10-31,0.0029610183001298473,0.003982076810787882,-0.0009395164186375426,4.699070291014351e-05,0.0061326927455760405
2016-11-01,0.006478603409139305,-0.012236318220551157,-0.007521810346635904,-0.007245459580746183,7.588139759762136e-05
2016-11-02,0.007414617516698918,-0.012729550973158976,-0.0080097844643634,-0.0060183801776294565,0.0043510423129204945
2016-11-03,0.005338107937297831,-0.004845889341761778,-0.009810626594961458,-0.004577060572729219,-0.007675715715051767
2016-11-04,0.0007240252267182168,0.0064345427991250315,-0.003507236949213288,-0.0011017742943433273,0.008960319106734005
2016-11-07,-0.018007861361529542,0.024451424475592898,0.023757046311893903,0.022056739416114857,-0.008501334010982298
2016-11-08,-0.004175211869501427,0.0026147864618728534,0.006532196858189954,0.004504169790415791,-0.0040573960275562815
2016-11-09,-0.0006576934516286936,0.030787203457225187,0.00461107074691447,0.010602212331223493,-0.04243277348167285
2016-11-10,-0.01488974658560116,0.015994623148930964,-0.016149557983051954,0.0024953248909740378,-0.014770384990391516
2016-11-11,-0.02212944906788228,0.0229718900462339,0.00043195701237941364,-0.0023049462181932157,-0.005622051007145856
2016-11-14,-0.008454294420749409,0.014054560907376112,-0.010103766669618541,0.000785418721046538,-0.005981713315776682
2016-11-15,0.00869866618655779,0.003097342200177433,0.013870630152138963,0.007802808949194828,0.004946059341200071
2016-11-16,-0.002988440021410743,-7.703918969048651e-05,0.005937223143479775,-0.0018780611826351157,0.00902310666582351
2016-11-17,-0.005138293152093909,0.005866794661129715,0.0072705473084628824,0.005140451475686092,-0.014714316990933729
2016-11-18,-0.008780207102896176,0.0052952891115261025,-0.0037364506396294628,-0.002237713422058918,-0.0028881998213389215
2016-11-21,0.0037342622620732957,0.00465707423553674,0.010398969917604584,0.007551847098779874,0.002482483983022865
2016-11-22,-0.00034608855246265335,0.009118188936154237,0.003037054824584162,0.0019530014218538394,-0.0003298846868504679
2016-11-23,-0.019819983532816443,0.006250337177114762,-0.004037213743653401,0.0005438960668868731,-0.003880967540117908
2016-11-25,-0.005651208738617575,0.0032925701917061456,0.003209006104968548,0.003715417058528292,0.0014922437170092895
2016-11-28,0.010567466787642088,-0.012978111332032083,-0.0022725324872486796,-0.00469458879436746,0.007366381393168586
2016-11-29,-0.004657349687858581,-0.0005294328438532059,0.003458862109571914,0.001950078534696642,0.004190201874232358
2016-11-30,-0.013419234467324848,-0.0049144579369786445,-0.012107091036563267,-0.002399026210287536,-0.016200176170290237
2016-12-01,-0.0018791864382340373,-0.00486263560091571,-0.017276689974916715,-0.003675412220557117,-0.010558688348470402
2016-12-02,0.005379222424209074,-0.0005346037994383712,0.0019920461713895943,0.0005009922028609282,0.007327570465842204
2016-12-05,-0.005350441210868029,0.017188858782631433,0.007778657017025736,0.0060085741593653985,-0.0010872032495521378
2016-12-06,-0.0009861987578327902,0.010814980298588184,0.002401618390148297,0.0031675108616484593,-0.0007538099604988968
2016-12-07,0.003589711251758221,0.009733099897843989,0.01266239488415044,0.013080928191836483,0.008544624880063578
2016-12-08,-0.0023249765892274787,0.01574672469940186,0.0017740350337591693,0.0024485463689090103,-0.011793602115747093
2016-12-09,-0.010486673587394413,0.0019558471626544005,0.007843536358997927,0.006040582343573853,-0.01243942145245025
2016-12-12,0.003804331187865717,-0.010555328259575503,-0.004519053983168986,-0.0011478890672014241,0.0018722588972452936
2016-12-13,-0.0033387723118656343,7.255437043141022e-05,0.012609586244664017,0.006673908238508108,0.0035679916666289113
2016-12-14,-0.014667226454941784,-0.012494519728040943,-0.00207533748265909,-0.008254306591368943,-0.011173188018917424
2016-12-15,-0.01369112807217554,0.007473498189575656,0.001580712388623784,0.004117444601846598,0.00505105277421003
2016-12-16,0.006614558767378709,-0.0018365043427914785,-0.0037069622859697837,-0.0019556652488424975,-0.0023002814908165137
2016-12-19,0.004997623978540311,0.006548798001484002,0.004096657932178838,0.002177132533723869,0.010756229396493566
2016-12-20,-0.007367118973593101,0.008479389899890943,0.0038306566278036858,0.0038575735864478933,-0.004982832251759217
2016-12-21,0.0005566152526592649,-0.006523704430717481,-0.0007465534407390395,-0.0027824561278226856,0.004414149431088088
2016-12-22,-0.0024107755207141146,-0.008622556726804564,-0.0028225172374318763,-0.001727668103406299,-0.0017884575212302467
2016-12-23,0.0031601819765598727,0.005320367606673093,0.0006658586700134528,0.0014641511046356026,0.0020373127137358615
2016-12-27,0.005837091185366683,0.004483885976029001,0.005158318965537534,0.0024811668242115115,-0.003218614238604478
2016-12-28,0.0027634769574851337,-0.010244856627214527,-0.0077803198137063045,-0.008264557805033879,0.007308560466258163
2016-12-29,0.01313614088883086,0.0008871029599741842,-0.0014181203926969532,-0.00022271973055609795,0.003543149816697788
2016-12-30,-0.006165566230220687,-0.0038412304834005706,-0.010274671424316262,-0.0036550151928067542,0.0015133402059062107
2017-01-03,0.00784600497730814,0.004968162996557224,0.008946664185737196,0.007650135150369719,0.004280913007546516
2017-01-04,0.0035303646722089077,0.016676583057621208,0.00543736732332345,0.0059487962088486945,0.0038450397736304875
2017-01-05,0.015515074970534615,-0.011540091086802762,0.005657716065028406,-0.0007942009679013928,0.015653682882632358
2017-01-06,-0.00737255123072611,-0.0036711371643426416,0.008769894208132234,0.0035778316945869193,-0.009181959182517074
2017-01-09,0.008232645807116912,-0.00655910662413417,0.0032804691119336926,-0.0033010253597328676,0.008025622440401614
2017-01-10,0.0042602588509306205,0.009570010665596262,0.0022072701293438524,0.0,-0.000657092070064258
2017-01-11,0.0030932255360247574,0.0017633797661191775,0.0026914364910335387,0.0028261836525840245,0.0033682551349003553
2017-01-12,0.003612367067042932,-0.007702206766244335,-0.0015454634429582503,-0.002509855254051341,-0.0022107559992151637
2017-01-13,0.0026336178800692167,0.007244466333723443,0.003421929897171827,0.0022955449547388262,-0.004758307020607533
2017-01-17,0.01435950794847174,-0.013577140091647455,-0.003004305058828982,-0.0035235489943973297,0.0104696572826668
2017-01-18,-0.008459177733679324,0.0032737159215709966,0.002036156206350448,0.002209840130482421,-0.012808090557136942
2017-01-19,-0.0008706024299159898,-0.008157110087103625,-0.00048780564895800627,-0.003704447708766656,-0.0068587483143297545
2017-01-20,0.0024397178433508415,0.005158668852987214,0.002195406169905656,0.0036740376897101967,-0.0019970545794382177
2017-01-23,0.006431967354547874,-0.004165496550712744,0.0008115147934315559,-0.0026022722604875925,0.010004851519987312
2017-01-24,-0.004490925540628465,0.01531230966104058,0.00672856764992158,0.006411923107587203,-0.006851467677593037
2017-01-25,-0.008241493674922662,0.009416580511427908,0.010066107190562112,0.008655516511628214,-0.012550768050936134
2017-01-26,-0.009272197003353688,-0.0040088396134262405,0.0010362783995541136,-0.001045652691281096,0.0033670605467170933
2017-01-27,0.0020306880028346797,-0.00343888452668506,0.0019117395403771553,-0.0015695844375200885,0.0036069698578307108
2017-01-30,0.004229477187141839,-0.013950846996038768,-0.007790220809116732,-0.006201711382229913,-0.0030088304914404063
2017-01-31,0.01386331327657886,0.006999590888071339,-0.0020029115792785657,-8.788552146277162e-05,0.006958644633629607
2017-02-01,-0.0030290445198764004,-0.0005914685313275214,0.006903708338387382,0.00039575131154401255,-0.006183074529730881
2017-02-02,0.005555550404536813,-0.002515938513689586,-0.0008769900785854379,0.0006587841606762179,-0.0004199887129550106
2017-02-03,0.0025034610211955854,0.015280912006045977,0.00287274505514179,0.006892735554519636,-0.0004200842676742589
2017-02-06,0.013519329475210284,-0.007525086424052807,0.0011934462761258313,-0.0017875916055452024,0.006050881507577266
2017-02-07,-0.0020390643159919897,-0.004417064850742669,0.0036555907345512395,4.360111093792973e-05,0.007350236990351755
2017-02-08,0.00621491028966048,-0.0017749673008288225,0.0016629985579477147,0.0013105861107809424,0.013598509242118917
2017-02-09,-0.00761487018603868,0.014074452982369534,0.0036364852100383427,0.005932617151940489,-0.011534284310096843
2017-02-10,0.0026430007347089113,0.007596661904677893,0.003307869724239687,0.003946206370673666,-0.0005796293178438328
2017-02-13,-0.006802682251218939,0.002609657332692805,0.005652637593299703,0.00544245994726289,-0.0031468571350630192
2017-02-14,0.0011129901542927811,0.0033262970700220773,0.003356542620691405,0.003995181834413497,-0.0072271248467993265
2017-02-15,0.004447076385095894,0.005981504007890992,0.005912891227435768,0.005220464914264866,-0.004601932107054174
2017-02-16,0.0053640263872474225,-0.002794072565033612,-0.00030919079992564047,-0.0008511339238806981,0.005463930890181157
2017-02-17,-0.0033875467452245678,-0.0006464324412573941,0.004332580071899406,0.0015761412405830288,0.00593667211513238
2017-02-21,0.000594830851824435,0.007835924473637235,0.004930480758074118,0.00595542305667407,-0.001745777575111962
2017-02-22,0.0013588421410561935,-0.004422766659704869,0.00038345532500128066,-0.0008881363574653189,0.0016645448184466893
2017-02-23,0.008735465586520608,-0.005946365392784925,-0.003755043494073518,0.0006772555842533556,0.0029921784473001534
2017-02-24,0.00638973004234078,-0.000720901732934931,0.001923142357278973,0.0012686417461695854,0.011105555379943288
2017-02-27,-0.004845398633643638,0.00973679662526572,0.0012281749529188257,0.0015629156888081752,-0.005901444176989679
2017-02-28,0.0009234436519076628,-0.015428222763845367,-0.003067043708059658,-0.0026989467096618647,0.0037098222376181766
2017-03-01,-0.0014258642418293332,0.018282089744966035,0.010921187204123939,0.013997207989890237,-0.016756085202487725
2017-03-02,-0.01243067157641009,-0.011470746692930578,-0.005021096086697319,-0.006297434040780203,-0.0035993641866280957
2017-03-03,-0.0005953367386810626,-0.000720901732934931,0.0018351854418243718,0.0006295598560892568,0.0026039016690748706
2017-03-06,-0.006722839768239397,-0.006851416803201338,-0.002213858167139926,-0.002977471795058917,-0.004775732756155504
2017-03-07,-0.008053482107396648,-0.0065359784628428175,-0.001682499752874378,-0.0029871768077920358,-0.0030309647594499722
2017-03-08,-0.0062187012290060295,-0.006579040837523031,0.00176237603724827,-0.0018564611551241672,-0.005404420665101717
2017-03-09,-0.005127727710842134,-0.003973654576072572,0.0007649616812697158,0.0012681468274970964,-0.007980655489243316
2017-03-10,0.002183978311645074,0.004432730133653751,0.00420320637063365,0.003503964774574264,0.0035089084887856004
2017-03-13,0.0001743082536056484,0.00235373544605455,0.0016746646631695672,0.0005049655935815967,-0.0063113331366021486
2017-03-14,-0.005403478549159679,-0.004769663406993252,-0.0024314004758394514,-0.003826564544152311,0.004806740212743188
2017-03-15,0.018664539100545774,0.015483039884345517,0.006169714353419842,0.008653617265723446,0.012214881865625582
2017-03-16,0.004129061134912737,0.0013071590414588385,-0.0006815860389982609,-0.001967143959666351,-0.0050635967600574094
2017-03-17,0.0022273151662723922,0.003988491495736435,-0.00034915753240327696,-0.0017561454405580212,0.00627629375272698
2017-03-20,0.004444860945005402,-0.004333667593763302,0.0009114788624822179,-0.0010966429114835918,0.004298988612931209
2017-03-21,0.008765200923941618,-0.028217090155822522,-0.015173411556959171,-0.012839768305244026,0.008308946475644952
2017-03-22,0.0024464392887426634,0.00022384696859156783,0.00677932109002044,0.002353087374454388,0.003995004403995361
2017-03-23,-0.001346492128619703,0.005820817969298453,-0.0025253432923337815,-0.0010670946198056974,-0.001409154450740191
2017-03-24,0.001601099219161961,0.000721834066962801,0.0020710996290527195,-0.0007261871473921433,0.003570159785602156
2017-03-27,0.005636868294673025,0.0018589952072127769,0.001607567183223857,-0.0010264389392282691,0.004549777823835477
2017-03-28,-0.004099371444605038,0.007792295454057907,0.006114560099266697,0.007277087289696782,-0.006670763534309954
2017-03-29,0.002436163586164053,0.003240594654439821,0.004633686973083417,0.0009347114012558944,0.005969458808972705
2017-03-30,-0.007206910225050822,0.007560943301941236,0.0016634999439693043,0.0031841583664162787,-0.008076345091565296
2017-03-31,0.0021102388572973307,0.0016026960913932964,-0.0006791262043778223,-0.002327667520751975,0.002908025341603393
2017-04-03,0.005306580584065079,-0.010546858456581876,-0.0006045258698350597,-0.0017393212179078743,0.010086573649565
2017-04-04,0.002262289701825848,-0.0011764774248865795,0.0015874583457187175,0.0006375636281066299,-0.005424542156168166
2017-04-05,0.0,-0.01133421153829195,-0.004075417774100587,-0.002972682926031811,0.0030576161819626524
2017-04-06,-0.003678334988324705,0.009305287501290005,0.0005301901118135444,0.002811031519414753,-0.001482653452537841
2017-04-07,0.0023493772325884343,-0.0004426121111086312,-0.0005299091592171346,-0.001019253600179848,-0.004043437647845316
2017-04-10,0.0,0.0022139777959959694,0.00037923235407033573,0.0005950658411080223,0.004639628104933902
2017-04-11,0.014481863135711759,0.00795174917078656,-0.004317690447769751,-0.0011894238966844162,0.009482984216570234
2017-04-12,0.006848701913851674,-0.013586562226481025,-0.004032012281851571,-0.004382170266642338,0.005472729801794252
2017-04-13,0.004753334264967268,-0.00977489160322742,-0.003971756944012972,-0.006494788169870813,0.00308723835224356
2017-04-17,-0.0029363834815018253,0.01174082864165693,0.008282041922787808,0.008859861218033283,-0.0030777366456330446
2017-04-18,0.004744779460001958,0.00022196888854408847,-0.0015211682020809247,-0.002984364552411689,0.013080020429348416
2017-04-19,-0.008874746300268521,0.0034726370521735994,0.001599853964132869,-0.0018386683719637809,-0.005453369784015449
2017-04-20,0.0018893922713916211,0.01274053841193834,0.008365756458000195,0.008139192102547765,-0.0038700444788242194
2017-04-21,0.002869780885113693,-0.0022541567621087166,-0.00022671924748229877,-0.0031864188876172816,0.0
2017-04-24,-0.006785988212145488,0.012462607315123941,0.01207001785071804,0.010997698203023099,-0.004937848816576551
2017-04-25,-0.010125150830952667,0.009717868779708372,0.007230443205069603,0.005818528800238365,-0.012039597989149775
2017-04-26,0.0049064144523129904,0.0051333937644602035,-0.0014063060837397057,-0.0006286641821314776,0.005516837052392365
2017-04-27,-0.003723907331012466,-0.00028395308757389603,0.006002653719026307,0.0008388195931641196,-0.0003273511424295439
2017-04-28,0.0031563855415273068,-0.013409407740202828,0.0017680796056311898,-0.002179513729594462,0.0022113457123114078
2017-05-01,-0.009108209859209682,0.005753300316164056,0.008897923821738596,0.0025200622012202523,-0.008312983894598336
2017-05-02,-0.00016709821486060594,-0.005076788438280522,0.0016766735532149912,0.000377169079583517,0.005120813725884021
2017-05-03,-0.013957360197643709,-0.0061802243206106056,-0.0032019501856891397,-0.001214546832747021,0.0006572442515513366
2017-05-04,-0.010086475737808298,-0.0013737285328025983,0.0003647450856796297,0.0011741298467431438,-0.004926762450980782
2017-05-05,0.0018837333588364036,0.006444725381049343,0.003648716895817694,0.003937146073652142,0.0009074998737936824
2017-05-08,-0.002222050521183294,-0.0041733251491916645,0.002181130213896987,-0.00016679567478739,-0.005442035654580235
2017-05-09,-0.005995691205500586,-0.0004331937439061573,0.003482658969709229,-0.000918076811964208,-8.261647077201228e-05
2017-05-10,-8.618815999517082e-05,0.006216327152762879,0.0005778636487290267,0.0017955303709238368,-0.0011605358751783923
2017-05-11,0.003964142371969848,-0.006968015428657992,-0.0007946147993471708,-0.0020425838094341175,0.0
2017-05-12,0.0028326337429587234,-0.005281143364986862,0.0022416813346675113,-0.0016708445699379348,0.007553042457009385
2017-05-15,0.0026534071191921527,0.00778157900365084,0.0031746887321009165,0.0055234764405327486,-0.0027178698562900783
2017-05-16,0.0043537829852127174,0.00036077675812573595,0.0041715682312324365,-0.0009154861327479447,0.003716789791259556
2017-05-17,0.018189539837597968,-0.02697829430814125,-0.025426802870500143,-0.017743967435880248,0.014566918060140432
2017-05-18,-0.008181011348557088,0.0036324194427732603,0.008745811383340074,0.004028522189370332,0.0011354945003998473
2017-05-19,0.0049659454541624015,0.004801461747938163,0.004225666544735107,0.006503870619605001,0.0023492396076243427
2017-05-22,0.004187604636601616,0.006763120569503123,0.00841565353555529,0.005077404090704674,-0.0027477695798606705
2017-05-23,-0.006338633249028169,0.00328582364559149,0.0010068670543443847,0.0022130006152336623,-0.00672783610274541
2017-05-24,0.003944948993712671,0.0006551856886314322,0.00459996750585101,0.0023327550767526795,0.005630820401798076
2017-05-25,-0.0010868426783263718,0.0006544475914584957,0.008513331529427681,0.004779584688225258,0.00032450317491816705
2017-05-26,0.00887175702052101,-0.00029068222902917107,0.0017730394762529578,-0.00020677231812971097,0.0017036132350618516
2017-05-30,-0.003318413164433487,-0.007852494429545609,0.0008504274752083596,-0.0008690287212363978,0.004940030692897501
2017-05-31,0.003995366733579031,-0.0010257693721884564,-0.0003542057702133894,-0.00024843743071789604,0.0024981840891882268
2017-06-01,0.0008290372396291268,0.019292768102004976,0.003893066116888555,0.007952408169991765,0.00010466211222293076
2017-06-02,0.0073724269437449585,0.0064773637281945184,0.011421630849188125,0.0033283788351257115,0.011840124424072451
2017-06-05,0.0009867835373715828,-0.006220885468315895,-0.0002094279078805883,-0.0007371622199739969,-0.006208788597220072
2017-06-06,0.011254375087548674,-0.0009354910542138661,-0.003974214001688847,-0.003196726125614835,0.005446907099696974
2017-06-07,-0.005280272412152454,0.0009363670171820271,0.003919893410954778,0.0018501436186844078,-0.00478021018707564
2017-06-08,-0.006533241668445489,0.01367060917188545,0.0010459663716795298,0.0004926137027467803,-0.0026418316393466146
2017-06-09,-0.00912454251071615,0.005181879218278729,-0.025005217609513797,-0.0015178812192631064,-0.0015244283489538324
2017-06-12,-0.0014932827593217013,-0.0016239918627539707,-0.0053577765620033135,-0.00020544256015075923,-0.00032192345578685444
2017-06-13,0.0009970317877492363,0.005092187722259833,0.00811619154778831,0.004889718017800915,0.00016109038138312215
2017-06-14,-0.00547811789275976,-0.005910697115204866,-0.00434592868865924,-0.0012675488184450412,0.015436225012162463
2017-06-15,-0.004172926066378535,-0.005097234727144739,-0.004436985057892251,-0.0019244399939077894,-0.0015836639283155485
2017-06-16,0.00016758836001962152,-0.0024902777861778302,-0.0043383264708346525,0.00021863331496563276,0.001982700932470216
2017-06-19,-0.007625239321596311,0.007418060555534511,0.01672059264018433,0.008324979696878065,-0.0014249376334602992
2017-06-20,-0.0021109516115493943,-0.01012471989962127,-0.007830954169279591,-0.006743976147561281,0.008956616629550052
2017-06-21,0.0028769363429739236,-0.0025039451896047282,0.009902085407815564,-0.0002470569201087347,0.0020418323479136635
2017-06-22,0.0033749707830614817,0.00380097307934113,-0.00028416623449722955,-0.0004525957062535557,0.0021956197845884873
2017-06-23,0.004288615406013774,0.006643563460030588,0.003837907685282582,0.001194490244351032,-0.00046944318672559326
2017-06-26,-0.008959220397639522,0.0012063098728845034,-0.004672715259175564,0.0006578724036920836,0.0037565617030923537
2017-06-27,0.0038019343183648413,-0.008789282549499844,-0.018138965370961824,-0.008056179405369734,-0.010681469039962366
2017-06-28,0.0007575454013519778,0.015303175399626001,0.014416346681166425,0.008950479573466286,-0.0033098013848132934
2017-06-29,-0.00487806411784153,-0.0059164094783243915,-0.017354178771766815,-0.008788984564213509,-0.008381296056337861
2017-06-30,-0.00253552275635216,-0.001558577397038463,0.00036357435077882805,0.0018645889275810124,-0.002312558622385996
2017-07-03,-0.016353163532217163,0.008373179911992379,-0.010534903281841035,0.0016954939036031291,-0.0032198748226037743
2017-07-05,0.003704025486608087,-0.0035890434311879327,0.009839267337277136,0.0023120188026846122,0.00024136490436332814
2017-07-06,-0.00042907160833882685,-0.013058368247857555,-0.009016168058220697,-0.00914454816795962,-0.00827373227274808
2017-07-07,-0.010217244173899132,0.009702560172259567,0.010785504741672503,0.006485334039038726,-0.005993729437312689
2017-07-10,0.0016481821948142183,-0.004341856140186673,0.006533337157352825,0.0010736006153928557,0.0014667022466259283
2017-07-11,0.0012990519121256483,0.0029307093970929454,0.0028128796532711497,-0.0007422659082124694,0.0017084396874014196
2017-07-12,0.0035460648934033667,0.007698819818345415,0.011865943163530845,0.007514446545051401,0.0069044217059921476
2017-07-13,-0.0018098688846157618,0.0008487892032194022,0.002203487389862868,0.0016803522945501026,-0.006292108319660317
2017-07-14,0.008202356680584888,0.0016961985580548067,0.007871655532785793,0.004664152788617981,0.0012175069936415372
2017-07-17,0.004453235312239068,0.0023282117531548963,0.0004922351549627724,-0.000122174770477379,0.0027567956330341037
2017-07-18,0.006991215691223296,-0.0026042997815114433,0.006681146699762497,0.0005294650566183279,0.008733231941051134
2017-07-19,-0.0002539901713813908,0.009951256761299598,0.0058685631134727245,0.0054139737552372225,0.0004007536063048711
2017-07-20,0.001354979930841882,0.0006988323538088537,0.0013198632019586487,0.0004454040268528914,0.002884056189670803
2017-07-21,0.008626558617128355,-0.004538883523778292,-0.00041644379149752275,-0.0008904114608554448,0.004234577930424699
2017-07-24,0.00041921366315400554,0.0014028194843005437,0.004579768782440263,-0.00024297255658478623,-0.0038983799832796873
2017-07-25,-0.0032687905257637873,0.009106620382584696,-0.0025557009240647632,0.002430950981618496,-0.013018880883838069
2017-07-26,0.008072646310579579,-0.005553319683087143,0.0032549935550099107,4.0324935941082884e-05,0.001618168044599022
2017-07-27,-0.0007507202198243634,-0.006352738077021525,-0.006281371794249591,-0.0009296880404370267,-0.004928232484462836
2017-07-28,0.00751316068954333,-0.0026699917542710727,-0.0008336544579565786,-0.0011727181619239913,0.0059272067700404385
2017-07-31,0.0004971211979458712,-0.003169523544252706,-0.004241036342995219,-0.0005671960143531773,0.001210452988753108
2017-08-01,-0.0008281447132181263,0.0019079163186623838,0.002304516370195353,0.002228652633599282,0.00702136253046981
2017-08-02,-0.002072109381170417,-0.010931973498940706,0.0027161953315140153,0.00048515100685908585,0.0005617369088395385
2017-08-03,0.0015780299800982611,-0.004992063238675404,-0.003890285131483928,-0.001939592628548814,0.010343962990726041
2017-08-04,-0.007794965092940864,0.004873475310266606,0.0018130570699665949,0.0018221618281915042,-0.008492067758364086
2017-08-07,-0.0011700742821817434,0.001640335484371036,0.006335281939860549,0.0018588926438649622,0.001120865807920035
2017-08-08,0.0029286123995055924,-0.0031328967233035243,-0.0017298876437584765,-0.002460835339480938,-0.003598651446956369
2017-08-09,0.012097421498902916,-0.008643131592757536,-0.0013160631106851062,-4.04214563568539e-05,0.0054568999104740445
2017-08-10,0.007419021877765664,-0.018156592615367284,-0.021440811235954538,-0.014115264258910631,0.008539662385687707
2017-08-11,0.004745944156777204,0.0014674684455155962,0.007587303213577812,0.0014768520671393226,0.0004750047029982163
2017-08-14,-0.007085289845225606,0.015168039642722286,0.012877993731232884,0.009913020256852256,-0.005141459742073806
2017-08-15,-0.007709931316675078,-0.008228642110942541,0.0006950064520307997,-0.00012140664750481811,-0.004213792150495221
2017-08-16,0.007356582616572016,0.0002913510620146109,0.001735581606261194,0.0017443994296091336,0.0036726222059246805
2017-08-17,0.00508734802014188,-0.018262760292226843,-0.020446190766956862,-0.015590814951116916,0.00747765915480314
2017-08-18,-0.0015511047050799087,-7.401430972597822e-05,-0.0007080203010700892,-0.0015633668185313088,-0.00023697729043992144
2017-08-21,0.0037612352656932746,-0.0006670562951226477,-0.0012738550947580807,0.0007826921582783086,0.002448319004516586
2017-08-22,-0.00448031151993189,0.010828602686489663,0.015242304589532463,0.010457148358431256,-0.0038603171938429437
2017-08-23,0.003764005301683193,-0.001614177237828196,-0.0035614424557049995,-0.0035855928153636363,0.006801747621419718
2017-08-24,-0.003097719565419932,0.0030865368551433736,-0.002943309173251474,-0.0023304569766116057,-0.0036919431570033856
2017-08-25,0.003679752595251218,0.0028574103734129164,-0.0021088937279652997,0.0023359006926775283,0.003863134699230164
2017-08-28,0.015887278895027057,0.004237299663296223,0.003099770138339508,4.129491159821086e-05,-0.000628514379395817
2017-08-29,-0.0021654043401579948,0.0002181408061654455,0.003932013301105375,0.00114460496426938,0.0032225265092298283
2017-08-30,-0.00048221796718150856,0.006400233026738755,0.011750741746044957,0.004737600440222867,-0.00031314665212167636
2017-08-31,0.011740101940391323,0.009829154974029475,0.010715577756112316,0.00601588650984386,0.0029776141828155023
2017-09-01,0.0019074699121892635,0.00565383930485841,-0.001367989206982112,0.0014142102201224471,-0.007649408289081339
2017-09-05,0.011105834943620163,-0.00960751028481277,-0.00897270314031351,-0.00718218637362289,0.015858120642422868
2017-09-06,-0.005099651110527015,0.0020836971978821506,0.0030411631451507937,0.003413943316114887,-0.006135284595764179
2017-09-07,0.010409331674411826,-0.002509268052068081,0.0023424606070263643,-0.00012151171290397667,0.010236891459187936
2017-09-08,-0.0012487602904230899,0.0007905449028775546,-0.008661848357624402,-0.0011746384181667846,-0.002165668818040589
2017-09-11,-0.01390950036975469,0.010486841204593977,0.011511489515688922,0.01066602096442093,-0.011938134030080816
2017-09-12,0.0029320477853171933,0.006113066186411276,0.002399452185520179,0.0033706504673474136,-0.005256865822037771
2017-09-13,-0.007506297144185381,0.0029671349532169877,0.0013674711059830091,0.0004799238026955699,-0.0039434933669749705
2017-09-14,0.004378656548724491,-0.0009151936635284352,-0.005873450534341074,-0.00031967972170532377,0.004117716879414424
2017-09-15,-0.004993697404288455,0.004089473371401198,0.0034348998185609325,0.001346036235548853,0.00039430201767798323
2017-09-18,-0.009320466663927607,0.006811206964178362,-0.0013104524732154843,0.002126858498099571,-0.0057544506313230714
2017-09-19,0.0020907215740946228,0.0,0.0017174650105888922,0.001001121639227831,-0.002457897701147571
2017-09-20,-0.008024393981386213,0.0032077840589470608,-0.003085805592261126,0.0003600128451253237,0.0007153584771413257
2017-09-21,-0.007603967161635139,-0.0010429737425505792,-0.00612307277753954,-0.0026795160380522764,-0.0005556822239594084
2017-09-22,0.004564701313993336,0.004245752774723499,-0.0009694155681702066,0.00020078110100985036,0.0028603746973168143
2017-09-25,0.010467388330802407,0.0013859244039529095,-0.010532540829274906,-0.0020445693189573566,0.006259966320437904
2017-09-26,-0.01116196421162674,0.003184092982730924,0.0025911593406928723,0.0006025513598992838,-0.0018108299788162086
2017-09-27,-0.009420139990778287,0.019569726411499788,0.009010833613096736,0.003894296126356389,-0.015068246314028033
2017-09-28,0.001885519931214219,0.0026452232972971057,-0.00034653014277574723,0.0011994971410864697,-0.002963277366061501
2017-09-29,-0.005155038524977895,0.0023676465800883673,0.0072016565225128115,0.003515283069115638,0.002249406780449492
2017-10-02,-0.006662322551317712,0.012282384886044717,0.0008941161581017543,0.0043387631090652246,-0.0018314024648449223
2017-10-03,0.0004968550936175209,0.002200109059847355,0.0021289516198204073,0.0021400274959026966,0.0009656364689341057
2017-10-04,0.002813840376879373,-0.0031929495863071145,0.0009598037244398228,0.0011863044024342795,8.057612692335958e-05
2017-10-05,-0.0053643767904709705,0.0027355353889888523,0.009792687472886197,0.005925246597257239,-0.0037779391201216983
2017-10-06,0.004729503075844965,-0.0013968505122721186,0.001356065887757163,-0.0011388662269999905,-0.0028237514340437864
2017-10-09,0.0081757826666502,-0.004132268606462208,-0.0011511004926095803,-0.0016509536133665348,0.003155167809024695
2017-10-10,0.002621229439913275,0.0028775832143050906,0.000745700927778481,0.002638334488414884,0.0016131611945400248
2017-10-11,0.0031862694835504968,-0.0007337543331449314,0.002980581089030654,0.0015707375600551021,0.0019329045975204906
2017-10-12,0.000814386133850542,-0.0007346314039082813,-0.001823142661864341,-0.0014900065746175084,0.0042596442793449985
2017-10-13,0.0075677460313676725,-0.0018045836334014131,0.0038571206895143817,0.0012174082024407618,0.007202491384155296
2017-10-16,-0.006864791440930884,-0.0008702350448558382,0.003438230309362522,0.001333701400940246,-0.0007148728021764139
2017-10-17,-0.006830966568647456,-0.0028813598443482302,0.0012764864451149105,0.0007049531254019747,0.001272488911770786
2017-10-18,-0.003766470931119148,0.004771397531886379,-0.001208244261622471,0.0009787923796347187,-0.006591513863231202
2017-10-19,0.005917656213846323,-0.001538266771664687,-0.0036941916281780784,0.00027366107979798215,0.0017588067198504032
2017-10-20,-0.006373059753138954,0.004621910045638833,0.002697130055721919,0.005160341230213916,-0.010613925445991268
2017-10-23,0.0015623915833617996,-0.007467901702012836,-0.006523047238206292,-0.003889455026142019,0.0017746301478354098
2017-10-24,-0.003858794818776823,0.002082765453340407,0.00169167934899761,0.0017572478609777509,-0.006199706621162204
2017-10-25,0.0001648120231156902,-0.004826781483089793,-0.003783758099568102,-0.004950089183860307,-0.004780068492183376
2017-10-26,-0.00840541125580585,0.0020884036269974704,-0.0031881191101381656,0.001292628981072852,-0.0033374001920902785
2017-10-27,0.004736970715121469,0.006923567986611312,0.02912383449258127,0.008176104167193277,0.0066157431192348515
2017-10-30,0.0019023633137824625,-0.010547688196692051,0.0022483439051175225,-0.0037250947694982273,0.009574953138456799
2017-10-31,-0.003797565383496959,0.007084041560895482,0.0037598526547097944,0.0015577069242209696,0.000321262767510877
2017-11-01,0.003646328400454868,-0.006632824892178424,-0.00032838141908997365,0.0013224935755165035,0.004452920736762511
2017-11-02,0.0006605716344769696,0.002968086634146161,-0.0019065073992609038,0.00038812248305797326,0.004408474310639177
2017-11-03,-0.004703355749991034,-0.000672775353326327,0.009617310884002306,0.0033389932747949214,0.0027133334978188817
2017-11-06,0.008539203746006141,0.0011438631463815963,0.003392309246908809,0.001547460540359591,0.0037411019308621896
2017-11-07,-0.003616953850285376,-0.011963869936766125,0.0005856203165153229,-0.0006951240245840484,0.004202751951272399
2017-11-08,0.0034650455582678763,0.001360973688914191,0.004028867976773709,0.0017006047465419893,-0.0022108702101607536
2017-11-09,0.004110828013571766,-0.003532942237231884,-0.00524229933785425,-0.0036274011045562826,-0.0028490382335558673
2017-11-10,-0.008187996581421442,-0.0007498921900466193,-6.522755622395682e-05,-0.00031025727462041797,-0.01507951538339869
2017-11-13,0.0014860093226882753,0.00027280892269510026,0.001236053820955929,0.0009300537046601498,0.0020954538418127555
2017-11-14,0.0020608359165059653,-0.0027279210580993807,-0.0036392689670751155,-0.002322571350540148,0.006754438073598434
2017-11-15,-0.0012339083538733808,-0.00396696937006269,-0.004696480525968827,-0.005005196926227029,0.010862678818920335
2017-11-16,-8.23831309511025e-05,0.014694468091816626,0.012779539912941562,0.008501160013799414,-0.008691823590231462
2017-11-17,0.012026351450757033,0.004601804132104981,-0.0038180966264056426,-0.0029388653435307166,0.0074128335891916475
2017-11-20,-0.012616010451388715,0.007275174704745702,-0.0007791096597368208,0.0017064174492673612,-0.00039584897149957943
2017-11-21,0.0016487064682373376,0.01043266097617912,0.01085610201888576,0.006542644981184065,0.0031660254022858325
2017-11-22,0.009217308019892956,-0.0013234615011509243,0.0012218972935720274,-0.0008846711382488603,0.003235103856911614
2017-11-24,-0.002527909692056296,0.0003973855588901287,0.0036612182480475486,0.002309985638628831,-0.00275252189343822
2017-11-27,0.004169409233999888,-0.003047276808871069,-0.00044815656481400623,-0.000499436578309087,-0.0014193151826611405
2017-11-28,-0.0001628614521104188,0.015748496221366315,0.0025606446787422854,0.010144860376839926,0.0013422617345424381
2017-11-29,-0.0062698205225436565,0.0033366215339953875,-0.01743378004900631,-0.0006087610710345803,-0.00985903930067189
2017-11-30,-0.007702412605330111,0.0018254333064509076,0.0083840388883194,0.00875518266635944,-0.003345025383650335
2017-12-01,0.004046225185331043,-0.004100180727095504,-0.004253723278364263,-0.0020756685397677055,0.013494599870564672
2017-12-04,-0.00337195530112111,-0.0037252073096958327,-0.011521741938144925,-0.0012097435952872493,0.0004737195964690244
2017-12-05,-0.007096885692240984,-0.009970439578356416,0.0006549864266285343,-0.003596762238358586,0.0049761717257286175
2017-12-06,-0.002077792558461522,-0.004704153106998787,0.00451524768785605,0.0001900559088263698,0.003457700871762448
2017-12-07,-0.01315900587216201,0.006989818715241514,0.003387540977557446,0.0031530648606603595,-0.007832031307730247
2017-12-08,-8.434894941455884e-05,0.0009252760088622747,0.004415106517840162,0.005453361213285879,7.924466723974177e-05
2017-12-11,-0.003966924437765251,-0.0003956863937746302,0.00775685897035161,0.0030128214414688603,-0.0020523785107576797
2017-12-12,0.0011863349471583629,-0.0031054933930028117,-0.0013468521549789836,0.0017647621786969214,-0.00039543961631838265
2017-12-13,0.008633065001213636,0.005964759604419001,0.0019268318597094325,-0.00011242108118036942,0.007516772891808632
2017-12-14,-0.002013911785324396,-0.011068895961789837,-0.0007054798526652251,-0.004086131115386027,0.0042410658712308535
2017-12-15,0.0021020768465358497,0.014257771609936132,0.011355209185826443,0.008327426616929312,0.003754104287643223
2017-12-18,0.004614893860962033,0.013530828353957691,0.008384169758258286,0.006340993515673521,-0.009115996371302448
2017-12-19,0.0007516606979649509,-0.007906675619905212,-0.005925553284278462,-0.00384046169867025,-0.01297359219933103
2017-12-20,0.002670670135530351,0.0019597162812645674,-0.0010780099612315297,-0.0005236536468579134,-0.011073150119437325
2017-12-21,0.0014150005810633637,0.004378113659212701,0.0001269076021934712,0.0020593675757769603,0.005828360716451986
2017-12-22,0.005236513137702126,-0.001824263860262021,-0.0011425330926913002,-0.0002613612080827332,0.001364641400802169
2017-12-26,0.006862859144246114,0.0005876029719027454,-0.005401149064285793,-0.0011964412590322882,0.0029649934132218725
2017-12-27,0.0037776687734956127,-0.000978507085286795,0.00012741873746913157,0.00048677560676790854,0.013025897034660838
2017-12-28,0.005072364396301321,0.003917971851681967,0.0012140166142302622,0.002057456069643804,-0.0008678225652285487
2017-12-29,0.006512031434223742,-0.008261122149163302,-0.006188638944083169,-0.003770671800453651,0.0015787499175836661
2018-01-02,0.012131014811884722,0.009445229189943394,0.01752689828168119,0.007157441095467121,-0.010799383240138516
2018-01-03,-0.002636850395774437,0.0010392736801754232,0.009716441842279933,0.00632519466392667,0.004781384994599014
2018-01-04,0.00512737855482448,0.0026617661430379247,0.001749753360834827,0.004214532159652062,-0.0001586708504996981
2018-01-05,-0.0010361649479244672,0.0020710950362328173,0.010042957248892925,0.0066641652432204435,-0.0028555577105024987
2018-01-08,-0.00015961279955856167,0.0015505998956704126,0.00389114010692726,0.0018286572435599613,-0.0006362275056691624
2018-01-09,-0.0046284750854691525,-0.0013544030795580309,6.134597211837622e-05,0.002263761007452958,-0.01337295568445418
2018-01-10,0.002405158456580736,0.00012908292665336774,-0.0023375234046210114,-0.0015303576929340812,-0.0012100079277167497
2018-01-11,0.003279242310744168,0.017178959069697353,0.006843750776618807,0.007296392037992261,0.0041197714885072845
2018-01-12,0.012117319941670202,0.004190565135117508,0.007349499340741028,0.006518980276933428,0.0016891803616405632
2018-01-16,0.0016540570729914883,-0.012771733985794786,-0.0028576507637013693,-0.0034184080463866007,0.004176096505089877
2018-01-17,-0.008099385028916384,0.009478708727942875,0.010791470441499751,0.00953165509285192,-0.0013596135224960282
2018-01-18,-0.002219746160232239,-0.006852201773030142,0.00018082876136182868,-0.0016806560014480665,-0.009289354993616383
2018-01-19,0.004449368789751107,0.013159666442823736,0.00313609034264295,0.004549813560526861,-0.005254374161273945
2018-01-22,0.0018193589642852004,0.005359303952338079,0.01070071185875543,0.008130514622145757,0.0009748537910581057
2018-01-23,0.004974316982453653,0.0031986730555024767,0.008268078093294218,0.0021226742280457955,0.004303079775777263
2018-01-24,0.012177899643490031,-0.006188809537806428,-0.006489269491822491,-0.0003883427797420902,-0.005415640928089882
2018-01-25,-0.006675468432262743,0.0003769277069165522,-0.0003562218251277338,0.0004233740715979817,0.008208173525481977
2018-01-26,0.0007814808358339587,0.0035845414205095683,0.015325095279895562,0.011578442141377154,-0.0037081540530128354
2018-01-29,-0.005621994291566623,-0.005639398296944709,-0.004855900746102759,-0.0066302174932212354,-0.006958422240623707
2018-01-30,-0.004318770545372663,-0.00957766418667394,-0.008230175687153118,-0.010256944050852534,-0.005866231060462246
2018-01-31,0.006703457836465088,-0.0052170039696363135,0.004149189199067704,0.0004969049283582994,0.005900846791191849
2018-02-01,0.003290292152912322,0.0031338586590905493,-0.008500593250921229,-0.001135489403637835,-0.014492973755692806
2018-02-02,-0.013117887393550687,-0.01925405885419018,-0.019944794471645877,-0.02176980926286398,-0.009279268718150435
2018-02-05,0.002531843471552664,-0.03841879750242061,-0.03942678727560067,-0.04182262010793081,0.00944993570611774
2018-02-06,-0.010496423649786535,0.01196570718413259,0.026498748709128606,0.019702447396906297,-0.0062133749613162426
2018-02-07,-0.004705665583148222,0.0010021993769910864,-0.012938410451559745,-0.005424819855884722,-0.009503255811039168
2018-02-08,0.0015225774502147793,-0.02936474799960076,-0.04219427044745294,-0.03750890740835555,-0.0010939696612600747
2018-02-09,-0.0016803225174144565,0.009144918593279927,0.017268990908942516,0.01502137049230079,-0.006318646871374511
2018-02-12,0.004808897328354433,0.009470535310062589,0.017745182451191832,0.01468456494760595,0.004408845541118422
2018-02-13,0.0056632293923437604,0.0021595282827242546,0.005161549202601368,0.002487228146808018,0.004473802553716544
2018-02-14,0.017052616317100977,0.017982214692371157,0.018724053027903365,0.013496212345574632,-0.011092882838018125
2018-02-15,0.001169844500285011,0.01091648406121215,0.01856379754474613,0.012760195051134682,0.003398697674240392
2018-02-16,-0.003271582663696204,0.003534065680491194,-0.004465999339669735,0.0002930157323119964,0.005420642925491936
2018-02-20,-0.013441710167313103,-0.008217186572140989,0.0020004878811377136,-0.0062610373379268225,-0.004380091801316932
2018-02-21,-0.004594377467322608,0.0010523749560864548,-0.0028432381652773175,-0.004974408011592879,-0.012268321457845177
2018-02-22,0.005093103382117992,-0.0015769029409665736,-0.00012129445441755315,0.0012961938206164092,0.002998175565943617
2018-02-23,-0.0012668539845070992,0.01302637180965771,0.02044873089660726,0.015939196896527896,0.00888186264109958
2018-02-26,0.0024575674654647717,0.006559603209718823,0.013260320757414013,0.011612180019349605,0.0003386577414152825
2018-02-27,-0.01043890649807222,-0.014388137050736383,-0.012382567927150312,-0.012486313097766821,-0.0014386093686592494
2018-02-28,-0.0010388975966705294,-0.01577625106156555,-0.006417234044745701,-0.010130178115430821,0.006355832675787543
2018-03-01,-0.0022399902343750444,-0.0026607620670499044,-0.01632690768767886,-0.014540616809080253,0.006826880436231697
2018-03-02,0.005372018620811936,0.016005593072559554,0.009180714086346686,0.005155012922465785,-0.008129777192004584
2018-03-05,-0.0016747674096407872,0.008926351253169429,0.011084978807488488,0.011557760068019673,-0.0027036949652772257
2018-03-06,0.010784458146907872,0.010800011119139086,0.004230304861521095,0.0025354003869915154,0.0009320885360974973
2018-03-07,-0.006401624645603676,0.008817591701762773,0.0023139416820385783,-0.0003667077383544548,-0.0011007498416814032
2018-03-08,-0.0023862794212923255,-0.002041529926089747,0.005505487997885972,0.0048389053755504285,0.0057622429984958146
2018-03-09,0.0009568071147663115,0.015982255202452,0.019427406439444184,0.01740238171484565,-0.006572079575637879
2018-03-12,0.0,0.0017621260086813084,0.005313319092645319,-0.0012549510048632806,0.0057674499236781696
2018-03-13,0.0019117242474055995,-0.004648153513646447,-0.013614486993393182,-0.006462620863908364,0.0050593073885036866
2018-03-14,-0.0006360457292980959,-0.004733130929219231,-0.00017450084435588487,-0.005131813731731882,0.008809848729137926
2018-03-15,-0.006364323323672649,-0.005009181686460806,-0.0008739659534889865,-0.0010896391980576015,0.0
2018-03-16,-0.0024019459414951205,0.005608035486290852,-0.0029730911797889448,0.001084183297684893,-0.0035763090986619117
2018-03-19,0.0021669685053569143,-0.009632393035152065,-0.021336309875629844,-0.013530350491455456,-0.003171777069338355
2018-03-20,-0.004484705499084418,-0.00025607690186346677,0.0032914237338448338,0.0017008126196425,-0.004019182601594173
2018-03-21,0.01745640608927701,0.00582430778271581,-0.004354118248262262,-0.00191894964517203,0.001092939335994192
2018-03-22,-0.003953194075975608,-0.021927780383720896,-0.02468276033159289,-0.024997482658916548,0.009909653185367073
2018-03-23,0.012938539529958382,-0.021519206369410182,-0.026351343899237878,-0.02131449095875848,-0.0007488875842157627
2018-03-26,0.005250357853935794,0.02185947536051147,0.03715855804174484,0.027359246930575454,-0.003827689969284731
2018-03-27,-0.0061584106879087885,-0.019370375502771653,-0.03235999072038065,-0.017011712601299966,0.010692229178769885
2018-03-28,-0.01380496145836152,-0.0003324071400339079,-0.01150360661130101,-0.002955024685050267,0.0026450112089422273
2018-03-29,0.0004771936450476133,0.010112534565144937,0.018314790514866397,0.012777662175948556,0.004863473453134981
2018-04-02,0.011686153191860393,-0.024369252047370504,-0.02885181426745309,-0.021584640483046202,0.0019731413707486656
2018-04-03,-0.007543604183229413,0.014311423963627501,0.011253478149576557,0.012816894739965834,-0.007712278622819868
2018-04-04,0.0011876001018218396,0.012712543615696514,0.015770240714941597,0.010699092204422334,-0.002067109456227012
2018-04-05,-0.005140323544257752,0.008280475518483765,0.005696273546380359,0.00789219451213996,-0.007456744910094182
2018-04-06,0.004689954877408642,-0.01994537270635055,-0.025023012098016717,-0.022285829149366276,0.010934887671714355
2018-04-09,0.0034021703240154633,0.001197692616710544,0.007022778251731143,0.004928485626225276,0.0016522606688638142
2018-04-10,0.0023655815524343815,0.018865229898737068,0.022063330053082364,0.015900063098986505,-0.0018141416192117843
2018-04-11,0.007787899955785216,0.0021511489919341376,-0.005769036467884292,-0.005242236769709363,0.0035511882281220597
2018-04-12,-0.011630613197024187,0.006831034265888158,0.012041521383832743,0.008227240002447456,-0.007323957891053667
2018-04-13,0.006555000660688037,-0.0052336727520855275,-0.0051785270951306694,-0.0029332448556358415,0.00232120500357591
2018-04-16,0.0014123209845888773,0.009223794092053428,0.007622297873845385,0.008221797310754564,0.00033084383985015897
2018-04-17,0.0009402393572395251,0.010877129079139403,0.02152526188186199,0.010698393622479152,0.002728655657813661
2018-04-18,0.0007827669207129961,0.002674474519400283,0.0020464687290737693,0.0007403046776326416,-0.007998812441801562
2018-04-19,-0.001955416527053,-0.0069217855708672005,-0.009192468833248202,-0.0055474157588186745,-0.008146141172195587
2018-04-20,-0.007601890535287481,-0.005371113243144099,-0.015826505722380313,-0.008479507537520914,-0.007207606771242103
2018-04-23,-0.007975949843974872,-0.0014782915778812633,-0.0025264376083899975,-0.0001501134738080001,0.00025322410522865546
2018-04-24,0.004855919415812648,-0.005730768939848252,-0.021186722655722412,-0.01346702630607055,-0.004557274804468214
2018-04-25,-0.006496075996334616,-0.0014889046715199639,0.0011986786611422051,0.0024715290379200283,-0.006698362672697522
2018-04-26,-0.0035085115107064135,0.004604636962807218,0.02105230715440931,0.010165623662867773,0.006999886757259821
2018-04-27,0.004241008034887361,-0.001420476552494443,0.0006177506828708434,0.0009390888143601117,0.007712802130152685
2018-04-30,-0.007251025196090666,-0.008856566585909165,-0.007094999506460642,-0.0076909075005477945,0.0017663151795996868
2018-05-01,-0.007063145351023148,0.004891924258313418,0.011432917946146981,0.0017767819715275301,-0.0036015835497857918
2018-05-02,-0.0004849855228984401,0.003764508931367594,-0.005897270162416923,-0.0067171570074219256,-0.0010980599810238578
2018-05-03,0.005095004008440096,-0.005431543977339248,-0.00012373930061237992,-0.002203768945233997,0.004480734648522944
2018-05-04,0.002092067418605348,0.012483007723970152,0.01897369278120209,0.012946375569238944,0.0015152302127616757
2018-05-07,0.0002408766587147504,0.00847615083666553,0.008309958940284856,0.0033832691467410303,-0.0015968111480516578
2018-05-08,0.00016052535213439967,0.0049664937466784576,-0.0010225173696799539,0.0,-0.0009258902715509887
2018-05-09,-0.0020868008225221057,0.005385591485137953,0.01089903052475738,0.00966595931767733,-0.005981782182205242
2018-05-10,0.0068366320405601755,0.005356424954680916,0.01036440231650615,0.009350699324311318,0.008051929142643743
2018-05-11,-0.0014379318160805399,0.0019432378038708453,-0.0009432590014365472,0.0030511216248780837,0.0025224951397184725
2018-05-14,-0.004080017089843735,-0.003816462459447445,0.0017109163463606691,0.0004763494691000236,-0.0052838015307676844
2018-05-15,-0.01614583132241265,0.00018909302175074139,-0.011075092808726206,-0.006886985460459072,-0.011382732554826025
2018-05-16,-0.0015512935679184991,0.010422809622909757,0.006612437800682658,0.004205255480036918,-0.0038378772366582936
2018-05-17,0.0005724073456552237,0.004598620872640735,-0.0038463377536521737,-0.0008448448382792906,-0.005051704819489911
2018-05-18,0.0004086552101045804,0.0012989785078856286,-0.005168442973696674,-0.0025000678542956845,0.008605256022735208
2018-05-21,0.0005718461950008358,0.006610161688870297,0.005613269349810768,0.007518621906172918,0.0005122368125505261
2018-05-22,-0.0005715193738216051,-0.007241836466360341,-0.0013068056327730782,-0.0027804330868397287,-0.0015354460185280638
2018-05-23,0.001061982268841355,0.001298175519721445,0.00844353369563522,0.002751404327198337,0.007259993793595987
2018-05-24,0.00856859323093273,0.0003702339758528961,-0.00029454329247602384,-0.002048375657511481,0.007970196639926597
2018-05-25,-0.003074660285441455,-0.0017895788031501159,0.0010022717529374336,-0.0023826242702162936,0.006224150624822178
2018-05-29,-0.000162297242228715,-0.0013602851524601167,-0.004418898880789945,-0.011501220811957591,0.02190311452982363
2018-05-30,0.001461160009810003,0.015849596850155745,0.0071609565766614924,0.013344441734853385,-0.006708278589345307
2018-05-31,-0.00218857312515075,-0.007983736303077582,-0.0006459563715207617,-0.006125631467006287,-0.001646817915361365
2018-06-01,-0.004955325896935703,0.006573507605386997,0.015699240913648715,0.009817528005698684,-0.005283855003015203
2018-06-04,-0.000979631964080463,0.005310039105415498,0.009030756972999043,0.004751692680698971,-0.007231916781972436
2018-06-05,0.003922495029546447,0.006192535657544074,0.003097975664859476,0.0007274331160631586,0.0023445948443714393
2018-06-06,0.0005697980927446,0.007240534761361994,0.005833883415675256,0.008360367305444205,-0.008103205638888111
2018-06-07,-0.00048810250152531154,-0.00545093529849594,-0.008131132249796225,-0.00010812853642050424,0.009685228694677583
2018-06-08,0.0012209142530825723,0.003011332326523064,5.707525441223105e-05,0.002956555111591097,-0.0030028795853210832
2018-06-11,0.0017884823744616085,0.0015013472918854465,0.00269460700875368,0.0013298390214033784,-0.0018404903672899486
2018-06-12,-0.0033271415316106223,0.004557269848765033,0.005259702448499937,0.0012926321447017664,0.0002514564724240831
2018-06-13,0.003012561044629436,-0.003939616917962296,-5.662081505164451e-05,-0.0031912748306702765,-0.0005025523713190205
2018-06-14,0.0015422908372948463,0.005333509008198067,0.010123390216007389,0.002518064625014471,0.008299445985196385
2018-06-15,-0.01653429211330959,0.0002981300144992982,-0.0034910315405140002,-0.0012758278605644602,0.0009145444238269906
2018-06-18,-0.0018954650937899054,0.004707650126482443,-0.0005773850400024871,-0.0020568104770772866,-0.0009137087965420676
2018-06-19,-0.0025596363391253707,5.9229386854431354e-05,-0.00283276079612782,-0.0038327316170074788,0.005820356183649178
2018-06-20,-0.004470206141435118,0.008065967476133418,0.0071024747861689885,0.0017059712592515375,-0.008762592304425887
2018-06-21,-0.001746208886931222,-0.00935450129585158,-0.008688675993613337,-0.0062686475091523475,0.005253930660667816
2018-06-22,0.0024156041546103957,-0.0033260633529895722,-0.002219385890088299,0.0018226323153587298,-8.337565220772891e-05
2018-06-25,-0.0037393797734436296,-0.016326786550780237,-0.022530378787242844,-0.013612677169175358,0.002240897830499078
2018-06-26,-0.0052547940330739396,0.005815194190051942,0.004085088507450596,0.0022143430875731784,0.0014070099288729931
2018-06-27,-0.005701830395735019,-0.016020066399444866,-0.013599307409277839,-0.008284306978705969,0.009423761674120623
2018-06-28,-0.00303593021413906,0.0030604028941516592,0.008601715762507789,0.005717436528312803,0.0002456142786411153
2018-06-29,0.003637288959023266,-0.0006714146345859762,0.0026870077093776867,0.0014395159430460325,-0.003438518129089241
2018-07-02,-0.010029518972628937,0.0068997413583371525,0.006699983606522242,0.0021379609868115157,-0.0007825151856231116
2018-07-03,0.01013112932642235,0.0039865737480520025,-0.011574124863089508,-0.0035311250854991316,0.00535645457601075
2018-07-05,0.003371272825408722,0.011397147600897606,0.012412302400000907,0.00815788235017978,0.0028693992573793903
2018-07-06,-0.0015959885471287238,0.008450785540568884,0.015556186084368928,0.008458618147407782,0.003268769657432058
2018-07-09,0.0024398528860691826,0.006300481377053302,0.008997104966376401,0.009003988850531552,-0.006435685279045589
2018-07-10,-0.001846422307055895,-0.004547867228549718,0.0007339169578695071,0.003598733191791048,-8.237111149866916e-05
2018-07-11,-0.010846724226159843,-0.008484810359815187,-0.005075731344312384,-0.00731469842297694,0.003854614975920656
2018-07-12,0.004165231777556899,0.0048471089717399,0.01723169085241061,0.00906588021537691,-8.190975594535299e-05
2018-07-13,-0.004401901762097649,-0.0029773724869550655,0.0008357932748770391,0.0007877878926985105,0.0025324259003314253
2018-07-16,-0.0005101399394812356,-0.003882832025188576,-0.002394040825436816,-0.0008944588120699537,-0.00415590332133009
2018-07-17,-0.01080394929383155,0.00443744350790376,0.006083344597628937,0.004045525764152513,-0.0018819153621720819
2018-07-18,0.00025798744076199753,0.0028058617412776155,-0.0018861948727268985,0.0021033757309540935,-0.004017085890533401
2018-07-19,-0.004298856594405098,0.007084225942218136,-0.005001838636691791,-0.003771184443582931,0.006337969290344914
2018-07-20,0.006476124823511453,-0.004079020544764389,-0.00022356839825843355,-0.001142945117390659,-0.01226879707092221
2018-07-23,-0.004804371742649027,0.001246564478619705,0.0031844617571437084,0.0018591742005462653,-0.0123389239693662
2018-07-24,0.0003448354786839136,-0.010670586785618497,0.004121402659614359,0.0050321288359673755,0.0034379584964083776
2018-07-25,0.005515334234738045,0.003655480414957779,0.013976548174834402,0.00852220204552756,-0.0015876450989669166
2018-07-26,-0.0077991400388178755,0.005372847094797795,-0.015151488635311572,-0.002358635630004491,-0.001924754002392448
2018-07-27,0.0005183138095208317,-0.018646177245187134,-0.013496088170865006,-0.0067762895439649196,0.0016770826523091475
2018-07-30,-0.0015540041641225466,-0.006413866840012994,-0.014131320652212565,-0.0052236206972577914,-0.003432333262359588
2018-07-31,0.002939873181190933,0.01017043159587061,0.007652451095662149,0.004929102518811623,0.005460016861300154
2018-08-01,-0.007328204929526905,-0.0006631839260670125,0.0037969412501310806,-0.001670436703092415,-0.008147064383756786
2018-08-02,-0.005384772884042377,0.007299561683288713,0.013606446136047667,0.0054472839804828865,0.0014351792130631313
2018-08-03,0.003492853105171001,-0.00347355135321481,0.0030635888266554723,0.0042851047651975005,0.004973759438500425
2018-08-06,-0.0051339744804317355,0.005589195160720983,0.00588646547343652,0.0036674952196777966,0.0005869782450167449
2018-08-07,0.0022740706959851753,0.00239067938870563,0.0036436125327130586,0.003302081586257888,-0.005197466008929896
2018-08-08,0.002792628802213759,-0.0008943666269037864,0.0012100109465029707,-0.0004202822894048275,0.0010114034488670764
2018-08-09,-0.0014794690881722028,0.0025660462768528625,-0.0006045819029186772,-0.001366102549842485,0.008418389131466864
2018-08-10,-0.0004357279352805721,-0.002797479282438231,-0.007640948667655412,-0.006700211494424901,0.00726225631538413
2018-08-13,-0.01508416880379293,-0.005849721947801756,-0.0011079065732215732,-0.0037431558830355316,-0.0020718269194561767
2018-08-14,0.0009738014451408095,0.009906842525915005,0.006266765780893246,0.006380487420645231,-0.002242541994238234
2018-08-15,-0.016626844065553037,-0.012544358319678595,-0.012234801186794986,-0.007467339533388406,0.005826919415287568
2018-08-16,-0.0008094609704913935,0.009272174896953977,0.00329185658890796,0.008091473835099006,-8.294911497663815e-05
2018-08-17,0.009270916232611892,0.004294764648872462,0.00022231931084748524,0.0035202705739787454,0.001241040119315473
2018-08-20,0.0049942495470025605,0.002792060804703178,-0.0008896132450444405,0.0021399623778195487,0.006695854589847228
2018-08-21,0.002928336094692563,0.011491572648610893,0.003672899860287737,0.002345407804723143,-0.003366467601184975
2018-08-22,0.002211997942183075,0.0024593501627716563,0.00388102403119861,-0.0005937100875319512,0.00395460096397926
2018-08-23,-0.009446452957847074,-0.0030375093771244366,-0.0014357533508274622,-0.0013281299182945627,0.0015586563140761456
2018-08-24,0.01746886601762876,0.005449447902031723,0.009291664638975128,0.00601850395410275,0.0019664848202551877
2018-08-27,0.00376657902932398,0.0014568944320201282,0.010193074116871648,0.00789561357971813,-0.005723793162460189
2018-08-28,-0.007941321771505638,0.0009309236366241702,0.001464879259409857,0.0004829669221924071,-0.006003979724195196
2018-08-29,0.004574213948543848,0.0029069411325703953,0.011537767631824458,0.005380701143102629,0.0013241279371967174
2018-08-30,-0.004903656511020316,-0.0008113206028996789,-0.001767216417833728,-0.004048203611846324,0.0021485656282520527
2018-08-31,-0.0011439392301669793,0.0038290809119161384,0.0012871881653866435,3.46208970556372e-05,-0.002308949703124119
2018-09-04,-0.005109698001402485,-0.004450349677925902,-0.00428556858221063,-0.0017222711228734866,-0.005781978245643082
2018-09-05,0.0034534613352918964,-0.0026706903553506134,-0.012914020951789396,-0.00269143013587847,-0.002665584698620438
2018-09-06,0.0019414156485668688,-0.006752184209522172,-0.008939699929339406,-0.0030101130335883353,0.003675622170153492
2018-09-07,-0.0027302937827557994,-0.0005274681333586884,-0.003850071751097195,-0.0019435588516453217,-0.008489654085904963
2018-09-10,-0.000706542689065337,0.0012315065642760636,0.00336800949225724,0.0017385001472127737,0.0036936734600685472
2018-09-11,0.0006186451072049959,0.0016396626380901225,0.00770422128646886,0.0032976075703414764,-0.007610776518483853
2018-09-12,0.008390716640166218,-0.0023973884218038144,-0.0029491899621136852,0.0002417385495876445,0.0023596168694517416
2018-09-13,-0.003591101333891067,0.00023464009111173745,0.010680696844060034,0.00591477819581776,0.0015132923540037702
2018-09-14,-0.006504970809317334,0.004218709304050661,-0.0029265680064686217,0.00017220132297635082,-0.004784812741689071
2018-09-17,0.005220350246058381,-0.010619510129819543,-0.014402862991908294,-0.005294308380506263,0.0
2018-09-18,-0.0014963310274801467,0.004187100416934708,0.008271813306110598,0.005425985656730248,-0.010460028517418118
2018-09-19,0.0038786565809445506,-0.00364105822766414,-0.0007656589995773677,0.0010658268530785442,-0.0059669292057682455
2018-09-20,0.0034246522572403126,0.009254245772020164,0.011056405961883398,0.008103515772879044,0.0046309060236846555
2018-09-21,-0.006825928084458366,-0.0047891635103538555,-0.005467879229818617,-0.0009132587045442842,-0.0004270055797396255
2018-09-24,-0.00017619740455376842,-0.003697064831611918,0.002781059467231728,-0.003322344708706293,-0.0025617848383578945
2018-09-25,0.0015863250483771907,0.0015312203969393146,0.0013596232618280357,-0.0009278988126052434,-0.0010274249835601212
2018-09-26,-0.005279352979018381,-0.009140131504277615,0.0007058152009473684,-0.002991931779929069,0.007027706999677585
2018-09-27,-0.008845643281780058,5.925767111403246e-05,0.008466061659938795,0.0027944084125981483,0.0006809219878984862
2018-09-28,0.006336448595585464,0.003035262081049872,-0.0002154301987251639,0.00010267054637247419,-0.0026363838438281384
2018-10-01,-0.001685016298391906,-0.01317121821745737,0.002045265904765836,0.0034742861851939644,-0.007341208903521412
2018-10-02,0.011548397044346626,-0.010821925459230441,-0.0022557850434735682,-0.0005829144134191777,0.006112609442547878
2018-10-03,-0.003951915050342092,0.008752236362182142,0.0010764973345471773,0.0005490551733917659,-0.017371244369907113
2018-10-04,0.0005290529796950771,-0.014038804831450369,-0.01919861856371985,-0.007815893074187064,-0.007054293185177474
2018-10-05,0.002819877382429281,-0.00904414545076504,-0.012227336524494481,-0.0055969618407670785,-0.008594642142236375
2018-10-08,-0.011072074713894375,-0.002096538263983261,-0.006105847814293908,0.0,-0.0033616139536091216
2018-10-09,0.0005331220730910857,-0.0038931965686521686,0.0032393030802766454,-0.0014591701352649755,0.010119185303120393
2018-10-10,0.00248666770063255,-0.02872408683416494,-0.04397934094639144,-0.03166317079772829,-0.002724542786548323
2018-10-11,0.025691013434101517,-0.01909782663813908,-0.012403156423194006,-0.02202645111083612,0.01215997394575985
2018-10-12,-0.004750349180877911,0.00019538076006697658,0.0278299813611238,0.013888159510337728,-0.00348244285470789
2018-10-15,0.006682258271583086,0.003710857779841925,-0.01210391091779528,-0.0056167726982300215,-0.00043675601886239424
2018-10-16,-0.0017241116227775244,0.028993893744842403,0.02909221941834117,0.021865625624751583,0.0022724302345280556
2018-10-17,-8.63742311474347e-05,-0.004286429949814097,0.00039511637956968215,0.00017853001227874365,-0.005929760666014805
2018-10-18,0.001122698440194414,-0.018738819669652407,-0.0231825947965576,-0.014441058116617667,-0.0003509425406490463
2018-10-19,0.0007764317521294917,-0.010580625973203972,-0.0009236515374505538,-0.0005427867992920943,-0.002193634385844745
2018-10-22,-0.002586010225269386,-0.002152022534681941,0.005143894101531599,-0.004488599721714559,-0.001318944308759784
2018-10-23,0.005876763551604158,-0.008952421413050637,-0.003680106982865028,-0.0050907493922414115,0.0031701509144330675
2018-10-24,0.0023198236435848507,-0.03765013237448622,-0.045766898293620906,-0.03029879578822836,0.007548859539595831
2018-10-25,-0.002228717024418514,0.02165154573578776,0.034595588174931136,0.01794087325700522,-0.004181646644706105
2018-10-26,0.0031786521678458524,-0.01093168291005664,-0.025721788746164265,-0.017587626113378496,0.00603677792349
2018-10-29,-0.003939360261170033,-0.00549243880703687,-0.020581116469444383,-0.005540241704114712,-0.002261085266339391
2018-10-30,-0.0043847864976440665,0.02086354111740185,0.016479708672670013,0.014818624809537218,-0.00496818488586559
2018-10-31,-0.005613139108367582,0.002003580981898345,0.023505638593011025,0.010680658361528428,-0.005080563204984623
2018-11-01,0.01285276342099273,0.023061976142729534,0.01319035336576202,0.01064204154671633,0.0009267638727075145
2018-11-02,0.00017151910256396619,0.003322660932220556,-0.015575973859159653,-0.005922818834743104,-0.012432861072397494
2018-11-05,-0.0024003324100665413,-0.0007794492260362329,-0.0024799578770127173,0.005516775592611323,0.0039285038607952405
2018-11-06,-0.002835798085983776,0.004938953502865662,0.007576131325532254,0.00632798140741575,-0.0006229232989447553
2018-11-07,-8.619558903444346e-05,0.017912675987676208,0.031367171843329045,0.02140874081397781,0.001335374980588
2018-11-08,-0.0021546152083956605,-0.0026683910621190243,-0.006378547620331743,-0.001814909286325217,-8.904267664899823e-05
2018-11-09,-0.011228151978489587,-0.018535888643369858,-0.0168521117175503,-0.009768150274718002,0.0074660911989519185
2018-11-12,-0.007162820324765118,-0.019795112488958932,-0.030259061337316595,-0.018685024235973402,0.006528479872964343
2018-11-13,0.0003518677181439944,-0.0031780044720435274,0.0008418752129528695,-0.001871418714299522,-0.0006136722265493999
2018-11-14,0.008267391966898296,-0.007306524390716773,-0.007629113723215064,-0.006836561774007377,0.0006140490513979469
2018-11-15,0.0011339606953078007,0.014252111763929376,0.017493888511368016,0.010436550698834868,-0.00043803750802096086
2018-11-16,0.00740616997802257,0.0023753499674583622,-0.0035100822714719815,0.0026006362983213016,0.005787503685221518
2018-11-19,0.0004324115306661991,-0.020271499252519254,-0.0324773786165542,-0.016914555773868023,0.0027894291681769268
2018-11-20,0.0,-0.019279324156458832,-0.017894325897588548,-0.018506060761456555,0.00034794892276335254
2018-11-21,0.0016426250921932617,0.01397319468061231,0.007602061716861952,0.0034073657467939,-0.00034782789642151535
2018-11-23,-0.0007768338236752159,-0.0009459750878204609,-0.007232940843308389,-0.006678461099399069,0.0010432062732643743
2018-11-26,-0.0011228924348919422,0.012982708442961455,0.02311386252021541,0.016144266671716867,-0.002258031415372952
2018-11-27,-0.00596681464067883,-0.008276906123774963,0.003376365714491847,0.003364248235962597,0.0011316910693397464
2018-11-28,0.0037407596049732206,0.02470218489794873,0.03218302512131355,0.02302567056507554,-0.004869306045020783
2018-11-29,0.0031201301691909933,-0.002693603800208555,-0.003259895523183509,-0.0021852281231169446,0.0039321910070773125
2018-11-30,-0.0017279847238081958,0.005203368919932894,0.007255358731853123,0.0060951854537323324,0.003742713474081061
2018-12-03,0.007529883500850154,0.009566370926118228,0.017476603061413076,0.013241280731423277,0.007100122085498262
2018-12-04,0.00609912432039339,-0.042575425622196406,-0.038356996575076185,-0.032402330274530655,0.016741309633636403
2018-12-06,0.0001707363609755319,-0.002169268273600755,0.007060337162873909,-0.001517014532525729,0.003140495983769309
2018-12-07,0.00810992789134457,-0.021603083076064733,-0.033015746470420715,-0.02323624104473987,0.0018614990886063332
2018-12-10,-0.003471894702593792,-0.00291613221806708,0.010472436667411156,0.0018974266308680043,0.00413793585039457
2018-12-11,-0.001189661703648759,-0.0010448453040091676,0.0033113367479158384,0.0002272651414192417,-0.0001685257688727182
2018-12-12,0.0021269354947484054,0.009550754683439244,0.00880134823349854,0.005035030627439818,-0.004457759442820675
2018-12-13,-0.002207336227265433,-0.014155993364532882,0.0003029253728685788,-0.00033895256606253366,-0.002365822298302067
2018-12-14,-0.0039989894119348834,-0.015129112106969544,-0.024348849648080373,-0.018464687255441592,0.0034723327276620086
2018-12-17,0.0069195729103175285,-0.022270091423967853,-0.022659655980157956,-0.019618500308177356,0.0058239318507309346
2018-12-18,0.0023754880187698557,-0.0012408918917296008,0.006288358913296044,-0.0010963902546938797,0.00598834387271574
2018-12-19,-0.006093958623821227,-0.020825597351418423,-0.024555051020655028,-0.014975542619773408,0.013211194028649675
2018-12-20,0.015413416962360094,-0.01649267753301986,-0.014495170808151436,-0.01627801836023457,-0.0036311664327980386
2018-12-21,-0.004360924625816387,-0.02595048606669359,-0.03099336948377096,-0.02048979530581796,-0.00016503343786966607
2018-12-24,0.010950096100037499,-0.019396913547913952,-0.02479852262186577,-0.02642279508298573,0.0049695108479184125
2018-12-26,-0.002999441684935489,0.04806166203093509,0.06243917183482983,0.05052490103602847,-0.010715024749615942
2018-12-27,0.007604847107346435,0.004168443496129992,0.0038699611990802296,0.0076774896369420365,0.00016655798268261357
2018-12-28,0.004064011487183938,0.002868726315880643,-0.0005224813139063089,-0.0012902905516648522,0.008413556982206138
2018-12-31,0.0015694898830167503,0.007827676143513651,0.00843298057991193,0.008758900004083303,0.003799904746833338
2019-01-02,0.0006598089159148834,0.005675985179944387,0.00401896443358396,0.0010403090832811213,0.005267141858755542
2019-01-03,0.009066170423806419,-0.017897115334229108,-0.03267030296026818,-0.023862618782796163,0.01137974695132149
2019-01-04,-0.00808623590052937,0.037353768974587975,0.0427844554424508,0.033495793352739556,-0.011575552586070126
2019-01-07,0.003458482876331992,0.017493817767824327,0.011905577271489332,0.007884443358915583,-0.0029476323501561597
2019-01-08,-0.00270804061547536,0.015330817097778837,0.009045714352478473,0.009395271892829626,-0.002628189844878004
2019-01-09,0.006418158373500793,0.008255138130035533,0.008149403128739241,0.004673610210709667,-0.0015651729691246175
2019-01-10,-0.005886691481276518,0.005178448663947011,0.0028598588942214676,0.0035274281126924656,-0.00643319594425007
2019-01-11,0.001727170986037363,0.0002779736438860425,-0.003657829946894342,0.00038652185547483064,0.0039012994744396234
2019-01-14,0.002380897199235621,-0.009952323761102111,-0.008836725549103308,-0.006100831795028516,-0.003721136953771631
2019-01-15,-0.0017200351443329431,0.008435771907777667,0.019526402362939344,0.011460756686104023,-0.003651732128814311
2019-01-16,0.003199863787636481,0.007459029453600552,-0.00018464823041197675,0.002419681034071086,0.0009994105394328656
2019-01-17,-0.001308546962521917,0.009064251342643326,0.007884258415600254,0.007586818263020323,0.00024981294540604715
2019-01-18,-0.008926410300850951,0.010286282141639402,0.009900087317649131,0.013309806638151178,-0.005241940034853787
2019-01-22,0.0035531343340227117,-0.01581502792085243,-0.02002985351043729,-0.01351025507865422,0.006775042612331861
2019-01-23,-0.0013997379433262624,-0.0027583656342561325,0.0012966391118154341,0.0020926198595390133,-0.00041567924760765873
2019-01-24,-0.0015666428373899421,0.006016306968110063,0.0064753892785127665,0.0005311178206213185,0.006566410682866675
2019-01-25,0.01461726258147622,0.012855275846390235,0.01194856178495507,0.008461472644011314,-0.0047892823243447236
2019-01-28,0.0034999210730881636,-0.00536176121643217,-0.012352422175237687,-0.007600331130506732,-0.000995803935444517
2019-01-29,0.005596580714432919,-0.0023883395130785967,-0.009441588736007756,-0.0013266103188656064,0.0050659644103667745
2019-01-30,0.005726722578225818,0.010944034702916161,0.025437722401691287,0.015830201054747306,-0.0007436587921690885
2019-01-31,0.00048117377030232333,0.008524787813794621,0.01496884242239771,0.008782593170670427,0.008599937379758948
2019-02-01,-0.002004008016032066,0.0008051599826122136,-0.004222043026432587,0.0004818773626185102,-0.006039700215288102
2019-02-04,-0.004337356751223598,0.011931852243419083,0.012421435320215224,0.007035190548051462,-0.004463929635574071
2019-02-05,0.002581475453272253,0.0010596310308153,0.00884791508285776,0.004192060867581837,0.004567102629454034
2019-02-06,-0.006758902044908588,-0.0012569455398397933,-0.0029819372565171864,-0.001318158487992882,0.0004958419281031468
2019-02-07,0.002430293392984062,-0.008215837180669427,-0.013429203074990848,-0.009532791968269838,0.006610039695297942
2019-02-08,0.0037982966608789415,0.0010689543281323655,0.001961162545354167,0.0012213846007598228,0.004268413425385198
2019-02-11,-0.004911042708701019,0.008341830576942932,-0.0009489998093686891,0.0005547818631488344,-0.003923114812791173
2019-02-12,0.002103577179937588,0.012507966270647763,0.014786348804954885,0.012859301815024926,-0.00254411855304304
2019-02-13,-0.003956062177902009,0.002810753159937729,0.0007019986742717865,0.0032470217581501704,-0.003783857672123747
2019-02-14,0.005592889654295163,0.002281067174952467,0.0012280548854590734,-0.0022181471467523917,0.005698061850949232
2019-02-15,0.005964900110646543,0.015932859881703676,0.004205083690158373,0.010896825912570574,0.0015600318283737202
2019-02-19,0.015224309695700766,0.0027526385704368384,0.001977282413271775,0.0017308949873695578,0.0025410742909990347
2019-02-20,-0.0017363346220005127,0.004723804009885146,-0.00017394511116730627,0.002015401117913873,-0.002862399547364447
2019-02-21,-0.011306137470128319,-0.0038117811720126404,-0.003657457835237965,-0.003555798820048417,-0.008938156166871769
2019-02-22,0.0035985360836492397,0.008673811139856547,0.0074000344032292276,0.006199728960801787,0.005957674404807767
2019-02-25,-0.0010358346885893654,0.00025299561204494836,0.003644010913428586,0.0013611482709841027,-0.0029613458127050185
2019-02-26,0.001675034536747555,-0.006890206239624552,0.0010373133657239908,-0.0007152958071040549,0.004949959073507815
2019-02-27,-0.0070871108191714605,0.0014004052128298028,-0.0006332568377163117,-0.00042958159552042297,-0.011328873676515694
2019-02-28,-0.005613959130088775,-0.0034330892065370655,-0.002304211294708036,-0.0018624818396053566,-0.003404748742497521
2019-03-01,-0.017017506627186707,0.009312755657058469,0.00692869077983338,0.006243571905395484,-0.009242979511850047
2019-03-04,-0.0026255308667169075,-0.009037005849309665,0.00017193176892771334,-0.0036374523668747383,0.007837532436240524
2019-03-05,0.0013162525939691694,-0.00465537987575404,0.0007450313139554243,-0.0013599423739479866,0.00209069597558198
2019-03-06,-0.0009037184460104486,-0.019605044842249342,-0.00567137773245785,-0.006056804788258319,0.0036716068419999637
2019-03-07,-0.0008222882461903502,-0.008757152059825857,-0.012272597538342755,-0.008365672324157525,0.006484885330356738
2019-03-08,0.010945553273622899,-0.0002637872684450038,-0.0015164233215615441,-0.002000044781712562,0.004212707942384819
2019-03-11,-0.004884390198699684,0.01747550252839991,0.020798067163500855,0.01450143188025832,-0.002961183855002325
2019-03-12,0.006053709964792153,0.0005185423325764216,0.005494117942962395,0.003771098512430182,0.007012742041992759
2019-03-13,0.006992949727453013,0.003951499585262752,0.007513190771403888,0.006619086140363439,-0.001884579716368795
2019-03-14,-0.011547098821608426,-0.004064978301131061,-0.001694589126005619,-0.0006394753067526793,-0.007223268524513049
2019-03-15,0.004574769560006908,0.0026563212476191644,0.009280554088537674,0.0049406182974955914,0.006614049133389033
2019-03-18,0.0005692420438265788,0.006396734372259294,0.002381633885125467,0.0036254286160930516,-0.0005746015903257407
2019-03-19,0.002763299214570525,-0.005071818837418807,0.0033623130576208027,0.00024763086285894964,-0.002219030322447857
2019-03-20,0.006484057947534483,-0.008334284478512144,0.003965418982808888,-0.0030093030925916198,0.010460484401725756
2019-03-21,-0.004026413261163153,0.013115395337048863,0.015631826208236443,0.011294676388929004,0.00220057051332212
2019-03-22,0.002344768069306058,-0.03638862323126213,-0.02196410705897056,-0.019246681347615535,0.01553516815032241
2019-03-25,0.007663119616744263,0.004411378191135462,-0.0019041666195639406,-0.000751629193369574,0.0016017138740433978
2019-03-26,-0.004963137418149799,0.01051380217848319,0.004657217268759339,0.007453860631662312,-0.0007196368628619165
2019-03-27,-0.005229296137734152,-0.0038853881457997508,-0.006422645435387397,-0.0052290412074424975,0.009202168614731665
2019-03-28,-0.014152850613865509,0.008924451770368824,0.0023046983468282267,0.0037906528988416177,0.0034885667007398258
2019-03-29,0.0009023839948698598,0.0030795802646157444,0.007570919823749689,0.0063051568474215,-0.0009479754915130423
2019-04-01,-0.003934131206699276,0.010908638044649477,0.013247025107844701,0.011859398664219034,-0.014203605753876358
2019-04-02,0.0037028271386223555,-0.0025843926039986753,0.0037907121092279894,0.0004896685244608623,0.0018489505371686032
2019-04-03,-0.0014756542074283452,0.005182500198426476,0.005745923190126456,0.0015735933160625493,-0.00866732101644474
2019-04-04,0.00254513588527594,0.004898060799165771,-0.000380792359452764,0.002653464498827862,0.0028330558219846758
2019-04-05,-0.0010645913747292512,0.009364103694997405,0.005171335752771844,0.004840120261693004,0.0012919334395891102
2019-04-08,0.004344964459018774,-0.0016521788503620627,0.0025451663744358033,0.0007623730662269512,-0.00354770062028964
2019-04-09,0.0052240582686200465,-0.012220019868664278,-0.0035109164742033183,-0.005124572461424282,0.0031554805596714086
2019-04-10,0.003085645543724258,0.013595262173282885,0.0053661752956915,0.0034106088106728993,0.0024202168640046207
2019-04-11,-0.012790430232882732,-0.0012714078460113187,-0.002372341699130698,-0.00027750647057456224,-0.005873976777965639
2019-04-12,-0.0009839698252590567,0.003628188501608731,0.004323714941650403,0.006766258562428407,-0.0071227459654170655
2019-04-15,-0.0018879040751599296,-0.003234776358732816,0.00016139638061551942,-0.0006551057851308384,0.0025273425536402883
2019-04-16,-0.008963785785923273,0.002354580001976636,0.0034435078541688036,0.0006555352300523509,-0.006261482939389662
2019-04-17,-0.0019085831288392363,-0.009140475591390085,0.003485211097518981,-0.0024468659637079115,0.00040912460373743187
2019-04-18,0.0007482870651696061,-0.0029470955512547192,0.0012826587308225612,0.0019689742539072963,0.005234593720185643
2019-04-22,0.0,-0.0026340115138940856,0.002827937625065058,0.0008619329924626218,-0.004800655903180462
2019-04-23,-0.002076929420084306,0.015074385623599751,0.012718294235784633,0.00899149938279975,0.00212636403289701
2019-04-24,0.0029137401441747812,0.003109514046104378,-0.003152859262763319,-0.002218728363056699,0.008157861287088064
2019-04-25,0.0008300695036758121,-0.008287765395456392,0.0040589569635949285,-0.0006163455011332086,-0.0014561526076818376
2019-04-26,0.006635175033447016,0.009696858291103005,0.0008926699928037962,0.0046568724133453365,0.003403529735076516
2019-04-29,-0.004449212353194509,0.0048017090061687195,0.0019404800512214937,0.0015677887829397275,-0.006380720881208557
2019-04-30,0.0030621129817147708,-0.004653351529605443,-0.007747802799177195,0.0005104302343428291,0.005121132078991009
2019-05-01,-0.0066006224629272525,-0.009475896237501336,-0.003218413282000898,-0.00751678473628703,0.004125194171618718
2019-05-02,-0.0038205903541769226,0.004655859529063777,-0.004340042119162724,-0.0021588723164739365,-0.004761981592167452
2019-05-03,0.005919618726200282,0.019108734095174995,0.0159480706727968,0.009787655333303835,0.0028387168466346147
2019-05-06,0.001326117121353887,0.00112125256417972,-0.006122051811765061,-0.004114902918627594,0.0027494856195759976
2019-05-07,0.003310996887363693,-0.019787228467579965,-0.019480098364066056,-0.01669994692184673,0.007661226765028228
2019-05-08,-0.0024750055657883907,-0.00488804157876821,-0.0025234892134896603,-0.00138903317768857,-0.004322140158233623
2019-05-09,0.002398422606480155,-0.0036359717536392777,-0.0053829003356195,-0.0030256101391328283,0.004099586725431648
2019-05-10,0.001897717514232511,0.002753170290768381,0.0012448148485224575,0.005023400191751515,-0.0013608040993460246
2019-05-13,0.010211626950944463,-0.031860754389955726,-0.034702542456101826,-0.025130303545467747,0.007855243547148172
2019-05-14,-0.001711902564663248,0.012596207820481986,0.010975141187725912,0.009043224226277236,-0.002942640799873275
2019-05-15,-0.0005716127335255727,0.003256673043026792,0.014124361678104824,0.005857469045629449,0.006142500087342961
2019-05-16,-0.007190107507202059,0.006232179186613784,0.0100496366018763,0.009261244057586104,-0.003329895279973183
2019-05-17,-0.007077611679961793,-0.013935286900417454,-0.010219949365226078,-0.006464818519670734,0.0022270819848215773
2019-05-20,-8.290208125960596e-05,-0.006935621401414238,-0.016881383466058275,-0.006612121106416624,-0.002063754470987167
2019-05-21,-0.002320944800343727,0.013440438276538513,0.010447308229598162,0.009015934477882404,-0.0015902416229194305
2019-05-22,-0.0009970317877491253,-0.008386341203481473,-0.00445470080987409,-0.0030718874331022716,0.005735551800025496
2019-05-23,0.007734533613593886,-0.02058590674377081,-0.015302542222871529,-0.012218505760790421,0.011247777207672671
2019-05-24,0.0010729131367257505,0.009371350977152915,-0.0005046899607537014,0.0022683839899690916,0.0008615412471146833
2019-05-28,-0.0038747008151563955,-0.007958291970936116,-0.0037605897898019824,-0.009300534879626454,0.007199783594759035
2019-05-29,0.00033105118696652447,-0.00835616840675002,-0.008225938710626934,-0.006710586277506425,0.0030304115018102706
2019-05-30,0.0067841455794739325,-0.0027637464505991804,0.004203922047353981,0.0027313609897225977,0.008598563703329676
2019-05-31,0.013476862164072179,-0.013992971797983311,-0.015952966872939234,-0.013475583009450065,0.01251916415797183
2019-06-03,0.014432812396575123,0.0034963429396286383,-0.02201791640903561,-0.0025425733424263575,0.006688830198776419
2019-06-04,0.0003197259638094696,0.025893407390870538,0.028156365621478052,0.021706497981888617,-0.01140150877149737
2019-06-05,0.00255692921232642,0.00019994658522470843,0.007432756926267103,0.008662051508812052,-0.005651948251987116
2019-06-06,0.003267681746441209,-0.0025969094503617285,0.007944826391832915,0.006502518413405545,0.0032262713211992367
2019-06-07,0.0056402851919619135,0.007075707659303543,0.01931202537196164,0.010007626480351028,0.008652162596311186
2019-06-10,-0.00995334973762696,0.005899685240225994,0.011655048491516107,0.004588749232378397,-0.009412811280120281
2019-06-11,-0.0011968524989021123,-0.002965043405547929,0.0013648239388399652,-0.0002419989674244949,0.0006130083115365448
2019-06-12,0.00519253494403471,0.0011230324879525355,-0.005779877933845046,-0.0017657608203278663,0.0007654784563264627
2019-06-13,0.006119340633088832,0.010563642349661118,0.005923484841352966,0.004126578945862214,0.0034442734582147416
2019-06-14,-0.00031596300165459557,-0.008754410564082105,-0.0042530875200507134,-0.0011051969265265527,0.002516181155361785
2019-06-17,-0.0006320654488249922,0.006898294678706618,0.006023232430650616,0.0003803354241689316,0.0017493736199478693
2019-06-18,0.005060083591572395,0.011626270407610217,0.014531039593627115,0.010470730021094443,0.0050119985815162416
2019-06-19,0.006057242183997058,0.003571187217011884,0.0037553926642286406,0.00225739199395969,0.001435938067068987
2019-06-20,0.025177896911959374,0.004723012175916308,0.009299245810803214,0.00955452009812463,0.002640340797719354
2019-06-21,0.006635612181659978,-0.00862884365728922,-0.0014822772262395034,-0.0014539302227348783,-0.01098684691325158
2019-06-24,0.014850786310930397,-0.012146789073523623,3.160794416379176e-05,-0.0012242426730153522,0.007456597531260822
2019-06-25,0.0019411266395166216,-0.006115321969338949,-0.01716644832588965,-0.009808229455671613,0.003096640989960875
2019-06-26,-0.009165393111099984,-0.0023153757277492026,0.004650534568353404,-0.0009970408133030961,-0.006400008520418443
2019-06-27,-0.000977700846950591,0.018766363642239714,0.0038216688821950395,0.003545981838008583,0.007047275328846858
2019-06-28,0.0027100317696175935,0.012172413926593961,0.0012868405186818865,0.005145620070505785,-0.0006769246808880913
2019-07-01,-0.019369383559800002,0.003858557862538081,0.013494587617111975,0.009078552804247852,-0.002338921431944807
2019-07-02,0.021359735486276676,-0.006085997496217299,0.0039629319680059005,0.002604128577828213,0.007712733212878353
2019-07-03,0.001649060899963084,0.007154100715793366,0.007525831861992405,0.007995083915077306,0.007129066723315924
2019-07-05,-0.011150231525253074,0.0026880344880375606,-0.002036979938038197,-0.0011374870589671016,-0.013262771182806166
2019-07-08,-0.006432617734537516,-0.009509796964553674,-0.007014195490504305,-0.005495110895662125,0.001359753430648869
2019-07-09,0.0035037454291328984,0.001353017484477581,0.005007768210151697,0.0012466056592599362,-0.0003771319368713888
2019-07-10,0.015787490178783115,0.001737623063472471,0.009965298130886868,0.0047780820038887395,-0.005507206818299637
2019-07-11,-0.008443584154164463,-0.004881950547354297,-0.000726820619765145,0.00234411432084225,-0.013350284550049274
2019-07-12,0.006254723814186791,0.0077461874008930565,0.00576835363894701,0.00447701199824424,0.0011533506136462979
2019-07-15,0.0,-0.005252867186919641,0.0032036978187319765,0.0003327127675289976,0.0057592756495326025
2019-07-16,-0.008462554430785363,-0.0003217066110177136,-0.0051507978847886715,-0.0032253710313596695,-0.0029776492153568146
2019-07-17,0.01646531748539748,-0.007150272245631362,-0.004918334027964599,-0.006805070121653989,0.010797738237219967
2019-07-18,0.014117951186161548,0.0037632688454181107,0.0011448753769114361,0.0036609333511072872,7.604126826143975e-05
2019-07-19,-0.014727392803034478,-0.005752947351054694,-0.007327971800771715,-0.0055547179598322005,-0.0023484612412707495
2019-07-22,-0.00014876383044060137,-0.0009100096768407395,0.007957780795000868,0.002456432890797222,0.0018982832981995212
2019-07-23,-0.005652618252780628,0.006636984775032051,0.006544546175825561,0.007149927931328071,-0.005457358781298494
2019-07-24,0.005086339018351538,0.016548206101200558,0.007017727345747682,0.004699558736216192,0.004343716987181834
2019-07-25,-0.007070008058076338,-0.01208210803586085,-0.009479785678226715,-0.004776994981464111,-0.004780497405487916
2019-07-26,0.001648937368628589,0.011843869050391476,0.01029479631967134,0.006700071111643391,0.0023641934303948453
2019-07-29,0.006659678193005059,-0.0066795320092392085,-0.0034307114206975076,-0.0018212354409664622,0.0003037159355594454
2019-07-30,0.003344956160896251,0.01082308286732614,-0.004316067920824729,-0.0024549473187676085,0.002433531730192673
2019-07-31,-0.013112972808538625,-0.008109918259216586,-0.013830022656793006,-0.010940292398078033,0.008040981138510483
2019-08-01,0.02402219643390402,-0.014498757642789295,-0.0049715909680315695,-0.008708004753038012,0.019860273018227348
2019-08-02,-0.0038120684590625675,-0.01108300777506599,-0.01472473881893499,-0.007529295500432132,0.009241578240799297
2019-08-05,0.013981852270352535,-0.030017105114708675,-0.0353354395839508,-0.03007335761594332,0.017287947167762496
2019-08-06,0.008128386897085838,0.009189046370075005,0.013999063002671841,0.014023036293027591,0.0079929443604152
2019-08-07,0.015189695160357397,-0.00026778242307590183,0.005401838603402265,0.0005906561023358847,0.00035721139210109776
2019-08-08,0.005034686098196239,0.021564195213343407,0.02176411617524665,0.019620068310827854,0.0021426320303943314
2019-08-09,-0.0033161732510501585,-0.012586792158779114,-0.009401652881422806,-0.006811520605586208,-0.001995291112973363
2019-08-12,0.009698502260031328,-0.012946532868131522,-0.011475204903743319,-0.012173247524347341,0.020849719907285014
2019-08-13,-0.005959518154781018,0.010762344993762829,0.021914893196037566,0.015551311741549334,-0.0034274089232033678
2019-08-14,0.0068415942238304606,-0.027949629760578465,-0.02988504489230348,-0.02956710975583765,0.02252923446943078
2019-08-15,0.0066549698650941735,-0.003970582380734333,-0.0011489085238859387,0.0026417435389278765,0.011119525381424245
2019-08-16,-0.006402214255277094,0.0215820533279949,0.01605031335515239,0.014755162310671643,-0.008010306717681104
2019-08-19,-0.011696303286335752,0.010092105636100301,0.015904760569285914,0.012047893548023492,-0.014302243935243375
2019-08-20,0.007795380191040424,-0.00652762560039688,-0.007748260195298506,-0.007662858095619729,0.01034405262122906
2019-08-21,-0.003164420123660472,0.008246816561996662,0.00887828052974493,0.008135496543552279,-0.006665347590609105
2019-08-22,-0.0025395077899371676,-0.0023273403997620123,-0.0032337000272824046,-0.00030776870098914166,-0.006640968693700788
2019-08-23,0.019589847185487175,-0.03066064121707035,-0.03164557869566531,-0.025687736566117447,0.016435025812954862
2019-08-26,0.00013875475282665306,0.011001545375936228,0.015104080197385628,0.011058721020137385,-0.004042104220941978
2019-08-27,0.00957073902105865,-0.014826599405857399,-0.0021101992161234318,-0.003923487569337247,0.015408851924063827
2019-08-28,-0.002816539407023644,0.011666838505060673,0.0035786382033493602,0.007041086618862158,0.0012871897391470988
2019-08-29,-0.007164566813753437,0.017538230722974113,0.015289907780041911,0.012773438673975956,-0.003789199391454723
2019-08-30,-0.0025672712303844714,-0.0018109218140461847,-0.002394477738353218,-0.0004444335980801073,0.0002716909556785829
2019-09-03,0.013913043478260834,-0.014646518181752555,-0.009708674622863178,-0.0058471468179353,0.0012927112464284907
2019-09-04,0.006243592878966586,0.008045857116337318,0.014435843405836923,0.011350417550964886,0.0014941399945782585
2019-09-05,-0.024001119491110168,0.01860113767981919,0.01831927349758722,0.012855474469863681,-0.01810945568156297
2019-09-06,-0.008523132778435305,-0.004582038588648252,-0.000990676805088797,0.0007717003002383205,0.007114928837631984
2019-09-09,-0.0037344897557421985,0.013409219353536006,-0.0020880303669561506,0.0005035353195665948,-0.017765775578400755
2019-09-10,-0.008557937047107611,0.012770467624796167,-0.0028766862167411977,-0.0002347224940478787,-0.017527429640035286
2019-09-11,0.006063676329913781,0.020474285347352295,0.00938901366275191,0.007111130201158833,-0.001777430459114715
2019-09-12,0.002056360685188219,0.0002548567735447538,0.004157916260155048,0.0034637501973369123,-0.006550741895466339
2019-09-13,-0.008279177519783909,0.0017193715120633613,-0.0035710261172424707,-0.0006639006919387791,-0.02135875713242963
2019-09-16,0.008348294532203537,0.0037506263033437737,-0.0044668894935968595,-0.003088793889614583,0.012743578932632449
2019-09-17,0.0019813102518067005,-0.002596397916394877,0.0048000931954110815,0.0025316950485141376,0.005423399703586629
2019-09-18,-0.006285306153149484,-0.006159209847099167,-0.000415333821677244,0.0005984349122383215,0.004244005476830681
2019-09-19,0.004050828215713009,-0.004855438250218391,0.0016620255821455654,-6.657670276322136e-05,0.003007753994447304
2019-09-20,0.011820485442912032,-0.0021187224917941228,-0.010578737094537827,-0.004724477129324334,0.013210630905392318
2019-09-23,0.005596383832365381,-0.000772080366508554,0.00044127864581233744,-0.0002349232416275493,-0.00021128455225249976
2019-09-24,0.005286918308423871,-0.015094005658709775,-0.013281040217157258,-0.007846713490783808,0.012054281288130575
2019-09-25,-0.018545379403875573,0.01095582623218494,0.011225201033107535,0.005914717988231288,-0.014627147899585524
2019-09-26,-0.0002820880237280887,-0.01116154102957867,-0.003682767878710247,-0.0020832331293825224,0.006432430954518953
2019-09-27,-0.005148429100112373,-0.008006031884112419,-0.01240860381122777,-0.005387087438241012,0.002458423780662189
2019-09-30,-0.015525325955691782,0.0011908027855680459,0.00951704123537822,0.0046377527327858825,0.0024517630527545187
2019-10-01,0.005472814807717441,-0.019624550268003582,-0.008156435370673454,-0.011894754974119182,0.0030106396393030366
2019-10-02,0.011673634369571584,-0.007548792702456453,-0.017194473306426983,-0.017664677676926144,0.002443074559637548
2019-10-03,0.004530648552570016,0.003327507428280585,0.010975234948351176,0.008192467618879151,0.009122436694313008
2019-10-04,0.0,0.009475952208396032,0.014725824009722777,0.013532207384312489,0.007382895883368157
2019-10-07,-0.008527071931805796,-0.0017431741134228407,-0.0030187411416897625,-0.0043146652821406395,-0.008288150832692964
2019-10-08,0.00874259511120079,-0.016254800109337664,-0.014981001329806065,-0.015524551336299375,0.0026936332119398276
2019-10-09,0.0009160434363713055,0.004574585881280013,0.009761433094944039,0.00949624333272081,-0.00564856998910912
2019-10-10,-0.008729359144837523,0.004010074249983786,0.007744694980728939,0.006763656709595667,-0.014894002543470064
2019-10-11,-0.005539370732339566,0.01692395476246733,0.012878920631144597,0.010366809641187524,-0.012377316300340113
2019-10-14,0.003999125640758994,-0.0036611747584093246,-0.0001049293089506742,-0.00111362011003302,0.007263236169957388
2019-10-15,-0.006970593591764218,0.011492012567298815,0.012716828691925919,0.009900372770586863,-0.012088049478123586
2019-10-16,0.0057302703836425994,0.0010568711741567594,-0.0024804805993522416,-0.0016058821014146574,0.0012163438851346964
2019-10-17,0.0014243781997433924,0.011811120702962086,0.0026419361178322553,0.002948666323667526,-0.0024300540115639313
2019-10-18,-0.0010667370445437419,-0.004760447222872055,-0.009609975010139826,-0.004377049268061262,0.0
2019-10-21,-0.004770136663166058,0.009370320988293601,0.008868474764355039,0.00677921269887638,-0.007522520036151725
2019-10-22,0.002932997222985456,0.0011033469759058612,-0.007963188025059686,-0.0032663966359429697,0.005847260944471966
2019-10-23,0.0023537934253772264,0.0012320508731002988,0.0019286313985118486,0.0029092835830588637,0.0010046955986788841
2019-10-24,0.007115918371069618,-0.0014249083229722626,0.009728506396127434,0.0016340198367894576,-0.0020076325139415374
2019-10-25,0.0023316740895991117,0.005318571328660537,0.007985922621879915,0.004094771179387502,-0.004885182404368638
2019-10-28,-0.008600036764796815,0.008645187575621716,0.009865050682343002,0.005636723628391405,-0.009095986113236365
2019-10-29,-0.0027730332148816483,0.0032620829166531973,-0.007744081067997288,-0.0002968249630453945,0.0006557288472037737
2019-10-30,0.005490226541611021,-0.0033152904508048087,0.004845763265237668,0.003067404994963052,0.014634271647447017
2019-10-31,0.009998499224238566,-0.005629161912514502,0.00045716379278837316,-0.0026636072887477047,0.013490077971893832
2019-11-01,0.000912763389017579,0.017047157412712455,0.009082640974398037,0.009264029233383875,-0.003078241304294904
2019-11-04,-0.002876007780098777,0.005376421341996673,0.006184833346226215,0.004017922005248531,-0.013161897423673574
2019-11-05,-0.016180006273117664,0.001258488531555857,0.0005496406849587743,-0.0011062251927100863,-0.011246201060733041
2019-11-06,0.004290245395359271,-0.0057806744823625245,-0.002247632641709907,0.00022790218268786688,0.006051726317872097
2019-11-07,-0.015521486102876958,0.0026540082193207137,0.0033541652768227515,0.003516630189256853,-0.01811851014397592
2019-11-08,-0.006364394703267995,0.002710592051953009,0.003991264450013521,0.0024661701483079668,-0.004207126051035459
2019-11-11,-0.002401934875323586,-0.0018860346610224399,-0.0013416494942662949,-0.0019096932512686626,0.0006669879397391831
2019-11-12,0.0026995120660886496,0.00031508860739548616,0.0028862400688280943,0.002108025712719286,0.004592393924931493
2019-11-13,0.004002059820052306,-0.004281326230611837,0.00024800159638260766,0.0003234217611982615,0.006488947701450698
2019-11-14,0.004203521155341949,-0.00031634372854028037,-0.0007938323053396923,0.0014560608695624033,0.01032949283867346
2019-11-15,-0.0025259154943226836,0.005186388437669276,0.007347702131150324,0.007236302632028568,-0.001087616875326325
2019-11-18,0.0029664162029099383,-0.0025164170000895325,0.000788434074610711,0.0007375882213624951,0.0018148423791848334
2019-11-19,0.0005050304911609071,0.0037217331269039367,0.0014773441039550583,-0.0002882088158959739,0.00833252659927508
2019-11-20,0.0005046655432805469,-0.00377094435948111,-0.005998873722782072,-0.0037191260230351464,0.010348149119492112
2019-11-21,-0.005477043362080103,-0.004920804440397664,-0.002225983825973832,-0.0016086504204642083,-0.0062591733727184184
2019-11-22,-0.0018840181654777854,0.003106628270348466,0.0006443867767627065,0.002223927411284521,0.0012882456984792956
2019-11-25,-0.004791662812458131,0.021236114192106248,0.011841568819468407,0.007750324226797112,0.002930901097308869
2019-11-26,0.004814733391401704,0.0006809991655620795,0.0019096937514937462,0.002265496224173047,0.005844223788593839
2019-11-27,-0.005299919828770094,0.0070504274525911015,0.006989070107057183,0.0044573250567643274,-0.0029057384482699122
2019-11-29,0.006203971517371398,-0.006510010544013012,-0.004562259805762858,-0.0037086901324029364,-0.0021307763676392533
2019-12-02,-0.0005078146228696401,-0.009767027651976012,-0.010239052968048279,-0.008494836289916874,-0.013333503961506232
2019-12-03,0.00957984896245434,-0.0031836827395764766,-0.007832351593045184,-0.0067062691994299595,0.020966992392158268
2019-12-04,-0.0013658431498282386,0.006889167114108918,0.00506421124389278,0.006170314300014024,-0.009985037592762369
2019-12-05,0.0005758841931267078,0.0009949420451633717,0.001976071968613047,0.001797820845294007,-0.004864285248215805
2019-12-06,-0.009928092682104261,0.011681225108338023,0.010698623067094681,0.0091343479780841,-0.005534465461040083
2019-12-09,-0.00029060665275248976,-0.0019038833153089962,-0.004536765387109676,-0.0031443558277722827,0.002168484250384628
2019-12-10,0.0028347098739491816,0.000615510416774212,-0.0008329689417370112,-0.0011150679065617952,7.245417225076878e-05
2019-12-11,0.00688553265084435,-0.0003075658983728857,0.005296634344229112,0.002838514181342955,0.007861031580808975
2019-12-12,-0.003527249493396556,0.008612367993583447,0.007464134028726699,0.008619002621730543,-0.016458383234839613
2019-12-13,0.004478873140076667,-0.003842638477210336,0.0032929681724962467,0.0005992214435208698,0.01156812867754331
2019-12-16,-7.198680622300113e-05,0.00704837636065947,0.010039058820761504,0.006870042295787915,-0.0089907887813927
2019-12-17,-0.00021575647831872935,0.005003792829725295,0.0005735813164962078,0.0002189027998462656,-0.0013783217087751654
2019-12-18,7.200752478642158e-05,0.001942693190017275,0.0007641855052378244,6.254488561396876e-05,-0.00821224866431347
2019-12-19,0.002589559770448613,0.004302474514254584,0.006251339702272318,0.004099200634472444,0.001599933959921085
2019-12-20,0.0010044438566789715,0.0014483361454187271,0.004030880044952001,0.004384535605868933,0.0013188229993597034
2019-12-23,0.003081942822633188,0.0019880138065957453,0.0026415275735511834,0.001527360384166343,-0.0014638148021645092
2019-12-24,0.009431992518777577,0.0022849938818936266,0.0005193978236142094,3.111464547744802e-05,0.0028586135150197034
2019-12-26,0.007857298625196796,0.0,0.008824061375469094,0.005323333128665286,0.0024112172088857076
2019-12-27,-0.0003511943393945671,-0.0049195403429960205,-0.0008419111449474714,-0.0002475914075499297,0.0010936504101286548
2019-12-30,0.0021077991140190377,-0.002531959023067132,-0.006553912596212519,-0.005513255642918491,-0.0036413883916545098
2019-12-31,0.0018929327941459295,0.0013900992729762862,0.0018848680305856291,0.002429137823089622,-0.009793680931598714
2020-01-02,0.0073478173310379535,0.0006638383161139405,0.016697243317693067,0.009352044092879819,0.011293169427748717
2020-01-03,0.013268521727000326,-0.003920528391254563,-0.009160067643126824,-0.007572395502536522,0.015400032536706965
2020-01-06,0.010489502076611812,0.0013322167293721154,0.0064434157506652046,0.0038153445731137214,-0.005678566780158989
2020-01-07,0.003935150508558971,-0.0033263091191877425,-0.00013934948991267682,-0.0028119015654906043,-0.004915245898243326
2020-01-08,-0.007501524641443713,0.0030944598012343505,0.007516395448073698,0.005329353380432389,-0.006611166893954468
2020-01-09,-0.005651653463197515,0.0012098148099271011,0.00847342556199493,0.006780964747743701,0.003510201681221403
2020-01-10,0.006026192495848015,-0.003745666137626169,-0.0025570593031936095,-0.0028776813140499735,0.008890764344428703
2020-01-13,-0.007419483430124996,0.006489138000272288,0.011536446535291844,0.006876964051329759,-0.003033702762979429
2020-01-14,-0.0008915435213457945,0.003675417939435377,-0.003937193884301249,-0.0015243127632615927,0.00514396596979827
2020-01-15,0.005834242779070742,0.004802652743844726,0.0004087450193170916,0.0022597920180109643,0.0066315476640794735
2020-01-16,-0.0015695082440052577,0.012905634098337782,0.009583794143246394,0.008318349236104527,-0.0031503531835253007
2020-01-17,0.0018454259925253513,-0.002713415524974505,0.004948616099791359,0.0031122727015946428,-0.008548363834915085
2020-01-21,0.0010915790702048511,-0.008280559356135697,-0.00044767175338289444,-0.0019582784754617055,0.01050606760375894
2020-01-22,0.0003406555206315609,-0.0006558221235097861,0.00264246043983718,0.00012127324073873957,0.0035126985387705645
2020-01-23,0.002248122121045526,-0.0006567419568932475,0.0032160122816282666,0.0011465445476299685,0.007002276976496136
2020-01-24,0.005845572586286041,-0.012301947982298889,-0.008415426667230164,-0.008893186468230563,0.008088510097977508
2020-01-27,0.006825312844883635,-0.011367231423260793,-0.02065557108768934,-0.01602934813654322,0.015554905239881123
2020-01-28,-0.008926785569624784,0.00831756475266543,0.015359997706003936,0.010479170526447534,-0.007832074173053538
2020-01-29,0.005417872354848807,-0.005701492840228695,0.0016257925712042098,-0.0008257269246196852,0.009779941006086812
2020-01-30,6.732120695107646e-05,0.0,0.003561653530563813,0.0032450467797078275,0.00013764700802676444
2020-01-31,0.005792420039608892,-0.02074038631539732,-0.01585814277273545,-0.01815756273781599,0.009130216030845073
2020-02-03,-0.006495688802043542,0.011150421825559365,0.015109233865255645,0.00742832555995232,-0.000809949688105549
2020-02-04,-0.01300895070524588,0.015093602912577886,0.022888762429806864,0.015241406878922614,-0.013467145200364627
2020-02-05,0.0012293105482077404,0.015415389268069957,0.0032973769076141135,0.011548017141854494,-0.010934411959197865
2020-02-06,0.005388399719282511,-0.002271493801772828,0.008631864344851081,0.0033646720310154254,0.004506389754836526
2020-02-07,0.002645857569860688,-0.012280235971389275,-0.004300916805787147,-0.005329690263142006,0.012478319168784724
2020-02-10,0.0025712490701368385,0.005640662510490335,0.01208559969334666,0.007465483794615535,0.0027693562458426246
2020-02-11,-0.0034419552752806837,0.0069353813262762465,0.00017245129680576454,0.0017329636635210477,-0.0050401990597760404
2020-02-12,-0.0008127480224853212,0.006887907827469952,0.009741035474187809,0.006442876764481742,-0.005065979522285047
2020-02-13,0.00569345014846645,0.00261730042901287,-0.0012805853858079974,-0.0010670370478255142,0.0038364468751288516
2020-02-14,0.004178427664004669,-0.0038563887373752603,0.002863411665798621,0.0016020189655323591,0.004377134119220916
2020-02-18,0.012818816524224008,-0.002144034953230678,0.00038378528054883176,-0.0025773066594617644,0.006848836798654556
2020-02-19,0.005831221275388376,0.005132969662318576,0.009585434080191746,0.004781580197374957,-6.830813406133451e-05
2020-02-20,0.004084659090851872,0.0024346460773037037,-0.00928356896793936,-0.0041082531224088115,0.007833180632927927
2020-02-21,0.015025216397275942,-0.010129534368475968,-0.019209367978166747,-0.010298170173364651,0.009340424664280311
2020-02-24,0.008985128746405113,-0.030101982471716693,-0.03856353146308544,-0.03316576930330262,0.014928250261522447
2020-02-25,-0.017874260693127697,-0.03553978546423542,-0.02719177131867412,-0.03030173517343604,0.0053244079495418095
2020-02-26,0.004370503298157802,-0.01157979060424319,0.005153953885953744,-0.0036783889049551988,-0.005296208773446054
2020-02-27,0.00019483522153040944,-0.035210482587234804,-0.05007394552485123,-0.0449115526290319,0.010849101511364978
2020-02-28,-0.03649347478693177,-0.018314767200568127,0.0007780505421817185,-0.004201521699751853,0.022583620638402913
2020-03-02,0.005526297603759334,0.03211913570456182,0.051603405873440256,0.04330678832270585,-0.007357822259605573
2020-03-03,0.031434333360162325,-0.020393475182665877,-0.032067151469173716,-0.02863267457305052,0.015526060752829585
2020-03-04,0.0017545277375516921,0.028455926755808436,0.041722380744732224,0.04203276109685561,-0.010618835121393388
2020-03-05,0.021600945458936538,-0.03180864471947542,-0.030382345252752185,-0.033241319451262075,0.02489191643561628
2020-03-06,0.00038096105467699815,-0.019820827283473452,-0.01687208169369281,-0.016531588524441698,0.052043388318285366
2020-03-09,0.0016502348575044845,-0.0972301072630597,-0.0694647299294412,-0.078094490720379,0.02710347550564829
2020-03-10,-0.02110133630677158,0.031221375063918533,0.05445095215798457,0.051745041588048046,-0.05125825932845096
2020-03-11,-0.0035603512879937016,-0.06360173316626305,-0.043554892059255335,-0.048748447518170424,-0.03679761285463712
2020-03-12,-0.0398882588306293,-0.11050216708281824,-0.091691442405478,-0.09567707536260883,0.006196540494915581
2020-03-13,-0.03051623730778741,0.0669823509764973,0.0847055447455829,0.08548634479022432,-0.02260302017485505
2020-03-16,-0.011446115323986206,-0.13266934305697486,-0.11978791443335657,-0.10942376747268323,0.06476612846731711
2020-03-17,0.0135554799295321,0.0458405267952946,0.07584166683924165,0.053992173301801394,-0.06668316539954289
2020-03-18,-0.019921988429849713,-0.07751212357877146,-0.030416286344948085,-0.05063298621094481,-0.05641311398573212
2020-03-19,-0.018905499074657994,0.0390116853755238,0.006002481799658899,0.002124830690092727,0.02722619582489827
2020-03-20,0.014995707221804766,-0.023779924566653787,-0.03917602552116661,-0.043094183974327516,0.0751952270148073
2020-03-23,0.044179590424960224,-0.014792895818948493,0.0007220159826064609,-0.025568067461857025,0.041209230851584566
2020-03-24,0.048530353360380474,0.09149166051166135,0.07743747959700942,0.09060327982205774,-0.01861467279902962
2020-03-25,-0.01368964099270864,0.012428758471965562,-0.007404908827215562,0.014970141378483737,-0.002270812594724503
2020-03-26,0.012822223412266576,0.06219860775653041,0.05266037957839442,0.0583896268924986,0.004921918586009433
2020-03-27,-0.006460489804721581,-0.03638382720626521,-0.03439285400459391,-0.02978558087260208,0.026692572340501153
2020-03-30,0.004400644787818209,0.022032617328733295,0.03637333336054871,0.03247584378394097,-0.008228772458487743
2020-03-31,-0.03184668568859872,-0.005041808892746413,-0.008539876789104839,-0.014905465657021888,-0.008116702053989067
2020-04-01,0.009456223354449733,-0.06814602349188015,-0.04248935663732312,-0.04500481296544756,0.014010475469790062
2020-04-02,0.0163934225377782,0.009469273231671016,0.02029509099125848,0.023075231252535522,0.006345279655625147
2020-04-03,0.0049374590529023266,-0.02832716293826487,-0.014192742696967575,-0.014454091662194024,0.002380053915788549
2020-04-06,0.027710521817620126,0.07656265080826197,0.07149464927800198,0.06716623176009273,-0.0026114091737795553
2020-04-07,-0.005354484768834378,0.0025748457344769715,-0.00040713820104110177,0.0010195102225529773,-0.01047181902836436
2020-04-08,-0.008907968786563414,0.045607585902283754,0.02123220702856221,0.033568546799374266,-0.007276723137494501
2020-04-09,0.026123560972308058,0.04785287034121333,0.001445819294981332,0.01521746541575486,0.0018169646506691617
2020-04-13,0.017140343933811808,-0.027077322810655335,0.010803627744226274,-0.009130384481894294,-0.009129682365874192
2020-04-14,0.007868093580683189,0.02027098107964842,0.043491267422579805,0.029492871673842957,-0.0002441232017127426
2020-04-15,-0.005101958505246418,-0.04079463616927015,-0.011470202348475955,-0.02124809466468891,0.026489156063285613
2020-04-16,-0.0008649946516461338,-0.007555363498057743,0.018240015627677186,0.004824438178878676,0.01135746502245727
2020-04-17,-0.019417471147623044,0.04405112383694321,0.009566394728679928,0.027015301771601052,-0.013404881658587886
2020-04-20,0.007126124562213176,-0.011797476925000439,-0.011844444600605741,-0.017617831484255664,0.008044500742999894
2020-04-21,-0.006825274631933054,-0.023876705665234033,-0.03689952353014381,-0.030363289875534938,0.0125915923676434
2020-04-22,0.019670860003665247,0.012145340251390024,0.02967449911980946,0.02219456017649546,-0.01021669268050196
2020-04-23,0.00995486708021609,0.009818135824503749,-0.002132970233882703,-7.202976567977082e-05,0.005308558797057605
2020-04-24,-0.004285520778353313,0.017201121885497495,0.015770437384323932,0.013938822806905282,0.002347272723278726
2020-04-27,-0.006640444141094992,0.03962097704566969,0.008043212951799328,0.014418802644075246,-0.01861419669310771
2020-04-28,-0.004456556273727319,0.014536976442941496,-0.018834542713492164,-0.004598610572848272,0.011511148168229957
2020-04-29,0.005533445721913166,0.04918326658941896,0.03546101827370407,0.02617852642922891,-0.00518851644803342
2020-04-30,-0.018116569301821484,-0.03801889697010996,-0.0004111105929951453,-0.009310790309914996,-0.011677060483369028
2020-05-01,0.00617125761149806,-0.03967461988047449,-0.02818493201719041,-0.0264733270042391,0.00856327368367249
2020-05-04,0.003504803873276119,0.004315322715319203,0.011657510622788747,0.002758030588493554,-0.004703588178257778
2020-05-05,0.004241037483481591,0.007717902477293981,0.011337115813485177,0.009239548059561065,-0.006401320633870999
2020-05-06,-0.012855591040204617,-0.007342974140939429,0.0061564025565699065,-0.006778961515831683,-0.016135723782343292
2020-05-07,0.015350754880484763,0.013681107984221397,0.012876691864371015,0.012066874729846466,0.016705881686357005
2020-05-08,-0.006010293229887331,0.03860628385654352,0.01370485977530378,0.016546081862111484,-0.01300063895051784
2020-05-11,-0.006233636774804485,-0.0049862654726375855,0.008938806997054405,0.00020521626328728892,-0.007805644056029237
2020-05-12,0.0038890673962401756,-0.035915085425159976,-0.02093729675187128,-0.019931236185588896,0.010264145442670625
2020-05-13,0.00962264814750724,-0.03347230960338943,-0.01251546882403165,-0.017685995845999614,0.006996571096293813
2020-05-14,0.008850059782004704,0.0032593896597974403,0.011352213189765648,0.011966959773267227,0.009787748876922908
2020-05-15,0.0056438144895878395,0.015919394764003947,0.006491437957158563,0.004597194652491643,-0.0025736385650135807
2020-05-18,-0.007564144999551381,0.060760928618576626,0.018631929209016684,0.030459822733005737,-0.021953788019575038
2020-05-19,0.00965020617044443,-0.01974641197113025,-0.002506267400833262,-0.010271359033178551,0.0037410230952319434
2020-05-20,0.0023742810342795018,0.03029376235907888,0.01996838957734126,0.01698812058281174,0.002993914256488983
2020-05-21,-0.0145763375976391,0.0017910344389884258,-0.010890638521438345,-0.006903973500730687,0.0024981655063121
2020-05-22,0.005916836449104457,0.004841942034965463,0.003451469888929193,0.0018992788874878652,0.006016102666509093
2020-05-26,-0.014214859559966153,0.02883831941620696,-0.002699389820422393,0.012320122281652246,-0.01341016442817966
2020-05-27,0.0018024320171106112,0.031056175579163403,0.0054574284321453614,0.01487942783810281,-0.001836781036056112
2020-05-28,0.003350344766475555,-0.023691246337120386,-0.001302616092451414,-0.0018451528901558545,-0.003680758877201429
2020-05-29,0.0073584122707384125,-0.005726680732198286,0.014652731496918037,0.004455903811052986,0.007142072588818715
2020-06-01,0.004603768848692402,0.00957532605514455,0.0029997219015558407,0.004041943708270157,-0.006732902932567786
2020-06-02,-0.0064768271714218395,0.00827226272881676,0.006707794339193995,0.008279950484513243,-0.0036359328922130896
2020-06-03,-0.01845018380928054,0.024117654400368282,0.004498670724162768,0.01330821172016683,-0.013296747106874451
2020-06-04,0.010526269495827023,-0.0014504443184649718,-0.007013510142111157,-0.002626855040575471,-0.01447930241651263
2020-06-05,-0.02027532426346157,0.03866098151958042,0.019827169382842236,0.0256298336297327,-0.007123043131049167
2020-06-08,0.010822142733466267,0.019376961824770778,0.007760017457655977,0.012087344452878401,0.0038434261476911757
2020-06-09,0.00964183116931494,-0.018485977877107374,0.007245000097211518,-0.007456616273616157,0.0113584746069475
2020-06-10,0.014324773012967418,-0.02715294756268738,0.01200153253776537,-0.005580091383180608,0.014827563960517098
2020-06-11,-0.007214084989501601,-0.07627582414266021,-0.04954911535209583,-0.057648980662978855,0.018900639798498098
2020-06-12,0.0014163170663434865,0.02399492846401996,0.007948031958866508,0.011975477142941449,-0.00964166776893638
2020-06-15,-0.0017832572551969017,0.023119515705892102,0.012167270759873228,0.009335687483811306,0.0005553865206409103
2020-06-16,-0.0004928345355281749,0.024044626834797356,0.017172849571952753,0.01924780116819491,-0.015334022627568888
2020-06-17,0.0019106166939522051,-0.018077346894811663,0.0031705608319643197,-0.004153761316309845,0.00412799578292522
2020-06-18,-0.001968455156468263,-0.00035285965064824065,0.002708821864639832,0.0003850152692712605,0.010587726353380011
2020-06-19,0.011032995719469696,-0.005151133427454768,-0.0001636063061973836,-0.005714879236965786,0.0008015577882178881
2020-06-22,0.006462217682632332,0.010000682597089083,0.011992897963097215,0.00641507902964622,0.00012330205082200507
2020-06-23,0.008419646377624934,0.004213411192338867,0.008510799188674145,0.0046038095516218736,-0.006835084240174205
2020-06-24,-0.0034839130582626776,-0.032447494124322795,-0.020615663509118032,-0.02550871827419321,0.010725468445484054
2020-06-25,-0.0006027175913517757,0.01510556808474739,0.009519633922203896,0.010720459400704874,0.002882406413414307
2020-06-26,0.004463149702982783,-0.02691308979486018,-0.023615202779953326,-0.02375146392186489,0.01070383687568377
2020-06-29,0.0005404803669293301,0.032706035537025446,0.01090683329065567,0.01469777352001933,-0.0031468191332801876
2020-06-30,0.004440918278166173,0.014453833480245315,0.01960125555420511,0.01280940656183338,-0.004856625904761103
2020-07-01,-0.004481089931769877,-0.009498673656790357,0.011672244665954734,0.00700444868504313,-0.0019420428798468947
2020-07-02,0.0021606086958432247,0.004089755540138684,0.0067865097322796775,0.005507385075911531,0.0010406771629238865
2020-07-06,0.005988741319838731,0.007233070194778701,0.02458463242917519,0.015437246548053674,-0.004096168263517552
2020-07-07,0.006310260659329048,-0.017708553423402718,-0.006888863033175929,-0.010313961311242292,0.014056229277931154
2020-07-08,0.006211565862881185,0.007452752673350327,0.013171821926286187,0.0076486027261928324,-0.003994938461670761
2020-07-09,-0.0027044004055614135,-0.020220039070943052,0.00842335965620622,-0.00569288325665307,0.015922630821489037
2020-07-10,-0.0025938951172596036,0.01610699040596808,0.006827742595418185,0.01021055899906842,-0.005025354143075034
2020-07-13,0.0012411575864292868,-0.012667321366960693,-0.020570733560368648,-0.008658969597830302,0.003306823501672662
2020-07-14,0.004663568910189042,0.016556685595596088,0.00707787955447059,0.012959150417882537,0.0014379158288138072
2020-07-15,0.0008813320073604025,0.03666374922744109,0.0020360311718141677,0.00918707930683249,-0.00466678208742155
2020-07-16,-0.009451688651900159,-0.005917030004242929,-0.006822526221456515,-0.0032932439177614237,0.0047487795968519375
2020-07-17,0.008238009985450212,0.002941865266247401,0.0011578610697857705,0.0028989216359855963,-0.002093709243820352
2020-07-20,0.004820170160796611,-0.004297599101000027,0.0283707800607631,0.0080816678535649,0.0024582757138909006
2020-07-21,0.012050997596656066,0.014181916603185796,-0.010420578339444209,0.0021275989870621625,0.0005984278335127158
2020-07-22,0.015202340363078104,0.000540348298040394,0.0035226572398610045,0.0056920235827429,0.0029886508984160454
2020-07-23,0.008825301770064575,0.0010127158453032692,-0.026120064160773393,-0.011931668840911791,0.011681017235502411
2020-07-24,0.008578870839228259,-0.014703847172778062,-0.009495724140655915,-0.006440306471721335,-5.880427676596689e-05
2020-07-27,0.019753770786684832,0.010405115150639466,0.01784310302330705,0.007292335094868374,-0.00371200282611972
2020-07-28,0.00834113103275036,-0.009959482680155896,-0.012724947004587372,-0.00634259403310522,0.0069190592843761944
2020-07-29,0.0075102306547618625,0.022035153188989298,0.011525999981622181,0.012298807030556302,-0.0017031451754980775
2020-07-30,-0.007400261112960993,-0.003950176034646535,0.005235401385920602,-0.003567937028817747,0.006588691394860513
2020-07-31,0.00908793109962347,-0.009411225360720366,0.017845849984537976,0.007902220721649256,-0.0006426399662269322
2020-08-03,0.0011325390830079218,0.016286697504455327,0.013506706711968075,0.006952281600520527,-0.005035155514801937
2020-08-04,0.021277725496816835,0.006877706822143281,0.0037120701556847546,0.0038622790345161917,0.00953217402342954
2020-08-05,0.009283241730161151,0.019895415965706764,0.0024780902262235838,0.006210956232743481,-0.008742814756997674
2020-08-06,0.013274069532868138,-0.00039040032392534396,0.013244714848247297,0.006684743615752664,0.005585869507954255
2020-08-07,-0.01588530528005727,0.0158716758125792,-0.011542148754270953,0.0007178177161777377,-0.006665705328373073
2020-08-10,-0.003458957447482258,0.010373292767348996,-0.0042735498419324,0.00298905646583858,-0.00447390190814978
2020-08-11,-0.05369440853432972,-0.005766795214423803,-0.018940799554514887,-0.00825436922129763,-0.011884813332089794
2020-08-12,-0.004668202325739945,0.00407955029658269,0.025151387659903657,0.013941901747490437,-0.009096014846649791
2020-08-13,0.023618065792215592,-0.0020948585096959293,0.002280811175754849,-0.0018075167098871026,-0.010689055354036636
2020-08-14,-0.0043092158240957135,-0.0006364898249165973,-0.0011744730460110375,2.9662683573183912e-05,-0.003906960302575757
2020-08-17,0.02169391289315903,0.00515632180166703,0.011611024102869294,0.003176642578484934,0.0025127627821897036
2020-08-18,0.009008003623491856,-0.009562688385476803,0.009624908446173919,0.002160497549562157,0.007151520238961595
2020-08-19,-0.03156545548841261,6.362054416708673e-05,-0.006727233501061414,-0.0041641590579485355,-0.006251010876220486
2020-08-20,0.006913929262821528,-0.004091863054401901,0.013871969181910693,0.0031138120222382604,0.009039223063292967
2020-08-21,-0.008010905834894388,-0.00738327886289436,0.006929993298739667,0.0035472765366859615,0.005992461661282533
2020-08-24,-0.005658401286623649,0.010478166054997073,0.006244244983724334,0.010133121687302626,-0.001624630764522239
2020-08-25,0.0012154763574758753,0.001087868551040705,0.007862284772810924,0.0034993750636749255,-0.0076533972709604825
2020-08-26,0.011808847672626355,-0.006265548168568502,0.02133908151869912,0.01002552439621307,-0.00382604217061544
2020-08-27,-0.011561927956646234,0.0024448227990674365,-0.00311665671966066,0.0021865951241690773,-0.01700961163117376
2020-08-28,0.0173802350530341,0.008471940251582932,0.005084941451337421,0.006459517269945536,-0.0007433896256214823
2020-08-31,0.002386259791001155,-0.010755816363756998,0.00803352288317094,-0.0036225977275000654,0.006640756407778836
2020-09-01,0.0011902895553947967,0.011452131152040801,0.017091477244778774,0.009418543285753644,0.011436991913496675
2020-09-02,-0.013131628719242117,0.007951175502399543,0.009469310320156188,0.014464236578976664,0.009520879106617253
2020-09-03,-0.00810423703378893,-0.029534683830901298,-0.05070042115163276,-0.03441462681822238,0.0028409392219204133
2020-09-04,0.0027602959130217375,-0.006371980314145209,-0.013325978120028448,-0.008164703526952422,-0.018988211955125456
2020-09-08,-0.0019269219593246456,-0.019241299330154504,-0.04806366741127133,-0.027322765062941734,0.006145152172854829
2020-09-09,0.00970825655471863,0.015147547325219168,0.029375567549573933,0.01974735318770504,-0.002688041117634543
2020-09-10,-0.0032231430104036063,-0.013015228730675066,-0.019936752683153425,-0.01736371427971739,0.005082800067631732
2020-09-11,-5.486005292487661e-05,-0.006659965019702008,-0.006939434844754899,0.0005092964818185219,0.0021328212172575522
2020-09-14,0.007892586821005798,0.026349215707468288,0.01741519641758349,0.01317092022007249,-6.0768036874603304e-05
2020-09-15,-0.0023927480714920346,0.0018945704016404274,0.014173666290385523,0.005052553568069884,-0.002432377712248246
2020-09-16,0.0028345831622316187,0.009454195731357862,-0.015946562840504885,-0.003968912264517677,-0.0029864797764801443
2020-09-17,-0.005489995652194879,-0.007298734953958497,-0.015621893887669325,-0.008794937915118206,0.0030565279454601857
2020-09-18,0.0013117087099276947,-0.0026026675753328954,-0.012762868759447654,-0.011512515995586003,-0.003108022242189201
2020-09-21,-0.020087296599797022,-0.035031808227487415,0.002398206220504351,-0.011129906094603959,0.00507419138674603
2020-09-22,-0.004846314367596194,0.0077070128554797,0.018578593022403833,0.010184531370092564,-0.000790800242198797
2020-09-23,-0.021606497297661065,-0.02979227049920785,-0.03053422068730749,-0.023190728346866418,0.0013390377289954625
2020-09-24,0.003718800733685912,0.0,0.004656591420342027,0.0026653509349983118,0.0038300946318881035
2020-09-25,-0.0028499771605223767,0.01624202480493686,0.023248071868648745,0.016166849635356195,0.0
2020-09-28,0.01006056066236427,0.024656797801803965,0.02076942470766374,0.016609192254646743,-0.0028459946304215666
2020-09-29,0.008432402483858015,-0.004532777263058119,-0.0045094993013108375,-0.0054458140716246994,0.0011539387186534356
2020-09-30,-0.006004867330144381,0.0030130893083668564,0.006849107332213,0.007581835584052676,-0.009585433933354204
2020-10-01,0.008920516455577454,0.015955688654401667,0.01587265097233881,0.0064199316405038065,0.0016495248226564563
2020-10-02,-0.0008953758525005462,0.0044029890522230275,-0.028131431098421755,-0.009494556383762398,-0.003733820454539072
2020-10-05,0.004872915921881216,0.027608508582493085,0.0213262667499865,0.017733338340728988,-0.019539236635508495
2020-10-06,-0.011760774579356315,-0.00286490751148194,-0.017846860725394875,-0.014216167917481815,0.0053892697881148255
2020-10-07,-0.0004512229536247636,0.02183612409341129,0.017299140834685645,0.017406654145262657,-0.007292837530437413
2020-10-08,0.0035549310375408982,0.011372453896272283,0.005322757209366369,0.008862454854363877,0.005399983147979626
2020-10-09,0.018161347296547614,0.005189619038064253,0.015280296417513162,0.008930289655232793,-0.00018751661224702953
2020-10-12,-0.002871682500567352,0.006699310057808994,0.030870314263387044,0.01608777687216789,0.0031859474173809854
2020-10-13,-0.015728823528417535,-0.006654727971775798,-3.386442798225531e-05,-0.006526198560394603,0.007160111847397843
2020-10-14,0.003094772946095059,-0.009895715502566405,-0.00835261819352695,-0.006283352201964076,0.002288159709300963
2020-10-15,0.003646120384284801,0.010305188958507516,-0.006711013899169727,-0.0012359017025355135,-0.001727107795506777
2020-10-16,-0.0034652086045857677,-0.0024578182352809064,-0.0054809844492318405,-0.0006042084901749512,-0.0027806674695816103
2020-10-19,0.0005047466985432791,-0.011949758873488592,-0.016324729615190492,-0.015203512975195843,-0.003779945087190262
2020-10-20,0.0048209014703402,0.002181887833065277,0.002149041767287585,0.004005807521197502,-0.009515282799873237
2020-10-21,0.007531414803434444,-0.008584127975930111,-0.0007735182401840124,-0.0018929075359093162,-0.0034544341854916283
2020-10-22,-0.009800687777642758,0.01725420759483165,-3.520726784289607e-05,0.005485190920537564,-0.010396771824659146
2020-10-23,-0.001062475196895396,0.005798032709201317,0.0019706799493528493,0.0033949967588895458,0.00611264348665741
2020-10-26,-0.0005037860400700644,-0.021585923637206128,-0.014996065618477994,-0.01847960559674544,0.0093030556683118
2020-10-27,0.0026323226696718383,-0.008586392587532132,0.007808618288742908,-0.0034477916039242773,0.0067095304594166905
2020-10-28,-0.01614344386479838,-0.030787946462451532,-0.0389872526646603,-0.03417850281405921,0.0009342999564883048
2020-10-29,-0.004144728133141373,0.011936543852754555,0.017486592990420657,0.01016312793894647,-0.009707737822776452
2020-10-30,0.004561020978312902,-0.013213863530253223,-0.02536279110802475,-0.010424854020199548,-0.00986542146526237
2020-11-02,0.009704919089013941,0.017832581469781283,0.0022271720124791283,0.011208544510226126,0.007491045720725786
2020-11-03,0.005676996717700833,0.028366267643157084,0.01729762890651676,0.01765619400310592,-0.005802389985599676
2020-11-04,-0.0005588578456844351,0.0011233329702275974,0.04463856317466042,0.022349007136181376,0.02169277058701069
2020-11-05,0.022983923404670703,0.027989014691707226,0.02607111802342299,0.019502752375752497,0.0017377117932311226
2020-11-06,0.0014213621387162423,-0.007822442362853677,0.0007469747735429078,-0.0002282404465437926,-0.012084466655078674
2020-11-09,-0.04427097823171633,0.03624244170419444,-0.020433505108616523,0.01256553244283043,-0.02101508803712404
2020-11-10,0.0033127817282887495,0.01857879255022743,-0.017914714771552598,-0.0014666871999181597,-0.005767132410608777
2020-11-11,-0.004326595410341194,-0.0004054170709330007,0.022369505206292217,0.007428809820434479,0.003609280845064289
2020-11-12,0.006060679556170845,-0.015350921499775683,-0.004693540290401366,-0.009701008776788478,0.017017099775967992
2020-11-13,0.006819714153532219,0.02070841867756479,0.00877250115617123,0.013844243525377165,-0.0013246933652548698
2020-11-16,-5.650127239831271e-05,0.02380398947559348,0.007802572190501955,0.01248264179474634,-0.002403331970319611
2020-11-17,-0.0036691725592956637,0.004672719237657663,-0.0031718338322646034,-0.005378161943093929,0.0065279648793203915
2020-11-18,-0.005722348480656891,-0.014008773106762629,-0.007390225047251953,-0.012034673963709386,0.0028969400896308173
2020-11-19,-0.0018804594035273237,0.007672136521953199,0.007824407217967844,0.004209851432736,0.005148020581422941
2020-11-20,0.0030257979459697992,0.0010714546137735592,-0.006840445807882345,-0.006847749629079858,0.008870324187322476
2020-11-23,-0.0196938167555728,0.01870456835274048,3.456511558508346e-05,0.00599452791699262,-0.004581486838216797
2020-11-24,-0.015328336846880064,0.018803158552397115,0.014049962960262175,0.016113662134166873,-0.009952479380433421
2020-11-25,-0.0004717367343725076,-0.0034200546162591605,0.00614663101023738,-0.0015417600957482458,-0.0030784877723216697
2020-11-27,-0.010146901518740647,0.004248695405836944,0.009214489415040106,0.0027850858764146835,0.009705203996739131
2020-11-30,-0.006674981596057172,-0.018170021409206538,0.0020397249696471054,-0.004427018730262411,-0.001248248048708711
2020-12-01,0.0210595460814611,0.009280742251470464,0.012816632722948418,0.01093738105007036,-0.014744177241335588
2020-12-02,0.00752153069206285,0.0010399334627271273,0.0012850615790642728,0.0021038704186107093,-0.007936692212996421
2020-12-03,0.007873502810363364,0.005631910885703029,0.0014152328636394262,-0.0002730967322012168,0.008064295468622085
2020-12-04,-0.002835427586930339,0.02327089874147359,0.004074974652908958,0.008617662883541266,-0.014665969472871687
2020-12-07,0.014914066598165077,0.0009563585040226474,0.0056626354524336175,-0.002054823498131686,0.009020733560812344
2020-12-08,0.003487910186290799,0.012846361641394743,0.003384697056710406,0.002926542947197408,0.00472483174231364
2020-12-09,-0.017094017094017144,-0.007284826770575736,-0.022641041499543824,-0.008968988974692893,-0.003304808730812181
2020-12-10,-0.001913054093070632,0.009661534123868387,0.004015730854974864,-0.00032721634193544347,0.008863786911322613
2020-12-11,0.0018586706605219216,-0.004915301912951198,-0.0022146077997502456,-0.001172455272192563,0.003540002463328973
2020-12-14,-0.005507636250083436,0.0011700870643320815,0.007255431853769423,-0.0044775395132606866,-0.0027715394895974077
2020-12-15,0.013990959829817351,0.025009287344170295,0.010689315558650048,0.01351969541860365,-0.0033474091889729163
2020-12-16,0.005519095329445722,-0.0035956378188828353,0.005499570517239816,0.0015695699178255307,-0.002661843642435713
2020-12-17,0.010520363984510617,0.011908298126047212,0.006537503144058432,0.005591756333416686,-0.0026460481755434806
2020-12-18,-0.0016974258370123785,-0.004839446381834089,-0.0030222648846772726,-0.0039927688171641496,-0.002997476478667438
2020-12-21,-0.003173869592184575,-0.0005122107669071063,-0.001870629633192622,-0.0035756969156722773,0.003966166845879693
2020-12-22,-0.007903112071065643,0.011370743798572391,0.002718990907077945,-0.001685451103841551,0.005160846785020823
2020-12-23,0.00664787877129025,0.008507955134199552,-0.00503632558315914,0.0008986911063308956,-0.006909115519780573
2020-12-24,0.003985267471422693,-0.0006528349677216161,0.004412786452033357,0.003890388072196105,0.0039569952744276105
2020-12-28,-0.003629142996869339,-0.0037183650895266096,0.010079058461339274,0.008590701018870384,0.00044521384457985036
2020-12-29,0.003642361648136694,-0.019367729108232257,0.0008951637852410155,-0.0019076638496781095,-0.0012711210033399256
2020-12-30,0.007655178894261816,0.010183705273075994,3.2113579307324613e-05,0.0014268353327602235,0.002163790726883885
2020-12-31,0.003714145601823482,-0.0017819426517796666,0.002460222588126948,0.005080743620657691,0.0014600300252989307
2021-01-04,0.022258360658879317,-0.013057088158316965,-0.014120071259050015,-0.013613928607889902,-0.0012041393212243179
2021-01-05,0.0029616260665272787,0.015452103227083347,0.008244269941480864,0.006887345502512021,-0.007427233810498812
2021-01-06,-0.01624105266038789,0.04091827899642153,-0.013852408488592038,0.005978566627524717,-0.020527985006615346
2021-01-07,-0.00233462025122122,0.01779678827435016,0.024192049476821076,0.014857458589762285,-0.008814256384185648
2021-01-08,-0.03420993723985433,-0.002161685465209451,0.012858075870355368,0.005697735746331478,-0.0032282968531138767
2021-01-11,-0.0019614419353504164,-0.000866594101445628,-0.014450029696089883,-0.006740905399051034,-0.0016516821394753078
2021-01-12,0.006473960214956609,0.017924314090896898,-0.001590331392458455,0.0002113163112520411,-0.0007942639168787569
2021-01-13,-0.004307374345463466,-0.007147660079629858,0.0067532415559468095,0.0026929177090406764,0.011261815284062449
2021-01-14,-0.0005190998467168306,0.019976155859844358,-0.00534747135460667,-0.003501981993239922,-0.009367889166433718
2021-01-15,-0.012407628760563338,-0.0149104761415223,-0.007921058179278573,-0.0072926470029668344,0.003967964521728984
2021-01-19,0.00847307255811236,0.01281125349162382,0.014590201890124721,0.007852036543351426,0.0032276194766132082
2021-01-20,0.016282289539807593,0.0044039419473973496,0.023260446887403807,0.013838676240348846,0.0009846599070655326
2021-01-21,-0.0006271772092728556,-0.008675955254981105,0.007999750892948798,0.0009115930504615122,-0.007018147819702225
2021-01-22,-0.007873145210082533,0.011621852345238715,-0.0028802971411919787,-0.0035394706157260147,0.0032365537999548
2021-01-25,0.0008626173693986328,-0.0009768553651563483,0.008266097140346096,0.0039437441800316275,0.01178523322733005
2021-01-26,-0.0024705999829396363,-0.006936755301311215,0.0014630027528459433,-0.001560819644856326,-0.0018863161743831736
2021-01-27,-0.006335623059913753,-0.018330831105944023,-0.027876590318506755,-0.024440645904966418,0.0025422783946147387
2021-01-28,0.0009273614616172043,-0.0032000788396119306,0.005916737966684016,0.008600382941524654,-0.005527527573940816
2021-01-29,-0.0004053281700162614,-0.015139963422718616,-0.021038108889663287,-0.020019445606853425,-0.0060164183176464325
2021-02-01,0.009385291185094458,0.024567204548512134,0.024987274823280226,0.016645339361350597,0.0011590855682177548
2021-02-02,-0.012167796413785958,0.014244147943795582,0.016314300631999012,0.014140389004301257,-0.006446972546178986
2021-02-03,-0.0015106298641213156,0.002996120449871631,-0.003967576955369867,0.0007861330974079372,-0.008873127513068457
2021-02-04,-0.021530474690833024,0.020396921180137362,0.011826586508274506,0.011365817984892113,-0.002672532191570598
2021-02-05,0.009872160109213546,0.013859624569147577,0.0033915920244425024,0.003935938864315425,-0.008373851110674235
2021-02-08,0.010070118005137685,0.02553555364072868,0.006699595317297247,0.007221899894378714,0.004391497513989373
2021-02-09,0.0032649110578624185,0.004707418906995553,-0.00020976969396602207,-0.0006657609001862186,0.0007399398824039505
2021-02-10,0.0036611162023989507,-0.006567948809186208,-0.002278757661778763,-0.0004356723072699298,0.006653468724787448
2021-02-11,-0.008685078696598514,-0.0011461716725666982,0.005499801505387758,0.0016150131799013145,-0.005474604177773679
2021-02-12,-0.0030372306060941767,0.0028244019652283736,0.005589028082660263,0.004939760121711156,-0.012419362836085024
2021-02-16,-0.014353488272303538,-0.006292477711398847,-0.0027047702438867116,-0.0008661238083014222,-0.01522676251182542
2021-02-17,-0.011352850687983307,-0.007837796497145888,-0.0047982979488149224,0.00022941060584913409,0.006350194075281479
2021-02-18,-6.0088418961767864e-05,-0.015486901633742889,-0.0043722360798685855,-0.004255791060770342,-0.004046601909348024
2021-02-19,0.004148551901348441,0.02085310919855221,-0.004361301853515465,-0.0017660378957744527,-0.01329183062095518
2021-02-22,0.014969164015496528,-0.006483392805128774,-0.02591990141619338,-0.00769174839434883,-0.007608550480638909
2021-02-23,-0.0023007456922117253,-0.008805143189561604,-0.0029770685654033624,0.0012144677641345858,-0.002883558860623525
2021-02-24,-0.0007095264939214196,0.023628949282319178,0.008242842283407992,0.011019240180842216,-0.006559987575955328
2021-02-25,-0.018816524708764826,-0.03696017519749972,-0.03486250959760406,-0.02409590537593609,-0.01633025274631339
2021-02-26,-0.024182906697045592,-0.0013722515207580388,0.004187744522284209,-0.00515230077643869,0.03305906158574934
2021-03-01,-0.0017304170540851649,0.03554570654355982,0.030082166882202444,0.024239837722354052,-0.013207693111120355
2021-03-02,0.005447934683729505,-0.01924191076400872,-0.01603877592874292,-0.0078030466186435055,7.102005012082913e-05
2021-03-03,-0.011021541189334294,-0.01082453856745591,-0.029020174309251523,-0.013245708852111071,-0.010845950977679486
2021-03-04,-0.009836893780889033,-0.02794991325286389,-0.016367112903943437,-0.012374750115541677,-0.00644944431819916
2021-03-05,0.0006288110395962221,0.021201675306852907,0.015060629814728221,0.018396491149737182,0.0019472659032959694
2021-03-08,-0.010368190918767173,0.004731072219883226,-0.028313690337803177,-0.004978670185680323,-0.0077744960760586235
2021-03-09,0.02127113294736649,0.021029328254312585,0.03944114383149544,0.014277562948887823,0.013857548104847961
2021-03-10,0.005098279923459348,0.017372838125214063,-0.002854611743790314,0.006224295032140281,0.0020038173829897143
2021-03-11,-0.000866011298261804,0.022005169271764657,0.0230313827265336,0.010139275094793732,-0.007213600821350585
2021-03-12,-0.00018572795011984056,0.005899502873182083,-0.008112473745556237,0.0013468154027971302,-0.02122131568724872
2021-03-15,0.004396503999798185,0.0035533222299368727,0.010682848691950575,0.005963677945509005,0.0058798474838333
2021-03-16,0.0009248406787658592,-0.016722299816895547,0.005488925218380736,-0.0012613803810125335,-0.0040186407916869005
2021-03-17,0.00714498527693741,0.007852507041423484,0.0041176602558983255,0.003409781375504961,-0.007483237292717715
2021-03-18,-0.005810023730399405,-0.030433388527371763,-0.030630435319231597,-0.014549670539670045,-0.010126427923941361
2021-03-19,0.004183119739068708,0.007547440748425727,0.0035249915377859597,-0.0018502030760448873,0.006197963290640152
2021-03-22,-0.0014702614866924923,-0.0075350138459148175,0.018753275331444774,0.007984859956095436,0.011205756371405862
2021-03-23,-0.007300628474884996,-0.03627391448481576,-0.004362657080956844,-0.0078706285653376,0.009026972443516357
2021-03-24,0.0034608341081703298,-0.023127332536437728,-0.016865372382497856,-0.005083568921630088,0.0053820202222893965
2021-03-25,-0.003633653726877295,0.023709952365324805,-0.0017315618484704531,0.005625746385407027,-0.007885406921463667
2021-03-26,0.0028434090575977233,0.018231268230523234,0.015000121407484635,0.016114938532679535,-0.0034997925326119006
2021-03-29,-0.011896005111092234,-0.028149034180531052,-0.0002845902471210193,-0.000505256165614365,-0.008488561876253353
2021-03-30,-0.017091823816998808,0.01683744984202562,-0.005033130889403603,-0.002653073839578801,0.005240170643869835
2021-03-31,0.015167857324082767,0.013439701446256613,0.015303012521435955,0.00405345119923628,-0.005580016898135476
2021-04-01,0.012628087827510459,0.012673132667971876,0.017046426839760098,0.010798984510331344,0.01659728168590724
2021-04-05,-0.0003704010382533651,0.0054973020662119065,0.01996482191092408,0.014353328932279474,-0.00436338728659913
2021-04-06,0.00802867506459215,-0.0029334102106266524,-0.0006948120667432667,-0.0005907720588882448,0.006792694459869519
2021-04-07,-0.002818323186048577,-0.016138477677581364,0.0024180304553125254,0.0011573624999030585,-0.006964349515494406
2021-04-08,0.01075202788807239,0.008473538659806934,0.010433686697309597,0.004746836454527781,0.008255253053836675
2021-04-09,-0.00753747660190629,0.00013460920033581125,0.006058278245878679,0.007270171317538265,-0.003622865982942036
2021-04-12,-0.006063609158189043,-0.003908580167046649,-0.0013051862707468276,0.00036446158459613187,-0.00043620447255665606
2021-04-13,0.007086479573175097,-0.0026157506043054113,0.011673423647114767,0.002963881093055898,0.0074936085394465834
2021-04-14,-0.004344315528953313,0.009858111140737869,-0.01200868637063135,-0.0034150897278488745,-0.003177801340089159
2021-04-15,0.016162763416190717,0.00434343085356681,0.015155581261922624,0.010742157965683674,0.016734716258643978
2021-04-16,0.006047777218550321,0.0016050102920150966,0.001170919759674982,0.0033425603676480176,-0.0077663369119984615
2021-04-19,-0.0027652942409929215,-0.01299791486139068,-0.00915160277551752,-0.004913082786200285,-0.0028721384828175323
2021-04-20,0.0035565515706876827,-0.02047538404767224,-0.007288713259424928,-0.007321501859777424,0.0046085189954767625
2021-04-21,0.009911155680072392,0.024448588512340663,0.008561178105829237,0.009462180443802426,0.0020073599205854276
2021-04-22,-0.006483147356353358,-0.004134908714909402,-0.012054683225619534,-0.009133213084540848,0.004364225090140117
2021-04-23,-0.003831414124593202,0.01886460791474187,0.012589373151535632,0.010842393156735186,-0.0023506905415686674
2021-04-26,0.002644245538133694,0.010409538414965391,0.006510813280536043,0.002087574600367459,-0.0014282117707773434
2021-04-27,-0.002517371003141977,0.001490174922009757,-0.004331929756262398,-0.00021527002812593565,-0.008723081449767855
2021-04-28,0.002944390689552989,0.0017072050738231592,-0.0033804744357268657,-0.00028745164622090424,0.0006493226087727066
2021-04-29,-0.004133978948338446,-0.003714224307491576,0.00359846630756655,0.00637269099800486,-0.0029554157305705653
2021-04-30,-0.0033690142851713345,-0.013597261262057292,-0.006554510157960269,-0.00657056049199034,0.002313351383126383
2021-05-03,0.012978352341882271,0.0048913296251444915,-0.005325665093297793,0.002156790796197683,0.0005999893090047337
2021-05-04,-0.007329692780131181,-0.011947311235353753,-0.017995772451329772,-0.006169385209588207,0.006785725217451244
2021-05-05,0.004142168530566259,-0.003985892868412222,-0.0033622108291559982,0.00031276446420336335,0.0016492916770001198
2021-05-06,0.01667957921247054,0.0008541785983007255,0.007537323158237852,0.007985620927801751,0.0016464503096897953
2021-05-07,0.00899681760120985,0.012579190101057902,0.008114322848560063,0.007278098132179389,-0.004931357377417789
2021-05-10,0.0030305045955998366,-0.025422419092678394,-0.025254184838816585,-0.009902297790276293,-0.010126779407110154
2021-05-11,0.000174300035968189,-0.0031867814594822574,-0.001381473750458051,-0.008924978839818798,-0.005660126306982205
2021-05-12,-0.009933813872024522,-0.03247186848186301,-0.025882998636864052,-0.02124515892454104,-0.010507689413309262
2021-05-13,0.004107329913244362,0.01840931408553992,0.007731446488337346,0.012012625939434418,0.0015483810490797278
2021-05-14,0.009115862292308208,0.024426376269754524,0.022076662362735533,0.015355222863195683,0.009351290348018404
2021-05-17,0.011639321781340195,0.0013575163264563095,-0.006066195249779249,-0.0025445483134275415,-0.002115435919786801
2021-05-18,0.001946172546249958,-0.007590706049146134,-0.006750853392802014,-0.008615564140512455,-0.002558164010509123
2021-05-19,0.000685616890880425,-0.0076946972708418215,0.0011484138756276963,-0.002621871931221653,-0.002418676638445416
2021-05-20,0.004567270124640199,0.006652935835395946,0.019343312758782316,0.010757982094701912,0.008228463166302102
2021-05-21,0.0004545724551812125,0.0025982374862338897,-0.005534783081089012,-0.0008185787570089698,0.003206273890492106
2021-05-24,0.001761036294059215,0.006500627733101005,0.01681896685270745,0.010194224663814477,0.003704605605426181
2021-05-25,0.009072814229376336,-0.009665654359682141,0.0013835229081715639,-0.002218787345052653,0.009263065076510424
2021-05-26,-0.0017420486873281904,0.018653570892999793,0.0034838915469892484,0.00198446113948747,-0.0017209863270308823
2021-05-27,0.00039409662496781017,0.010297823184530763,-0.0037409444107996404,0.0005251748218135788,-0.004022263278636085
2021-05-28,0.003770176937892389,-0.0006647594444233462,0.0031539894277134994,0.0017886399858166868,-0.0015864456173102504
2021-06-01,-0.0026909461441234628,0.01135245021545872,-0.003323863196046828,-0.0008808501642776356,-0.00022421426564533942
2021-06-02,0.004890446350902078,0.001184035780543491,0.0019530911298013542,0.0015724201637357105,0.002314694281311036
2021-06-03,-0.019578228541437537,-0.008365189697801978,-0.010406089389011441,-0.0037111950816481887,-0.0037533246403712583
2021-06-04,0.010783359066451448,0.004328235260149915,0.016969798359481647,0.009146015281322972,0.013694820967598886
2021-06-07,0.0040076283608136976,0.01341263727730202,0.0029798153750097978,-0.0009702307527015286,-0.0030738937516353593
2021-06-08,-0.0030920774052216604,0.010587759328659185,0.00047563728780142256,0.00021308859568147653,0.0070265980484109924
2021-06-09,-0.0019175027218333307,-0.006655311912428186,0.0002374261478004236,-0.001491994838337951,0.008829200802764614
2021-06-10,0.004294325821970535,-0.007415921893949018,0.010420151978126624,0.004648415022008079,0.005998913022968511
2021-06-11,-0.011252390785353672,0.010554688424821546,0.002615107107414083,0.0016525928727360029,-0.001613547749833355
2021-06-14,-0.005860923791407013,-0.0029345714455840666,0.009582682487419891,0.0022389237974169696,-0.007659522517768025
2021-06-15,-0.0037777095572453234,-0.002857047776366084,-0.006530888217732844,-0.0018341998822530847,-0.0012039994108180574
2021-06-16,-0.016891711518855712,-0.002127026161911072,-0.003652540345751354,-0.005583433945055671,-0.0008506578428938427
2021-06-17,-0.030740427140865334,-0.011223766898017407,0.01269774720147887,-0.00033166232172865406,0.014971772778015868
2021-06-18,-0.005547261946798776,-0.022702197741962693,-0.007847496057722503,-0.013490176681677402,0.018806300612908444
2021-06-21,0.012247646651096789,0.021383686587561623,0.006215267421287418,0.014315815204907878,-0.016743601104314276
2021-06-22,-0.0041928539145718036,0.00453987896545005,0.009321633570472887,0.005346091685187737,0.0024428297575473934
2021-06-23,-0.0006616578066259704,0.0032908522158074938,0.0004890274852376031,-0.0012053104072292653,-0.0025756492459546587
2021-06-24,-0.0006019387497473438,0.014125712461943829,0.0061828811236745995,0.005916044778121021,0.0016053261734243485
2021-06-25,0.0033124733437563947,0.0016819281308821932,-0.0012291029661622987,0.0035519242865584832,-0.010383688299376082
2021-06-28,-5.999463986816611e-05,-0.007921535141941827,0.012161899010271648,0.0020158506466914083,0.010281537225211412
2021-06-29,-0.010505462725200698,-0.004773428768803156,0.003618521023978305,0.0005380999050692559,0.0016726787054075487
2021-06-30,0.004853503869870712,0.0001307851890166578,-0.0015776323070854081,0.0008415829664516483,0.004453373706131414
2021-07-01,0.0034413575356286863,0.008806784425401393,0.0003953185863825315,0.00553661348083101,5.5260200243489876e-05
2021-07-02,0.006558341503640763,-0.00950773067752031,0.011478530232793327,0.007643650998220286,0.006034626921354702
2021-07-06,0.004961455343207799,-0.014529398949405081,0.0043219186411396215,-0.0018213788391827634,0.01172078024176848
2021-07-07,0.003806801143447114,-0.009297946754863395,0.0021099942241984415,0.0035339114574310937,0.008859012099192931
2021-07-08,-0.0006518168637834609,-0.009206288998948153,-0.006039669989931884,-0.008147957662492544,0.003918270530028689
2021-07-09,0.003320562334123478,0.021109724505565586,0.006243692099069387,0.010674783287530465,-0.014063148127837155
2021-07-12,-0.001241101031467462,0.0008392552158167366,0.003905605535923673,0.0035820474687096038,-0.0012965679663115015
2021-07-13,0.001301782371024407,-0.01884628038619751,0.0,-0.0034092255358949553,-0.007653173695451043
2021-07-14,0.010755182911599048,-0.015429748702242785,0.001793572721303871,0.0014922429313801722,0.011362036121627117
2021-07-15,0.00017547964957964624,-0.005665389649719299,-0.007023805846000375,-0.0034154939902226733,0.011030300154772466
2021-07-16,-0.00970365108457183,-0.012314623017739112,-0.00809931962656063,-0.007843527222251345,-0.0018853984322069195
2021-07-19,0.0011805498135817327,-0.014980196987134708,-0.008193140587363867,-0.014767948962045252,0.021927646339457985
2021-07-20,-0.001297100524211059,0.03103025982996499,0.011616282211956763,0.014330236062739532,-0.009638992378903977
2021-07-21,-0.0037192566567244567,0.017224015042015983,0.0077203482216738895,0.008096307063770514,-0.012666900893056221
2021-07-22,0.001955450591350383,-0.015896571218335986,0.006610244778884056,0.0020943786456844027,0.009453473291963554
2021-07-23,-0.0031344183025339145,0.004667471855037686,0.011677436638749539,0.010287664477732772,-0.00668911048509524
2021-07-26,-0.0023730060647713103,0.0029149868187654526,0.0007874474042315338,0.0024550949421644486,-0.002962788116966486
2021-07-27,0.0016650735799190741,-0.01167165932559766,-0.01101780013008935,-0.004557673488650216,0.010670841488390703
2021-07-28,0.005046252863966982,0.01470463855336912,0.0038416144753656845,-0.0004100615335725921,6.680983393958506e-05
2021-07-29,0.011105233370970247,0.007698446574277096,0.0017766831342798106,0.004147608029935634,-0.005546132735368747
2021-07-30,-0.007886842666167015,-0.006606118906229086,-0.005211594052729973,-0.00485656545049451,0.004703868190982563
2021-08-02,-0.0012366429443513294,-0.004976053739368047,8.22444961288138e-05,-0.0020979889097333393,0.008919417854878153
2021-08-03,-0.0007074766626713469,0.00413700228580427,0.006061531010499888,0.008135485449416446,0.000530991014935589
2021-08-04,0.0002359625041987723,-0.012451092967056487,0.0014447109775141964,-0.004919036664551069,0.002056251696529454
2021-08-05,-0.0039520921003340925,0.017972205640954586,0.006343071561760727,0.006332744547336011,-0.005097782355857117
2021-08-06,-0.024991124040327772,0.006125413639456623,-0.004382389248411833,0.0016526871835922385,-0.01670027448648681
2021-08-09,-0.017735654639032372,-0.005506098041820118,0.001847688809875514,-0.0008135266739924818,-0.0035870384289876656
2021-08-10,0.00030919522248562537,0.0019807090172172526,-0.0051257505748455445,0.0012438429517531713,-0.004617837817745052
2021-08-11,0.01378497662510525,0.004896730963261486,-0.001717301011257777,0.002485107533516606,-0.0006139707334253952
2021-08-12,0.0002438615008097944,-0.002369282546832885,0.0036043483178425095,0.002996759585405462,-0.0016386590788052269
2021-08-13,0.014325811995228088,-0.00909663309307629,0.0035101625155118388,0.0018197336038634493,0.015796456499655998
2021-08-16,0.004988291568599701,-0.009315709490854585,0.0004336676637766157,0.0023547770674270385,0.0024230302652172853
2021-08-17,-0.0014950364679763295,-0.012188279810874447,-0.008808171189573555,-0.00655535386623074,-0.000402686077020209
2021-08-18,0.0007786122169375354,-0.008733651448783797,-0.009624554315663558,-0.01094514976013039,0.0033589488772702847
2021-08-19,-0.002932408589264246,-0.011980637011282824,0.004831363327794991,0.0015485465775837426,0.007365159803664367
2021-08-20,0.0005401616803368814,0.01689144100828499,0.010358482876953401,0.007957225156908665,0.0006643898876046439
2021-08-23,0.012177557387281546,0.019023592251705468,0.014956509796116402,0.008796325073328282,-0.0006639487667581268
2021-08-24,-0.00047414113127741686,0.009835349988603026,0.003054538201622714,0.0015874728301399355,-0.007776709205751908
2021-08-25,-0.006937433805443538,0.0035171272184528757,0.0011483973404584624,0.0020985044297463507,-0.008306237843344277
2021-08-26,0.0011344784228162208,-0.01060405430604816,-0.00634998496975725,-0.0059033138573679755,0.002769453208703032
2021-08-27,0.015029547921398434,0.028201671952972074,0.00972028469738917,0.008940971951356014,0.006803145005633837
2021-08-30,-0.0049356385559711224,-0.004107591826588486,0.011222427491393905,0.004397568944598529,0.0026099927610054863
2021-08-31,0.0020076547129428413,0.0019514015244519456,-0.0008155348765161996,-0.0014816609812733361,-0.006806919860885774
2021-09-01,5.8898619200498104e-05,0.006728140943530692,0.001657963991192446,0.000531481474310036,0.0016749415004209123
2021-09-02,-0.0026517204262498373,0.006946931078821494,-0.0004727905459672721,0.0030765971114263824,0.004365747800586517
2021-09-03,0.01069422486613747,-0.004628565207419499,0.0030756217319665158,-0.00024266891214008712,-0.009094839678223554
2021-09-07,-0.01958371853465668,-0.006887179040848679,0.0014151020472177311,-0.003575589415466207,-0.00843553527873564
2021-09-08,-0.0025044029033459703,-0.010910335355535095,-0.0034806070682504853,-0.0012179941200580746,0.006806076852634568
2021-09-09,0.004423489287242344,-0.0004912491079239745,-0.00344018617981523,-0.004280459012635296,0.01210018755532749
2021-09-10,-0.005058656845151166,-0.009785162818397697,-0.007589582286472107,-0.007884525322566005,-0.008816424289558644
2021-09-13,0.0033497597913456634,0.005685486656800354,-0.000690367796813196,0.0025593492546995833,0.00606453331927348
2021-09-14,0.006438546534438316,-0.012742551177166717,-0.002843219872617486,-0.005396633842298715,0.012123333357509258
2021-09-15,-0.005864266379652205,0.009043820522316448,0.0074348570216271614,0.008352677145158083,-0.0035071213842634563
2021-09-16,-0.02264197706190263,0.00072082478034452,0.0006877844704415992,-0.0015851306172790514,-0.004582471850894554
2021-09-17,-0.0015850424237688898,0.0013052546182250602,-0.011842317649335854,-0.009741113487991448,-0.004803514972809619
2021-09-20,0.0071441542310690664,-0.023777420871484045,-0.020663301481747443,-0.01667415900265412,0.012402482510310175
2021-09-21,0.006669036185550814,0.0015194880877580363,0.0012307187257007968,-0.0009446695965653618,-0.0008616899206912443
2021-09-22,-0.0037340107339023376,0.015538823273476554,0.009340375162091297,0.009754810984578643,0.0059646894367053616
2021-09-23,-0.011546389089901132,0.017700123597489625,0.009226925910557515,0.012149827326244811,-0.022596827561433108
2021-09-24,-0.00128427290155253,-0.004823071133595924,0.000938439414858161,0.0016473024620966559,-0.009773559908803797
2021-09-27,0.00208203509820426,0.015198363242106216,-0.007982250079261677,-0.0028607313931747758,-0.0036757441780012057
2021-09-28,-0.009716428402719801,-0.022743003689308927,-0.02829758899704682,-0.020151996865899635,-0.015577079319403775
2021-09-29,-0.004504756024632184,-0.0021241580664635995,-0.0016393071948627158,0.0016831576170863727,0.0017353594425517649
2021-09-30,0.01797665363761114,-0.009374180678795141,-0.003674244832929885,-0.012222306348078527,-0.0001384236953294593
2021-10-01,0.0022530453929923144,0.016137072191144464,0.00620184249846778,0.01188415226969708,0.008415425874559013
2021-10-04,0.0046783175745395145,-0.009087570609216389,-0.020989576115040265,-0.012895916753920322,-0.0025459395684070962
2021-10-05,-0.004656532835140448,0.0034503814343564976,0.013498944671048063,0.010404793787217148,-0.00965613192981929
2021-10-06,0.0026733243283083574,-0.005203069248869818,0.00640780608303726,0.004155968364852214,0.005641383370489805
2021-10-07,-0.005271739220885419,0.015418178161408003,0.009175218790834272,0.008645838382157489,-0.010457801217334528
2021-10-08,0.00042636491147840516,-0.007524883280173089,-0.004986715600026059,-0.0018237422944624715,-0.006998913416555674
2021-10-11,-0.0018875818465466931,-0.005731413715116207,-0.007669684667537036,-0.007239809063610214,-0.0025371463514951564
2021-10-12,0.004514430828637339,0.005492180748258413,-0.00348784885365383,-0.0024615135557015666,0.017100184024893883
2021-10-13,0.017794197805277356,0.00473992092200981,0.008007953359453035,0.0035976439440963404,0.009726196911104434
2021-10-14,0.0024464685904206362,0.014826844233594372,0.018416900136513314,0.01682065174054248,0.003715238683367872
2021-10-15,-0.015892846243722114,-0.003143434848175919,0.006300427298516764,0.007615817539023961,-0.0058268539030409405
2021-10-18,-0.0024799108302698825,-0.0005774166503239586,0.010055843079851412,0.002960590545614483,0.004689140858782137
2021-10-19,0.003213671993580469,0.0037329192896964347,0.007567661447405394,0.007714746046801668,-0.013794907354895747
2021-10-20,0.008763958748792211,0.006641009439126044,-0.0013049687669361987,0.003927661572547425,-0.006749830046472671
2021-10-21,-0.0008987052245035265,0.002551034109807393,0.006106630802684698,0.002608339637272694,-0.001191053120834784
2021-10-22,0.006116967151190034,-0.002368947793412457,-0.00840234288059305,-0.001036323118175475,0.011013065879629247
2021-10-25,0.006914158513320778,0.009498221472638013,0.010237969054109453,0.005362954013096832,-0.001526878304477064
2021-10-26,-0.00739951491266011,-0.007535944562213848,0.00314852220436479,0.0008999937643137113,0.008269132801014711
2021-10-27,0.002624060476058121,-0.018390110526005143,0.002321393413899475,-0.004430152705613644,0.01819428976994053
2021-10-28,-0.00023788536339730548,0.019942033733665543,0.01110512086757609,0.009648748848440025,-0.0033844579400875707
2021-10-29,-0.008507900517562339,-0.00026303180289777295,0.004919277036596892,0.0020290700254188554,0.0030563088688044804
2021-11-01,0.005220584505493342,0.025915308250943347,0.0034186857841371765,0.0017203278934421196,-0.007199457377424223
2021-11-02,-0.0021490007233168074,0.0020942901010401194,0.0041813099757710415,0.00404317775064289,0.004438340917734651
2021-11-03,-0.008315382622616663,0.017871694831685048,0.01061560262875405,0.006105303397468731,-0.010333956385702447
2021-11-04,0.011340951773961994,-0.00037713829535379606,0.012818571849304794,0.004712290492703941,0.010510673937421666
2021-11-05,0.0130629437586407,0.013665694107693804,0.0009540133200347523,0.003469799580150701,0.014955554584446418
2021-11-08,0.003591619309376348,0.003101751977859557,-0.0013547126790554032,0.0008535647022576143,-0.0018750940026512897
2021-11-09,0.0049281100201232775,-0.005813013335502659,-0.00688307422282175,-0.0033052673012311518,0.01301833363786331
2021-11-10,0.010858781500706183,-0.01575783340618575,-0.014697090127205992,-0.00804500484087145,-0.01828336369116801
2021-11-11,0.005602086369596027,0.008047303932818828,0.002772574340940137,0.0003235550589473224,-0.0014844083637031158
2021-11-12,0.0018952552280546708,0.0010030288314206715,0.010522709275331499,0.007547036906825788,-0.004392036461389859
2021-11-15,-0.0015477459282561279,-0.003966564945766637,-0.00022812208504063847,0.0003422360059219809,-0.012556938460525191
2021-11-16,-0.007233864736584827,0.0018446400190224033,0.0071210633914069454,0.00395791674853041,-0.002543659346511129
2021-11-17,0.009137183945092442,-0.013096866154332365,0.0005284055798684406,-0.0024292085031308863,0.007925237333936463
2021-11-18,-0.0032091550635745536,-0.004239997945267415,0.01036127552864019,0.0033964169373470465,0.003759885675272745
2021-11-19,-0.007646325240812324,-0.009111681366123392,0.005575397610581678,-0.0017882572072153158,0.010558184642983637
2021-11-22,-0.022420457120115533,-0.004254052504416239,-0.01160893714786293,-0.0028152411993851434,-0.01172824560212804
2021-11-23,-0.008652404091134991,-0.0017261984628970106,-0.004558006102370227,0.001326159502420543,-0.014458859295729543
2021-11-24,-0.0009565020521100642,0.0010806875139748318,0.0032203469234861615,0.0026694903685162696,0.016055482620811468
2021-11-26,-0.001615539860939763,-0.03769753834127498,-0.018958677601628393,-0.022302874105817327,0.02526898516958176
2021-11-29,-0.0013785494630753625,-0.0006279628866651121,0.021702286470181464,0.012266683958974456,-0.008038681402108283
2021-11-30,-0.006721853018899604,-0.0203855787306515,-0.014686350677427407,-0.01945773959107966,0.015202329052111052
2021-12-01,0.003987937535404162,-0.02250518913706756,-0.017012926957251873,-0.01110721389280378,0.006169262082338367
2021-12-02,-0.005536820827328315,0.02790012537824449,0.007207101745540179,0.01531619866553724,0.0012468916226517912
2021-12-03,0.008412002804647267,-0.02052795876537128,-0.017388691872145645,-0.008701145245228359,0.01193264333402655
2021-12-06,-0.002460563224478851,0.020073370308112848,0.008013167809932664,0.011843158824966338,-0.013735706908458156
2021-12-07,0.003549490636251651,0.023194055187180984,0.030113600633772553,0.02068482461799981,-0.008079623766979904
2021-12-08,0.0005395140531609943,0.006827474671860845,0.004474468984263069,0.0026480909446042755,-0.017284838593295992
2021-12-09,-0.006111378376110088,-0.022647600740197227,-0.014714352149820531,-0.006751624534241496,0.005593108071394237
2021-12-10,0.004219899491422874,-0.0027663915164285457,0.010870404150874924,0.00941351456358519,-0.002412298524740897
2021-12-13,0.00252130006200435,-0.014613805706091942,-0.014446786811486256,-0.008858466620288108,0.014779030468016208
2021-12-14,-0.009341302746070368,-0.008609645380373232,-0.010350332192303302,-0.0068797594637166615,-0.002383260163065115
2021-12-15,0.004291534360497673,0.015874617471211883,0.022797448173069723,0.015624903121128186,-0.009621856957430674
2021-12-16,0.012097561477355745,-0.02022247535473709,-0.0257146133901065,-0.008818573096677884,0.0003892616479466149
2021-12-17,-0.002140821851282393,0.009193997126810238,-0.004989191393242387,-0.010642916149336323,0.01133197461356139
2021-12-20,-0.0042312675861405635,-0.014037224151266292,-0.009700255739336971,-0.010633247429368775,-0.007492200713545172
2021-12-21,-0.0004188884251822289,0.02856847454201694,0.022380221139551182,0.017758821259511448,-0.0038078152744034366
2021-12-22,0.009400024100517657,0.009625406473724896,0.012178719624674761,0.009998703749526161,0.004627331146990654
2021-12-23,0.0022540179789249937,0.007989754450065334,0.00753908688194449,0.00622216982783419,-0.008676899554479034
2021-12-27,0.002367247994286892,0.00936752672504082,0.01652722831649789,0.014152173441996707,0.0024233954732391094
2021-12-28,-0.004310065233419702,-0.006112555073038317,-0.004634789093042713,-0.0008172241876791553,-0.003962920595548258
2021-12-29,-0.0002965076609273698,0.0010774176468799634,-0.00014911841519815727,0.0012791502821138945,-0.010924602183959409
2021-12-30,0.0071772153754725565,-0.00026919023955129795,-0.0029887289051792054,-0.002764482154252068,0.008386421185735404
2021-12-31,0.00683158799329231,-0.0021530957272454243,-0.006244429008558927,-0.0025200956074444836,0.0019608045902992366
2022-01-03,-0.015383743445999576,0.012901799426249028,0.00962654441136479,0.005789990578592086,-0.026249880079160626
2022-01-04,0.007366515057776857,-0.0015090685957528382,-0.01297057595205764,-0.0003349987879440741,-0.004158436603203142
2022-01-05,-0.00300766493835114,-0.03386960540858697,-0.03072080423821355,-0.019202166265599896,-0.005427719394514807
2022-01-06,-0.012244126909514819,0.005704931410369873,-0.0007027403457384729,-0.0009394431730281871,0.002588700933020771
2022-01-07,0.004551137683908024,-0.011573713250772721,-0.010832579228242434,-0.003953509826099766,-0.007188347077405566
2022-01-10,0.0030402057039400354,-0.0034711981305443063,0.0006578624727597848,-0.0012444130471300774,0.002460642817738501
2022-01-11,0.0120646549718888,0.010635125555549685,0.015021884318473733,0.00910829683466119,0.0066612836265578235
2022-01-12,0.002642622730480104,-0.007444222806059719,0.003965837718306275,0.002703627703850353,-0.003831389097826099
2022-01-13,-0.0033969884760131075,-0.009167096357311166,-0.02501608819761758,-0.01377862630869564,0.008880875731603899
2022-01-14,-0.0028796749096049457,0.001401754566144664,0.006222331102303302,0.00040904182558265667,-0.015109762865375798
2022-01-18,-0.001650255097062403,-0.030236592274694774,-0.024894076161197654,-0.0177097306127727,-0.014074271896581836
2022-01-19,0.015880526897095182,-0.016263294135094752,-0.010983679224234932,-0.010383605354362113,0.00692322640859544
2022-01-20,-0.0024988838330701757,-0.01809717200344929,-0.012988401969752927,-0.011067900162961997,0.006167463133052831
2022-01-21,-0.0032624385581478954,-0.01872996758904033,-0.027728518848863626,-0.01963072452694281,0.01190624365001458
2022-01-24,0.005494198734739664,0.02304688024156376,0.004577780045081026,0.004246937706365639,-0.00821518556317058
2022-01-25,0.0031971345443269072,-0.01334783578493448,-0.023181474354720955,-0.012209220772591234,-0.0016152007120376899
2022-01-26,-0.016166464916677392,-0.01443366180237926,-0.0015646815968953787,-0.002508852170146736,-0.01209379519492737
2022-01-27,-0.012898211138547944,-0.022707660896750692,-0.010070348662747697,-0.004937915511892266,0.018362892053290336
2022-01-28,-0.0029832934474428585,0.019475878738238528,0.03136892712527417,0.024835594258819205,0.00034947115915473503
2022-01-31,0.005924537392067553,0.030678625381237667,0.03197829281598108,0.01801098935651746,-0.005169929119902661
2022-02-01,0.0008328835308379912,0.010534602372375135,0.006803594329629181,0.006756983325500787,-0.0033195853890151117
2022-02-02,0.0036259919505645666,-0.009933059848316272,0.008125389241803394,0.009713960739074379,0.0033870372498781
2022-02-03,-0.0014214062993387344,-0.01892341099275041,-0.04054387271635829,-0.02350480807339672,-0.007805740870127642
2022-02-04,0.0015420788696549614,0.004303399476344838,0.012615053617425875,0.004702143215889132,-0.01474232574937906
2022-02-07,0.007402581993851909,0.004939953876643921,-0.008044568070026514,-0.003209273356163278,0.0006475514247161751
2022-02-08,0.003056870675416823,0.017054620250718244,0.011235457627393197,0.008227809955936971,-0.006686119525280754
2022-02-09,0.0033991784238243117,0.018987774323574902,0.02119065198317105,0.01463621119589309,0.0018820494026976498
2022-02-10,-0.0037965605384254753,-0.01534289324857796,-0.022632384328473365,-0.01796577643361119,-0.015892581549953877
2022-02-11,0.019054878321533186,-0.01012578146851828,-0.031721811210897566,-0.019718682939314003,0.014827766786956742
2022-02-14,0.005350715998122091,-0.0034760530919061283,0.0012390562638535663,-0.003269457867972836,-0.012441227059361237
2022-02-15,-0.009499848975192515,0.026809143184302053,0.024863884174044726,0.016127098857255717,-0.011353000078433761
2022-02-16,0.010284254451501385,0.0020864952492933853,-0.0002524181810953374,0.0011208436612735184,0.0059269383817639465
2022-02-17,0.013668073780773726,-0.025618725734230074,-0.02974405480156772,-0.02136150033539408,0.007438359591975141
2022-02-18,-0.0007334549100845855,-0.008598460014863862,-0.011405431165453339,-0.006475042159496569,0.010527070388974602
2022-02-22,0.0020890378623359407,-0.014087306670577338,-0.010043612288394455,-0.010731813846180716,0.00260475946953842
2022-02-23,0.0045072272703239324,-0.018712449428536893,-0.02561538535500829,-0.01773855296659954,-0.013781863695538465
2022-02-24,-0.006450131470019049,0.026220232185466763,0.03360457975749309,0.015049216073263594,0.0006583998648406197
2022-02-25,-0.003330678220184624,0.022520873700371036,0.015506982888286114,0.02206384835724129,0.0007310599665231177
2022-02-28,0.010365345791119474,0.004049367698662376,0.0029791168034174476,-0.002558540069906079,0.021918757175204195
2022-03-01,0.018163415997793697,-0.01883706788022832,-0.015311625333080392,-0.015230087189042618,0.011561675567533403
2022-03-02,-0.010406339832951472,0.023810521879600532,0.01677941913015979,0.018396131666092552,-0.034182669850129965
2022-03-03,0.005953415398956663,-0.011848673009019373,-0.01428480123290421,-0.004978514490965091,0.010185157960600932
2022-03-04,0.015929145881701023,-0.015657665033318224,-0.014491813914172424,-0.008124621081357364,0.017264129628891567
2022-03-07,0.014862865283030269,-0.024866478275458404,-0.03688117843926597,-0.029479105996803145,-0.007629738429449473
2022-03-08,0.027358997610294145,0.005523126168138104,-0.004648256194339506,-0.0075817041785575245,-0.010059793953101415
2022-03-09,-0.029711176156992036,0.02818430301627206,0.035998186185488334,0.026810790559593345,-0.009798744223336153
2022-03-10,0.0031212277978962533,-0.0017974047813799077,-0.011104878286368858,-0.004515583123148259,-0.014367551575756976
2022-03-11,-0.007027884128157469,-0.015956401259254904,-0.02073843725621405,-0.0127151832223239,0.0033465671904799876
2022-03-14,-0.015073711931138378,-0.020434001861189932,-0.019204344769223614,-0.007308187548506151,-0.023348798815437166
2022-03-15,-0.01870545038411886,0.015930496833585828,0.03136661503914895,0.021990394861625795,-0.001745392626518627
2022-03-16,0.006260803404375848,0.03146383761609317,0.037086694371268214,0.02217427567545127,0.009807457639626538
2022-03-17,0.004888644573449508,0.01569778797153698,0.012106290462065683,0.012510922236628863,-0.007453525817011308
2022-03-18,-0.008789852082788041,0.01053094202303706,0.020467814764874248,0.01095264690425446,0.012212573404815963
2022-03-21,0.007640798069546317,-0.008829018155089852,-0.0027799070548333304,-0.0002922391637415478,-0.023156515411655088
2022-03-22,-0.007250775291250955,0.010027204432808912,0.019652706209756454,0.01170121006217184,-0.01281158664854698
2022-03-23,0.013659661796972422,-0.01734917818056947,-0.014371375104005768,-0.012878354030021466,0.021915045624803398
2022-03-24,0.007260367097212672,0.011498611120386526,0.022226437886247563,0.01507440813174954,-0.007832755350460574
2022-03-25,-0.004095451209537915,0.0013603911936379554,-0.0008339820245972795,0.0048835059877119225,-0.01387309269386583
2022-03-28,-0.018203790082975457,0.000339519407447586,0.01547247230133486,0.007112989799038072,0.008549783520623633
2022-03-29,0.00044678784846130526,0.02677159944662466,0.01720958141616724,0.0123710005964639,0.007552420127213022
2022-03-30,0.008038419372069505,-0.020074721824667963,-0.011045564646724904,-0.0061747377197248765,0.007801527320724366
2022-03-31,0.000387595883929448,-0.010556305769260699,-0.012394720688686856,-0.015391292317245231,0.0024289871986999945
2022-04-01,-0.006365867342034592,0.011204814735078283,-0.0019033498837401908,0.0028340024629422977,0.0038064655190797048
2022-04-04,0.004846769455083555,0.0016379815138014564,0.02058871867695089,0.008566483350682219,-0.0069495516425674975
2022-04-05,-0.006264842571455875,-0.023664175146363986,-0.022204017650075625,-0.012631140156101117,-0.022592429739706432
2022-04-06,0.002343216670796844,-0.01418794997001016,-0.021711523985779246,-0.00999932811681814,-0.00809402530323211
2022-04-07,0.003784886240234764,-0.0032480401858282493,0.0023776186944721722,0.005038958856474318,-0.0075325214427076626
2022-04-08,0.006265969312183373,-0.007971653848037552,-0.013978939506291588,-0.002674127900101131,-0.010830893429845445
2022-04-11,0.004959463770487282,-0.006721610115908105,-0.023657473770346438,-0.017092227108802205,-0.0158249304950413
2022-04-12,0.007676751619003053,0.0031546698534155038,-0.004224110268271186,-0.0037052185557753248,-0.001380477719075568
2022-04-13,0.004788537865617837,0.019019979079336835,0.020326994722064562,0.011453607380751851,0.0020330117593942987
2022-04-14,-0.003303550666205468,-0.009705798021007794,-0.022867166783976045,-0.012451784743033656,-0.02004539802344507
2022-04-18,0.0030971927027434454,-0.006734930744140333,0.0007681100130569884,0.0004112197808581186,-0.004968976057990071
2022-04-19,-0.015112904376299419,0.01993734688659976,0.02235091142940937,0.01614263797785287,-0.00749064911204822
2022-04-20,0.004894947496407287,0.003820078264089366,-0.014584403201237106,-0.000741669351942531,0.020125626250041995
2022-04-21,-0.0035576001936850066,-0.022389062219224987,-0.020690953093455366,-0.014953353650336343,-0.007398073847579512
2022-04-22,-0.0097220932450649,-0.025884907414120972,-0.026185946199455468,-0.0274393564856541,-0.006294222661494819
2022-04-25,-0.017970993150090764,0.006072285069628647,0.01284567783622892,0.005797757927291869,0.010001116355385253
2022-04-26,0.001525017044941901,-0.03151911549715136,-0.03774498330697429,-0.028960807263213706,0.010066951403093327
2022-04-27,-0.00755702425744631,-0.004154681027206508,-0.0011978642599002054,0.0028115661861731756,-0.012826038441497767
2022-04-28,0.005398323510093839,0.018667209651399785,0.035515625947040164,0.025259664646198887,0.0014896042423286904
2022-04-29,-0.00011297696546286318,-0.028879145879987522,-0.04499865947953541,-0.036955663473042355,-0.01297278590777573
2022-05-02,-0.018540493535693647,0.010489142330749823,0.016696020960889513,0.0060195374612259656,-0.017333696605651983
2022-05-03,0.00264926246698316,0.008561374439634006,0.001067552519937509,0.004583847220875903,0.006741528636162952
2022-05-04,0.009822544372671826,0.026685870871233863,0.03381201365237163,0.03045304463442955,0.005509901493256919
2022-05-05,-0.003811138551277793,-0.0405643338265439,-0.05036406364663759,-0.03554290035501939,-0.02739839853697712
2022-05-06,0.0016558743678838361,-0.01664245612285642,-0.01198069317309336,-0.005968953074690808,-0.014735297760162913
2022-05-09,-0.014479496708730832,-0.04206377805576367,-0.03912690426659082,-0.03201723393825395,0.00879754921343534
2022-05-10,-0.008445202872691127,0.0002860381567040271,0.012148663382282487,0.0023106248069613144,0.00906939522449135
2022-05-11,0.008167128516088473,-0.024864312380959985,-0.029658147585646777,-0.015886308385250736,0.019272019747506253
2022-05-12,-0.015333925720196762,0.01172316286225561,-0.002364233854840414,-0.0010440467372375695,-0.0018651054977764092
2022-05-13,-0.00810956630229509,0.03169191327367615,0.03705960543537734,0.023908295952781655,-0.014780534164189896
2022-05-16,0.009538483763206873,-0.004773479694663907,-0.01159138226964751,-0.004057870271881425,-0.0010347861080802767
2022-05-17,-0.006279296383541522,0.030583522280896336,0.02590131425001152,0.02057039246893355,-0.012083593360309064
2022-05-18,0.0005314848929158789,-0.03504167571988159,-0.049090416889497446,-0.04031140324974214,0.02131757847016491
2022-05-19,0.014697234801531733,0.0016455727208151139,-0.005358211291799586,-0.006124821846278161,0.0023952773708140196
2022-05-20,0.0006980112537449124,-0.0025493954424077314,-0.0031082064865914916,0.0004365604111671306,0.011349901023791187
2022-05-23,0.004650369455528214,0.012097175848579722,0.01662741718976779,0.01871016231610856,-0.016454457214883256
2022-05-24,0.007521859850632806,-0.014814205401948666,-0.021261746736921494,-0.00763388628224837,0.019732381735850124
2022-05-25,-0.006029994959596108,0.017998443676148,0.01399501561383798,0.008834994723638578,0.003954256272697743
2022-05-26,-0.0018488983177334939,0.022324170565916512,0.027707147652017428,0.019981427751864622,-0.004525125999374935
2022-05-27,0.00052102106703944,0.02692637510719109,0.03263972496789869,0.02454916284713704,0.002441014453231416
2022-05-31,-0.009893009276743081,-0.012417262558026998,-0.0026529659377474424,-0.0056110313525064015,-0.02116219605962122
2022-06-01,0.006369033199590923,-0.005666256434751049,-0.007395770960566206,-0.008088636093771862,-0.0011428804351854005
2022-06-02,0.012309182073779512,0.02442193032090967,0.027385340788766088,0.019043700712654266,0.0005160384069096136
2022-06-03,-0.010152017266979896,-0.009005952073400159,-0.026019060420225282,-0.016411678811030894,-0.0021499285779651434
2022-06-06,-0.0044037229040009285,0.0043301310142205285,0.003330996239273354,0.003044921377805432,-0.01844348872811208
2022-06-07,0.006518420844169315,0.016127919040753502,0.008625618817477587,0.009592032198028733,0.01080002126068913
2022-06-08,-0.0009251975242893229,-0.01545317075683339,-0.007196428382531428,-0.01087195553195941,-0.008860597830056105
2022-06-09,-0.0031832564859568535,-0.020729871197749272,-0.026784742114928428,-0.023782961729348906,0.0033304551715276354
2022-06-10,0.013412283666592417,-0.027128585974121266,-0.03527028929217524,-0.028995823550166833,-0.006201842693369097
2022-06-13,-0.026412288230091452,-0.04697925152109583,-0.04649644388987273,-0.037968031372027644,-0.03137940500962666
2022-06-14,-0.008003209616781914,-0.004817865622380402,0.001815423893998025,-0.00301359156218306,-0.01261319645633896
2022-06-15,0.013050939388113303,0.014641911342639924,0.024971945638692317,0.014256638709765346,0.01865638492986532
2022-06-16,0.011243181594596585,-0.04631710823089885,-0.04034648779295069,-0.033096084446216256,0.007939302495905132
2022-06-17,-0.008222816311715064,0.0078096974748005366,0.012159555341344719,0.002155745247376828,0.0032224889748424523
2022-06-21,-0.0037367862070599722,0.017919969786804657,0.025229687793708377,0.025173496792407102,-0.016952317409387296
2022-06-22,0.003985188163408093,-0.0019031658733252854,-0.0014589102435984547,-0.0018127604236278794,0.027500315991683566
2022-06-23,-0.006129257292171064,0.011977259854029976,0.014893167773021965,0.009802368049211418,0.008215110004385018
2022-06-24,-0.0009984622015154487,0.03097185715931583,0.03426352310456027,0.03179394155705784,-0.013842743221642362
2022-06-27,-0.0011170700540719114,0.0037124399160242127,-0.007331401870305454,-0.0038195697555034602,-0.00852868909068305
2022-06-28,-0.0016480211262837052,-0.018777829126046863,-0.03046686496840567,-0.020432848940827197,0.004659590431396854
2022-06-29,-0.0007663579045243951,-0.01014836789764062,0.0009166962451936378,-0.0008145795906164821,0.01560811104939508
2022-06-30,-0.006077047294322124,-0.007791819052442417,-0.012403040178683211,-0.008124229334064093,0.008782177019669657
2022-07-01,-0.0008310541616338707,0.012104590775062096,0.006600455341817524,0.01057655343604691,0.010266551080824637
2022-07-05,-0.02120964335120412,0.00828406319317021,0.017120064531419343,0.0018885316572143651,0.00785702895685092
2022-07-06,-0.015842188833696924,-0.007406174447798564,0.006411734067273578,0.0033773839994990507,-0.016790939000451588
2022-07-07,0.000555053276362516,0.023666531881370245,0.021399124209559695,0.014977195123017983,-0.008800244813259028
2022-07-08,0.0004315313201161963,-0.00011387110825733515,0.001254221139657563,-0.0008227250396771746,-0.011076050874076704
2022-07-11,-0.005360507452973451,-0.020103627244158817,-0.02136436101977568,-0.011423384630247724,0.017244498612351222
2022-07-12,-0.0037167247224720867,-0.0034290617314522986,-0.009687289153373024,-0.008849132458932263,0.0059421548342839525
2022-07-13,0.004787690503602615,-0.0008746532192958067,-0.0020612353217533963,-0.005251560267430788,0.011466186084318153
2022-07-14,-0.014047055610919013,-0.010273164207923235,0.003570872275842296,-0.0024284237850674684,-0.00815909797591663
2022-07-15,-0.0020084561635671516,0.02081846813790844,0.018139290964374277,0.019105037871100627,0.0056285109729956595
2022-07-18,0.0009433945063559435,-0.0028309197089517735,-0.008462739350958648,-0.008257062899842071,-0.010418547755264962
2022-07-19,0.0023874693093759447,0.03528397649785964,0.030753190465864888,0.027019360987109442,-0.005394449258480427
2022-07-20,-0.009402031234323593,0.01566948948195357,0.01585653402176912,0.00637300616153591,0.0026245201555017417
2022-07-21,0.014110421925231709,0.005124422907142101,0.014355017469892983,0.010183273526562342,0.01727588980579231
2022-07-22,0.00249575020790771,-0.015952349690624756,-0.01753517414750838,-0.00927811270953316,0.01681117702967283
2022-07-25,-0.0027385476219622396,0.005180856494956698,-0.005695397500591226,0.0012149126589082737,-0.009785117396218346
2022-07-26,-0.0011858106875901608,-0.006151825751590345,-0.01964924601621809,-0.011830883505551282,0.0007666980051481698
2022-07-27,0.010184984698782484,0.022751657740315734,0.04225981675233337,0.02596626486498499,-0.005617924849660505
2022-07-28,0.012185323455280006,0.01373966675387206,0.009777994247330613,0.012542360412468812,0.00796105460104446
2022-07-29,0.0028110896821249565,0.0070992897965687085,0.01823700442212206,0.014578605145039392,-0.002717629436027713
2022-08-01,0.0056672312077465925,-0.0003739442525849679,-0.0006022999204703394,-0.002961168607582665,0.024083687444494073
2022-08-02,-0.005938288400823777,-0.0009615776996441117,-0.002981491390063984,-0.006597301195214289,-0.021159855707730824
2022-08-03,0.002438243761313297,0.014705909942035023,0.02723255095180943,0.01565962826252698,0.015744663802290226
2022-08-04,0.016539989487255546,-0.0021080469000936963,0.004676450911305752,-0.0006755745850828276,-0.00033491064514890034
2022-08-05,-0.011246066300201418,0.007657939367439193,-0.00816889176520963,-0.0016903480632193268,-0.023804046554711578
2022-08-08,0.008470017618367853,0.010586866892664526,-0.0032323949520060014,-0.00116082894244951,0.016141540050155
2022-08-09,0.0030595386607856767,-0.013639620946129472,-0.011318738329469835,-0.003971135740646892,-0.0038864480385097933
2022-08-10,-0.0025119508170524663,0.02855033794176598,0.027911025738081685,0.02100416122957971,-0.006531590351711247
2022-08-11,-0.0026382206776995876,0.0037318810571738137,-0.005675894955075478,0.0,-0.023309352750165768
2022-08-12,0.00919802099904432,0.020422637701846824,0.019470483156718732,0.016928944065134566,0.010140826623736388
2022-08-15,-0.012867030834262327,0.0035435504603957835,0.008081333150252501,0.004120888055038963,-0.0008656662734590759
2022-08-16,-0.001750096754401964,-0.0003975719007950351,-0.002341948856192655,0.0019585500059002836,0.004157816047556828
2022-08-17,-0.006468335614034371,-0.016816926844095192,-0.011406129241396168,-0.007098033530467451,-0.010437383221892027
2022-08-18,-0.0026164156896926194,0.006629241645420558,0.0024049782242998585,0.0029064937763001453,0.0014819955623253112
2022-08-19,-0.007320625681104476,-0.021466118592142425,-0.019497221346944094,-0.013438191297132307,-0.016102413608649946
2022-08-22,-0.006637179344595956,-0.020600923626973078,-0.026327197529594115,-0.02082225869645793,-0.0033617993594668993
2022-08-23,0.0069908740848763085,0.0016259334290757987,-0.0008270213977910057,-0.002419275536705068,-0.005503149569674459
2022-08-24,0.0029489200401788818,0.007646217765758356,0.00289716914454341,0.0032009497694491795,-0.007318943816663315
2022-08-25,0.003062787136294043,0.01553964635765892,0.017681856357036008,0.014117723337267352,0.01393642614431001
2022-08-26,-0.012152705301765265,-0.032855817169281876,-0.04098817301765423,-0.033848981933600863,0.007537576664684131
2022-08-29,0.0006182375550920494,-0.00920699637554312,-0.009855353003027756,-0.006612357773175703,-0.008273323855207848
2022-08-30,-0.008340578885610683,-0.013992867172984536,-0.011136369010021685,-0.01097790683362998,0.0024845963034176854
2022-08-31,-0.007725314789180926,-0.006066439230619225,-0.005813428726395009,-0.007608823422343591,-0.00956058177215413
2022-09-01,-0.008790162100319021,-0.010899492519183318,0.0004341526776496796,0.0031377082577703774,-0.018308017549246602
2022-09-02,0.008804709144487166,-0.007768448076360457,-0.014128086687953512,-0.010544499513224892,0.005656907116831089
2022-09-06,-0.0058394619355668365,-0.009883922375484966,-0.007182270053354034,-0.0037729754538027294,-0.024768813415899427
2022-09-07,0.010168638866495439,0.021759796840714385,0.020201188948174575,0.017964769098521627,0.01581539300267898
2022-09-08,-0.006002292729855863,0.008343048071169035,0.005184524984455985,0.00653629502387032,-0.01025741154569404
2022-09-09,0.005283756568463582,0.02008601957518663,0.021862029917367742,0.015535347613012451,0.0022209493612599385
2022-09-12,0.005068186218703863,0.012113038002689036,0.011885883907221784,0.010747586343807125,-0.008217244951827407
2022-09-13,-0.01301133993119441,-0.03912066015646343,-0.05483684561947466,-0.043482398899236774,0.002327517624964859
2022-09-14,-0.003847613448870524,0.003895932422905757,0.007933356453414753,0.0038158114366313445,0.0034363544340723085
2022-09-15,-0.018679143196684067,-0.007269617145582941,-0.016653843360597276,-0.011353265228954301,-0.0006480062244144102
2022-09-16,0.005549107201315628,-0.01453481583169458,-0.00611482565591559,-0.00762902503053875,-0.008335776742508072
2022-09-19,0.0007700871329356929,0.008547976370430588,0.007787240724159927,0.007754974221152011,0.0023348860543099814
2022-09-20,-0.005706587274526553,-0.013627308750068567,-0.00797103361946283,-0.01147837393753659,-0.009969902422503507
2022-09-21,0.004642973675810236,-0.015275802427187846,-0.01790582671597818,-0.017443936973688623,0.01675320530197988
2022-09-22,-0.0005776772692025478,-0.022527720380664085,-0.012307906951644298,-0.008399857801763222,-0.02554897350134433
2022-09-23,-0.01727683040546535,-0.023805394509917144,-0.016281552149540635,-0.016754657659380112,0.004085051147625363
2022-09-26,-0.011633219026207842,-0.013691722042401988,-0.004137954702293611,-0.009892769705015403,-0.01911088168540842
2022-09-27,0.002049841746687875,0.003410992735333407,0.0004010616685026225,-0.002552762785700824,-0.026331037609814922
2022-09-28,0.02078665233491006,0.03162755131767825,0.019892185084311453,0.019676283964425334,0.03348203159305174
2022-09-29,-0.00019392836526865853,-0.022419688997763587,-0.028827726809378174,-0.020888914711365003,-0.005175799031230333
2022-09-30,6.462244018679009e-05,-0.007283429207801118,-0.0169566991099398,-0.015463580021995327,-0.012910844653593156
2022-10-03,0.024309785681440932,0.02649769873394292,0.023460185658439547,0.02640115822230471,0.015889479681417074
2022-10-04,0.014328122056449066,0.039636058000339425,0.031440852698202626,0.030986733031865832,-0.0027930802838233015
2022-10-05,-0.005538266375543777,-0.00738615534398368,-0.0005316893699387482,-0.0023280822481372976,-0.00956128044839566
2022-10-06,-0.00112629171222689,-0.0056097602836600036,-0.007872813749170926,-0.010315886335091506,-0.00555848126220404
2022-10-07,-0.010962851258976669,-0.029415224192399836,-0.038104318387136904,-0.0278939262579162,-0.009707959520496523
2022-10-10,-0.015201476317757034,-0.005574991835382459,-0.00999590621605606,-0.0076352417917140425,-0.015545703924113363
2022-10-11,-0.002058091550185215,0.0002981381739390887,-0.013738469067634762,-0.006333237293557947,0.0044255654877287665
2022-10-12,0.00534932850905423,-0.0027426023044102577,-0.0003425672205310537,-0.003298401465956169,0.004906457697174682
2022-10-13,-0.006923532232980256,0.024751872815925502,0.023452463403852875,0.026391060001669464,-0.009566011950761122
2022-10-14,-0.012458897998479546,-0.026779329439852284,-0.030057359934310912,-0.022788806625325564,-0.00825037285214747
2022-10-17,0.0028762090057179446,0.03189244180323625,0.03302175943724661,0.02569715688457319,-0.0048696800125350714
2022-10-18,0.0021509701146735782,0.011851642807037877,0.007907684178534824,0.011749601665808518,0.0023448358597462082
2022-10-19,-0.013398358104674823,-0.01699498881829531,-0.00364649076960899,-0.007086491924739091,-0.01820622659507909
2022-10-20,-0.0015822103586343728,-0.012732965124564677,-0.005101854846767839,-0.008385302817799034,-0.01709276163617912
2022-10-21,0.017827646105301076,0.021712114268219507,0.023447763510684227,0.024301380560897146,-0.018022838994409374
2022-10-24,-0.003243594030472474,0.004285050522754741,0.01100126161049797,0.012236659410926665,-0.008264385434260446
2022-10-25,0.002277944142005106,0.027271563949873734,0.020685781201970066,0.015968549870653215,0.029112571361192385
2022-10-26,0.006363608620383543,0.004939103533564859,-0.02209628119527296,-0.007533991439220622,0.014407204186673628
2022-10-27,-0.001548523944967184,0.00022336908449593906,-0.018206034703484142,-0.005340057078919824,0.010470699162225205
2022-10-28,-0.010210687443231947,0.02272620569780215,0.030600711836904493,0.023790588790774114,-0.006873856261966016
2022-10-31,-0.008161399648159207,0.0009279946645071036,-0.011627957131239763,-0.007223260522269959,-0.007128164457012809
2022-11-01,0.010203429757038585,0.0013638756324723111,-0.010217764047117717,-0.0043759296287742,0.009345492522529364
2022-11-02,-0.006972548399621914,-0.03317357714443736,-0.03427699754606306,-0.025096264868520568,-0.004339973589898682
2022-11-03,-0.003806036048150885,-0.00670481971540382,-0.019534814570276837,-0.010296733564119531,-0.005397304110435153
2022-11-04,0.030696289684813083,0.013499885583513782,0.016085126350471546,0.014393041066467438,-0.01680028992631577
2022-11-07,-0.003962389674382338,0.004533189048819608,0.01099443445166437,0.009565760133323886,-0.009976569286479609
2022-11-08,0.023099074133724695,0.00038995972154465264,0.007287301728254203,0.005395345972187604,0.010934407092841436
2022-11-09,-0.0050172660211307285,-0.02745599842239199,-0.023076533415152256,-0.020602248647122345,0.0032875417546751606
2022-11-10,0.030444387121793204,0.06155877329960657,0.07378838820477185,0.054954438936683836,0.038473815421770974
2022-11-11,0.006606324071935177,0.008199218502626282,0.018426315198954546,0.009678390580842855,-0.003664101908208761
2022-11-14,0.002187655661719301,-0.011182261034014762,-0.008751061453141529,-0.008506868237421195,-0.0024516598509326526
2022-11-15,0.0035168677995043307,0.014826087437982416,0.0138382820964984,0.00852907327672936,0.01618008161940243
2022-11-16,-0.0022961020109516506,-0.017595432939055855,-0.0136493978782124,-0.007628629280600374,0.02186850833868581
2022-11-17,-0.007267423593311895,-0.009280843145674456,-0.0022072430959502176,-0.0030599362489828197,-0.010552225714064112
2022-11-18,-0.006893636502166456,0.006464316806102488,3.5163375924351925e-05,0.0045404731006490895,-0.006877400847041915
2022-11-21,-0.005589952950737276,-0.005225539247758926,-0.010287218988166869,-0.0036361464026479773,0.004215308296967146
2022-11-22,0.00117372396636517,0.010670038857274688,0.014402477841853667,0.013456945269797238,0.014191523196604994
2022-11-23,0.006231840940288613,0.002598636712030533,0.010037083259280655,0.006301617413545735,0.017441557927340146
2022-11-25,0.000858470616118101,0.0021058341423030313,-0.006578265824096152,-0.0002235468212060665,-0.0033895803948336134
2022-11-28,-0.007903495498554403,-0.020152906521582636,-0.01467333846498553,-0.015957176904196735,0.002818118365448319
2022-11-29,0.004940425418036076,0.0029146440623548653,-0.007569416757538416,-0.0017175429048386093,-0.011725834310865157
2022-11-30,0.012781920270785507,0.02741666150523936,0.04558564458749936,0.031500704805550894,0.007354293160860337
2022-12-01,0.01838479961277617,-0.002188016507408519,0.0012270788113470932,-0.0007359318265828252,0.03194605224040492
2022-12-02,-0.0034556830535615868,0.005830025061827282,-0.003983595043103194,-0.0011536918999431878,0.012575487568516674
2022-12-05,-0.017158885635801036,-0.02754589949804953,-0.01678313173212609,-0.017989310319119656,-0.014007087506328952
2022-12-06,0.0027373742314797944,-0.015311297501770627,-0.020720575477709446,-0.014414689716036877,0.012879938768746158
2022-12-07,0.009039101712364994,-0.002943557801163843,-0.004082649836837593,-0.0017011798367274622,0.023562662544819535
2022-12-08,0.0008416965556858891,0.007240964346201029,0.01183472560942822,0.00783395807055487,-0.002740496018117544
2022-12-09,0.003544160110315664,-0.012276247411415309,-0.006376454737624604,-0.007470272792357235,-0.026014343531436834
2022-12-12,-0.008260534556326027,0.01175692867701894,0.012551341535040006,0.014417304258096841,0.00319729424992099
2022-12-13,0.017081132038632596,0.008282827201038456,0.010750149313679902,0.00756969621900172,0.00965593780256091
2022-12-14,-0.0024330212847030186,-0.006560841033007914,-0.007413972191812723,-0.006393366302993142,0.004271312249504389
2022-12-15,-0.01635930934057528,-0.025029275620966573,-0.03357652205356265,-0.024461674141529333,0.0039020479732365665
2022-12-16,0.008708721678036602,-0.0074565922760260195,-0.009534396040531523,-0.01180622705432921,-0.011170844770005073
2022-12-19,-0.0028178306902848504,-0.013534454504346871,-0.014053393345768939,-0.008479793356500065,-0.016805144033900432
2022-12-20,0.016594482836064905,0.005290327674404072,-0.0007784850115755138,0.0013686203206009218,-0.01775702064775464
2022-12-21,-0.0016560135809358112,0.01723337910137257,0.014506090163497465,0.01495239708160545,0.002513313890669888
2022-12-22,-0.012085358459954287,-0.013075583275944158,-0.024465179842270368,-0.014266198284191178,-0.00019256374805687315
2022-12-23,0.002998321039039853,0.004550719780926471,0.0022491571040366143,0.005752168942245284,-0.014660592206626633
2022-12-27,0.008430011409881644,-0.006709086007693599,-0.014138460074412995,-0.003943432415555059,-0.01977303115920359
2022-12-28,-0.004505807286929064,-0.01552947208364408,-0.013202487783332995,-0.012427713594661993,-0.005891903986060321
2022-12-29,0.005598251568726287,0.02533281944897947,0.024375216030209534,0.018000271610881136,0.011351402753098316
2022-12-30,0.0046786689817972515,-0.002802383086824678,-0.0006007827993753656,-0.0026340711506304126,-0.011124403104153524
2023-01-03,0.008370656531798915,-0.005505856946801613,-0.006759635985719381,-0.004210017497595531,0.019084014382447334
2023-01-04,0.0094119059589024,0.012456672216787812,0.004763865621143282,0.007720270545689578,0.013699817703397565
2023-01-05,-0.012451461859522062,-0.010708604104477715,-0.015654148073101615,-0.011413534029321326,0.004180774973002288
2023-01-06,0.01870749684189077,0.02245525683082361,0.027601460222506535,0.02293225294345924,0.018396802937819645
2023-01-09,0.0022451175785793698,0.001689425925991861,0.006473250615535386,-0.0005668771017783847,0.005324229591428642
2023-01-10,0.0036760446135073455,0.014785110186769757,0.008464585735340924,0.007012860229280493,-0.016550110972668453
2023-01-11,-0.000686793935011365,0.012464590127306163,0.017299979506598007,0.012647728166962802,0.016251648392560103
2023-01-12,0.011568000967502767,0.016798117661046552,0.005404466353664317,0.003640839538718632,0.01968209942822363
2023-01-13,0.012001783992939385,0.006565275878742449,0.006880718133397634,0.0038795319682620732,-0.009372423889336123
2023-01-17,-0.00654507834469964,-0.0012297246551434826,0.002028508893016534,-0.0018320261427525741,-0.006463972345390312
2023-01-18,-0.0028717524486322477,-0.01616535487248827,-0.012999751261573267,-0.015787970915170146,0.024231456834070242
2023-01-19,0.015868520044824974,-0.009575638020743793,-0.009824771165872659,-0.007279824836592841,-0.006259959603936327
2023-01-20,-0.003335405556458948,0.016479829224783415,0.0273669707503843,0.018629247936364113,-0.016211136764674894
2023-01-23,0.0018964337632443318,0.012375783455408573,0.022216053535420333,0.011998412674425252,-0.004707962428397217
2023-01-24,0.003618515163479552,-0.002135272055830306,-0.0020417851354820327,-0.0010731924690853267,0.014380500230286586
2023-01-25,0.004603959599926544,0.0027817935586302855,-0.0022193017925493663,0.0003747514345235903,0.0024248660139385425
2023-01-26,-0.009055266877154966,0.005921607756395497,0.019497291575544695,0.010990224770582424,-0.004651972192595499
2023-01-27,-0.0013929904624704337,0.005409467422221148,0.009954525511281176,0.0022979189377283493,-0.00252411199549607
2023-01-30,-0.002566715270248765,-0.01392553638904137,-0.020218673608007665,-0.012546884131530711,-0.003654644017113684
2023-01-31,0.0036362115419990015,0.024285854633242954,0.014985754906575055,0.014703248036979089,0.00799466122887571
2023-02-01,0.012596814339808304,0.015719738705084474,0.021383530561554176,0.010627778406817612,0.012021218351137453
2023-02-02,-0.02075193653580043,0.01969257226232557,0.03589018753526996,0.01455695744109331,0.0012941316546466464
2023-02-03,-0.024957770292002968,-0.006706480021658412,-0.01777261775434269,-0.010628976420077207,-0.014955765018562439
2023-02-06,0.0020754098721176284,-0.014467737704875971,-0.008458829292594117,-0.0061113602965927605,-0.007404074026454377
2023-02-07,0.000920425708082595,0.007417418394488395,0.020718501809454004,0.013078659409026194,-0.008025647401797342
2023-02-08,0.002471594120761589,-0.01462314885262428,-0.017781127411370723,-0.010934839251123485,0.004759330387323013
2023-02-09,-0.007912418174625069,-0.014476916546896978,-0.00883799396487861,-0.00866919290412993,-0.009473492687884222
2023-02-10,0.0019071943211166342,0.0020006977457291963,-0.0065629717608420846,0.002333540916432897,-0.011189660287388659
2023-02-13,-0.005076170279846859,0.012032908797815267,0.016015929482245284,0.01173921650948384,0.008414644564525675
2023-02-14,0.0007537389032514774,-0.0004672697964478445,0.007389107346106538,-0.00046012701529840605,-0.0023018778823730157
2023-02-15,-0.00996466725346834,0.010129294663686172,0.007661017257746483,0.0032471492514987155,-0.009324901429553334
2023-02-16,-0.0008192368783922488,-0.0095649205256646,-0.018764259150550133,-0.013768754234087077,-0.01416819365844113
2023-02-17,0.002986790669610162,0.0027518001242992085,-0.007055788926428774,-0.0024982348458599812,0.0077763354927595785
2023-02-21,-0.003737004613899475,-0.02951387668069072,-0.023675055426353064,-0.020060882549810755,-0.019437149887457816
2023-02-22,-0.005626488586046308,0.002721124773137795,0.0007482854649425441,-0.0013782541991861352,0.009164301569968725
2023-02-23,-0.0005304511136865475,0.007129817735663124,0.008733979014534876,0.005319443820080982,0.009771940683764191
2023-02-24,-0.00719467575637045,-0.00935121732267441,-0.01674407596958849,-0.010682297251677797,-0.013000735084733428
2023-02-27,0.003920334893926292,0.0035198590540468366,0.007161225978413288,0.0034058262955918295,0.0027729999728260957
2023-02-28,0.00455596886271592,5.312252168332421e-05,-0.0012925624615371945,-0.0036958971951801534,0.004542895594948693
2023-03-01,0.005772150633673867,0.0012754602175826246,-0.008039267808419348,-0.0038359797341150914,-0.010742790078103748
2023-03-02,-0.0005855636445488699,0.00238817963804272,0.008275756399169554,0.007777360973698633,-0.008867284880579418
2023-03-03,0.010723085619275707,0.01392504475477252,0.020673705955524868,0.016037901444849068,0.024226101105935705
2023-03-06,-0.005043830646819902,-0.014621509867092652,0.001134657165599684,0.0006926095568684509,-0.00775361286688514
2023-03-07,-0.017480480627863337,-0.011605675660024128,-0.012265829164073816,-0.015328680054371824,0.006132460067944878
2023-03-08,-0.00047445044105887124,0.0004826966256363807,0.0049942517783887475,0.001632083867890044,0.0009830295564108305
2023-03-09,0.009849316056938173,-0.027813471951601,-0.01732566170119243,-0.018449909855967173,0.002455616706755759
2023-03-10,0.021562856843419187,-0.028829949330488325,-0.014043838650644735,-0.014429318714848649,0.03448576660573699
2023-03-13,0.022948211912439564,-0.016290022107125268,0.007416356307693217,-0.001425407657731581,0.002273137108417256
2023-03-14,-0.005791064746217711,0.01852172281644493,0.022980066039150593,0.01653009120418547,-0.016441410393571054
2023-03-15,0.007804133170404848,-0.01648542562986466,0.005245838419078108,-0.006254311454852224,0.019310247775850886
2023-03-16,0.002020092008242713,0.013651190121013235,0.026360733275248904,0.017545283350719476,-0.007822948728176682
2023-03-17,0.02912021467748982,-0.026991581686837463,-0.004726229796667147,-0.011692657631121262,0.015009163760602906
2023-03-20,0.0003808677357699519,0.012964986945186663,0.0035489559198682574,0.009615431263642504,-0.008797636106691487
2023-03-21,-0.018875115806276432,0.01844896095198445,0.014282513297084742,0.01313064938070796,-0.008592009138775558
2023-03-22,0.01702060989813825,-0.028361003673585627,-0.013598040144455648,-0.017046510028544626,0.013333144537092334
2023-03-23,0.012538176085624908,-0.004438366045363518,0.01185800791498659,0.0027033123719062413,0.0
2023-03-24,-0.011252350246951037,0.009045500958381414,0.0036806789708021537,0.006562049860607155,0.00422957611664998
2023-03-27,-0.009256722051406152,0.011118143879200515,-0.006851563312761821,0.001869853957449763,-0.023491249048809615
2023-03-28,0.008189093257242153,-0.0014392047191494894,-0.005311508958386613,-0.002244695154030474,0.001821237319245439
2023-03-29,-0.00496077000653139,0.01135770315512108,0.01823396177387404,0.014534785241563375,-0.002008891555414505
2023-03-30,0.009039576549164652,-0.0013680500358492775,0.00946514650797381,0.005855387347630359,0.004600890912963118
2023-03-31,-0.005212246135594234,0.01838094597426143,0.016630877753637252,0.014094663674285801,0.014981282767047022
2023-04-03,0.007204410308019105,0.0004484581769756968,-0.0024305679906966304,0.0038104448861935314,0.004702820977836142
2023-04-04,0.018640958960437715,-0.017536860004927712,-0.0033733857370452647,-0.005548024639880578,0.004971851679006711
2023-04-05,-0.0007979247786651378,-0.009808974393714531,-0.009872353051921023,-0.002618152311788191,0.010454761395384038
2023-04-06,-0.007134091065472581,0.0014973254472743225,0.006742181902016142,0.0039006737752487197,0.002586628105695432
2023-04-10,-0.007399886547073353,0.0106964214639238,-0.0005658295266386393,0.0010264024083119772,-0.016124600555385116
2023-04-11,0.006320556237305208,0.00790892374682417,-0.006417697168587866,0.0002685202157306499,0.002060306722057481
2023-04-12,0.004885138866613126,-0.0073387261090602784,-0.008833818798717141,-0.0040759785176844865,-0.0010281534172477125
2023-04-13,0.013515672558895409,0.013250727599088075,0.01958211817219979,0.013282753123802449,-0.007858380609325422
2023-04-14,-0.017710313033589165,-0.009317010697324934,-0.0018798355388989219,-0.0024427016803765245,-0.009146534044730426
2023-04-17,-0.0044537552497120325,0.012860463198803851,0.000847310108887056,0.0035883539657060037,-0.011896106332997425
2023-04-18,0.003880780603893852,-0.004251076938024179,6.267099099743767e-05,0.0006520135403078609,0.0035637876520122624
2023-04-19,-0.004778520212877502,0.001292124632933156,-0.00047044018899999873,-0.00016885427350910032,-0.0009597938638693515
2023-04-20,0.00393825919904689,-0.005161210939616967,-0.00762438754210637,-0.0054569394951135,0.008549473512440287
2023-04-21,-0.00988766926809792,0.0012968859034083735,0.0010431758229261234,0.0007767747860711882,-0.005619524506958351
2023-04-24,0.003039335460481629,-0.0006757366246946672,-0.00208417748229206,0.0010432343646618047,0.009674225814960025
2023-04-25,0.005086318131183543,-0.02468452281093647,-0.018863939503610316,-0.015873925641573527,0.01470463744609729
2023-04-26,-0.0054373863086726315,-0.009649847883275608,0.0060648555581783725,-0.004235672553764336,-0.010658082282560044
2023-04-27,5.410039265330013e-05,0.013361234262696309,0.027190901631690467,0.019908260171782155,-0.009922796241831011
2023-04-28,0.0002706525128974846,0.008751815066293522,0.006898641247348847,0.008535071431695407,0.016130815891887362
2023-05-01,-0.004491351825477108,0.0005706992156500057,-0.0011472424450315044,-0.0010098456922423837,-0.028834510581381423
2023-05-02,0.019296640909943763,-0.020536056144517922,-0.00872155691098575,-0.011239135651455623,0.024919760243231837
2023-05-03,0.008479075840785555,0.0036691072095698107,-0.006543913761531628,-0.006863990762560057,0.005582039254540705
2023-05-04,0.00703295344911492,-0.011199437599572759,-0.003529844477700328,-0.00708292395354948,-0.009878880148447733
2023-05-05,-0.015647950479605433,0.02376767504599564,0.021254384454742148,0.01851258141475154,-0.0033255757862302726
2023-05-08,0.0012269055761324754,-0.0022929716864353855,0.0024776988870502947,0.0002664020681237833,-0.014014744180455896
2023-05-09,0.007086162362163639,-0.002987605459986886,-0.006333219695497827,-0.0043852954052152615,-0.0035775229806276343
2023-05-10,-0.001428442843921074,0.005071300400088186,0.010881674122678486,0.004672422074053939,0.00970386155372882
2023-05-11,-0.008582755587748347,-0.007683089625190376,0.0032600611212627584,-0.001744057266548804,0.01057202526939971
2023-05-12,-0.0017100802429794726,-0.0020225298259058944,-0.0035868082724808126,-0.0013101369541868024,-0.008368853680947197
2023-05-15,0.0021412620336231925,0.01221643207127232,0.00541506817326165,0.0034499130166834036,-0.010357788497370235
2023-05-16,-0.0124993937971285,-0.014585742714575578,0.0011322976627021752,-0.0066825561729830785,-0.003004095138313234
2023-05-17,-0.0034618889303412725,0.022289395007484503,0.012103984249849375,0.012138885694766621,-0.0029163360323010146
2023-05-18,-0.012972911279784505,0.006075521061088773,0.018573608539486974,0.009633325194876807,-0.0074088082078799244
2023-05-19,0.0098988291245512,-0.006095127786973964,-0.002253749030128316,-0.0014551569314467105,-0.007071099796603031
2023-05-22,-0.002341497915543389,0.01220810336323419,0.0033581554697923455,0.00040608823511689707,-0.003561102271515182
2023-05-23,0.001200731149241463,-0.004712200016381396,-0.012676477631715422,-0.011222716409839073,0.002878753292244518
2023-05-24,-0.008068450017086337,-0.010596313788163947,-0.005129578618456865,-0.0072447886745624634,-0.0049488995568144345
2023-05-25,-0.009618027091793824,-0.007804555908166977,0.02433319234445319,0.008659818740202052,-0.0024869655032819793
2023-05-26,0.003995567330169925,0.01136847643228811,0.025550366406339897,0.01295056512234427,0.008077351340183503
2023-05-30,0.006190554546333882,-0.0036902079574870905,0.004535029839911164,0.00038101069712870306,0.009991198420005842
2023-05-31,0.0015382006614657051,-0.009857339586935576,-0.00568610481372378,-0.005545027655344148,0.008716816570644603
2023-06-01,0.00789813034647624,0.010818703151782127,0.011552085472719797,0.009500850651240178,0.003923550623571748
2023-06-02,-0.014747450675273721,0.0362653746641568,0.007499820242641286,0.014461176414301669,-0.010958158907042326
2023-06-05,0.006020416015011243,-0.01340512444793962,0.0007049416496998084,-0.0019162342415819378,-0.0018630333885467643
2023-06-06,0.0010980396887689814,0.026339050684996757,-0.0001689969802264324,0.002177511203554694,0.005894079816864961
2023-06-07,-0.012010543410059138,0.01871077344356964,-0.01696550254978879,-0.0034578238827510654,-0.014843772256326049
2023-06-08,0.013211240429905624,-0.0037388336930439525,0.012413263775904682,0.006048753600136125,0.011697147038523648
2023-06-09,-0.0026845203333208945,-0.008094591241520566,0.0038228539080824575,0.001793994153757028,-0.0013720661459906136
2023-06-12,-0.0008788640365902101,0.004161517697261807,0.016896918311461784,0.009072075324609408,0.002943652616421044
2023-06-13,-0.007367558613950331,0.011463711575070423,0.007683908883133972,0.0065927955085598455,-0.00988055423935108
2023-06-14,0.0005539277015322863,-0.01074852719329289,0.007267640068884695,0.0011908260035669027,0.008002869715908245
2023-06-15,0.007030581691497284,0.008229794177501137,0.011915777762819824,0.012397846194837747,0.009606095761211408
2023-06-16,-0.0015392159510752013,-0.008002569474201193,-0.006292781294870986,-0.0034063353948320385,-0.0038833902136548026
2023-06-20,-0.010350739592973501,-0.004356157565925223,-0.0014317443418564446,-0.00518819790601921,0.006920225244752887
2023-06-21,-0.0014464228474878604,-0.002322787154742101,-0.013627650193289376,-0.005123775099760919,0.0024197135616097487
2023-06-22,-0.009916979914319946,-0.007417654764190318,0.011799054215484217,0.0036097372325969435,-0.012070253805101405
2023-06-23,0.0027572461643308177,-0.015054695291464415,-0.009913377394478173,-0.007559919808236448,0.009969855527591331
2023-06-26,0.0017396047357047806,0.00099691055914497,-0.01340556447024066,-0.004085819320631345,0.0010645295383013842
2023-06-27,-0.004593535884055422,0.01443989545858737,0.017194026432268306,0.010963519790842646,-0.0026101133464087045
2023-06-28,-0.002307409851291853,0.004908365091111255,0.001951584779356308,0.0005042721597399158,0.0042646402360320135
2023-06-29,-0.001071764681377263,0.011505536951312845,-0.0020025227577341598,0.003941361706741198,-0.018048421303185735
2023-06-30,0.006663323502016594,0.004775123528319769,0.015420074644069803,0.011800683880616614,0.011794697078618466
2023-07-03,0.0011218766110339118,0.0020290596735239586,0.0023551039898754844,0.0011505571420937777,-0.0056687898400380465
2023-07-05,-0.00353003237800964,-0.009965136529084595,-2.698639050424667e-05,-0.001487336753995483,-0.009502693311531196
2023-07-06,-0.002980200124891419,-0.0161483166203783,-0.007615881894342036,-0.007830535607813216,-0.014142907945585703
2023-07-07,0.007500997402107412,0.010559248112929964,-0.0033201372575977217,-0.00252485608413211,-0.006019364858083964
2023-07-10,0.0007836956455820054,0.0171078702777967,0.0003276712130659831,0.0025312471188205787,0.0013123144762132721
2023-07-11,0.0037476125602418087,0.010272996443323468,0.004940480739471953,0.006368519659313732,0.005140415970732004
2023-07-12,0.013541420874312982,0.010906249292169656,0.012629921339241124,0.008046033733598357,0.011130994074094458
2023-07-13,0.0007146999149643118,0.008078253578838845,0.016978829240151594,0.00793673154889718,0.01051280803342558
2023-07-14,-0.0031866482531699436,-0.009771370517923095,-0.00021100936894657973,-0.0006227995945932152,-0.005888641344253487
2023-07-17,0.0007165567329587841,0.010703290637643637,0.009338686343702607,0.0034722156665838444,0.0004938951456643359
2023-07-18,0.011456278139590825,0.012346261386705804,0.008180497167552314,0.007430634657535906,0.0045389689220747265
2023-07-19,0.00016335645500209495,0.00423536525181456,-0.00023322981020246214,0.00222370493812174,0.011296683229945259
2023-07-20,-0.005063389149303599,-0.008739797470582733,-0.023052058721199753,-0.006634503642806822,-0.012141869224692625
2023-07-21,-0.0030645332195952113,-0.0031782275807515914,-0.002999229930779168,0.0,0.0002951095255026015
2023-07-24,-0.00428147332668416,0.0024684058493948946,0.001597482901966485,0.004467388046417664,-0.00363732288893559
2023-07-25,0.005567859975791123,-0.00010270095461983875,0.006777569306200881,0.0027299754248260033,-0.0018744168737439004
2023-07-26,0.0048791150253855164,0.007900897244546679,-0.003326440106313444,0.000153620734480997,0.0009885487661196457
2023-07-27,-0.01571197400361901,-0.012928929104805365,-0.0023839821573796716,-0.006629920143281898,-0.019452941134223245
2023-07-28,0.007981390400291666,0.012943494970189873,0.018214824027828813,0.009790360110203178,0.005135841807687003
2023-07-31,0.0026944104889450315,0.011607197700654215,0.0005214055829525499,0.0019040350388652705,0.0024046603958489676
2023-08-01,-0.010364679607279714,-0.0045796576974334036,-0.002319662526516275,-0.0028616051753479477,-0.016387066121561933
2023-08-02,-0.004765602229612864,-0.013599591709235304,-0.021944007921742115,-0.013910748112643145,-0.010698980885605391
2023-08-03,-0.0003341470787491252,-0.0028190010724347125,-0.0016025256988335679,-0.0028658426743732868,-0.0230710403422697
2023-08-04,0.003620414278603157,-0.0020044836369991215,-0.00468187353404359,-0.004522749960767625,0.017711890530239582
2023-08-07,-0.0022753962847783527,0.0006696378969637262,0.00846671448702363,0.008728560663594953,-0.009841270581565698
2023-08-08,-0.006341080194621318,-0.006278933353316751,-0.00850233178991111,-0.004348682245489011,0.011613130239191083
2023-08-09,-0.00475820704444585,-0.007820572871041431,-0.010994681755263636,-0.006685336771074524,0.00517116724832567
2023-08-10,-0.0010686044760203073,-0.004436986947277788,0.0018484594559482481,0.00035895758098258845,-0.016462895970919433
2023-08-11,0.0,0.0014155775061797105,-0.006375751245567551,-0.0005832288657565687,-0.00230131250517307
2023-08-14,-0.003040588549344525,-0.0017278049926597872,0.011222253327100251,0.005520150303969906,-0.002201718732311453
2023-08-15,-0.002654474343068869,-0.013217230467201246,-0.010611701541132668,-0.011648955282479445,-0.006095114805346635
2023-08-16,-0.005776029417432049,-0.012224974558059154,-0.010588738307909296,-0.007338086924767229,-0.007824151444811633
2023-08-17,-0.0015378724223797935,-0.011784350746261718,-0.010923163151026594,-0.0076198614474499715,-0.004262363127467195
2023-08-18,0.00017112823031739666,0.00544517498631758,-0.001255080782182727,0.00048130676948177076,0.00353139505585065
2023-08-21,0.002737670236275802,-0.0014621119109140546,0.016111690953531044,0.006506319294463214,-0.013330451464440785
2023-08-22,0.0016495566176504273,-0.0029831374784217157,-0.0014288689856279957,-0.00270868529115742,0.007674050468943205
2023-08-23,0.01016464068195777,0.01066212713366732,0.01576848538645348,0.011137787855729941,0.024777687329405218
2023-08-24,-0.00022482031744353037,-0.013832913431190641,-0.021375753990451996,-0.01385908166715455,-0.006594099517445495
2023-08-25,-0.0012932863561120334,0.004257264341570366,0.007751573486511454,0.007049830900273779,0.0032658785656065614
2023-08-28,0.0028713533365909427,0.008912980339836674,0.007526986539302172,0.006341468151845664,0.001050322679159832
2023-08-29,0.009768091768254772,0.013951937550764182,0.021839840997313065,0.014454625287090073,0.010385937574344473
2023-08-30,0.0025018747942815445,0.00377176680546798,0.005576778819995631,0.00411874030686632,-0.0010381758368447347
2023-08-31,-0.0016637258183913595,-0.001746468655492328,0.0029984339185800124,-0.0014633179276403174,0.004469410745233882
2023-09-01,0.0004999240959600026,0.01187631660405808,-0.0010581210297953003,0.0018653305173277346,-0.015578208211013966
2023-09-05,-0.008161685723844458,-0.02106365570875035,0.0012712049105296774,-0.0043219827727869475,-0.014022520898911539
2023-09-06,-0.004534245193468567,-0.0037467032429465696,-0.008807843822058903,-0.006722522646763873,0.0024595168958465585
2023-09-07,0.0010684498647577367,-0.009670636768128182,-0.007151670108607955,-0.0030702093448083945,0.0027732012893018076
2023-09-08,0.0003370270596214642,-0.0022244260588367704,0.0013976142770855127,0.0015061803395124418,0.003829551704076284
2023-09-11,0.001853109993606994,0.002392325721421562,0.01178276272322476,0.0065765525753991305,-0.007205688731299231
2023-09-12,-0.005156651253074851,-0.0009762462629070434,-0.011088381733612263,-0.005485542916166208,0.005763680323479514
2023-09-13,-0.0023100098564432514,-0.006569842259383063,0.003808941306518987,0.0011658962354463842,-0.0002123247317559196
2023-09-14,0.0005082241752882855,0.014100738351622732,0.00817728479091162,0.008622411670517804,-0.007217838853390002
2023-09-15,0.006603816566220333,-0.01045522504613372,-0.017122972014197768,-0.012048376834307373,-0.006094277605391607
2023-09-18,0.005887647601878543,-0.006644585556185079,0.001042399825660345,0.0005864854573001121,0.005701373463925519
2023-09-19,-0.0009476457412548323,-0.0038928808703440065,-0.002131302289708037,-0.0020738661323221885,-0.007380472417450323
2023-09-20,0.0007253927124595272,-0.010017531284274517,-0.014410335624485238,-0.009193177942511066,0.003125119800737597
2023-09-21,-0.007248413758109917,-0.015511932685375873,-0.01832461243225214,-0.016528368216269684,-0.025674102454251058
2023-09-22,0.0032013033173832195,-0.002259007720181505,0.00013976221087075302,-0.002248676509530978,0.008048493864080797
2023-09-25,-0.005150588926742139,0.004471406374001008,0.0047496974687499804,0.004205277963149179,-0.024608997783001074
2023-09-26,-0.007990985893820302,-0.012857261585416557,-0.015016225956582363,-0.014691277118039858,-0.003476229454259183
2023-09-27,-0.012366647894697436,0.009348656327138993,0.0023432273864645303,0.0003991573736386034,-0.005176040562798523
2023-09-28,-0.004997187509914736,0.009034547585355046,0.008365239882753173,0.005797449895059037,0.003053901617396493
2023-09-29,-0.01027534966921384,-0.004730233020347141,0.0007263899953195985,-0.0024269459675766436,0.00011294709239506595
2023-10-02,-0.010498705650611395,-0.01510693077390568,0.008345524458676978,-0.00039766337977986677,-0.01674043012705717
2023-10-03,-0.0028882419805683623,-0.01683250268787495,-0.017549569570564194,-0.013386146651100606,-0.02151163754951957
2023-10-04,-0.00011825651470720455,0.00046766363733175,0.013608565006910212,0.0072819295527912775,0.014107681635767921
2023-10-05,-0.0018327868021307259,0.0007593131467615866,-0.0029464652206843134,-0.00037663975413804174,-0.004984901210199011
2023-10-06,0.005153083621109555,0.009629261493225405,0.016755394188941564,0.011872715498425945,-0.012116666611961424
2023-10-09,0.01838544744893622,0.005780281074776905,0.005099966354300323,0.006402286902741583,0.023469390447463656
2023-10-10,-0.0016780958953311886,0.011321889650819816,0.005538119968692579,0.005204727061604242,-0.0013825772729885166
2023-10-11,0.007303045938392039,-0.0017048255615562669,0.007135354662344939,0.004096243605495431,0.020886124240513615
2023-10-12,-0.0030496507265770356,-0.022599200537301467,-0.0034749933133195743,-0.006096374900580348,-0.027128010492681764
2023-10-13,0.03214825984540237,-0.008328458966777363,-0.012570034294893673,-0.004980952802409511,0.017892552841846765
2023-10-16,-0.004864928190345896,0.016150841835333107,0.01130635469941299,0.010521598366471707,-0.016094119516350758
2023-10-17,0.001854273768354009,0.011154770831896643,-0.0032754256936978754,-4.594996637397042e-05,-0.011020940103406707
2023-10-18,0.014470816805260078,-0.020577180449607657,-0.013117824911307197,-0.013325025580588346,-0.008797358382037213
2023-10-19,0.012274016037125302,-0.01593247504757711,-0.009356911786372768,-0.008786587190422801,-0.020473363926820753
2023-10-20,0.0027308974274993236,-0.012928522296222766,-0.014917961851527162,-0.012287956815625112,0.005678107940711774
2023-10-23,-0.0033770637265356784,-0.008471563430746731,0.0030173976694032323,-0.0017331846967774123,0.012013681515649521
2023-10-24,-0.0001093308866343401,0.008725728023271317,0.00972816196967119,0.007539390856413197,0.013176510812015652
2023-10-25,0.004208823642007475,-0.016519423540675704,-0.024475723587040754,-0.014352133561674751,-0.02226129648788866
2023-10-26,0.0015784524505007003,0.002565435047992004,-0.01906717300360883,-0.011974664661704604,0.015338623344653968
2023-10-27,0.011629799758343662,-0.01175824511438417,0.004801378171366277,-0.004532829033053409,-0.0042488657108870065
2023-10-30,-0.00564054701797434,0.00554832851188114,0.011265090065789796,0.01195574369212693,-0.004504072737700815
2023-10-31,-0.005456562573315948,0.0086445150012322,0.004782266520259482,0.00628031693035469,-0.004881478556950425
2023-11-01,-0.003150642851826202,0.005713523616422966,0.01735695796672787,0.010664874627367649,0.021682072474097147
2023-11-02,0.0033240729584831374,0.026652896676655935,0.018153450661489767,0.01916434155805402,0.02279688995531015
2023-11-03,0.003638921283475316,0.02719737761078944,0.011748562720598432,0.009123344775336495,0.006778334754182991
2023-11-06,-0.007792560392528847,-0.012493683572347702,0.004079374567591332,0.0023005285533310715,-0.009699785810335149
2023-11-07,-0.0041451308444239165,-0.0035400793445433676,0.009452647275904447,0.002845941151308873,0.014750282016013694
2023-11-08,-0.00996764391222027,-0.010658149993937882,0.00064396432028202,0.000732483939521078,0.017033490095054837
2023-11-09,0.003982968433291267,-0.015482363492997253,-0.007695760025884457,-0.00779875595365398,-0.023001035606726172
2023-11-10,-0.010909752197912126,0.01118152851045573,0.0224824733675828,0.015604796073638516,0.00559975787891509
2023-11-13,0.005570720464602941,0.00035479645654201697,-0.003118662499632663,-0.0009531646237870284,-0.0022729644486587652
2023-11-14,0.008919177105678688,0.054915142146113594,0.021526624893809077,0.019400666564538538,0.02266789496991395
2023-11-15,-0.002635601473798599,0.0017370440795281272,0.0007525754483543867,0.002117131969195052,-0.01403454102985513
2023-11-16,0.011286077178189302,-0.01616589540825708,0.0008558344024920395,0.0012229975616628863,0.012427015213149595
2023-11-17,-0.00010890234740634774,0.01370240927814348,0.00023316613355151006,0.001243824077605593,0.004686132157606382
2023-11-20,-0.0016333808174913145,0.005833186543807933,0.012174788860985997,0.007697573424009674,0.006108339127871787
2023-11-21,0.01079790063288577,-0.012881201424554622,-0.005809402362643712,-0.0021792971184443344,-0.000441363428327346
2023-11-22,-0.004262252597287075,0.006270439004835371,0.004092944545484256,0.003860742790668281,0.0035336520420157225
2023-11-24,0.005201596914642392,0.006736611466898079,-0.0014101542829961788,0.0006154339834734124,-0.011774864332255164
2023-11-27,0.006737817869841178,-0.0033456795197980282,-0.0008727464459812317,-0.0018010914088613106,0.016703905384904516
2023-11-28,0.013331852960406732,-0.003860809878836191,0.0026209232981639907,0.0009902040405835866,0.001971503730599178
2023-11-29,0.0014794398574642376,0.005279739254982374,-0.0009739134345265743,-0.0007032956143462332,0.012570934634299258
2023-11-30,-0.004167950375202456,0.0037994879045926133,-0.002513990720535486,0.003937370901426984,-0.01155131428314693
2023-12-01,0.017271494075951965,0.02922176925149733,0.0028546542424190413,0.005915886918999691,0.018834020862155798
2023-12-04,-0.02161342646325959,0.010707846542655997,-0.009283342706886133,-0.0052494458493973495,-0.003978807547447727
2023-12-05,-0.0037794459254785195,-0.013376743987054018,0.0025107125307322065,-0.00019715098996397895,0.021485519250786345
2023-12-06,0.0036868953454944897,-0.001789673892468313,-0.00578377954107534,-0.004029639364692139,0.013317867411564377
2023-12-07,0.0016503277504122948,0.007225916609197691,0.013972285049313138,0.007630304947847222,-0.005737147806662901
2023-12-08,-0.01334039111485108,0.007605541236603175,0.004456707037482577,0.004299174796466021,-0.008182879502766416
2023-12-11,-0.011042895165362276,0.0020879488358482856,0.008542149484268124,0.003889544447922999,-0.0021152528064060094
2023-12-12,-0.0005446421195114404,-0.0010152275794176324,0.007964215315153345,0.00456736141482561,0.002968015134643398
2023-12-13,0.022562533466176538,0.033850312494101864,0.012717178671652896,0.013790078167228437,0.023462023159192436
2023-12-14,0.005862552982469849,0.02782811131826124,-0.0008667773603384665,0.003209343579349877,0.026013027083784834
2023-12-15,-0.009166511771857233,-0.008404260185087553,0.004833826168813449,-0.0016465299207815143,0.001110383999998632
2023-12-18,0.004545487184575592,0.0003554669992285042,0.006298810042702163,0.005625172647597987,-0.00796731082964075
2023-12-19,0.00681394057869511,0.019379813638268795,0.005109615703731585,0.006080857448069299,0.005388261742740985
2023-12-20,-0.005445982936102989,-0.01956079667372801,-0.014859767182613615,-0.013857392079981823,0.00677504526515138
2023-12-21,0.007070635455129759,0.017016365374750375,0.011635486489847802,0.009481875141871265,-0.006327605970443462
2023-12-22,0.004434417088942322,0.009317829002977174,0.0014957751892912263,0.002009772816320421,-0.004548653691729632
2023-12-26,0.007620733251079592,0.013003813398552166,0.00612183530339383,0.004222531018428288,0.0028431932079968636
2023-12-27,0.004537842226414179,0.003527734308561792,0.0020356741597695738,0.0018080590189479828,0.017719639678560384
2023-12-28,-0.005815437657636813,-0.003808340882631711,-0.00048607457376925733,0.0003778149223807592,-0.007263164485630247
2023-12-29,-0.001566841018672216,-0.016320169744650892,-0.004327725485968159,-0.002894942037385384,-0.009019730223007838
